machine,sequence,BLOCKCHAIN_SUBMITTED,CONFIRMED,CREATED,MQTT_ACKNOWLEDGED,MQTT_SUBMITTED,RECEIVED,VALIDATED,MQTT_FAILED,SECURITY_REJECTED,BLOCKCHAIN_REJECTED,BLOCKCHAIN_FAILED,latency_creation_mqtt_ms,latency_mqtt_ms,latency_mqtt_ack_ms,latency_validation_ms,latency_edge_ms,latency_blockchain_ms,latency_total_ms,final_status
M01,60920,2026-09-10 17:15:54.464946+00:00,2026-09-10 17:15:54.501597+00:00,2026-09-10 17:15:54.426682+00:00,2026-09-10 17:15:54.427418+00:00,2026-09-10 17:15:54.426824+00:00,2026-09-10 17:15:54.427317+00:00,2026-09-10 17:15:54.428277+00:00,,,,,0.14200000000000002,0.49299999999999994,0.594,0.9600000000000001,36.669,36.651,74.91499999999999,CONFIRMED
M01,60921,2026-09-10 17:15:54.533022+00:00,2026-09-10 17:15:54.570361+00:00,2026-09-10 17:15:54.454397+00:00,2026-09-10 17:15:54.455807+00:00,2026-09-10 17:15:54.454561+00:00,2026-09-10 17:15:54.502170+00:00,2026-09-10 17:15:54.502595+00:00,,,,,0.164,47.609,1.246,0.425,30.427,37.339,115.964,CONFIRMED
M01,60922,2026-09-10 17:15:54.595341+00:00,2026-09-10 17:15:54.626912+00:00,2026-09-10 17:15:54.482764+00:00,2026-09-10 17:15:54.483316+00:00,2026-09-10 17:15:54.482911+00:00,2026-09-10 17:15:54.570771+00:00,2026-09-10 17:15:54.571037+00:00,,,,,0.147,87.86,0.40499999999999997,0.266,24.304,31.571,144.148,CONFIRMED
M01,60923,2026-09-10 17:15:54.646327+00:00,2026-09-10 17:15:54.680585+00:00,2026-09-10 17:15:54.512148+00:00,2026-09-10 17:15:54.513554+00:00,2026-09-10 17:15:54.512507+00:00,2026-09-10 17:15:54.627737+00:00,2026-09-10 17:15:54.628319+00:00,,,,,0.359,115.23,1.047,0.5820000000000001,18.008,34.257999999999996,168.437,CONFIRMED
M01,60924,2026-09-10 17:15:54.701748+00:00,2026-09-10 17:15:54.732670+00:00,2026-09-10 17:15:54.542698+00:00,2026-09-10 17:15:54.543660+00:00,2026-09-10 17:15:54.542912+00:00,2026-09-10 17:15:54.681093+00:00,2026-09-10 17:15:54.681435+00:00,,,,,0.214,138.181,0.748,0.342,20.313000000000002,30.922,189.972,CONFIRMED
M01,60925,2026-09-10 17:15:54.753455+00:00,2026-09-10 17:15:54.790985+00:00,2026-09-10 17:15:54.572024+00:00,2026-09-10 17:15:54.573357+00:00,2026-09-10 17:15:54.572175+00:00,2026-09-10 17:15:54.733128+00:00,2026-09-10 17:15:54.733468+00:00,,,,,0.15100000000000002,160.953,1.1820000000000002,0.34,19.987000000000002,37.53,218.96099999999998,CONFIRMED
M01,60926,2026-09-10 17:15:54.820703+00:00,2026-09-10 17:15:54.854050+00:00,2026-09-10 17:15:54.603056+00:00,2026-09-10 17:15:54.604233+00:00,2026-09-10 17:15:54.603195+00:00,2026-09-10 17:15:54.791467+00:00,2026-09-10 17:15:54.791910+00:00,,,,,0.13899999999999998,188.272,1.038,0.443,28.793,33.347,250.994,CONFIRMED
M01,60927,2026-09-10 17:15:54.877410+00:00,2026-09-10 17:15:54.909374+00:00,2026-09-10 17:15:54.632449+00:00,2026-09-10 17:15:54.633171+00:00,2026-09-10 17:15:54.632609+00:00,2026-09-10 17:15:54.855191+00:00,2026-09-10 17:15:54.855567+00:00,,,,,0.16,222.582,0.562,0.376,21.843,31.964,276.92499999999995,CONFIRMED
M01,60928,2026-09-10 17:15:54.929650+00:00,2026-09-10 17:15:54.964345+00:00,2026-09-10 17:15:54.661178+00:00,2026-09-10 17:15:54.662094+00:00,2026-09-10 17:15:54.661297+00:00,2026-09-10 17:15:54.909741+00:00,2026-09-10 17:15:54.910000+00:00,,,,,0.11900000000000001,248.444,0.7969999999999999,0.259,19.650000000000002,34.69499999999999,303.16700000000003,CONFIRMED
M01,60929,2026-09-10 17:15:54.992160+00:00,2026-09-10 17:15:55.026285+00:00,2026-09-10 17:15:54.689766+00:00,2026-09-10 17:15:54.691959+00:00,2026-09-10 17:15:54.689876+00:00,2026-09-10 17:15:54.964876+00:00,2026-09-10 17:15:54.965225+00:00,,,,,0.11,275.0,2.083,0.34900000000000003,26.935000000000002,34.125,336.519,CONFIRMED
M01,60930,2026-09-10 17:15:55.045226+00:00,2026-09-10 17:15:55.074217+00:00,2026-09-10 17:15:54.718935+00:00,2026-09-10 17:15:54.720744+00:00,2026-09-10 17:15:54.719115+00:00,2026-09-10 17:15:55.026787+00:00,2026-09-10 17:15:55.027057+00:00,,,,,0.18000000000000002,307.672,1.629,0.27,18.169,28.991,355.282,CONFIRMED
M01,60931,2026-09-10 17:15:55.093296+00:00,2026-09-10 17:15:55.128725+00:00,2026-09-10 17:15:54.755296+00:00,2026-09-10 17:15:54.756770+00:00,2026-09-10 17:15:54.755407+00:00,2026-09-10 17:15:55.074557+00:00,2026-09-10 17:15:55.074835+00:00,,,,,0.111,319.15,1.363,0.27799999999999997,18.461000000000002,35.429,373.42900000000003,CONFIRMED
M01,60932,2026-09-10 17:15:55.146013+00:00,2026-09-10 17:15:55.175422+00:00,2026-09-10 17:15:54.786000+00:00,2026-09-10 17:15:54.787942+00:00,2026-09-10 17:15:54.786214+00:00,2026-09-10 17:15:55.129076+00:00,2026-09-10 17:15:55.129302+00:00,,,,,0.214,342.862,1.728,0.22599999999999998,16.711,29.409000000000002,389.42199999999997,CONFIRMED
M01,60933,2026-09-10 17:15:55.197509+00:00,2026-09-10 17:15:55.234195+00:00,2026-09-10 17:15:54.815476+00:00,2026-09-10 17:15:54.816540+00:00,2026-09-10 17:15:54.815592+00:00,2026-09-10 17:15:55.176073+00:00,2026-09-10 17:15:55.176366+00:00,,,,,0.116,360.481,0.948,0.29300000000000004,21.142999999999997,36.686,418.719,CONFIRMED
M01,60934,2026-09-10 17:15:55.254043+00:00,2026-09-10 17:15:55.283641+00:00,2026-09-10 17:15:54.843674+00:00,2026-09-10 17:15:54.844207+00:00,2026-09-10 17:15:54.843836+00:00,2026-09-10 17:15:55.234994+00:00,2026-09-10 17:15:55.235288+00:00,,,,,0.162,391.158,0.371,0.294,18.755000000000003,29.598,439.967,CONFIRMED
M01,60935,2026-09-10 17:15:55.300946+00:00,2026-09-10 17:15:55.331486+00:00,2026-09-10 17:15:54.870771+00:00,2026-09-10 17:15:54.871728+00:00,2026-09-10 17:15:54.870915+00:00,2026-09-10 17:15:55.284113+00:00,2026-09-10 17:15:55.284421+00:00,,,,,0.14400000000000002,413.19800000000004,0.8130000000000001,0.308,16.525000000000002,30.540000000000003,460.715,CONFIRMED
M01,60936,2026-09-10 17:15:55.355304+00:00,2026-09-10 17:15:55.388498+00:00,2026-09-10 17:15:54.898833+00:00,2026-09-10 17:15:54.899770+00:00,2026-09-10 17:15:54.898996+00:00,2026-09-10 17:15:55.331937+00:00,2026-09-10 17:15:55.332204+00:00,,,,,0.163,432.94100000000003,0.7739999999999999,0.26699999999999996,23.099999999999998,33.194,489.665,CONFIRMED
M01,60937,2026-09-10 17:15:55.405757+00:00,2026-09-10 17:15:55.437741+00:00,2026-09-10 17:15:54.927515+00:00,2026-09-10 17:15:54.928403+00:00,2026-09-10 17:15:54.927618+00:00,2026-09-10 17:15:55.388905+00:00,2026-09-10 17:15:55.389204+00:00,,,,,0.103,461.287,0.785,0.299,16.552999999999997,31.983999999999998,510.22599999999994,CONFIRMED
M01,60938,2026-09-10 17:15:55.458670+00:00,2026-09-10 17:15:55.493476+00:00,2026-09-10 17:15:54.955359+00:00,2026-09-10 17:15:54.959157+00:00,2026-09-10 17:15:54.955514+00:00,2026-09-10 17:15:55.438282+00:00,2026-09-10 17:15:55.438628+00:00,,,,,0.155,482.768,3.643,0.34600000000000003,20.042,34.806,538.117,CONFIRMED
M01,60939,2026-09-10 17:15:55.513498+00:00,2026-09-10 17:15:55.543485+00:00,2026-09-10 17:15:54.989216+00:00,2026-09-10 17:15:54.990216+00:00,2026-09-10 17:15:54.989389+00:00,2026-09-10 17:15:55.493978+00:00,2026-09-10 17:15:55.494303+00:00,,,,,0.17300000000000001,504.58899999999994,0.8270000000000001,0.325,19.195,29.987,554.269,CONFIRMED
M01,60940,2026-09-10 17:15:55.566289+00:00,2026-09-10 17:15:55.597621+00:00,2026-09-10 17:15:55.018258+00:00,2026-09-10 17:15:55.019024+00:00,2026-09-10 17:15:55.018493+00:00,2026-09-10 17:15:55.544076+00:00,2026-09-10 17:15:55.544480+00:00,,,,,0.235,525.583,0.531,0.404,21.808999999999997,31.331999999999997,579.3629999999999,CONFIRMED
M01,60941,2026-09-10 17:15:55.614770+00:00,2026-09-10 17:15:55.654845+00:00,2026-09-10 17:15:55.046172+00:00,2026-09-10 17:15:55.046713+00:00,2026-09-10 17:15:55.046260+00:00,2026-09-10 17:15:55.598240+00:00,2026-09-10 17:15:55.598699+00:00,,,,,0.088,551.98,0.453,0.45899999999999996,16.070999999999998,40.075,608.673,CONFIRMED
M01,60942,2026-09-10 17:15:55.684498+00:00,2026-09-10 17:15:55.722632+00:00,2026-09-10 17:15:55.073566+00:00,2026-09-10 17:15:55.077902+00:00,2026-09-10 17:15:55.073652+00:00,2026-09-10 17:15:55.655495+00:00,2026-09-10 17:15:55.655902+00:00,,,,,0.08600000000000001,581.843,4.25,0.40700000000000003,28.596,38.134,649.066,CONFIRMED
M01,60943,2026-09-10 17:15:55.748166+00:00,2026-09-10 17:15:55.787117+00:00,2026-09-10 17:15:55.106597+00:00,2026-09-10 17:15:55.107167+00:00,2026-09-10 17:15:55.106695+00:00,2026-09-10 17:15:55.723122+00:00,2026-09-10 17:15:55.723427+00:00,,,,,0.098,616.4269999999999,0.472,0.305,24.739,38.951,680.52,CONFIRMED
M01,60944,2026-09-10 17:15:55.808686+00:00,2026-09-10 17:15:55.844479+00:00,2026-09-10 17:15:55.133706+00:00,2026-09-10 17:15:55.134456+00:00,2026-09-10 17:15:55.133881+00:00,2026-09-10 17:15:55.788405+00:00,2026-09-10 17:15:55.788723+00:00,,,,,0.175,654.524,0.575,0.318,19.963,35.793,710.773,CONFIRMED
M01,60945,2026-09-10 17:15:55.867520+00:00,2026-09-10 17:15:55.909982+00:00,2026-09-10 17:15:55.163934+00:00,2026-09-10 17:15:55.165964+00:00,2026-09-10 17:15:55.164123+00:00,2026-09-10 17:15:55.844933+00:00,2026-09-10 17:15:55.845305+00:00,,,,,0.189,680.8100000000001,1.841,0.372,22.215,42.462,746.048,CONFIRMED
M01,60946,2026-09-10 17:15:55.930965+00:00,2026-09-10 17:15:55.964550+00:00,2026-09-10 17:15:55.194193+00:00,2026-09-10 17:15:55.195469+00:00,2026-09-10 17:15:55.194312+00:00,2026-09-10 17:15:55.910492+00:00,2026-09-10 17:15:55.910893+00:00,,,,,0.11900000000000001,716.1800000000001,1.157,0.40099999999999997,20.072,33.584999999999994,770.357,CONFIRMED
M01,60947,2026-09-10 17:15:55.986335+00:00,2026-09-10 17:15:56.013519+00:00,2026-09-10 17:15:55.222697+00:00,2026-09-10 17:15:55.223342+00:00,2026-09-10 17:15:55.222847+00:00,2026-09-10 17:15:55.965220+00:00,2026-09-10 17:15:55.965750+00:00,,,,,0.15,742.3729999999999,0.495,0.53,20.585,27.184,790.822,CONFIRMED
M01,60948,2026-09-10 17:15:56.035471+00:00,2026-09-10 17:15:56.168572+00:00,2026-09-10 17:15:55.249877+00:00,2026-09-10 17:15:55.250523+00:00,2026-09-10 17:15:55.249984+00:00,2026-09-10 17:15:56.014443+00:00,2026-09-10 17:15:56.015019+00:00,,,,,0.107,764.459,0.539,0.5760000000000001,20.452,133.101,918.695,CONFIRMED
M01,60949,2026-09-10 17:15:56.206126+00:00,2026-09-10 17:15:56.235927+00:00,2026-09-10 17:15:55.278234+00:00,2026-09-10 17:15:55.282377+00:00,2026-09-10 17:15:55.278401+00:00,2026-09-10 17:15:56.168909+00:00,2026-09-10 17:15:56.169193+00:00,,,,,0.16699999999999998,890.5079999999999,3.9760000000000004,0.28400000000000003,36.933,29.801000000000002,957.693,CONFIRMED
M01,60950,2026-09-10 17:15:56.256550+00:00,2026-09-10 17:15:56.290605+00:00,2026-09-10 17:15:55.309180+00:00,2026-09-10 17:15:55.309774+00:00,2026-09-10 17:15:55.309298+00:00,2026-09-10 17:15:56.236467+00:00,2026-09-10 17:15:56.236781+00:00,,,,,0.118,927.169,0.47600000000000003,0.314,19.769,34.055,981.425,CONFIRMED
M01,60951,2026-09-10 17:15:56.307876+00:00,2026-09-10 17:15:56.336483+00:00,2026-09-10 17:15:55.336141+00:00,2026-09-10 17:15:55.337194+00:00,2026-09-10 17:15:55.336255+00:00,2026-09-10 17:15:56.290954+00:00,2026-09-10 17:15:56.291206+00:00,,,,,0.114,954.699,0.939,0.252,16.67,28.607,1000.3420000000001,CONFIRMED
M01,60952,2026-09-10 17:15:56.355481+00:00,2026-09-10 17:15:56.386619+00:00,2026-09-10 17:15:55.364994+00:00,2026-09-10 17:15:55.366071+00:00,2026-09-10 17:15:55.365141+00:00,2026-09-10 17:15:56.336988+00:00,2026-09-10 17:15:56.337373+00:00,,,,,0.147,971.847,0.93,0.38499999999999995,18.108,31.137999999999998,1021.625,CONFIRMED
M01,60953,2026-09-10 17:15:56.411113+00:00,2026-09-10 17:15:56.440865+00:00,2026-09-10 17:15:55.397934+00:00,2026-09-10 17:15:55.398889+00:00,2026-09-10 17:15:55.398125+00:00,2026-09-10 17:15:56.387193+00:00,2026-09-10 17:15:56.387541+00:00,,,,,0.191,989.068,0.764,0.348,23.572,29.752000000000002,1042.931,CONFIRMED
M01,60954,2026-09-10 17:15:56.465299+00:00,2026-09-10 17:15:56.504148+00:00,2026-09-10 17:15:55.427750+00:00,2026-09-10 17:15:55.428530+00:00,2026-09-10 17:15:55.427948+00:00,2026-09-10 17:15:56.441489+00:00,2026-09-10 17:15:56.441895+00:00,,,,,0.19799999999999998,1013.541,0.5820000000000001,0.406,23.404,38.849000000000004,1076.398,CONFIRMED
M01,60955,2026-09-10 17:15:56.529547+00:00,2026-09-10 17:15:56.562664+00:00,2026-09-10 17:15:55.454882+00:00,2026-09-10 17:15:55.455736+00:00,2026-09-10 17:15:55.454991+00:00,2026-09-10 17:15:56.505510+00:00,2026-09-10 17:15:56.505834+00:00,,,,,0.10900000000000001,1050.519,0.745,0.324,23.713,33.117,1107.7820000000002,CONFIRMED
M01,60956,2026-09-10 17:15:56.585596+00:00,2026-09-10 17:15:56.616569+00:00,2026-09-10 17:15:55.482379+00:00,2026-09-10 17:15:55.486080+00:00,2026-09-10 17:15:55.482520+00:00,2026-09-10 17:15:56.563511+00:00,2026-09-10 17:15:56.564077+00:00,,,,,0.14100000000000001,1080.991,3.5599999999999996,0.566,21.519,30.973,1134.19,CONFIRMED
M01,60957,2026-09-10 17:15:56.637403+00:00,2026-09-10 17:15:56.669440+00:00,2026-09-10 17:15:55.518369+00:00,2026-09-10 17:15:55.519425+00:00,2026-09-10 17:15:55.518521+00:00,2026-09-10 17:15:56.616949+00:00,2026-09-10 17:15:56.617374+00:00,,,,,0.152,1098.4279999999999,0.9039999999999999,0.425,20.029,32.037000000000006,1151.071,CONFIRMED
M01,60958,2026-09-10 17:15:56.688619+00:00,2026-09-10 17:15:56.727180+00:00,2026-09-10 17:15:55.547122+00:00,2026-09-10 17:15:55.547980+00:00,2026-09-10 17:15:55.547291+00:00,2026-09-10 17:15:56.669995+00:00,2026-09-10 17:15:56.670337+00:00,,,,,0.16899999999999998,1122.704,0.6890000000000001,0.342,18.282,38.561,1180.058,CONFIRMED
M01,60959,2026-09-10 17:15:56.752103+00:00,2026-09-10 17:15:56.781168+00:00,2026-09-10 17:15:55.576101+00:00,2026-09-10 17:15:55.576790+00:00,2026-09-10 17:15:55.576232+00:00,2026-09-10 17:15:56.727687+00:00,2026-09-10 17:15:56.728012+00:00,,,,,0.131,1151.455,0.558,0.325,24.091,29.065,1205.067,CONFIRMED
M01,60960,2026-09-10 17:15:56.800386+00:00,2026-09-10 17:15:56.844076+00:00,2026-09-10 17:15:55.603620+00:00,2026-09-10 17:15:55.604193+00:00,2026-09-10 17:15:55.603754+00:00,2026-09-10 17:15:56.781485+00:00,2026-09-10 17:15:56.781733+00:00,,,,,0.134,1177.731,0.439,0.248,18.653,43.69,1240.456,CONFIRMED
M01,60961,2026-09-10 17:15:56.860881+00:00,2026-09-10 17:15:56.891325+00:00,2026-09-10 17:15:55.631314+00:00,2026-09-10 17:15:55.634942+00:00,2026-09-10 17:15:55.631443+00:00,2026-09-10 17:15:56.844410+00:00,2026-09-10 17:15:56.844648+00:00,,,,,0.129,1212.9669999999999,3.499,0.23800000000000002,16.233,30.444,1260.011,CONFIRMED
M01,60962,2026-09-10 17:15:56.920297+00:00,2026-09-10 17:15:56.969563+00:00,2026-09-10 17:15:55.663078+00:00,2026-09-10 17:15:55.664148+00:00,2026-09-10 17:15:55.663293+00:00,2026-09-10 17:15:56.891838+00:00,2026-09-10 17:15:56.892462+00:00,,,,,0.215,1228.545,0.855,0.624,27.834999999999997,49.266,1306.485,CONFIRMED
M01,60963,2026-09-10 17:15:56.985147+00:00,2026-09-10 17:15:57.023163+00:00,2026-09-10 17:15:55.691431+00:00,2026-09-10 17:15:55.692315+00:00,2026-09-10 17:15:55.691601+00:00,2026-09-10 17:15:56.969993+00:00,2026-09-10 17:15:56.970245+00:00,,,,,0.17,1278.392,0.714,0.252,14.902000000000001,38.016,1331.7320000000002,CONFIRMED
M01,60964,2026-09-10 17:15:57.052030+00:00,2026-09-10 17:15:57.083765+00:00,2026-09-10 17:15:55.719148+00:00,2026-09-10 17:15:55.719864+00:00,2026-09-10 17:15:55.719308+00:00,2026-09-10 17:15:57.023513+00:00,2026-09-10 17:15:57.023746+00:00,,,,,0.16,1304.2050000000002,0.5559999999999999,0.23299999999999998,28.284,31.735,1364.617,CONFIRMED
M01,60965,2026-09-10 17:15:57.101046+00:00,2026-09-10 17:15:57.129155+00:00,2026-09-10 17:15:55.746699+00:00,2026-09-10 17:15:55.748238+00:00,2026-09-10 17:15:55.746894+00:00,2026-09-10 17:15:57.084117+00:00,2026-09-10 17:15:57.084349+00:00,,,,,0.195,1337.223,1.3439999999999999,0.232,16.697,28.108999999999998,1382.456,CONFIRMED
M01,60966,2026-09-10 17:15:57.148063+00:00,2026-09-10 17:15:57.174759+00:00,2026-09-10 17:15:55.775360+00:00,2026-09-10 17:15:55.775983+00:00,2026-09-10 17:15:55.775508+00:00,2026-09-10 17:15:57.129724+00:00,2026-09-10 17:15:57.130119+00:00,,,,,0.148,1354.2160000000001,0.475,0.395,17.944000000000003,26.696,1399.3990000000001,CONFIRMED
M01,60967,2026-09-10 17:15:57.197215+00:00,2026-09-10 17:15:57.235167+00:00,2026-09-10 17:15:55.803164+00:00,2026-09-10 17:15:55.803957+00:00,2026-09-10 17:15:55.803361+00:00,2026-09-10 17:15:57.175201+00:00,2026-09-10 17:15:57.175497+00:00,,,,,0.19699999999999998,1371.84,0.596,0.296,21.718,37.952,1432.003,CONFIRMED
M01,60968,2026-09-10 17:15:57.257971+00:00,2026-09-10 17:15:57.287333+00:00,2026-09-10 17:15:55.830876+00:00,2026-09-10 17:15:55.835201+00:00,2026-09-10 17:15:55.831064+00:00,2026-09-10 17:15:57.236371+00:00,2026-09-10 17:15:57.236768+00:00,,,,,0.188,1405.307,4.1370000000000005,0.397,21.203,29.362,1456.4569999999999,CONFIRMED
M01,60969,2026-09-10 17:15:57.309616+00:00,2026-09-10 17:15:57.341175+00:00,2026-09-10 17:15:55.861809+00:00,2026-09-10 17:15:55.863159+00:00,2026-09-10 17:15:55.861909+00:00,2026-09-10 17:15:57.287967+00:00,2026-09-10 17:15:57.288429+00:00,,,,,0.1,1426.058,1.25,0.462,21.187,31.558999999999997,1479.366,CONFIRMED
M01,60970,2026-09-10 17:15:57.360998+00:00,2026-09-10 17:15:57.392261+00:00,2026-09-10 17:15:55.890421+00:00,2026-09-10 17:15:55.891537+00:00,2026-09-10 17:15:55.890583+00:00,2026-09-10 17:15:57.341660+00:00,2026-09-10 17:15:57.341984+00:00,,,,,0.162,1451.077,0.954,0.324,19.014,31.262999999999998,1501.8400000000001,CONFIRMED
M01,60971,2026-09-10 17:15:57.411939+00:00,2026-09-10 17:15:57.440635+00:00,2026-09-10 17:15:55.919504+00:00,2026-09-10 17:15:55.921057+00:00,2026-09-10 17:15:55.919706+00:00,2026-09-10 17:15:57.392639+00:00,2026-09-10 17:15:57.392915+00:00,,,,,0.202,1472.933,1.351,0.27599999999999997,19.024,28.695999999999998,1521.131,CONFIRMED
M01,60972,2026-09-10 17:15:57.460162+00:00,2026-09-10 17:15:57.490627+00:00,2026-09-10 17:15:55.949492+00:00,2026-09-10 17:15:55.950096+00:00,2026-09-10 17:15:55.949657+00:00,2026-09-10 17:15:57.440989+00:00,2026-09-10 17:15:57.441259+00:00,,,,,0.165,1491.3319999999999,0.439,0.27,18.903,30.465,1541.1350000000002,CONFIRMED
M01,60973,2026-09-10 17:15:57.508753+00:00,2026-09-10 17:15:57.537248+00:00,2026-09-10 17:15:55.978613+00:00,2026-09-10 17:15:55.979457+00:00,2026-09-10 17:15:55.978765+00:00,2026-09-10 17:15:57.491133+00:00,2026-09-10 17:15:57.491515+00:00,,,,,0.152,1512.368,0.6920000000000001,0.382,17.238,28.495,1558.635,CONFIRMED
M01,60974,2026-09-10 17:15:57.556807+00:00,2026-09-10 17:15:57.587336+00:00,2026-09-10 17:15:56.007884+00:00,2026-09-10 17:15:56.010913+00:00,2026-09-10 17:15:56.008075+00:00,2026-09-10 17:15:57.537697+00:00,2026-09-10 17:15:57.537980+00:00,,,,,0.191,1529.622,2.8379999999999996,0.283,18.827,30.529,1579.4519999999998,CONFIRMED
M01,60975,2026-09-10 17:15:57.606815+00:00,2026-09-10 17:15:57.640871+00:00,2026-09-10 17:15:56.037908+00:00,2026-09-10 17:15:56.038902+00:00,2026-09-10 17:15:56.038027+00:00,2026-09-10 17:15:57.588675+00:00,2026-09-10 17:15:57.588919+00:00,,,,,0.11900000000000001,1550.6480000000001,0.875,0.244,17.895999999999997,34.056000000000004,1602.963,CONFIRMED
M01,60976,2026-09-10 17:15:57.660942+00:00,2026-09-10 17:15:57.687881+00:00,2026-09-10 17:15:56.085034+00:00,2026-09-10 17:15:56.085960+00:00,2026-09-10 17:15:56.085219+00:00,2026-09-10 17:15:57.641270+00:00,2026-09-10 17:15:57.641525+00:00,,,,,0.185,1556.0510000000002,0.741,0.255,19.417,26.939,1602.8470000000002,CONFIRMED
M01,60977,2026-09-10 17:15:57.714898+00:00,2026-09-10 17:15:57.763547+00:00,2026-09-10 17:15:56.186361+00:00,2026-09-10 17:15:56.187178+00:00,2026-09-10 17:15:56.186561+00:00,2026-09-10 17:15:57.688318+00:00,2026-09-10 17:15:57.688592+00:00,,,,,0.2,1501.757,0.617,0.27399999999999997,26.306,48.649,1577.186,CONFIRMED
M01,60978,2026-09-10 17:15:57.785814+00:00,2026-09-10 17:15:57.820018+00:00,2026-09-10 17:15:56.225738+00:00,2026-09-10 17:15:56.226296+00:00,2026-09-10 17:15:56.225870+00:00,2026-09-10 17:15:57.764152+00:00,2026-09-10 17:15:57.764591+00:00,,,,,0.132,1538.2820000000002,0.426,0.439,21.223,34.204,1594.28,CONFIRMED
M01,60979,2026-09-10 17:15:57.839199+00:00,2026-09-10 17:15:57.874362+00:00,2026-09-10 17:15:56.252739+00:00,2026-09-10 17:15:56.253913+00:00,2026-09-10 17:15:56.252933+00:00,2026-09-10 17:15:57.820628+00:00,2026-09-10 17:15:57.821027+00:00,,,,,0.194,1567.6950000000002,0.98,0.399,18.172,35.163,1621.623,CONFIRMED
M01,60980,2026-09-10 17:15:57.900845+00:00,2026-09-10 17:15:57.937746+00:00,2026-09-10 17:15:56.281295+00:00,2026-09-10 17:15:56.282298+00:00,2026-09-10 17:15:56.281492+00:00,2026-09-10 17:15:57.874840+00:00,2026-09-10 17:15:57.875256+00:00,,,,,0.19699999999999998,1593.348,0.8059999999999999,0.416,25.589000000000002,36.901,1656.451,CONFIRMED
M01,60981,2026-09-10 17:15:57.963445+00:00,2026-09-10 17:15:57.995648+00:00,2026-09-10 17:15:56.309343+00:00,2026-09-10 17:15:56.310379+00:00,2026-09-10 17:15:56.309482+00:00,2026-09-10 17:15:57.938253+00:00,2026-09-10 17:15:57.938615+00:00,,,,,0.13899999999999998,1628.771,0.897,0.36200000000000004,24.830000000000002,32.203,1686.3049999999998,CONFIRMED
M01,60982,2026-09-10 17:15:58.021911+00:00,2026-09-10 17:15:58.063989+00:00,2026-09-10 17:15:56.339536+00:00,2026-09-10 17:15:56.340435+00:00,2026-09-10 17:15:56.339706+00:00,2026-09-10 17:15:57.996171+00:00,2026-09-10 17:15:57.996531+00:00,,,,,0.17,1656.465,0.7290000000000001,0.36000000000000004,25.38,42.077999999999996,1724.453,CONFIRMED
M01,60983,2026-09-10 17:15:58.086155+00:00,2026-09-10 17:15:58.117776+00:00,2026-09-10 17:15:56.367188+00:00,2026-09-10 17:15:56.368671+00:00,2026-09-10 17:15:56.367461+00:00,2026-09-10 17:15:58.064839+00:00,2026-09-10 17:15:58.065321+00:00,,,,,0.273,1697.3780000000002,1.21,0.482,20.834,31.621000000000002,1750.588,CONFIRMED
M01,60984,2026-09-10 17:15:58.136847+00:00,2026-09-10 17:15:58.167243+00:00,2026-09-10 17:15:56.395485+00:00,2026-09-10 17:15:56.397555+00:00,2026-09-10 17:15:56.395637+00:00,2026-09-10 17:15:58.118128+00:00,2026-09-10 17:15:58.118372+00:00,,,,,0.152,1722.491,1.918,0.244,18.474999999999998,30.396,1771.7580000000003,CONFIRMED
M01,60985,2026-09-10 17:15:58.189618+00:00,2026-09-10 17:15:58.222182+00:00,2026-09-10 17:15:56.424431+00:00,2026-09-10 17:15:56.425195+00:00,2026-09-10 17:15:56.424553+00:00,2026-09-10 17:15:58.167799+00:00,2026-09-10 17:15:58.168146+00:00,,,,,0.122,1743.246,0.642,0.347,21.472,32.564,1797.751,CONFIRMED
M01,60986,2026-09-10 17:15:58.242481+00:00,2026-09-10 17:15:58.275043+00:00,2026-09-10 17:15:56.451785+00:00,2026-09-10 17:15:56.453378+00:00,2026-09-10 17:15:56.451884+00:00,2026-09-10 17:15:58.222547+00:00,2026-09-10 17:15:58.222783+00:00,,,,,0.09899999999999999,1770.6629999999998,1.494,0.236,19.698,32.562,1823.258,CONFIRMED
M01,60987,2026-09-10 17:15:58.296820+00:00,2026-09-10 17:15:58.330722+00:00,2026-09-10 17:15:56.480090+00:00,2026-09-10 17:15:56.480875+00:00,2026-09-10 17:15:56.480236+00:00,2026-09-10 17:15:58.275500+00:00,2026-09-10 17:15:58.275894+00:00,,,,,0.146,1795.264,0.639,0.39399999999999996,20.926000000000002,33.902,1850.632,CONFIRMED
M01,60988,2026-09-10 17:15:58.351146+00:00,2026-09-10 17:15:58.380661+00:00,2026-09-10 17:15:56.508460+00:00,2026-09-10 17:15:56.509060+00:00,2026-09-10 17:15:56.508589+00:00,2026-09-10 17:15:58.331774+00:00,2026-09-10 17:15:58.332148+00:00,,,,,0.129,1823.185,0.47100000000000003,0.374,18.998,29.515,1872.201,CONFIRMED
M01,60989,2026-09-10 17:15:58.406419+00:00,2026-09-10 17:15:58.440743+00:00,2026-09-10 17:15:56.535439+00:00,2026-09-10 17:15:56.536358+00:00,2026-09-10 17:15:56.535564+00:00,2026-09-10 17:15:58.381349+00:00,2026-09-10 17:15:58.381804+00:00,,,,,0.125,1845.785,0.794,0.455,24.615000000000002,34.324,1905.304,CONFIRMED
M01,60990,2026-09-10 17:15:58.459463+00:00,2026-09-10 17:15:58.490587+00:00,2026-09-10 17:15:56.563432+00:00,2026-09-10 17:15:56.564587+00:00,2026-09-10 17:15:56.563539+00:00,2026-09-10 17:15:58.441392+00:00,2026-09-10 17:15:58.441768+00:00,,,,,0.107,1877.853,1.048,0.376,17.695,31.124,1927.155,CONFIRMED
M01,60991,2026-09-10 17:15:58.515333+00:00,2026-09-10 17:15:58.544970+00:00,2026-09-10 17:15:56.592353+00:00,2026-09-10 17:15:56.593644+00:00,2026-09-10 17:15:56.592460+00:00,2026-09-10 17:15:58.490961+00:00,2026-09-10 17:15:58.491194+00:00,,,,,0.107,1898.501,1.184,0.23299999999999998,24.139,29.637,1952.617,CONFIRMED
M01,60992,2026-09-10 17:15:58.565390+00:00,2026-09-10 17:15:58.596086+00:00,2026-09-10 17:15:56.620551+00:00,2026-09-10 17:15:56.621233+00:00,2026-09-10 17:15:56.620649+00:00,2026-09-10 17:15:58.545534+00:00,2026-09-10 17:15:58.546021+00:00,,,,,0.098,1924.885,0.584,0.48700000000000004,19.369,30.696,1975.535,CONFIRMED
M01,60993,2026-09-10 17:15:58.614515+00:00,2026-09-10 17:15:58.652807+00:00,2026-09-10 17:15:56.648347+00:00,2026-09-10 17:15:56.649100+00:00,2026-09-10 17:15:56.648457+00:00,2026-09-10 17:15:58.596637+00:00,2026-09-10 17:15:58.597012+00:00,,,,,0.11,1948.18,0.643,0.375,17.503,38.292,2004.4599999999998,CONFIRMED
M01,60994,2026-09-10 17:15:58.676768+00:00,2026-09-10 17:15:58.718624+00:00,2026-09-10 17:15:56.676147+00:00,2026-09-10 17:15:56.677002+00:00,2026-09-10 17:15:56.676300+00:00,2026-09-10 17:15:58.653393+00:00,2026-09-10 17:15:58.653683+00:00,,,,,0.153,1977.093,0.7020000000000001,0.29,23.085,41.855999999999995,2042.4769999999999,CONFIRMED
M01,60995,2026-09-10 17:15:58.743485+00:00,2026-09-10 17:15:58.776522+00:00,2026-09-10 17:15:56.704519+00:00,2026-09-10 17:15:56.707805+00:00,2026-09-10 17:15:56.704654+00:00,2026-09-10 17:15:58.719299+00:00,2026-09-10 17:15:58.719630+00:00,,,,,0.135,2014.6449999999998,3.1510000000000002,0.331,23.855,33.037,2072.003,CONFIRMED
M01,60996,2026-09-10 17:15:58.797703+00:00,2026-09-10 17:15:58.826945+00:00,2026-09-10 17:15:56.734628+00:00,2026-09-10 17:15:56.735929+00:00,2026-09-10 17:15:56.734805+00:00,2026-09-10 17:15:58.776961+00:00,2026-09-10 17:15:58.777234+00:00,,,,,0.177,2042.156,1.124,0.273,20.469,29.242,2092.317,CONFIRMED
M01,60997,2026-09-10 17:15:58.845478+00:00,2026-09-10 17:15:58.875878+00:00,2026-09-10 17:15:56.763147+00:00,2026-09-10 17:15:56.764270+00:00,2026-09-10 17:15:56.763290+00:00,2026-09-10 17:15:58.827392+00:00,2026-09-10 17:15:58.827689+00:00,,,,,0.14300000000000002,2064.1020000000003,0.98,0.297,17.788999999999998,30.4,2112.731,CONFIRMED
M01,60998,2026-09-10 17:15:58.894309+00:00,2026-09-10 17:15:58.923992+00:00,2026-09-10 17:15:56.793518+00:00,2026-09-10 17:15:56.794817+00:00,2026-09-10 17:15:56.793615+00:00,2026-09-10 17:15:58.876257+00:00,2026-09-10 17:15:58.876485+00:00,,,,,0.097,2082.642,1.202,0.228,17.823999999999998,29.683,2130.474,CONFIRMED
M01,60999,2026-09-10 17:15:58.943136+00:00,2026-09-10 17:15:58.969698+00:00,2026-09-10 17:15:56.821759+00:00,2026-09-10 17:15:56.822520+00:00,2026-09-10 17:15:56.821954+00:00,2026-09-10 17:15:58.924354+00:00,2026-09-10 17:15:58.924667+00:00,,,,,0.195,2102.3999999999996,0.566,0.313,18.468999999999998,26.561999999999998,2147.939,CONFIRMED
M01,61000,2026-09-10 17:15:58.989402+00:00,2026-09-10 17:15:59.017664+00:00,2026-09-10 17:15:56.850058+00:00,2026-09-10 17:15:56.850765+00:00,2026-09-10 17:15:56.850168+00:00,2026-09-10 17:15:58.970224+00:00,2026-09-10 17:15:58.970549+00:00,,,,,0.11,2120.056,0.597,0.325,18.853,28.262,2167.606,CONFIRMED
M01,61001,2026-09-10 17:15:59.048108+00:00,2026-09-10 17:15:59.075600+00:00,2026-09-10 17:15:56.881138+00:00,2026-09-10 17:15:56.881667+00:00,2026-09-10 17:15:56.881289+00:00,2026-09-10 17:15:59.018170+00:00,2026-09-10 17:15:59.018530+00:00,,,,,0.15100000000000002,2136.881,0.378,0.36000000000000004,29.578,27.491999999999997,2194.462,CONFIRMED
M01,61002,2026-09-10 17:15:59.091896+00:00,2026-09-10 17:15:59.126311+00:00,2026-09-10 17:15:56.908113+00:00,2026-09-10 17:15:56.909559+00:00,2026-09-10 17:15:56.908288+00:00,2026-09-10 17:15:59.076205+00:00,2026-09-10 17:15:59.076545+00:00,,,,,0.175,2167.917,1.271,0.34,15.351,34.415,2218.1980000000003,CONFIRMED
M01,61003,2026-09-10 17:15:59.146845+00:00,2026-09-10 17:15:59.177042+00:00,2026-09-10 17:15:56.937767+00:00,2026-09-10 17:15:56.938397+00:00,2026-09-10 17:15:56.937920+00:00,2026-09-10 17:15:59.126877+00:00,2026-09-10 17:15:59.127241+00:00,,,,,0.153,2188.957,0.477,0.364,19.604,30.197000000000003,2239.275,CONFIRMED
M01,61004,2026-09-10 17:15:59.193958+00:00,2026-09-10 17:15:59.225552+00:00,2026-09-10 17:15:56.965235+00:00,2026-09-10 17:15:56.966160+00:00,2026-09-10 17:15:56.965399+00:00,2026-09-10 17:15:59.177381+00:00,2026-09-10 17:15:59.177710+00:00,,,,,0.164,2211.982,0.761,0.32899999999999996,16.247999999999998,31.593999999999998,2260.317,CONFIRMED
M01,61005,2026-09-10 17:15:59.242014+00:00,2026-09-10 17:15:59.270654+00:00,2026-09-10 17:15:56.995524+00:00,2026-09-10 17:15:56.996333+00:00,2026-09-10 17:15:56.995711+00:00,2026-09-10 17:15:59.225900+00:00,2026-09-10 17:15:59.226180+00:00,,,,,0.187,2230.1890000000003,0.622,0.27999999999999997,15.834000000000001,28.64,2275.1299999999997,CONFIRMED
M01,61006,2026-09-10 17:15:59.285947+00:00,2026-09-10 17:15:59.311072+00:00,2026-09-10 17:15:57.023325+00:00,2026-09-10 17:15:57.024434+00:00,2026-09-10 17:15:57.023444+00:00,2026-09-10 17:15:59.270978+00:00,2026-09-10 17:15:59.271225+00:00,,,,,0.11900000000000001,2247.534,0.99,0.247,14.722000000000001,25.125,2287.747,CONFIRMED
M01,61007,2026-09-10 17:15:59.328457+00:00,2026-09-10 17:15:59.359718+00:00,2026-09-10 17:15:57.051540+00:00,2026-09-10 17:15:57.052471+00:00,2026-09-10 17:15:57.051650+00:00,2026-09-10 17:15:59.311551+00:00,2026-09-10 17:15:59.311810+00:00,,,,,0.11,2259.9010000000003,0.821,0.259,16.647,31.260999999999996,2308.178,CONFIRMED
M01,61008,2026-09-10 17:15:59.384823+00:00,2026-09-10 17:15:59.415670+00:00,2026-09-10 17:15:57.080242+00:00,2026-09-10 17:15:57.081003+00:00,2026-09-10 17:15:57.080376+00:00,2026-09-10 17:15:59.360143+00:00,2026-09-10 17:15:59.360514+00:00,,,,,0.134,2279.7670000000003,0.627,0.371,24.309,30.846999999999998,2335.428,CONFIRMED
M01,61009,2026-09-10 17:15:59.435221+00:00,2026-09-10 17:15:59.466489+00:00,2026-09-10 17:15:57.109591+00:00,2026-09-10 17:15:57.110404+00:00,2026-09-10 17:15:57.109716+00:00,2026-09-10 17:15:59.416183+00:00,2026-09-10 17:15:59.416533+00:00,,,,,0.125,2306.467,0.6880000000000001,0.35,18.688,31.267999999999997,2356.898,CONFIRMED
M01,61010,2026-09-10 17:15:59.487330+00:00,2026-09-10 17:15:59.521259+00:00,2026-09-10 17:15:57.137584+00:00,2026-09-10 17:15:57.138266+00:00,2026-09-10 17:15:57.137701+00:00,2026-09-10 17:15:59.467092+00:00,2026-09-10 17:15:59.467460+00:00,,,,,0.11699999999999999,2329.391,0.565,0.368,19.869999999999997,33.929,2383.675,CONFIRMED
M01,61011,2026-09-10 17:15:59.540615+00:00,2026-09-10 17:15:59.570121+00:00,2026-09-10 17:15:57.165035+00:00,2026-09-10 17:15:57.165866+00:00,2026-09-10 17:15:57.165352+00:00,2026-09-10 17:15:59.521777+00:00,2026-09-10 17:15:59.522171+00:00,,,,,0.317,2356.4249999999997,0.514,0.39399999999999996,18.444,29.506,2405.086,CONFIRMED
M01,61012,2026-09-10 17:15:59.591034+00:00,2026-09-10 17:15:59.621788+00:00,2026-09-10 17:15:57.193600+00:00,2026-09-10 17:15:57.195386+00:00,2026-09-10 17:15:57.193809+00:00,2026-09-10 17:15:59.570563+00:00,2026-09-10 17:15:59.570898+00:00,,,,,0.20900000000000002,2376.754,1.577,0.335,20.136000000000003,30.754,2428.188,CONFIRMED
M01,61013,2026-09-10 17:15:59.640826+00:00,2026-09-10 17:15:59.673316+00:00,2026-09-10 17:15:57.222898+00:00,2026-09-10 17:15:57.223800+00:00,2026-09-10 17:15:57.223054+00:00,2026-09-10 17:15:59.622376+00:00,2026-09-10 17:15:59.622699+00:00,,,,,0.156,2399.322,0.746,0.323,18.127000000000002,32.489999999999995,2450.418,CONFIRMED
M01,61014,2026-09-10 17:15:59.693758+00:00,2026-09-10 17:15:59.724457+00:00,2026-09-10 17:15:57.252804+00:00,2026-09-10 17:15:57.254447+00:00,2026-09-10 17:15:57.252934+00:00,2026-09-10 17:15:59.673902+00:00,2026-09-10 17:15:59.674398+00:00,,,,,0.12999999999999998,2420.9680000000003,1.5130000000000001,0.496,19.36,30.699,2471.653,CONFIRMED
M01,61015,2026-09-10 17:15:59.749483+00:00,2026-09-10 17:15:59.777192+00:00,2026-09-10 17:15:57.282408+00:00,2026-09-10 17:15:57.283166+00:00,2026-09-10 17:15:57.282588+00:00,2026-09-10 17:15:59.724909+00:00,2026-09-10 17:15:59.725187+00:00,,,,,0.18000000000000002,2442.3210000000004,0.578,0.27799999999999997,24.296000000000003,27.709,2494.784,CONFIRMED
M01,61016,2026-09-10 17:15:59.794123+00:00,2026-09-10 17:15:59.830047+00:00,2026-09-10 17:15:57.310139+00:00,2026-09-10 17:15:57.311339+00:00,2026-09-10 17:15:57.310255+00:00,2026-09-10 17:15:59.777567+00:00,2026-09-10 17:15:59.777790+00:00,,,,,0.116,2467.3120000000004,1.0839999999999999,0.223,16.333000000000002,35.924,2519.908,CONFIRMED
M01,61017,2026-09-10 17:15:59.855775+00:00,2026-09-10 17:15:59.886592+00:00,2026-09-10 17:15:57.337987+00:00,2026-09-10 17:15:57.339090+00:00,2026-09-10 17:15:57.338122+00:00,2026-09-10 17:15:59.830598+00:00,2026-09-10 17:15:59.830954+00:00,,,,,0.135,2492.476,0.968,0.356,24.820999999999998,30.817,2548.605,CONFIRMED
M01,61018,2026-09-10 17:15:59.908052+00:00,2026-09-10 17:15:59.945473+00:00,2026-09-10 17:15:57.366413+00:00,2026-09-10 17:15:57.367842+00:00,2026-09-10 17:15:57.366536+00:00,2026-09-10 17:15:59.886982+00:00,2026-09-10 17:15:59.887230+00:00,,,,,0.12300000000000001,2520.446,1.306,0.248,20.822,37.421,2579.06,CONFIRMED
M01,61019,2026-09-10 17:15:59.963925+00:00,2026-09-10 17:15:59.989978+00:00,2026-09-10 17:15:57.395125+00:00,2026-09-10 17:15:57.395818+00:00,2026-09-10 17:15:57.395238+00:00,2026-09-10 17:15:59.946003+00:00,2026-09-10 17:15:59.946369+00:00,,,,,0.11299999999999999,2550.7650000000003,0.58,0.366,17.555999999999997,26.053,2594.853,CONFIRMED
M01,61020,2026-09-10 17:16:00.007654+00:00,2026-09-10 17:16:00.040148+00:00,2026-09-10 17:15:57.423616+00:00,2026-09-10 17:15:57.424422+00:00,2026-09-10 17:15:57.423747+00:00,2026-09-10 17:15:59.990314+00:00,2026-09-10 17:15:59.990557+00:00,,,,,0.131,2566.567,0.675,0.243,17.097,32.494,2616.5319999999997,CONFIRMED
M01,61021,2026-09-10 17:16:00.059250+00:00,2026-09-10 17:16:00.088668+00:00,2026-09-10 17:15:57.453048+00:00,2026-09-10 17:15:57.453729+00:00,2026-09-10 17:15:57.453178+00:00,2026-09-10 17:16:00.040651+00:00,2026-09-10 17:16:00.041291+00:00,,,,,0.12999999999999998,2587.473,0.5509999999999999,0.64,17.959,29.418,2635.62,CONFIRMED
M01,61022,2026-09-10 17:16:00.105611+00:00,2026-09-10 17:16:00.139018+00:00,2026-09-10 17:15:57.480893+00:00,2026-09-10 17:15:57.482105+00:00,2026-09-10 17:15:57.481120+00:00,2026-09-10 17:16:00.089117+00:00,2026-09-10 17:16:00.089419+00:00,,,,,0.22699999999999998,2607.9970000000003,0.985,0.30200000000000005,16.192,33.407,2658.125,CONFIRMED
M01,61023,2026-09-10 17:16:00.164887+00:00,2026-09-10 17:16:00.203707+00:00,2026-09-10 17:15:57.508540+00:00,2026-09-10 17:15:57.509026+00:00,2026-09-10 17:15:57.508633+00:00,2026-09-10 17:16:00.139592+00:00,2026-09-10 17:16:00.139999+00:00,,,,,0.093,2630.959,0.393,0.40700000000000003,24.888,38.82,2695.167,CONFIRMED
M01,61024,2026-09-10 17:16:00.235812+00:00,2026-09-10 17:16:00.273199+00:00,2026-09-10 17:15:57.538353+00:00,2026-09-10 17:15:57.538844+00:00,2026-09-10 17:15:57.538459+00:00,2026-09-10 17:16:00.204208+00:00,2026-09-10 17:16:00.204653+00:00,,,,,0.106,2665.749,0.38499999999999995,0.44499999999999995,31.159,37.38699999999999,2734.846,CONFIRMED
M01,61025,2026-09-10 17:16:00.291544+00:00,2026-09-10 17:16:00.327725+00:00,2026-09-10 17:15:57.566048+00:00,2026-09-10 17:15:57.566676+00:00,2026-09-10 17:15:57.566245+00:00,2026-09-10 17:16:00.273853+00:00,2026-09-10 17:16:00.274218+00:00,,,,,0.19699999999999998,2707.608,0.431,0.365,17.326,36.181,2761.677,CONFIRMED
M01,61026,2026-09-10 17:16:00.350027+00:00,2026-09-10 17:16:00.383049+00:00,2026-09-10 17:15:57.593460+00:00,2026-09-10 17:15:57.594876+00:00,2026-09-10 17:15:57.593622+00:00,2026-09-10 17:16:00.328329+00:00,2026-09-10 17:16:00.328718+00:00,,,,,0.162,2734.7070000000003,1.254,0.389,21.309,33.022000000000006,2789.589,CONFIRMED
M01,61027,2026-09-10 17:16:00.401273+00:00,2026-09-10 17:16:00.431171+00:00,2026-09-10 17:15:57.621742+00:00,2026-09-10 17:15:57.622385+00:00,2026-09-10 17:15:57.621829+00:00,2026-09-10 17:16:00.383366+00:00,2026-09-10 17:16:00.383592+00:00,,,,,0.087,2761.5370000000003,0.5559999999999999,0.22599999999999998,17.680999999999997,29.898,2809.4289999999996,CONFIRMED
M01,61028,2026-09-10 17:16:00.451423+00:00,2026-09-10 17:16:00.482273+00:00,2026-09-10 17:15:57.650701+00:00,2026-09-10 17:15:57.652081+00:00,2026-09-10 17:15:57.650892+00:00,2026-09-10 17:16:00.431562+00:00,2026-09-10 17:16:00.431801+00:00,,,,,0.191,2780.6699999999996,1.189,0.23900000000000002,19.622,30.849999999999998,2831.572,CONFIRMED
M01,61029,2026-09-10 17:16:00.501609+00:00,2026-09-10 17:16:00.535761+00:00,2026-09-10 17:15:57.679458+00:00,2026-09-10 17:15:57.680224+00:00,2026-09-10 17:15:57.679609+00:00,2026-09-10 17:16:00.482732+00:00,2026-09-10 17:16:00.483064+00:00,,,,,0.15100000000000002,2803.123,0.615,0.332,18.544999999999998,34.152,2856.303,CONFIRMED
M01,61030,2026-09-10 17:16:00.553661+00:00,2026-09-10 17:16:00.586153+00:00,2026-09-10 17:15:57.707573+00:00,2026-09-10 17:15:57.709329+00:00,2026-09-10 17:15:57.707777+00:00,2026-09-10 17:16:00.536137+00:00,2026-09-10 17:16:00.536374+00:00,,,,,0.204,2828.36,1.552,0.237,17.287,32.492,2878.58,CONFIRMED
M01,61031,2026-09-10 17:16:00.612862+00:00,2026-09-10 17:16:00.645434+00:00,2026-09-10 17:15:57.737236+00:00,2026-09-10 17:15:57.738320+00:00,2026-09-10 17:15:57.737387+00:00,2026-09-10 17:16:00.586584+00:00,2026-09-10 17:16:00.586891+00:00,,,,,0.15100000000000002,2849.197,0.933,0.307,25.971,32.571999999999996,2908.198,CONFIRMED
M01,61032,2026-09-10 17:16:00.669889+00:00,2026-09-10 17:16:00.700640+00:00,2026-09-10 17:15:57.765989+00:00,2026-09-10 17:15:57.766911+00:00,2026-09-10 17:15:57.766115+00:00,2026-09-10 17:16:00.647123+00:00,2026-09-10 17:16:00.647467+00:00,,,,,0.126,2881.008,0.796,0.34400000000000003,22.422,30.751,2934.6510000000003,CONFIRMED
M01,61033,2026-09-10 17:16:00.721436+00:00,2026-09-10 17:16:00.753258+00:00,2026-09-10 17:15:57.794692+00:00,2026-09-10 17:15:57.798555+00:00,2026-09-10 17:15:57.796877+00:00,2026-09-10 17:16:00.701080+00:00,2026-09-10 17:16:00.701349+00:00,,,,,2.185,2904.203,1.678,0.26899999999999996,20.087,31.822000000000003,2958.5660000000003,CONFIRMED
M01,61034,2026-09-10 17:16:00.778238+00:00,2026-09-10 17:16:00.813828+00:00,2026-09-10 17:15:57.825881+00:00,2026-09-10 17:15:57.827921+00:00,2026-09-10 17:15:57.826039+00:00,2026-09-10 17:16:00.753634+00:00,2026-09-10 17:16:00.753863+00:00,,,,,0.158,2927.5950000000003,1.882,0.229,24.375,35.589999999999996,2987.947,CONFIRMED
M01,61035,2026-09-10 17:16:00.835275+00:00,2026-09-10 17:16:00.861524+00:00,2026-09-10 17:15:57.855158+00:00,2026-09-10 17:15:57.856006+00:00,2026-09-10 17:15:57.855331+00:00,2026-09-10 17:16:00.814305+00:00,2026-09-10 17:16:00.814646+00:00,,,,,0.17300000000000001,2958.974,0.675,0.34099999999999997,20.629,26.249000000000002,3006.366,CONFIRMED
M01,61036,2026-09-10 17:16:00.885444+00:00,2026-09-10 17:16:00.919307+00:00,2026-09-10 17:15:57.883159+00:00,2026-09-10 17:15:57.883903+00:00,2026-09-10 17:15:57.883340+00:00,2026-09-10 17:16:00.862106+00:00,2026-09-10 17:16:00.862522+00:00,,,,,0.18100000000000002,2978.766,0.5630000000000001,0.416,22.922,33.863,3036.1479999999997,CONFIRMED
M01,61037,2026-09-10 17:16:00.944103+00:00,2026-09-10 17:16:00.973331+00:00,2026-09-10 17:15:57.911238+00:00,2026-09-10 17:15:57.912593+00:00,2026-09-10 17:15:57.911458+00:00,2026-09-10 17:16:00.919999+00:00,2026-09-10 17:16:00.920402+00:00,,,,,0.22,3008.541,1.135,0.40299999999999997,23.701,29.228,3062.093,CONFIRMED
M01,61038,2026-09-10 17:16:00.992814+00:00,2026-09-10 17:16:01.035861+00:00,2026-09-10 17:15:57.940749+00:00,2026-09-10 17:15:57.941420+00:00,2026-09-10 17:15:57.940872+00:00,2026-09-10 17:16:00.973920+00:00,2026-09-10 17:16:00.974257+00:00,,,,,0.12300000000000001,3033.048,0.5479999999999999,0.337,18.557000000000002,43.047000000000004,3095.112,CONFIRMED
M01,61039,2026-09-10 17:16:01.063741+00:00,2026-09-10 17:16:01.093711+00:00,2026-09-10 17:15:57.968522+00:00,2026-09-10 17:15:57.969109+00:00,2026-09-10 17:15:57.968619+00:00,2026-09-10 17:16:01.036371+00:00,2026-09-10 17:16:01.036752+00:00,,,,,0.097,3067.752,0.49,0.381,26.989,29.97,3125.189,CONFIRMED
M01,61040,2026-09-10 17:16:01.115925+00:00,2026-09-10 17:16:01.142523+00:00,2026-09-10 17:15:57.995984+00:00,2026-09-10 17:15:57.996658+00:00,2026-09-10 17:15:57.996098+00:00,2026-09-10 17:16:01.094288+00:00,2026-09-10 17:16:01.094736+00:00,,,,,0.114,3098.1899999999996,0.5599999999999999,0.448,21.189,26.598,3146.539,CONFIRMED
M01,61041,2026-09-10 17:16:01.158053+00:00,2026-09-10 17:16:01.185063+00:00,2026-09-10 17:15:58.023959+00:00,2026-09-10 17:15:58.024908+00:00,2026-09-10 17:15:58.024150+00:00,2026-09-10 17:16:01.142833+00:00,2026-09-10 17:16:01.143056+00:00,,,,,0.191,3118.683,0.758,0.223,14.997,27.009999999999998,3161.104,CONFIRMED
M01,61042,2026-09-10 17:16:01.203404+00:00,2026-09-10 17:16:01.237905+00:00,2026-09-10 17:15:58.053736+00:00,2026-09-10 17:15:58.054581+00:00,2026-09-10 17:15:58.053895+00:00,2026-09-10 17:16:01.185450+00:00,2026-09-10 17:16:01.185670+00:00,,,,,0.159,3131.5550000000003,0.6859999999999999,0.22,17.733999999999998,34.501,3184.169,CONFIRMED
M01,61043,2026-09-10 17:16:01.257774+00:00,2026-09-10 17:16:01.287256+00:00,2026-09-10 17:15:58.081220+00:00,2026-09-10 17:15:58.082093+00:00,2026-09-10 17:15:58.081389+00:00,2026-09-10 17:16:01.238469+00:00,2026-09-10 17:16:01.238845+00:00,,,,,0.16899999999999998,3157.08,0.704,0.376,18.929000000000002,29.482000000000003,3206.036,CONFIRMED
M01,61044,2026-09-10 17:16:01.309102+00:00,2026-09-10 17:16:01.337763+00:00,2026-09-10 17:15:58.111367+00:00,2026-09-10 17:15:58.111969+00:00,2026-09-10 17:15:58.111512+00:00,2026-09-10 17:16:01.287754+00:00,2026-09-10 17:16:01.288095+00:00,,,,,0.145,3176.242,0.457,0.34099999999999997,21.007,28.660999999999998,3226.3959999999997,CONFIRMED
M01,61045,2026-09-10 17:16:01.358942+00:00,2026-09-10 17:16:01.388551+00:00,2026-09-10 17:15:58.139544+00:00,2026-09-10 17:15:58.140169+00:00,2026-09-10 17:15:58.139669+00:00,2026-09-10 17:16:01.338288+00:00,2026-09-10 17:16:01.338559+00:00,,,,,0.125,3198.6189999999997,0.5,0.27099999999999996,20.383,29.608999999999998,3249.007,CONFIRMED
M01,61046,2026-09-10 17:16:01.408097+00:00,2026-09-10 17:16:01.436678+00:00,2026-09-10 17:15:58.166754+00:00,2026-09-10 17:15:58.168221+00:00,2026-09-10 17:15:58.166881+00:00,2026-09-10 17:16:01.389081+00:00,2026-09-10 17:16:01.389537+00:00,,,,,0.127,3222.2,1.34,0.456,18.56,28.581,3269.924,CONFIRMED
M01,61047,2026-09-10 17:16:01.456111+00:00,2026-09-10 17:16:01.486393+00:00,2026-09-10 17:15:58.195075+00:00,2026-09-10 17:15:58.197649+00:00,2026-09-10 17:15:58.195199+00:00,2026-09-10 17:16:01.437217+00:00,2026-09-10 17:16:01.437594+00:00,,,,,0.124,3242.018,2.4499999999999997,0.377,18.517,30.282,3291.3179999999998,CONFIRMED
M01,61048,2026-09-10 17:16:01.505129+00:00,2026-09-10 17:16:01.538653+00:00,2026-09-10 17:15:58.224917+00:00,2026-09-10 17:15:58.225814+00:00,2026-09-10 17:15:58.225044+00:00,2026-09-10 17:16:01.486944+00:00,2026-09-10 17:16:01.487326+00:00,,,,,0.127,3261.8999999999996,0.7699999999999999,0.382,17.803,33.524,3313.736,CONFIRMED
M01,61049,2026-09-10 17:16:01.561418+00:00,2026-09-10 17:16:01.597098+00:00,2026-09-10 17:15:58.252950+00:00,2026-09-10 17:15:58.253841+00:00,2026-09-10 17:15:58.253067+00:00,2026-09-10 17:16:01.539302+00:00,2026-09-10 17:16:01.539684+00:00,,,,,0.11699999999999999,3286.235,0.7739999999999999,0.382,21.733999999999998,35.68000000000001,3344.148,CONFIRMED
M01,61050,2026-09-10 17:16:01.618905+00:00,2026-09-10 17:16:01.647702+00:00,2026-09-10 17:15:58.281737+00:00,2026-09-10 17:15:58.282420+00:00,2026-09-10 17:15:58.281871+00:00,2026-09-10 17:16:01.597434+00:00,2026-09-10 17:16:01.597709+00:00,,,,,0.134,3315.563,0.549,0.275,21.195999999999998,28.797,3365.965,CONFIRMED
M01,61051,2026-09-10 17:16:01.667068+00:00,2026-09-10 17:16:01.695903+00:00,2026-09-10 17:15:58.308787+00:00,2026-09-10 17:15:58.309351+00:00,2026-09-10 17:15:58.308929+00:00,2026-09-10 17:16:01.648179+00:00,2026-09-10 17:16:01.648551+00:00,,,,,0.14200000000000002,3339.25,0.422,0.372,18.517,28.835,3387.116,CONFIRMED
M01,61052,2026-09-10 17:16:01.713645+00:00,2026-09-10 17:16:01.745189+00:00,2026-09-10 17:15:58.335858+00:00,2026-09-10 17:15:58.336463+00:00,2026-09-10 17:15:58.335960+00:00,2026-09-10 17:16:01.696617+00:00,2026-09-10 17:16:01.696995+00:00,,,,,0.102,3360.6569999999997,0.503,0.378,16.650000000000002,31.544000000000004,3409.3309999999997,CONFIRMED
M01,61053,2026-09-10 17:16:01.767714+00:00,2026-09-10 17:16:01.800298+00:00,2026-09-10 17:15:58.363110+00:00,2026-09-10 17:15:58.364380+00:00,2026-09-10 17:15:58.363279+00:00,2026-09-10 17:16:01.745872+00:00,2026-09-10 17:16:01.746299+00:00,,,,,0.16899999999999998,3382.593,1.101,0.42700000000000005,21.415,32.584,3437.188,CONFIRMED
M01,61054,2026-09-10 17:16:01.821194+00:00,2026-09-10 17:16:01.854411+00:00,2026-09-10 17:15:58.391712+00:00,2026-09-10 17:15:58.393476+00:00,2026-09-10 17:15:58.392332+00:00,2026-09-10 17:16:01.801005+00:00,2026-09-10 17:16:01.801382+00:00,,,,,0.62,3408.673,1.1440000000000001,0.377,19.812,33.217000000000006,3462.699,CONFIRMED
M01,61055,2026-09-10 17:16:01.896257+00:00,2026-09-10 17:16:01.941084+00:00,2026-09-10 17:15:58.420506+00:00,2026-09-10 17:15:58.421178+00:00,2026-09-10 17:15:58.420655+00:00,2026-09-10 17:16:01.855248+00:00,2026-09-10 17:16:01.855600+00:00,,,,,0.149,3434.593,0.523,0.352,40.657,44.827,3520.578,CONFIRMED
M01,61056,2026-09-10 17:16:01.974626+00:00,2026-09-10 17:16:02.010495+00:00,2026-09-10 17:15:58.448213+00:00,2026-09-10 17:15:58.449016+00:00,2026-09-10 17:15:58.448315+00:00,2026-09-10 17:16:01.942092+00:00,2026-09-10 17:16:01.942817+00:00,,,,,0.102,3493.777,0.7010000000000001,0.725,31.808999999999997,35.869,3562.2819999999997,CONFIRMED
M01,61057,2026-09-10 17:16:02.035993+00:00,2026-09-10 17:16:02.070753+00:00,2026-09-10 17:15:58.475478+00:00,2026-09-10 17:15:58.476085+00:00,2026-09-10 17:15:58.475622+00:00,2026-09-10 17:16:02.010941+00:00,2026-09-10 17:16:02.011254+00:00,,,,,0.14400000000000002,3535.319,0.46299999999999997,0.313,24.739,34.76,3595.275,CONFIRMED
M01,61058,2026-09-10 17:16:02.094438+00:00,2026-09-10 17:16:02.124598+00:00,2026-09-10 17:15:58.504863+00:00,2026-09-10 17:15:58.505870+00:00,2026-09-10 17:15:58.505003+00:00,2026-09-10 17:16:02.071144+00:00,2026-09-10 17:16:02.071430+00:00,,,,,0.13999999999999999,3566.141,0.867,0.28600000000000003,23.008,30.16,3619.735,CONFIRMED
M01,61059,2026-09-10 17:16:02.144346+00:00,2026-09-10 17:16:02.174247+00:00,2026-09-10 17:15:58.533494+00:00,2026-09-10 17:15:58.535891+00:00,2026-09-10 17:15:58.533687+00:00,2026-09-10 17:16:02.124990+00:00,2026-09-10 17:16:02.125293+00:00,,,,,0.193,3591.303,2.2039999999999997,0.303,19.053,29.901,3640.753,CONFIRMED
M01,61060,2026-09-10 17:16:02.199567+00:00,2026-09-10 17:16:02.231839+00:00,2026-09-10 17:15:58.562783+00:00,2026-09-10 17:15:58.564033+00:00,2026-09-10 17:15:58.562974+00:00,2026-09-10 17:16:02.174753+00:00,2026-09-10 17:16:02.175004+00:00,,,,,0.191,3611.779,1.059,0.251,24.563000000000002,32.272000000000006,3669.056,CONFIRMED
M01,61061,2026-09-10 17:16:02.252413+00:00,2026-09-10 17:16:02.282150+00:00,2026-09-10 17:15:58.591335+00:00,2026-09-10 17:15:58.592321+00:00,2026-09-10 17:15:58.591482+00:00,2026-09-10 17:16:02.232322+00:00,2026-09-10 17:16:02.232592+00:00,,,,,0.147,3640.8399999999997,0.839,0.27,19.820999999999998,29.737,3690.8149999999996,CONFIRMED
M01,61062,2026-09-10 17:16:02.301579+00:00,2026-09-10 17:16:02.331449+00:00,2026-09-10 17:15:58.619748+00:00,2026-09-10 17:15:58.621251+00:00,2026-09-10 17:15:58.619898+00:00,2026-09-10 17:16:02.282486+00:00,2026-09-10 17:16:02.282745+00:00,,,,,0.15,3662.5879999999997,1.353,0.259,18.834,29.87,3711.701,CONFIRMED
M01,61063,2026-09-10 17:16:02.351378+00:00,2026-09-10 17:16:02.382979+00:00,2026-09-10 17:15:58.648619+00:00,2026-09-10 17:15:58.649992+00:00,2026-09-10 17:15:58.648811+00:00,2026-09-10 17:16:02.331811+00:00,2026-09-10 17:16:02.332088+00:00,,,,,0.192,3683.0,1.181,0.277,19.290000000000003,31.600999999999996,3734.36,CONFIRMED
M01,61064,2026-09-10 17:16:02.401499+00:00,2026-09-10 17:16:02.437240+00:00,2026-09-10 17:15:58.676702+00:00,2026-09-10 17:15:58.677478+00:00,2026-09-10 17:15:58.676851+00:00,2026-09-10 17:16:02.383503+00:00,2026-09-10 17:16:02.383769+00:00,,,,,0.149,3706.652,0.627,0.266,17.73,35.741,3760.538,CONFIRMED
M01,61065,2026-09-10 17:16:02.464293+00:00,2026-09-10 17:16:02.495552+00:00,2026-09-10 17:15:58.704501+00:00,2026-09-10 17:15:58.706506+00:00,2026-09-10 17:15:58.704696+00:00,2026-09-10 17:16:02.437873+00:00,2026-09-10 17:16:02.438311+00:00,,,,,0.195,3733.177,1.81,0.438,25.982000000000003,31.259,3791.051,CONFIRMED
M01,61066,2026-09-10 17:16:02.512056+00:00,2026-09-10 17:16:02.540216+00:00,2026-09-10 17:15:58.732932+00:00,2026-09-10 17:15:58.733937+00:00,2026-09-10 17:15:58.733069+00:00,2026-09-10 17:16:02.496069+00:00,2026-09-10 17:16:02.496380+00:00,,,,,0.13699999999999998,3763.0,0.868,0.311,15.675999999999998,28.16,3807.284,CONFIRMED
M01,61067,2026-09-10 17:16:02.560628+00:00,2026-09-10 17:16:02.588330+00:00,2026-09-10 17:15:58.761488+00:00,2026-09-10 17:15:58.762303+00:00,2026-09-10 17:15:58.761670+00:00,2026-09-10 17:16:02.540577+00:00,2026-09-10 17:16:02.540864+00:00,,,,,0.182,3778.907,0.633,0.287,19.764,27.702,3826.842,CONFIRMED
M01,61068,2026-09-10 17:16:02.605557+00:00,2026-09-10 17:16:02.633303+00:00,2026-09-10 17:15:58.790791+00:00,2026-09-10 17:15:58.791376+00:00,2026-09-10 17:15:58.790891+00:00,2026-09-10 17:16:02.588863+00:00,2026-09-10 17:16:02.589163+00:00,,,,,0.1,3797.972,0.48500000000000004,0.3,16.394,27.746,3842.512,CONFIRMED
M01,61069,2026-09-10 17:16:02.651994+00:00,2026-09-10 17:16:02.685099+00:00,2026-09-10 17:15:58.818092+00:00,2026-09-10 17:15:58.818861+00:00,2026-09-10 17:15:58.818309+00:00,2026-09-10 17:16:02.633882+00:00,2026-09-10 17:16:02.634133+00:00,,,,,0.217,3815.5730000000003,0.5519999999999999,0.251,17.860999999999997,33.105000000000004,3867.007,CONFIRMED
M01,61070,2026-09-10 17:16:02.702557+00:00,2026-09-10 17:16:02.732249+00:00,2026-09-10 17:15:58.846087+00:00,2026-09-10 17:15:58.846702+00:00,2026-09-10 17:15:58.846208+00:00,2026-09-10 17:16:02.685473+00:00,2026-09-10 17:16:02.685761+00:00,,,,,0.121,3839.2650000000003,0.494,0.28800000000000003,16.796,29.692,3886.1620000000003,CONFIRMED
M01,61071,2026-09-10 17:16:02.753538+00:00,2026-09-10 17:16:02.788474+00:00,2026-09-10 17:15:58.874142+00:00,2026-09-10 17:15:58.875376+00:00,2026-09-10 17:15:58.874269+00:00,2026-09-10 17:16:02.732883+00:00,2026-09-10 17:16:02.733280+00:00,,,,,0.127,3858.614,1.107,0.397,20.258000000000003,34.936,3914.332,CONFIRMED
M01,61072,2026-09-10 17:16:02.807168+00:00,2026-09-10 17:16:02.834076+00:00,2026-09-10 17:15:58.911275+00:00,2026-09-10 17:15:58.912158+00:00,2026-09-10 17:15:58.911413+00:00,2026-09-10 17:16:02.789072+00:00,2026-09-10 17:16:02.789491+00:00,,,,,0.13799999999999998,3877.659,0.745,0.419,17.677,26.908,3922.801,CONFIRMED
M01,61073,2026-09-10 17:16:02.851347+00:00,2026-09-10 17:16:02.884202+00:00,2026-09-10 17:15:58.940490+00:00,2026-09-10 17:15:58.942064+00:00,2026-09-10 17:15:58.940686+00:00,2026-09-10 17:16:02.834444+00:00,2026-09-10 17:16:02.834720+00:00,,,,,0.196,3893.7580000000003,1.3780000000000001,0.27599999999999997,16.627,32.855000000000004,3943.712,CONFIRMED
M01,61074,2026-09-10 17:16:02.902957+00:00,2026-09-10 17:16:02.939827+00:00,2026-09-10 17:15:58.970476+00:00,2026-09-10 17:15:58.971585+00:00,2026-09-10 17:15:58.970572+00:00,2026-09-10 17:16:02.884517+00:00,2026-09-10 17:16:02.884858+00:00,,,,,0.096,3913.945,1.013,0.34099999999999997,18.099,36.87,3969.351,CONFIRMED
M01,61075,2026-09-10 17:16:02.958087+00:00,2026-09-10 17:16:02.987479+00:00,2026-09-10 17:15:58.998329+00:00,2026-09-10 17:15:58.999504+00:00,2026-09-10 17:15:58.998493+00:00,2026-09-10 17:16:02.940307+00:00,2026-09-10 17:16:02.940679+00:00,,,,,0.164,3941.814,1.011,0.372,17.408,29.392000000000003,3989.15,CONFIRMED
M01,61076,2026-09-10 17:16:03.005020+00:00,2026-09-10 17:16:03.038678+00:00,2026-09-10 17:15:59.033295+00:00,2026-09-10 17:15:59.044896+00:00,2026-09-10 17:15:59.033435+00:00,2026-09-10 17:16:02.987957+00:00,2026-09-10 17:16:02.988252+00:00,,,,,0.13999999999999999,3954.522,11.461,0.29500000000000004,16.768,33.658,4005.3830000000003,CONFIRMED
M01,61077,2026-09-10 17:16:03.056896+00:00,2026-09-10 17:16:03.086473+00:00,2026-09-10 17:15:59.072514+00:00,2026-09-10 17:15:59.073666+00:00,2026-09-10 17:15:59.072696+00:00,2026-09-10 17:16:03.039071+00:00,2026-09-10 17:16:03.039302+00:00,,,,,0.182,3966.375,0.9700000000000001,0.231,17.593999999999998,29.576999999999998,4013.959,CONFIRMED
M01,61078,2026-09-10 17:16:03.102248+00:00,2026-09-10 17:16:03.137342+00:00,2026-09-10 17:15:59.101180+00:00,2026-09-10 17:15:59.105204+00:00,2026-09-10 17:15:59.101280+00:00,2026-09-10 17:16:03.086876+00:00,2026-09-10 17:16:03.087173+00:00,,,,,0.1,3985.596,3.9240000000000004,0.297,15.075,35.094,4036.162,CONFIRMED
M01,61079,2026-09-10 17:16:03.169946+00:00,2026-09-10 17:16:03.201035+00:00,2026-09-10 17:15:59.132921+00:00,2026-09-10 17:15:59.133854+00:00,2026-09-10 17:15:59.133052+00:00,2026-09-10 17:16:03.137992+00:00,2026-09-10 17:16:03.138501+00:00,,,,,0.131,4004.9400000000005,0.8019999999999999,0.509,31.445,31.089,4068.1139999999996,CONFIRMED
M01,61080,2026-09-10 17:16:03.224878+00:00,2026-09-10 17:16:03.253494+00:00,2026-09-10 17:15:59.160803+00:00,2026-09-10 17:15:59.161575+00:00,2026-09-10 17:15:59.161009+00:00,2026-09-10 17:16:03.202549+00:00,2026-09-10 17:16:03.203021+00:00,,,,,0.206,4041.5400000000004,0.566,0.472,21.857000000000003,28.616,4092.6910000000003,CONFIRMED
M01,61081,2026-09-10 17:16:03.271777+00:00,2026-09-10 17:16:03.304223+00:00,2026-09-10 17:15:59.189039+00:00,2026-09-10 17:15:59.189896+00:00,2026-09-10 17:15:59.189209+00:00,2026-09-10 17:16:03.254034+00:00,2026-09-10 17:16:03.254376+00:00,,,,,0.17,4064.825,0.687,0.342,17.401,32.446000000000005,4115.184,CONFIRMED
M01,61082,2026-09-10 17:16:03.326199+00:00,2026-09-10 17:16:03.363352+00:00,2026-09-10 17:15:59.216569+00:00,2026-09-10 17:15:59.217442+00:00,2026-09-10 17:15:59.216784+00:00,2026-09-10 17:16:03.304535+00:00,2026-09-10 17:16:03.304827+00:00,,,,,0.215,4087.7509999999997,0.6579999999999999,0.292,21.372,37.153,4146.783,CONFIRMED
M01,61083,2026-09-10 17:16:03.391058+00:00,2026-09-10 17:16:03.421233+00:00,2026-09-10 17:15:59.247015+00:00,2026-09-10 17:15:59.248112+00:00,2026-09-10 17:15:59.247126+00:00,2026-09-10 17:16:03.363895+00:00,2026-09-10 17:16:03.364204+00:00,,,,,0.111,4116.768999999999,0.9859999999999999,0.309,26.854,30.175,4174.218,CONFIRMED
M01,61084,2026-09-10 17:16:03.441159+00:00,2026-09-10 17:16:03.480631+00:00,2026-09-10 17:15:59.276323+00:00,2026-09-10 17:15:59.276963+00:00,2026-09-10 17:15:59.276448+00:00,2026-09-10 17:16:03.421546+00:00,2026-09-10 17:16:03.421769+00:00,,,,,0.125,4145.098,0.515,0.223,19.39,39.472,4204.308,CONFIRMED
M01,61085,2026-09-10 17:16:03.504938+00:00,2026-09-10 17:16:03.534224+00:00,2026-09-10 17:15:59.304750+00:00,2026-09-10 17:15:59.305651+00:00,2026-09-10 17:15:59.304904+00:00,2026-09-10 17:16:03.481019+00:00,2026-09-10 17:16:03.481281+00:00,,,,,0.154,4176.115000000001,0.747,0.262,23.657,29.285999999999998,4229.474,CONFIRMED
M01,61086,2026-09-10 17:16:03.553310+00:00,2026-09-10 17:16:03.583842+00:00,2026-09-10 17:15:59.333332+00:00,2026-09-10 17:15:59.333970+00:00,2026-09-10 17:15:59.333453+00:00,2026-09-10 17:16:03.534705+00:00,2026-09-10 17:16:03.535054+00:00,,,,,0.121,4201.252,0.517,0.34900000000000003,18.256,30.532,4250.51,CONFIRMED
M01,61087,2026-09-10 17:16:03.602490+00:00,2026-09-10 17:16:03.633511+00:00,2026-09-10 17:15:59.360744+00:00,2026-09-10 17:15:59.361162+00:00,2026-09-10 17:15:59.360822+00:00,2026-09-10 17:16:03.584187+00:00,2026-09-10 17:16:03.584430+00:00,,,,,0.078,4223.365000000001,0.34,0.243,18.06,31.021,4272.767,CONFIRMED
M01,61088,2026-09-10 17:16:03.655085+00:00,2026-09-10 17:16:03.687101+00:00,2026-09-10 17:15:59.388080+00:00,2026-09-10 17:15:59.388935+00:00,2026-09-10 17:15:59.388228+00:00,2026-09-10 17:16:03.633912+00:00,2026-09-10 17:16:03.634158+00:00,,,,,0.148,4245.684,0.707,0.24600000000000002,20.927,32.016000000000005,4299.021,CONFIRMED
M01,61089,2026-09-10 17:16:03.704794+00:00,2026-09-10 17:16:03.735732+00:00,2026-09-10 17:15:59.420467+00:00,2026-09-10 17:15:59.422440+00:00,2026-09-10 17:15:59.420556+00:00,2026-09-10 17:16:03.687547+00:00,2026-09-10 17:16:03.687850+00:00,,,,,0.089,4266.991,1.8840000000000001,0.303,16.944,30.938,4315.265,CONFIRMED
M01,61090,2026-09-10 17:16:03.756814+00:00,2026-09-10 17:16:03.794580+00:00,2026-09-10 17:15:59.449070+00:00,2026-09-10 17:15:59.449969+00:00,2026-09-10 17:15:59.449200+00:00,2026-09-10 17:16:03.736178+00:00,2026-09-10 17:16:03.736503+00:00,,,,,0.12999999999999998,4286.978,0.769,0.325,20.311,37.766,4345.51,CONFIRMED
M01,61091,2026-09-10 17:16:03.818258+00:00,2026-09-10 17:16:03.850872+00:00,2026-09-10 17:15:59.476963+00:00,2026-09-10 17:15:59.478588+00:00,2026-09-10 17:15:59.477086+00:00,2026-09-10 17:16:03.795073+00:00,2026-09-10 17:16:03.795411+00:00,,,,,0.12300000000000001,4317.987,1.502,0.33799999999999997,22.846999999999998,32.614,4373.909000000001,CONFIRMED
M01,61092,2026-09-10 17:16:03.871561+00:00,2026-09-10 17:16:03.900124+00:00,2026-09-10 17:15:59.507207+00:00,2026-09-10 17:15:59.508250+00:00,2026-09-10 17:15:59.507366+00:00,2026-09-10 17:16:03.851467+00:00,2026-09-10 17:16:03.852106+00:00,,,,,0.159,4344.101000000001,0.884,0.639,19.455,28.563000000000002,4392.9169999999995,CONFIRMED
M01,61093,2026-09-10 17:16:03.918378+00:00,2026-09-10 17:16:03.953057+00:00,2026-09-10 17:15:59.536679+00:00,2026-09-10 17:15:59.537467+00:00,2026-09-10 17:15:59.536860+00:00,2026-09-10 17:16:03.900675+00:00,2026-09-10 17:16:03.901066+00:00,,,,,0.18100000000000002,4363.815,0.607,0.391,17.312,34.679,4416.378,CONFIRMED
M01,61094,2026-09-10 17:16:03.978531+00:00,2026-09-10 17:16:04.036009+00:00,2026-09-10 17:15:59.564374+00:00,2026-09-10 17:15:59.567247+00:00,2026-09-10 17:15:59.564493+00:00,2026-09-10 17:16:03.953607+00:00,2026-09-10 17:16:03.953989+00:00,,,,,0.11900000000000001,4389.1140000000005,2.754,0.382,24.542,57.478,4471.635,CONFIRMED
M01,61095,2026-09-10 17:16:04.055597+00:00,2026-09-10 17:16:04.090676+00:00,2026-09-10 17:15:59.593688+00:00,2026-09-10 17:15:59.594803+00:00,2026-09-10 17:15:59.593797+00:00,2026-09-10 17:16:04.036565+00:00,2026-09-10 17:16:04.036892+00:00,,,,,0.10900000000000001,4442.768,1.006,0.32699999999999996,18.705,35.079,4496.988,CONFIRMED
M01,61096,2026-09-10 17:16:04.111199+00:00,2026-09-10 17:16:04.139620+00:00,2026-09-10 17:15:59.621916+00:00,2026-09-10 17:15:59.622519+00:00,2026-09-10 17:15:59.622027+00:00,2026-09-10 17:16:04.091092+00:00,2026-09-10 17:16:04.091365+00:00,,,,,0.111,4469.065,0.49200000000000005,0.273,19.834,28.421,4517.704,CONFIRMED
M01,61097,2026-09-10 17:16:04.157975+00:00,2026-09-10 17:16:04.184730+00:00,2026-09-10 17:15:59.649538+00:00,2026-09-10 17:15:59.652084+00:00,2026-09-10 17:15:59.649693+00:00,2026-09-10 17:16:04.140004+00:00,2026-09-10 17:16:04.140279+00:00,,,,,0.155,4490.311000000001,2.391,0.275,17.696,26.755000000000003,4535.192,CONFIRMED
M01,61098,2026-09-10 17:16:04.205488+00:00,2026-09-10 17:16:04.234221+00:00,2026-09-10 17:15:59.680274+00:00,2026-09-10 17:15:59.681024+00:00,2026-09-10 17:15:59.680382+00:00,2026-09-10 17:16:04.185097+00:00,2026-09-10 17:16:04.185332+00:00,,,,,0.108,4504.715,0.642,0.235,20.156,28.733,4553.947,CONFIRMED
M01,61099,2026-09-10 17:16:04.255652+00:00,2026-09-10 17:16:04.288719+00:00,2026-09-10 17:15:59.708232+00:00,2026-09-10 17:15:59.710426+00:00,2026-09-10 17:15:59.708412+00:00,2026-09-10 17:16:04.234676+00:00,2026-09-10 17:16:04.234937+00:00,,,,,0.18000000000000002,4526.264,2.0140000000000002,0.261,20.715,33.067,4580.487,CONFIRMED
M01,61100,2026-09-10 17:16:04.307719+00:00,2026-09-10 17:16:04.342250+00:00,2026-09-10 17:15:59.741130+00:00,2026-09-10 17:15:59.741844+00:00,2026-09-10 17:15:59.741259+00:00,2026-09-10 17:16:04.289040+00:00,2026-09-10 17:16:04.289305+00:00,,,,,0.129,4547.781,0.585,0.265,18.414,34.531,4601.12,CONFIRMED
M01,61101,2026-09-10 17:16:04.360435+00:00,2026-09-10 17:16:04.389292+00:00,2026-09-10 17:15:59.770826+00:00,2026-09-10 17:15:59.774180+00:00,2026-09-10 17:15:59.770967+00:00,2026-09-10 17:16:04.342866+00:00,2026-09-10 17:16:04.343743+00:00,,,,,0.14100000000000001,4571.899,3.213,0.877,16.692,28.857,4618.465999999999,CONFIRMED
M01,61102,2026-09-10 17:16:04.407016+00:00,2026-09-10 17:16:04.440147+00:00,2026-09-10 17:15:59.801438+00:00,2026-09-10 17:15:59.805681+00:00,2026-09-10 17:15:59.801566+00:00,2026-09-10 17:16:04.389828+00:00,2026-09-10 17:16:04.390094+00:00,,,,,0.128,4588.262000000001,4.114999999999999,0.266,16.922,33.131,4638.709000000001,CONFIRMED
M01,61103,2026-09-10 17:16:04.461668+00:00,2026-09-10 17:16:04.494384+00:00,2026-09-10 17:15:59.838121+00:00,2026-09-10 17:15:59.839046+00:00,2026-09-10 17:15:59.838300+00:00,2026-09-10 17:16:04.440525+00:00,2026-09-10 17:16:04.440760+00:00,,,,,0.179,4602.224999999999,0.746,0.235,20.908,32.716,4656.263,CONFIRMED
M01,61104,2026-09-10 17:16:04.514360+00:00,2026-09-10 17:16:04.555132+00:00,2026-09-10 17:15:59.865685+00:00,2026-09-10 17:15:59.867576+00:00,2026-09-10 17:15:59.865821+00:00,2026-09-10 17:16:04.494871+00:00,2026-09-10 17:16:04.495451+00:00,,,,,0.136,4629.05,1.7550000000000001,0.58,18.909,40.772000000000006,4689.447,CONFIRMED
M01,61105,2026-09-10 17:16:04.582583+00:00,2026-09-10 17:16:04.615951+00:00,2026-09-10 17:15:59.894959+00:00,2026-09-10 17:15:59.895751+00:00,2026-09-10 17:15:59.895107+00:00,2026-09-10 17:16:04.555775+00:00,2026-09-10 17:16:04.556202+00:00,,,,,0.148,4660.668000000001,0.644,0.42700000000000005,26.381,33.368,4720.992,CONFIRMED
M01,61106,2026-09-10 17:16:04.634329+00:00,2026-09-10 17:16:04.668698+00:00,2026-09-10 17:15:59.922410+00:00,2026-09-10 17:15:59.923246+00:00,2026-09-10 17:15:59.922578+00:00,2026-09-10 17:16:04.616512+00:00,2026-09-10 17:16:04.616900+00:00,,,,,0.16799999999999998,4693.934,0.6679999999999999,0.388,17.429,34.369,4746.288,CONFIRMED
M01,61107,2026-09-10 17:16:04.690067+00:00,2026-09-10 17:16:04.723507+00:00,2026-09-10 17:15:59.950925+00:00,2026-09-10 17:15:59.951429+00:00,2026-09-10 17:15:59.951020+00:00,2026-09-10 17:16:04.669469+00:00,2026-09-10 17:16:04.669836+00:00,,,,,0.095,4718.449,0.40900000000000003,0.367,20.230999999999998,33.44,4772.582,CONFIRMED
M01,61108,2026-09-10 17:16:04.751135+00:00,2026-09-10 17:16:04.784632+00:00,2026-09-10 17:15:59.983831+00:00,2026-09-10 17:15:59.984624+00:00,2026-09-10 17:15:59.983928+00:00,2026-09-10 17:16:04.723910+00:00,2026-09-10 17:16:04.724170+00:00,,,,,0.097,4739.982,0.696,0.25999999999999995,26.965,33.497,4800.8009999999995,CONFIRMED
M01,61109,2026-09-10 17:16:04.806385+00:00,2026-09-10 17:16:04.838401+00:00,2026-09-10 17:16:00.011567+00:00,2026-09-10 17:16:00.012406+00:00,2026-09-10 17:16:00.011724+00:00,2026-09-10 17:16:04.785105+00:00,2026-09-10 17:16:04.785434+00:00,,,,,0.157,4773.380999999999,0.6819999999999999,0.32899999999999996,20.951,32.016000000000005,4826.834,CONFIRMED
M01,61110,2026-09-10 17:16:04.856957+00:00,2026-09-10 17:16:04.886980+00:00,2026-09-10 17:16:00.039241+00:00,2026-09-10 17:16:00.040045+00:00,2026-09-10 17:16:00.039369+00:00,2026-09-10 17:16:04.838968+00:00,2026-09-10 17:16:04.839422+00:00,,,,,0.128,4799.599,0.6759999999999999,0.45399999999999996,17.535,30.023,4847.739,CONFIRMED
M01,61111,2026-09-10 17:16:04.907752+00:00,2026-09-10 17:16:04.936800+00:00,2026-09-10 17:16:00.066687+00:00,2026-09-10 17:16:00.067263+00:00,2026-09-10 17:16:00.066785+00:00,2026-09-10 17:16:04.887438+00:00,2026-09-10 17:16:04.887739+00:00,,,,,0.098,4820.653,0.47800000000000004,0.301,20.012999999999998,29.048000000000002,4870.113,CONFIRMED
M01,61112,2026-09-10 17:16:04.960622+00:00,2026-09-10 17:16:05.000015+00:00,2026-09-10 17:16:00.094736+00:00,2026-09-10 17:16:00.095865+00:00,2026-09-10 17:16:00.094900+00:00,2026-09-10 17:16:04.937300+00:00,2026-09-10 17:16:04.937818+00:00,,,,,0.164,4842.4,0.9650000000000001,0.518,22.804000000000002,39.393,4905.279,CONFIRMED
M01,61113,2026-09-10 17:16:05.022211+00:00,2026-09-10 17:16:05.051237+00:00,2026-09-10 17:16:00.125219+00:00,2026-09-10 17:16:00.126253+00:00,2026-09-10 17:16:00.125388+00:00,2026-09-10 17:16:05.000595+00:00,2026-09-10 17:16:05.001019+00:00,,,,,0.16899999999999998,4875.206999999999,0.865,0.424,21.192,29.026,4926.018,CONFIRMED
M01,61114,2026-09-10 17:16:05.071860+00:00,2026-09-10 17:16:05.101259+00:00,2026-09-10 17:16:00.153648+00:00,2026-09-10 17:16:00.154328+00:00,2026-09-10 17:16:00.153786+00:00,2026-09-10 17:16:05.051940+00:00,2026-09-10 17:16:05.052337+00:00,,,,,0.13799999999999998,4898.1539999999995,0.5419999999999999,0.397,19.523,29.399,4947.611,CONFIRMED
M01,61115,2026-09-10 17:16:05.122832+00:00,2026-09-10 17:16:05.152074+00:00,2026-09-10 17:16:00.182906+00:00,2026-09-10 17:16:00.183682+00:00,2026-09-10 17:16:00.183090+00:00,2026-09-10 17:16:05.101694+00:00,2026-09-10 17:16:05.101974+00:00,,,,,0.184,4918.604,0.592,0.27999999999999997,20.858,29.242,4969.168,CONFIRMED
M01,61116,2026-09-10 17:16:05.179277+00:00,2026-09-10 17:16:05.207914+00:00,2026-09-10 17:16:00.213976+00:00,2026-09-10 17:16:00.215187+00:00,2026-09-10 17:16:00.214201+00:00,2026-09-10 17:16:05.152729+00:00,2026-09-10 17:16:05.153220+00:00,,,,,0.225,4938.528,0.9859999999999999,0.491,26.057,28.637,4993.938,CONFIRMED
M01,61117,2026-09-10 17:16:05.225294+00:00,2026-09-10 17:16:05.255922+00:00,2026-09-10 17:16:00.243564+00:00,2026-09-10 17:16:00.244570+00:00,2026-09-10 17:16:00.243699+00:00,2026-09-10 17:16:05.208363+00:00,2026-09-10 17:16:05.208601+00:00,,,,,0.135,4964.664,0.871,0.23800000000000002,16.692999999999998,30.628,5012.358,CONFIRMED
M01,61118,2026-09-10 17:16:05.284825+00:00,2026-09-10 17:16:05.313938+00:00,2026-09-10 17:16:00.272145+00:00,2026-09-10 17:16:00.272801+00:00,2026-09-10 17:16:00.272263+00:00,2026-09-10 17:16:05.256416+00:00,2026-09-10 17:16:05.256898+00:00,,,,,0.118,4984.153,0.5379999999999999,0.482,27.927,29.113,5041.793000000001,CONFIRMED
M01,61119,2026-09-10 17:16:05.329752+00:00,2026-09-10 17:16:05.358410+00:00,2026-09-10 17:16:00.300956+00:00,2026-09-10 17:16:00.302280+00:00,2026-09-10 17:16:00.301189+00:00,2026-09-10 17:16:05.314445+00:00,2026-09-10 17:16:05.314725+00:00,,,,,0.23299999999999998,5013.256,1.091,0.27999999999999997,15.027000000000001,28.657999999999998,5057.454,CONFIRMED
M01,61120,2026-09-10 17:16:05.377468+00:00,2026-09-10 17:16:05.411677+00:00,2026-09-10 17:16:00.330028+00:00,2026-09-10 17:16:00.331517+00:00,2026-09-10 17:16:00.330164+00:00,2026-09-10 17:16:05.358777+00:00,2026-09-10 17:16:05.359291+00:00,,,,,0.136,5028.613,1.353,0.514,18.177,34.209,5081.648999999999,CONFIRMED
M01,61121,2026-09-10 17:16:05.434048+00:00,2026-09-10 17:16:05.513748+00:00,2026-09-10 17:16:00.358885+00:00,2026-09-10 17:16:00.359618+00:00,2026-09-10 17:16:00.359022+00:00,2026-09-10 17:16:05.412188+00:00,2026-09-10 17:16:05.412546+00:00,,,,,0.13699999999999998,5053.166,0.596,0.358,21.502,79.69999999999999,5154.862999999999,CONFIRMED
M01,61122,2026-09-10 17:16:05.530816+00:00,2026-09-10 17:16:05.559957+00:00,2026-09-10 17:16:00.387381+00:00,2026-09-10 17:16:00.388148+00:00,2026-09-10 17:16:00.387547+00:00,2026-09-10 17:16:05.514155+00:00,2026-09-10 17:16:05.514397+00:00,,,,,0.166,5126.608,0.601,0.242,16.419,29.141000000000002,5172.576,CONFIRMED
M01,61123,2026-09-10 17:16:05.577401+00:00,2026-09-10 17:16:05.608406+00:00,2026-09-10 17:16:00.415954+00:00,2026-09-10 17:16:00.417111+00:00,2026-09-10 17:16:00.416113+00:00,2026-09-10 17:16:05.560729+00:00,2026-09-10 17:16:05.561149+00:00,,,,,0.159,5144.616,0.998,0.42000000000000004,16.252,31.005000000000003,5192.452,CONFIRMED
M01,61124,2026-09-10 17:16:05.629166+00:00,2026-09-10 17:16:05.656338+00:00,2026-09-10 17:16:00.444386+00:00,2026-09-10 17:16:00.445832+00:00,2026-09-10 17:16:00.444582+00:00,2026-09-10 17:16:05.609087+00:00,2026-09-10 17:16:05.609675+00:00,,,,,0.196,5164.505,1.25,0.588,19.491,27.172,5211.952,CONFIRMED
M01,61125,2026-09-10 17:16:05.677290+00:00,2026-09-10 17:16:05.707014+00:00,2026-09-10 17:16:00.473627+00:00,2026-09-10 17:16:00.474316+00:00,2026-09-10 17:16:00.473786+00:00,2026-09-10 17:16:05.656950+00:00,2026-09-10 17:16:05.657206+00:00,,,,,0.159,5183.164,0.53,0.256,20.084,29.724,5233.387000000001,CONFIRMED
M01,61126,2026-09-10 17:16:05.728895+00:00,2026-09-10 17:16:05.761266+00:00,2026-09-10 17:16:00.501803+00:00,2026-09-10 17:16:00.502417+00:00,2026-09-10 17:16:00.501991+00:00,2026-09-10 17:16:05.708140+00:00,2026-09-10 17:16:05.708438+00:00,,,,,0.188,5206.149,0.426,0.298,20.457,32.370999999999995,5259.463000000001,CONFIRMED
M01,61127,2026-09-10 17:16:05.783036+00:00,2026-09-10 17:16:05.818129+00:00,2026-09-10 17:16:00.530314+00:00,2026-09-10 17:16:00.531185+00:00,2026-09-10 17:16:00.530498+00:00,2026-09-10 17:16:05.761720+00:00,2026-09-10 17:16:05.762302+00:00,,,,,0.184,5231.222,0.687,0.5820000000000001,20.733999999999998,35.092999999999996,5287.8150000000005,CONFIRMED
M01,61128,2026-09-10 17:16:05.835177+00:00,2026-09-10 17:16:05.862269+00:00,2026-09-10 17:16:00.558383+00:00,2026-09-10 17:16:00.561358+00:00,2026-09-10 17:16:00.558533+00:00,2026-09-10 17:16:05.818694+00:00,2026-09-10 17:16:05.818951+00:00,,,,,0.15,5260.161,2.8249999999999997,0.257,16.226,27.092000000000002,5303.886,CONFIRMED
M01,61129,2026-09-10 17:16:05.881567+00:00,2026-09-10 17:16:05.909287+00:00,2026-09-10 17:16:00.590158+00:00,2026-09-10 17:16:00.591135+00:00,2026-09-10 17:16:00.590300+00:00,2026-09-10 17:16:05.863203+00:00,2026-09-10 17:16:05.863553+00:00,,,,,0.14200000000000002,5272.903,0.8350000000000001,0.35,18.014,27.720000000000002,5319.129,CONFIRMED
M01,61130,2026-09-10 17:16:05.941028+00:00,2026-09-10 17:16:05.976745+00:00,2026-09-10 17:16:00.620330+00:00,2026-09-10 17:16:00.621011+00:00,2026-09-10 17:16:00.620429+00:00,2026-09-10 17:16:05.909641+00:00,2026-09-10 17:16:05.909991+00:00,,,,,0.09899999999999999,5289.212,0.5820000000000001,0.35,31.037,35.717,5356.415,CONFIRMED
M01,61131,2026-09-10 17:16:05.997399+00:00,2026-09-10 17:16:06.026735+00:00,2026-09-10 17:16:00.647915+00:00,2026-09-10 17:16:00.650342+00:00,2026-09-10 17:16:00.648104+00:00,2026-09-10 17:16:05.977295+00:00,2026-09-10 17:16:05.977713+00:00,,,,,0.189,5329.191,2.238,0.41800000000000004,19.686,29.336000000000002,5378.82,CONFIRMED
M01,61132,2026-09-10 17:16:06.044583+00:00,2026-09-10 17:16:06.084664+00:00,2026-09-10 17:16:00.677709+00:00,2026-09-10 17:16:00.678969+00:00,2026-09-10 17:16:00.677855+00:00,2026-09-10 17:16:06.027238+00:00,2026-09-10 17:16:06.027603+00:00,,,,,0.146,5349.383,1.1139999999999999,0.365,16.979999999999997,40.080999999999996,5406.955,CONFIRMED
M01,61133,2026-09-10 17:16:06.111000+00:00,2026-09-10 17:16:06.140704+00:00,2026-09-10 17:16:00.706793+00:00,2026-09-10 17:16:00.707655+00:00,2026-09-10 17:16:00.706891+00:00,2026-09-10 17:16:06.085185+00:00,2026-09-10 17:16:06.085584+00:00,,,,,0.098,5378.294000000001,0.764,0.399,25.416,29.704,5433.911,CONFIRMED
M01,61134,2026-09-10 17:16:06.179353+00:00,2026-09-10 17:16:06.210642+00:00,2026-09-10 17:16:00.736960+00:00,2026-09-10 17:16:00.740455+00:00,2026-09-10 17:16:00.737113+00:00,2026-09-10 17:16:06.141277+00:00,2026-09-10 17:16:06.143503+00:00,,,,,0.153,5404.164,3.342,2.226,35.85,31.288999999999998,5473.682,CONFIRMED
M01,61135,2026-09-10 17:16:06.241181+00:00,2026-09-10 17:16:06.279298+00:00,2026-09-10 17:16:00.770097+00:00,2026-09-10 17:16:00.771348+00:00,2026-09-10 17:16:00.770198+00:00,2026-09-10 17:16:06.211268+00:00,2026-09-10 17:16:06.211595+00:00,,,,,0.101,5441.07,1.15,0.32699999999999996,29.586000000000002,38.117,5509.201,CONFIRMED
M01,61136,2026-09-10 17:16:06.303186+00:00,2026-09-10 17:16:06.348015+00:00,2026-09-10 17:16:00.802874+00:00,2026-09-10 17:16:00.804174+00:00,2026-09-10 17:16:00.803030+00:00,2026-09-10 17:16:06.279821+00:00,2026-09-10 17:16:06.280234+00:00,,,,,0.156,5476.791,1.1440000000000001,0.41300000000000003,22.952,44.829,5545.1410000000005,CONFIRMED
M01,61137,2026-09-10 17:16:06.370283+00:00,2026-09-10 17:16:06.404287+00:00,2026-09-10 17:16:00.830699+00:00,2026-09-10 17:16:00.831421+00:00,2026-09-10 17:16:00.830831+00:00,2026-09-10 17:16:06.348681+00:00,2026-09-10 17:16:06.349085+00:00,,,,,0.132,5517.85,0.5900000000000001,0.404,21.198,34.004,5573.588,CONFIRMED
M01,61138,2026-09-10 17:16:06.424386+00:00,2026-09-10 17:16:06.453639+00:00,2026-09-10 17:16:00.860066+00:00,2026-09-10 17:16:00.861177+00:00,2026-09-10 17:16:00.860248+00:00,2026-09-10 17:16:06.405702+00:00,2026-09-10 17:16:06.405945+00:00,,,,,0.182,5545.454000000001,0.929,0.243,18.441,29.253,5593.573,CONFIRMED
M01,61139,2026-09-10 17:16:06.476530+00:00,2026-09-10 17:16:06.508865+00:00,2026-09-10 17:16:00.888366+00:00,2026-09-10 17:16:00.889355+00:00,2026-09-10 17:16:00.888491+00:00,2026-09-10 17:16:06.454172+00:00,2026-09-10 17:16:06.454523+00:00,,,,,0.125,5565.681,0.864,0.35100000000000003,22.006999999999998,32.335,5620.499,CONFIRMED
M01,61140,2026-09-10 17:16:06.535921+00:00,2026-09-10 17:16:06.571197+00:00,2026-09-10 17:16:00.917585+00:00,2026-09-10 17:16:00.918263+00:00,2026-09-10 17:16:00.917681+00:00,2026-09-10 17:16:06.509440+00:00,2026-09-10 17:16:06.509871+00:00,,,,,0.096,5591.759,0.5820000000000001,0.431,26.05,35.276,5653.612,CONFIRMED
M01,61141,2026-09-10 17:16:06.597742+00:00,2026-09-10 17:16:06.628915+00:00,2026-09-10 17:16:00.945580+00:00,2026-09-10 17:16:00.946247+00:00,2026-09-10 17:16:00.945734+00:00,2026-09-10 17:16:06.571848+00:00,2026-09-10 17:16:06.572345+00:00,,,,,0.154,5626.1140000000005,0.513,0.49700000000000005,25.397,31.173,5683.334999999999,CONFIRMED
M01,61142,2026-09-10 17:16:06.650572+00:00,2026-09-10 17:16:06.684349+00:00,2026-09-10 17:16:00.977304+00:00,2026-09-10 17:16:00.980795+00:00,2026-09-10 17:16:00.977484+00:00,2026-09-10 17:16:06.630007+00:00,2026-09-10 17:16:06.630456+00:00,,,,,0.18000000000000002,5652.523,3.311,0.449,20.116,33.777,5707.045,CONFIRMED
M01,61143,2026-09-10 17:16:06.703651+00:00,2026-09-10 17:16:06.739554+00:00,2026-09-10 17:16:01.008165+00:00,2026-09-10 17:16:01.008959+00:00,2026-09-10 17:16:01.008327+00:00,2026-09-10 17:16:06.684730+00:00,2026-09-10 17:16:06.685012+00:00,,,,,0.162,5676.402999999999,0.632,0.28200000000000003,18.639,35.903,5731.389,CONFIRMED
M01,61144,2026-09-10 17:16:06.774946+00:00,2026-09-10 17:16:06.826168+00:00,2026-09-10 17:16:01.038486+00:00,2026-09-10 17:16:01.040531+00:00,2026-09-10 17:16:01.038614+00:00,2026-09-10 17:16:06.740053+00:00,2026-09-10 17:16:06.740411+00:00,,,,,0.128,5701.438999999999,1.917,0.358,34.535000000000004,51.221999999999994,5787.682,CONFIRMED
M01,61145,2026-09-10 17:16:06.851136+00:00,2026-09-10 17:16:06.891441+00:00,2026-09-10 17:16:01.068408+00:00,2026-09-10 17:16:01.068904+00:00,2026-09-10 17:16:01.068496+00:00,2026-09-10 17:16:06.827078+00:00,2026-09-10 17:16:06.827658+00:00,,,,,0.088,5758.581999999999,0.408,0.58,23.477999999999998,40.305,5823.032999999999,CONFIRMED
M01,61146,2026-09-10 17:16:06.915713+00:00,2026-09-10 17:16:06.951696+00:00,2026-09-10 17:16:01.096072+00:00,2026-09-10 17:16:01.096904+00:00,2026-09-10 17:16:01.096183+00:00,2026-09-10 17:16:06.892055+00:00,2026-09-10 17:16:06.892467+00:00,,,,,0.111,5795.872,0.721,0.412,23.246,35.983000000000004,5855.624,CONFIRMED
M01,61147,2026-09-10 17:16:06.975929+00:00,2026-09-10 17:16:07.012330+00:00,2026-09-10 17:16:01.123989+00:00,2026-09-10 17:16:01.124815+00:00,2026-09-10 17:16:01.124083+00:00,2026-09-10 17:16:06.952184+00:00,2026-09-10 17:16:06.952558+00:00,,,,,0.094,5828.101000000001,0.732,0.374,23.371,36.401,5888.341,CONFIRMED
M01,61148,2026-09-10 17:16:07.030462+00:00,2026-09-10 17:16:07.059032+00:00,2026-09-10 17:16:01.151675+00:00,2026-09-10 17:16:01.152271+00:00,2026-09-10 17:16:01.151815+00:00,2026-09-10 17:16:07.012700+00:00,2026-09-10 17:16:07.012982+00:00,,,,,0.13999999999999999,5860.884999999999,0.456,0.28200000000000003,17.48,28.57,5907.357,CONFIRMED
M01,61149,2026-09-10 17:16:07.081313+00:00,2026-09-10 17:16:07.112212+00:00,2026-09-10 17:16:01.179387+00:00,2026-09-10 17:16:01.180067+00:00,2026-09-10 17:16:01.179536+00:00,2026-09-10 17:16:07.059572+00:00,2026-09-10 17:16:07.059995+00:00,,,,,0.149,5880.036,0.531,0.423,21.318,30.899,5932.825,CONFIRMED
M01,61150,2026-09-10 17:16:07.129355+00:00,2026-09-10 17:16:07.159891+00:00,2026-09-10 17:16:01.206893+00:00,2026-09-10 17:16:01.207545+00:00,2026-09-10 17:16:01.207062+00:00,2026-09-10 17:16:07.112618+00:00,2026-09-10 17:16:07.112928+00:00,,,,,0.16899999999999998,5905.556,0.483,0.31,16.427,30.536,5952.998,CONFIRMED
M01,61151,2026-09-10 17:16:07.176729+00:00,2026-09-10 17:16:07.212690+00:00,2026-09-10 17:16:01.234937+00:00,2026-09-10 17:16:01.235630+00:00,2026-09-10 17:16:01.235094+00:00,2026-09-10 17:16:07.160594+00:00,2026-09-10 17:16:07.160951+00:00,,,,,0.157,5925.5,0.536,0.357,15.778,35.961,5977.753,CONFIRMED
M01,61152,2026-09-10 17:16:07.232816+00:00,2026-09-10 17:16:07.262071+00:00,2026-09-10 17:16:01.262614+00:00,2026-09-10 17:16:01.263165+00:00,2026-09-10 17:16:01.262747+00:00,2026-09-10 17:16:07.213362+00:00,2026-09-10 17:16:07.213789+00:00,,,,,0.133,5950.615,0.41800000000000004,0.42700000000000005,19.026999999999997,29.255,5999.456999999999,CONFIRMED
M01,61153,2026-09-10 17:16:07.290311+00:00,2026-09-10 17:16:07.326863+00:00,2026-09-10 17:16:01.290205+00:00,2026-09-10 17:16:01.290946+00:00,2026-09-10 17:16:01.290341+00:00,2026-09-10 17:16:07.262665+00:00,2026-09-10 17:16:07.263131+00:00,,,,,0.136,5972.3240000000005,0.605,0.46599999999999997,27.18,36.552,6036.658,CONFIRMED
M01,61154,2026-09-10 17:16:07.350832+00:00,2026-09-10 17:16:07.379030+00:00,2026-09-10 17:16:01.318324+00:00,2026-09-10 17:16:01.319060+00:00,2026-09-10 17:16:01.318484+00:00,2026-09-10 17:16:07.327284+00:00,2026-09-10 17:16:07.327584+00:00,,,,,0.16,6008.8,0.5760000000000001,0.3,23.248,28.198,6060.706,CONFIRMED
M01,61155,2026-09-10 17:16:07.397464+00:00,2026-09-10 17:16:07.425596+00:00,2026-09-10 17:16:01.345813+00:00,2026-09-10 17:16:01.346492+00:00,2026-09-10 17:16:01.345950+00:00,2026-09-10 17:16:07.379544+00:00,2026-09-10 17:16:07.380383+00:00,,,,,0.13699999999999998,6033.594,0.5419999999999999,0.839,17.081,28.132,6079.783,CONFIRMED
M01,61156,2026-09-10 17:16:07.444434+00:00,2026-09-10 17:16:07.477952+00:00,2026-09-10 17:16:01.376056+00:00,2026-09-10 17:16:01.377467+00:00,2026-09-10 17:16:01.376248+00:00,2026-09-10 17:16:07.426096+00:00,2026-09-10 17:16:07.426421+00:00,,,,,0.192,6049.848,1.219,0.325,18.013,33.518,6101.896,CONFIRMED
M01,61157,2026-09-10 17:16:07.501777+00:00,2026-09-10 17:16:07.531079+00:00,2026-09-10 17:16:01.404913+00:00,2026-09-10 17:16:01.405621+00:00,2026-09-10 17:16:01.405068+00:00,2026-09-10 17:16:07.478350+00:00,2026-09-10 17:16:07.478695+00:00,,,,,0.155,6073.282,0.553,0.345,23.081999999999997,29.302000000000003,6126.165999999999,CONFIRMED
M01,61158,2026-09-10 17:16:07.548709+00:00,2026-09-10 17:16:07.584262+00:00,2026-09-10 17:16:01.432490+00:00,2026-09-10 17:16:01.433237+00:00,2026-09-10 17:16:01.432665+00:00,2026-09-10 17:16:07.531511+00:00,2026-09-10 17:16:07.531774+00:00,,,,,0.175,6098.846,0.5720000000000001,0.263,16.935,35.553000000000004,6151.772,CONFIRMED
M01,61159,2026-09-10 17:16:07.603132+00:00,2026-09-10 17:16:07.632191+00:00,2026-09-10 17:16:01.460565+00:00,2026-09-10 17:16:01.461358+00:00,2026-09-10 17:16:01.460718+00:00,2026-09-10 17:16:07.584742+00:00,2026-09-10 17:16:07.585081+00:00,,,,,0.153,6124.024,0.64,0.339,18.051000000000002,29.059,6171.626,CONFIRMED
M01,61160,2026-09-10 17:16:07.656607+00:00,2026-09-10 17:16:07.690001+00:00,2026-09-10 17:16:01.488963+00:00,2026-09-10 17:16:01.490312+00:00,2026-09-10 17:16:01.489049+00:00,2026-09-10 17:16:07.632664+00:00,2026-09-10 17:16:07.632963+00:00,,,,,0.08600000000000001,6143.615,1.2630000000000001,0.299,23.644,33.394,6201.038,CONFIRMED
M01,61161,2026-09-10 17:16:07.708991+00:00,2026-09-10 17:16:07.737949+00:00,2026-09-10 17:16:01.517052+00:00,2026-09-10 17:16:01.517999+00:00,2026-09-10 17:16:01.517224+00:00,2026-09-10 17:16:07.690573+00:00,2026-09-10 17:16:07.690981+00:00,,,,,0.17200000000000001,6173.349,0.775,0.408,18.01,28.958000000000002,6220.897,CONFIRMED
M01,61162,2026-09-10 17:16:07.754157+00:00,2026-09-10 17:16:07.780370+00:00,2026-09-10 17:16:01.546070+00:00,2026-09-10 17:16:01.546736+00:00,2026-09-10 17:16:01.546202+00:00,2026-09-10 17:16:07.738453+00:00,2026-09-10 17:16:07.738785+00:00,,,,,0.132,6192.250999999999,0.5339999999999999,0.332,15.372,26.213,6234.3,CONFIRMED
M01,61163,2026-09-10 17:16:07.802992+00:00,2026-09-10 17:16:07.835504+00:00,2026-09-10 17:16:01.573537+00:00,2026-09-10 17:16:01.574770+00:00,2026-09-10 17:16:01.573672+00:00,2026-09-10 17:16:07.781084+00:00,2026-09-10 17:16:07.781453+00:00,,,,,0.135,6207.411999999999,1.098,0.36900000000000005,21.538999999999998,32.512,6261.967000000001,CONFIRMED
M01,61164,2026-09-10 17:16:07.850688+00:00,2026-09-10 17:16:07.878355+00:00,2026-09-10 17:16:01.602780+00:00,2026-09-10 17:16:01.605391+00:00,2026-09-10 17:16:01.602897+00:00,2026-09-10 17:16:07.835897+00:00,2026-09-10 17:16:07.836135+00:00,,,,,0.11699999999999999,6233.0,2.494,0.23800000000000002,14.553,27.667,6275.575,CONFIRMED
M01,61165,2026-09-10 17:16:07.906721+00:00,2026-09-10 17:16:07.942248+00:00,2026-09-10 17:16:01.633271+00:00,2026-09-10 17:16:01.635744+00:00,2026-09-10 17:16:01.633392+00:00,2026-09-10 17:16:07.878922+00:00,2026-09-10 17:16:07.879218+00:00,,,,,0.121,6245.53,2.352,0.296,27.503,35.527,6308.977,CONFIRMED
M01,61166,2026-09-10 17:16:07.968001+00:00,2026-09-10 17:16:08.005122+00:00,2026-09-10 17:16:01.662985+00:00,2026-09-10 17:16:01.663612+00:00,2026-09-10 17:16:01.663130+00:00,2026-09-10 17:16:07.942738+00:00,2026-09-10 17:16:07.943154+00:00,,,,,0.145,6279.607999999999,0.482,0.416,24.847,37.121,6342.137,CONFIRMED
M01,61167,2026-09-10 17:16:08.023534+00:00,2026-09-10 17:16:08.051425+00:00,2026-09-10 17:16:01.692572+00:00,2026-09-10 17:16:01.694128+00:00,2026-09-10 17:16:01.692673+00:00,2026-09-10 17:16:08.005784+00:00,2026-09-10 17:16:08.006142+00:00,,,,,0.101,6313.111,1.4549999999999998,0.358,17.392,27.891,6358.853,CONFIRMED
M01,61168,2026-09-10 17:16:08.070250+00:00,2026-09-10 17:16:08.103604+00:00,2026-09-10 17:16:01.720858+00:00,2026-09-10 17:16:01.721460+00:00,2026-09-10 17:16:01.720970+00:00,2026-09-10 17:16:08.051972+00:00,2026-09-10 17:16:08.052284+00:00,,,,,0.112,6331.0019999999995,0.49,0.312,17.966,33.354,6382.746,CONFIRMED
M01,61169,2026-09-10 17:16:08.138581+00:00,2026-09-10 17:16:08.186491+00:00,2026-09-10 17:16:01.750326+00:00,2026-09-10 17:16:01.751656+00:00,2026-09-10 17:16:01.750455+00:00,2026-09-10 17:16:08.104190+00:00,2026-09-10 17:16:08.104623+00:00,,,,,0.129,6353.735000000001,1.201,0.433,33.958000000000006,47.910000000000004,6436.165,CONFIRMED
M01,61170,2026-09-10 17:16:08.207981+00:00,2026-09-10 17:16:08.236690+00:00,2026-09-10 17:16:01.778263+00:00,2026-09-10 17:16:01.778982+00:00,2026-09-10 17:16:01.778359+00:00,2026-09-10 17:16:08.187035+00:00,2026-09-10 17:16:08.187377+00:00,,,,,0.096,6408.6759999999995,0.623,0.342,20.604,28.709,6458.427000000001,CONFIRMED
M01,61171,2026-09-10 17:16:08.257231+00:00,2026-09-10 17:16:08.297672+00:00,2026-09-10 17:16:01.807063+00:00,2026-09-10 17:16:01.808077+00:00,2026-09-10 17:16:01.807183+00:00,2026-09-10 17:16:08.237297+00:00,2026-09-10 17:16:08.237681+00:00,,,,,0.12000000000000001,6430.114,0.894,0.384,19.55,40.440999999999995,6490.609,CONFIRMED
M01,61172,2026-09-10 17:16:08.316293+00:00,2026-09-10 17:16:08.354655+00:00,2026-09-10 17:16:01.835602+00:00,2026-09-10 17:16:01.837203+00:00,2026-09-10 17:16:01.835920+00:00,2026-09-10 17:16:08.298322+00:00,2026-09-10 17:16:08.298746+00:00,,,,,0.318,6462.402,1.2830000000000001,0.424,17.547,38.362,6519.053,CONFIRMED
M01,61173,2026-09-10 17:16:08.376412+00:00,2026-09-10 17:16:08.410117+00:00,2026-09-10 17:16:01.895198+00:00,2026-09-10 17:16:01.896800+00:00,2026-09-10 17:16:01.895360+00:00,2026-09-10 17:16:08.355290+00:00,2026-09-10 17:16:08.355728+00:00,,,,,0.162,6459.93,1.4400000000000002,0.438,20.684,33.705,6514.919,CONFIRMED
M01,61174,2026-09-10 17:16:08.432150+00:00,2026-09-10 17:16:08.465020+00:00,2026-09-10 17:16:01.925463+00:00,2026-09-10 17:16:01.927539+00:00,2026-09-10 17:16:01.925618+00:00,2026-09-10 17:16:08.410558+00:00,2026-09-10 17:16:08.410949+00:00,,,,,0.155,6484.94,1.921,0.391,21.201,32.870000000000005,6539.557000000001,CONFIRMED
M01,61175,2026-09-10 17:16:08.490947+00:00,2026-09-10 17:16:08.519477+00:00,2026-09-10 17:16:01.955443+00:00,2026-09-10 17:16:01.956547+00:00,2026-09-10 17:16:01.955623+00:00,2026-09-10 17:16:08.465503+00:00,2026-09-10 17:16:08.465927+00:00,,,,,0.18000000000000002,6509.88,0.924,0.424,25.02,28.53,6564.034000000001,CONFIRMED
M01,61176,2026-09-10 17:16:08.539854+00:00,2026-09-10 17:16:08.573469+00:00,2026-09-10 17:16:01.983617+00:00,2026-09-10 17:16:01.984440+00:00,2026-09-10 17:16:01.983771+00:00,2026-09-10 17:16:08.519902+00:00,2026-09-10 17:16:08.520252+00:00,,,,,0.154,6536.131,0.669,0.35,19.602,33.615,6589.852000000001,CONFIRMED
M01,61177,2026-09-10 17:16:08.595655+00:00,2026-09-10 17:16:08.629537+00:00,2026-09-10 17:16:02.011490+00:00,2026-09-10 17:16:02.013199+00:00,2026-09-10 17:16:02.011567+00:00,2026-09-10 17:16:08.573887+00:00,2026-09-10 17:16:08.574289+00:00,,,,,0.077,6562.32,1.632,0.402,21.366,33.882000000000005,6618.047,CONFIRMED
M01,61178,2026-09-10 17:16:08.653950+00:00,2026-09-10 17:16:08.687897+00:00,2026-09-10 17:16:02.040332+00:00,2026-09-10 17:16:02.040918+00:00,2026-09-10 17:16:02.040450+00:00,2026-09-10 17:16:08.630165+00:00,2026-09-10 17:16:08.630526+00:00,,,,,0.118,6589.715,0.46799999999999997,0.361,23.424,33.946999999999996,6647.5650000000005,CONFIRMED
M01,61179,2026-09-10 17:16:08.710139+00:00,2026-09-10 17:16:08.741728+00:00,2026-09-10 17:16:02.068062+00:00,2026-09-10 17:16:02.069250+00:00,2026-09-10 17:16:02.068159+00:00,2026-09-10 17:16:08.688390+00:00,2026-09-10 17:16:08.688709+00:00,,,,,0.097,6620.231000000001,1.091,0.319,21.43,31.589,6673.666,CONFIRMED
M01,61180,2026-09-10 17:16:08.759595+00:00,2026-09-10 17:16:08.790790+00:00,2026-09-10 17:16:02.098722+00:00,2026-09-10 17:16:02.099534+00:00,2026-09-10 17:16:02.098921+00:00,2026-09-10 17:16:08.742232+00:00,2026-09-10 17:16:08.742646+00:00,,,,,0.199,6643.311,0.6130000000000001,0.414,16.948999999999998,31.195,6692.068,CONFIRMED
M01,61181,2026-09-10 17:16:08.805987+00:00,2026-09-10 17:16:08.836397+00:00,2026-09-10 17:16:02.126194+00:00,2026-09-10 17:16:02.127071+00:00,2026-09-10 17:16:02.126316+00:00,2026-09-10 17:16:08.791162+00:00,2026-09-10 17:16:08.791424+00:00,,,,,0.122,6664.846,0.755,0.262,14.562999999999999,30.41,6710.2029999999995,CONFIRMED
M01,61182,2026-09-10 17:16:08.856750+00:00,2026-09-10 17:16:08.884994+00:00,2026-09-10 17:16:02.154994+00:00,2026-09-10 17:16:02.156015+00:00,2026-09-10 17:16:02.155160+00:00,2026-09-10 17:16:08.836956+00:00,2026-09-10 17:16:08.837340+00:00,,,,,0.166,6681.796,0.855,0.384,19.41,28.244,6730.0,CONFIRMED
M01,61183,2026-09-10 17:16:08.913813+00:00,2026-09-10 17:16:08.950145+00:00,2026-09-10 17:16:02.183256+00:00,2026-09-10 17:16:02.184308+00:00,2026-09-10 17:16:02.183376+00:00,2026-09-10 17:16:08.885904+00:00,2026-09-10 17:16:08.886281+00:00,,,,,0.12000000000000001,6702.528,0.9319999999999999,0.377,27.532,36.332,6766.889,CONFIRMED
M01,61184,2026-09-10 17:16:08.975037+00:00,2026-09-10 17:16:09.023906+00:00,2026-09-10 17:16:02.211838+00:00,2026-09-10 17:16:02.212746+00:00,2026-09-10 17:16:02.211986+00:00,2026-09-10 17:16:08.950730+00:00,2026-09-10 17:16:08.951126+00:00,,,,,0.148,6738.744,0.76,0.39599999999999996,23.911,48.869,6812.068,CONFIRMED
M01,61185,2026-09-10 17:16:09.047467+00:00,2026-09-10 17:16:09.082724+00:00,2026-09-10 17:16:02.240691+00:00,2026-09-10 17:16:02.241401+00:00,2026-09-10 17:16:02.240834+00:00,2026-09-10 17:16:09.024674+00:00,2026-09-10 17:16:09.025193+00:00,,,,,0.14300000000000002,6783.839999999999,0.5670000000000001,0.519,22.273999999999997,35.257,6842.032999999999,CONFIRMED
M01,61186,2026-09-10 17:16:09.101752+00:00,2026-09-10 17:16:09.138432+00:00,2026-09-10 17:16:02.268831+00:00,2026-09-10 17:16:02.269696+00:00,2026-09-10 17:16:02.269049+00:00,2026-09-10 17:16:09.083181+00:00,2026-09-10 17:16:09.083519+00:00,,,,,0.21800000000000003,6814.132,0.647,0.33799999999999997,18.233,36.68,6869.601000000001,CONFIRMED
M01,61187,2026-09-10 17:16:09.163937+00:00,2026-09-10 17:16:09.193849+00:00,2026-09-10 17:16:02.296481+00:00,2026-09-10 17:16:02.299370+00:00,2026-09-10 17:16:02.296618+00:00,2026-09-10 17:16:09.139108+00:00,2026-09-10 17:16:09.139594+00:00,,,,,0.13699999999999998,6842.49,2.7520000000000002,0.486,24.343,29.912000000000003,6897.368,CONFIRMED
M01,61188,2026-09-10 17:16:09.212595+00:00,2026-09-10 17:16:09.244691+00:00,2026-09-10 17:16:02.325848+00:00,2026-09-10 17:16:02.328028+00:00,2026-09-10 17:16:02.325993+00:00,2026-09-10 17:16:09.194325+00:00,2026-09-10 17:16:09.194623+00:00,,,,,0.145,6868.331999999999,2.0349999999999997,0.298,17.971999999999998,32.096,6918.843,CONFIRMED
M01,61189,2026-09-10 17:16:09.267114+00:00,2026-09-10 17:16:09.300257+00:00,2026-09-10 17:16:02.354842+00:00,2026-09-10 17:16:02.355692+00:00,2026-09-10 17:16:02.354966+00:00,2026-09-10 17:16:09.245158+00:00,2026-09-10 17:16:09.245522+00:00,,,,,0.124,6890.192,0.726,0.364,21.592,33.143,6945.415,CONFIRMED
M01,61190,2026-09-10 17:16:09.323648+00:00,2026-09-10 17:16:09.350635+00:00,2026-09-10 17:16:02.382551+00:00,2026-09-10 17:16:02.383589+00:00,2026-09-10 17:16:02.382638+00:00,2026-09-10 17:16:09.301370+00:00,2026-09-10 17:16:09.302038+00:00,,,,,0.087,6918.732,0.9510000000000001,0.6679999999999999,21.61,26.987000000000002,6968.084,CONFIRMED
M01,61191,2026-09-10 17:16:09.370623+00:00,2026-09-10 17:16:09.402543+00:00,2026-09-10 17:16:02.410669+00:00,2026-09-10 17:16:02.411280+00:00,2026-09-10 17:16:02.410814+00:00,2026-09-10 17:16:09.351203+00:00,2026-09-10 17:16:09.351781+00:00,,,,,0.145,6940.389,0.46599999999999997,0.578,18.842000000000002,31.919999999999998,6991.874,CONFIRMED
M01,61192,2026-09-10 17:16:09.421465+00:00,2026-09-10 17:16:09.451871+00:00,2026-09-10 17:16:02.438072+00:00,2026-09-10 17:16:02.438631+00:00,2026-09-10 17:16:02.438175+00:00,2026-09-10 17:16:09.403425+00:00,2026-09-10 17:16:09.403715+00:00,,,,,0.103,6965.25,0.456,0.29,17.75,30.406,7013.799,CONFIRMED
M01,61193,2026-09-10 17:16:09.470608+00:00,2026-09-10 17:16:09.503062+00:00,2026-09-10 17:16:02.465972+00:00,2026-09-10 17:16:02.466739+00:00,2026-09-10 17:16:02.466101+00:00,2026-09-10 17:16:09.452333+00:00,2026-09-10 17:16:09.452747+00:00,,,,,0.129,6986.232,0.638,0.414,17.860999999999997,32.45399999999999,7037.09,CONFIRMED
M01,61194,2026-09-10 17:16:09.523885+00:00,2026-09-10 17:16:09.552816+00:00,2026-09-10 17:16:02.493771+00:00,2026-09-10 17:16:02.494998+00:00,2026-09-10 17:16:02.493917+00:00,2026-09-10 17:16:09.503568+00:00,2026-09-10 17:16:09.503910+00:00,,,,,0.146,7009.651,1.081,0.342,19.975,28.930999999999997,7059.045,CONFIRMED
M01,61195,2026-09-10 17:16:09.571862+00:00,2026-09-10 17:16:09.608969+00:00,2026-09-10 17:16:02.521375+00:00,2026-09-10 17:16:02.522067+00:00,2026-09-10 17:16:02.521551+00:00,2026-09-10 17:16:09.553249+00:00,2026-09-10 17:16:09.553497+00:00,,,,,0.176,7031.697999999999,0.516,0.248,18.365,37.107,7087.594,CONFIRMED
M01,61196,2026-09-10 17:16:09.632545+00:00,2026-09-10 17:16:09.670903+00:00,2026-09-10 17:16:02.549488+00:00,2026-09-10 17:16:02.551110+00:00,2026-09-10 17:16:02.549605+00:00,2026-09-10 17:16:09.609454+00:00,2026-09-10 17:16:09.609839+00:00,,,,,0.11699999999999999,7059.849,1.5050000000000001,0.38499999999999995,22.706,38.358000000000004,7121.415,CONFIRMED
M01,61197,2026-09-10 17:16:09.692880+00:00,2026-09-10 17:16:09.725591+00:00,2026-09-10 17:16:02.579013+00:00,2026-09-10 17:16:02.580989+00:00,2026-09-10 17:16:02.579226+00:00,2026-09-10 17:16:09.671476+00:00,2026-09-10 17:16:09.671892+00:00,,,,,0.213,7092.25,1.7630000000000001,0.416,20.988,32.711,7146.5779999999995,CONFIRMED
M01,61198,2026-09-10 17:16:09.746834+00:00,2026-09-10 17:16:09.777374+00:00,2026-09-10 17:16:02.610487+00:00,2026-09-10 17:16:02.611137+00:00,2026-09-10 17:16:02.610574+00:00,2026-09-10 17:16:09.726102+00:00,2026-09-10 17:16:09.726475+00:00,,,,,0.087,7115.528,0.5630000000000001,0.373,20.358999999999998,30.540000000000003,7166.887,CONFIRMED
M01,61199,2026-09-10 17:16:09.795056+00:00,2026-09-10 17:16:09.830505+00:00,2026-09-10 17:16:02.637776+00:00,2026-09-10 17:16:02.638700+00:00,2026-09-10 17:16:02.637872+00:00,2026-09-10 17:16:09.777860+00:00,2026-09-10 17:16:09.778183+00:00,,,,,0.096,7139.987999999999,0.828,0.323,16.872999999999998,35.449,7192.729,CONFIRMED
M01,61200,2026-09-10 17:16:09.853059+00:00,2026-09-10 17:16:09.885788+00:00,2026-09-10 17:16:02.666584+00:00,2026-09-10 17:16:02.667494+00:00,2026-09-10 17:16:02.666735+00:00,2026-09-10 17:16:09.831306+00:00,2026-09-10 17:16:09.831992+00:00,,,,,0.15100000000000002,7164.571,0.759,0.6859999999999999,21.067,32.729,7219.204000000001,CONFIRMED
M01,61201,2026-09-10 17:16:09.906162+00:00,2026-09-10 17:16:09.936693+00:00,2026-09-10 17:16:02.695000+00:00,2026-09-10 17:16:02.695517+00:00,2026-09-10 17:16:02.695089+00:00,2026-09-10 17:16:09.886393+00:00,2026-09-10 17:16:09.886666+00:00,,,,,0.089,7191.304,0.428,0.273,19.496,30.531,7241.692999999999,CONFIRMED
M01,61202,2026-09-10 17:16:09.953031+00:00,2026-09-10 17:16:09.987526+00:00,2026-09-10 17:16:02.722513+00:00,2026-09-10 17:16:02.723436+00:00,2026-09-10 17:16:02.722714+00:00,2026-09-10 17:16:09.937051+00:00,2026-09-10 17:16:09.937379+00:00,,,,,0.201,7214.337,0.722,0.328,15.652,34.495,7265.013,CONFIRMED
M01,61203,2026-09-10 17:16:10.013480+00:00,2026-09-10 17:16:10.048225+00:00,2026-09-10 17:16:02.750976+00:00,2026-09-10 17:16:02.751910+00:00,2026-09-10 17:16:02.751128+00:00,2026-09-10 17:16:09.987931+00:00,2026-09-10 17:16:09.988254+00:00,,,,,0.152,7236.803,0.782,0.323,25.226,34.745,7297.249,CONFIRMED
M01,61204,2026-09-10 17:16:10.066439+00:00,2026-09-10 17:16:10.096786+00:00,2026-09-10 17:16:02.779021+00:00,2026-09-10 17:16:02.779741+00:00,2026-09-10 17:16:02.779171+00:00,2026-09-10 17:16:10.048764+00:00,2026-09-10 17:16:10.049096+00:00,,,,,0.15,7269.593000000001,0.57,0.332,17.343,30.346999999999998,7317.764999999999,CONFIRMED
M01,61205,2026-09-10 17:16:10.114025+00:00,2026-09-10 17:16:10.142731+00:00,2026-09-10 17:16:02.811806+00:00,2026-09-10 17:16:02.813140+00:00,2026-09-10 17:16:02.811931+00:00,2026-09-10 17:16:10.097235+00:00,2026-09-10 17:16:10.097474+00:00,,,,,0.125,7285.304,1.209,0.23900000000000002,16.551,28.706,7330.924999999999,CONFIRMED
M01,61206,2026-09-10 17:16:10.162820+00:00,2026-09-10 17:16:10.205959+00:00,2026-09-10 17:16:02.840097+00:00,2026-09-10 17:16:02.840761+00:00,2026-09-10 17:16:02.840186+00:00,2026-09-10 17:16:10.143995+00:00,2026-09-10 17:16:10.144331+00:00,,,,,0.089,7303.809,0.575,0.33599999999999997,18.488999999999997,43.138999999999996,7365.862,CONFIRMED
M01,61207,2026-09-10 17:16:10.229984+00:00,2026-09-10 17:16:10.270649+00:00,2026-09-10 17:16:02.869598+00:00,2026-09-10 17:16:02.870700+00:00,2026-09-10 17:16:02.869814+00:00,2026-09-10 17:16:10.207680+00:00,2026-09-10 17:16:10.208007+00:00,,,,,0.216,7337.866,0.886,0.32699999999999996,21.977,40.665,7401.0509999999995,CONFIRMED
M01,61208,2026-09-10 17:16:10.288602+00:00,2026-09-10 17:16:10.318072+00:00,2026-09-10 17:16:02.897596+00:00,2026-09-10 17:16:02.898820+00:00,2026-09-10 17:16:02.897782+00:00,2026-09-10 17:16:10.271057+00:00,2026-09-10 17:16:10.271357+00:00,,,,,0.186,7373.275,1.038,0.3,17.245,29.47,7420.476,CONFIRMED
M01,61209,2026-09-10 17:16:10.341807+00:00,2026-09-10 17:16:10.375760+00:00,2026-09-10 17:16:02.925613+00:00,2026-09-10 17:16:02.926360+00:00,2026-09-10 17:16:02.925719+00:00,2026-09-10 17:16:10.318547+00:00,2026-09-10 17:16:10.318992+00:00,,,,,0.106,7392.8279999999995,0.641,0.44499999999999995,22.814999999999998,33.952999999999996,7450.147,CONFIRMED
M01,61210,2026-09-10 17:16:10.392269+00:00,2026-09-10 17:16:10.419392+00:00,2026-09-10 17:16:02.955868+00:00,2026-09-10 17:16:02.956822+00:00,2026-09-10 17:16:02.956027+00:00,2026-09-10 17:16:10.376225+00:00,2026-09-10 17:16:10.376658+00:00,,,,,0.159,7420.198,0.795,0.433,15.611,27.123,7463.523999999999,CONFIRMED
M01,61211,2026-09-10 17:16:10.438940+00:00,2026-09-10 17:16:10.467729+00:00,2026-09-10 17:16:02.983580+00:00,2026-09-10 17:16:02.984308+00:00,2026-09-10 17:16:02.983755+00:00,2026-09-10 17:16:10.420677+00:00,2026-09-10 17:16:10.420943+00:00,,,,,0.175,7436.9220000000005,0.553,0.266,17.997,28.788999999999998,7484.149,CONFIRMED
M01,61212,2026-09-10 17:16:10.484335+00:00,2026-09-10 17:16:10.515807+00:00,2026-09-10 17:16:03.010921+00:00,2026-09-10 17:16:03.011580+00:00,2026-09-10 17:16:03.011055+00:00,2026-09-10 17:16:10.468116+00:00,2026-09-10 17:16:10.468367+00:00,,,,,0.134,7457.061000000001,0.525,0.251,15.968,31.472,7504.8859999999995,CONFIRMED
M01,61213,2026-09-10 17:16:10.535584+00:00,2026-09-10 17:16:10.572814+00:00,2026-09-10 17:16:03.039247+00:00,2026-09-10 17:16:03.043090+00:00,2026-09-10 17:16:03.039350+00:00,2026-09-10 17:16:10.516256+00:00,2026-09-10 17:16:10.516659+00:00,,,,,0.103,7476.906,3.7399999999999998,0.40299999999999997,18.925,37.23,7533.567,CONFIRMED
M01,61214,2026-09-10 17:16:10.595325+00:00,2026-09-10 17:16:10.621284+00:00,2026-09-10 17:16:03.070583+00:00,2026-09-10 17:16:03.071213+00:00,2026-09-10 17:16:03.070750+00:00,2026-09-10 17:16:10.573949+00:00,2026-09-10 17:16:10.574506+00:00,,,,,0.16699999999999998,7503.1990000000005,0.46299999999999997,0.5569999999999999,20.819,25.959,7550.701,CONFIRMED
M01,61215,2026-09-10 17:16:10.645954+00:00,2026-09-10 17:16:10.673116+00:00,2026-09-10 17:16:03.099489+00:00,2026-09-10 17:16:03.100166+00:00,2026-09-10 17:16:03.099648+00:00,2026-09-10 17:16:10.621632+00:00,2026-09-10 17:16:10.621889+00:00,,,,,0.159,7521.9839999999995,0.518,0.257,24.065,27.162,7573.627,CONFIRMED
M01,61216,2026-09-10 17:16:10.694554+00:00,2026-09-10 17:16:10.726699+00:00,2026-09-10 17:16:03.127839+00:00,2026-09-10 17:16:03.129041+00:00,2026-09-10 17:16:03.127960+00:00,2026-09-10 17:16:10.673766+00:00,2026-09-10 17:16:10.674347+00:00,,,,,0.121,7545.806,1.081,0.5810000000000001,20.207,32.145,7598.860000000001,CONFIRMED
M01,61217,2026-09-10 17:16:10.752400+00:00,2026-09-10 17:16:10.785677+00:00,2026-09-10 17:16:03.160448+00:00,2026-09-10 17:16:03.161118+00:00,2026-09-10 17:16:03.160603+00:00,2026-09-10 17:16:10.727310+00:00,2026-09-10 17:16:10.727704+00:00,,,,,0.155,7566.707,0.515,0.39399999999999996,24.695999999999998,33.277,7625.229,CONFIRMED
M01,61218,2026-09-10 17:16:10.807085+00:00,2026-09-10 17:16:10.840340+00:00,2026-09-10 17:16:03.189938+00:00,2026-09-10 17:16:03.191859+00:00,2026-09-10 17:16:03.190070+00:00,2026-09-10 17:16:10.786187+00:00,2026-09-10 17:16:10.786551+00:00,,,,,0.132,7596.116999999999,1.789,0.364,20.534,33.255,7650.402,CONFIRMED
M01,61219,2026-09-10 17:16:10.856720+00:00,2026-09-10 17:16:10.887179+00:00,2026-09-10 17:16:03.219067+00:00,2026-09-10 17:16:03.219954+00:00,2026-09-10 17:16:03.219171+00:00,2026-09-10 17:16:10.840904+00:00,2026-09-10 17:16:10.841170+00:00,,,,,0.104,7621.733,0.7829999999999999,0.266,15.549999999999999,30.459,7668.112,CONFIRMED
M01,61220,2026-09-10 17:16:10.909370+00:00,2026-09-10 17:16:10.944549+00:00,2026-09-10 17:16:03.248970+00:00,2026-09-10 17:16:03.249556+00:00,2026-09-10 17:16:03.249112+00:00,2026-09-10 17:16:10.887652+00:00,2026-09-10 17:16:10.887932+00:00,,,,,0.14200000000000002,7638.54,0.444,0.27999999999999997,21.438,35.179,7695.579000000001,CONFIRMED
M01,61221,2026-09-10 17:16:10.970623+00:00,2026-09-10 17:16:10.999026+00:00,2026-09-10 17:16:03.276318+00:00,2026-09-10 17:16:03.277059+00:00,2026-09-10 17:16:03.276428+00:00,2026-09-10 17:16:10.945116+00:00,2026-09-10 17:16:10.945401+00:00,,,,,0.11,7668.687999999999,0.631,0.285,25.222,28.403000000000002,7722.708,CONFIRMED
M01,61222,2026-09-10 17:16:11.020064+00:00,2026-09-10 17:16:11.054511+00:00,2026-09-10 17:16:03.303985+00:00,2026-09-10 17:16:03.305545+00:00,2026-09-10 17:16:03.304070+00:00,2026-09-10 17:16:10.999399+00:00,2026-09-10 17:16:10.999658+00:00,,,,,0.085,7695.329,1.4749999999999999,0.259,20.406,34.446999999999996,7750.526,CONFIRMED
M01,61223,2026-09-10 17:16:11.077053+00:00,2026-09-10 17:16:11.104885+00:00,2026-09-10 17:16:03.343911+00:00,2026-09-10 17:16:03.345739+00:00,2026-09-10 17:16:03.344136+00:00,2026-09-10 17:16:11.055135+00:00,2026-09-10 17:16:11.055524+00:00,,,,,0.225,7710.999,1.603,0.389,21.529,27.832,7760.974,CONFIRMED
M01,61224,2026-09-10 17:16:11.120190+00:00,2026-09-10 17:16:11.152769+00:00,2026-09-10 17:16:03.373402+00:00,2026-09-10 17:16:03.374721+00:00,2026-09-10 17:16:03.373547+00:00,2026-09-10 17:16:11.105220+00:00,2026-09-10 17:16:11.105438+00:00,,,,,0.145,7731.673,1.174,0.21800000000000003,14.751999999999999,32.57899999999999,7779.366999999999,CONFIRMED
M01,61225,2026-09-10 17:16:11.182083+00:00,2026-09-10 17:16:11.218766+00:00,2026-09-10 17:16:03.402210+00:00,2026-09-10 17:16:03.403152+00:00,2026-09-10 17:16:03.402312+00:00,2026-09-10 17:16:11.153158+00:00,2026-09-10 17:16:11.153485+00:00,,,,,0.102,7750.8460000000005,0.8400000000000001,0.32699999999999996,28.598,36.683,7816.5560000000005,CONFIRMED
M01,61226,2026-09-10 17:16:11.239917+00:00,2026-09-10 17:16:11.271100+00:00,2026-09-10 17:16:03.430191+00:00,2026-09-10 17:16:03.430851+00:00,2026-09-10 17:16:03.430369+00:00,2026-09-10 17:16:11.219157+00:00,2026-09-10 17:16:11.219438+00:00,,,,,0.178,7788.7880000000005,0.482,0.281,20.479,31.183,7840.909,CONFIRMED
M01,61227,2026-09-10 17:16:11.292752+00:00,2026-09-10 17:16:11.329993+00:00,2026-09-10 17:16:03.457978+00:00,2026-09-10 17:16:03.458987+00:00,2026-09-10 17:16:03.458173+00:00,2026-09-10 17:16:11.271597+00:00,2026-09-10 17:16:11.272009+00:00,,,,,0.195,7813.424,0.8140000000000001,0.412,20.743000000000002,37.24100000000001,7872.015,CONFIRMED
M01,61228,2026-09-10 17:16:11.358743+00:00,2026-09-10 17:16:11.388437+00:00,2026-09-10 17:16:03.486533+00:00,2026-09-10 17:16:03.494006+00:00,2026-09-10 17:16:03.486704+00:00,2026-09-10 17:16:11.330526+00:00,2026-09-10 17:16:11.330922+00:00,,,,,0.171,7843.822,7.3020000000000005,0.39599999999999996,27.820999999999998,29.694000000000003,7901.904,CONFIRMED
M01,61229,2026-09-10 17:16:11.408535+00:00,2026-09-10 17:16:11.434319+00:00,2026-09-10 17:16:03.521545+00:00,2026-09-10 17:16:03.524719+00:00,2026-09-10 17:16:03.521698+00:00,2026-09-10 17:16:11.389074+00:00,2026-09-10 17:16:11.389497+00:00,,,,,0.153,7867.376,3.021,0.423,19.038,25.784000000000002,7912.773999999999,CONFIRMED
M01,61230,2026-09-10 17:16:11.451395+00:00,2026-09-10 17:16:11.480613+00:00,2026-09-10 17:16:03.551068+00:00,2026-09-10 17:16:03.551682+00:00,2026-09-10 17:16:03.551209+00:00,2026-09-10 17:16:11.434781+00:00,2026-09-10 17:16:11.435051+00:00,,,,,0.14100000000000001,7883.572,0.47300000000000003,0.27,16.344,29.218,7929.545,CONFIRMED
M01,61231,2026-09-10 17:16:11.499002+00:00,2026-09-10 17:16:11.531354+00:00,2026-09-10 17:16:03.579034+00:00,2026-09-10 17:16:03.579994+00:00,2026-09-10 17:16:03.579269+00:00,2026-09-10 17:16:11.480971+00:00,2026-09-10 17:16:11.481206+00:00,,,,,0.235,7901.702,0.725,0.235,17.796,32.352,7952.320000000001,CONFIRMED
M01,61232,2026-09-10 17:16:11.552269+00:00,2026-09-10 17:16:11.587528+00:00,2026-09-10 17:16:03.606515+00:00,2026-09-10 17:16:03.607394+00:00,2026-09-10 17:16:03.606660+00:00,2026-09-10 17:16:11.531895+00:00,2026-09-10 17:16:11.532287+00:00,,,,,0.145,7925.235,0.734,0.392,19.982,35.259,7981.013,CONFIRMED
M01,61233,2026-09-10 17:16:11.611546+00:00,2026-09-10 17:16:11.644561+00:00,2026-09-10 17:16:03.636914+00:00,2026-09-10 17:16:03.638329+00:00,2026-09-10 17:16:03.637006+00:00,2026-09-10 17:16:11.588144+00:00,2026-09-10 17:16:11.588432+00:00,,,,,0.092,7951.138,1.323,0.28800000000000003,23.114,33.015,8007.647000000001,CONFIRMED
M01,61234,2026-09-10 17:16:11.664268+00:00,2026-09-10 17:16:11.696050+00:00,2026-09-10 17:16:03.666872+00:00,2026-09-10 17:16:03.667730+00:00,2026-09-10 17:16:03.666981+00:00,2026-09-10 17:16:11.645161+00:00,2026-09-10 17:16:11.645516+00:00,,,,,0.10900000000000001,7978.18,0.749,0.355,18.752000000000002,31.781999999999996,8029.178,CONFIRMED
M01,61235,2026-09-10 17:16:11.714930+00:00,2026-09-10 17:16:11.745305+00:00,2026-09-10 17:16:03.695377+00:00,2026-09-10 17:16:03.697246+00:00,2026-09-10 17:16:03.695559+00:00,2026-09-10 17:16:11.696570+00:00,2026-09-10 17:16:11.696987+00:00,,,,,0.182,8001.011,1.6869999999999998,0.417,17.943,30.375,8049.928,CONFIRMED
M01,61236,2026-09-10 17:16:11.763616+00:00,2026-09-10 17:16:11.798951+00:00,2026-09-10 17:16:03.724507+00:00,2026-09-10 17:16:03.725157+00:00,2026-09-10 17:16:03.724678+00:00,2026-09-10 17:16:11.745845+00:00,2026-09-10 17:16:11.746191+00:00,,,,,0.171,8021.167,0.479,0.34600000000000003,17.425,35.335,8074.4439999999995,CONFIRMED
M01,61237,2026-09-10 17:16:11.817504+00:00,2026-09-10 17:16:11.848461+00:00,2026-09-10 17:16:03.753410+00:00,2026-09-10 17:16:03.754634+00:00,2026-09-10 17:16:03.753545+00:00,2026-09-10 17:16:11.799264+00:00,2026-09-10 17:16:11.799559+00:00,,,,,0.135,8045.719,1.089,0.29500000000000004,17.945,30.956999999999997,8095.0509999999995,CONFIRMED
M01,61238,2026-09-10 17:16:11.864745+00:00,2026-09-10 17:16:11.897081+00:00,2026-09-10 17:16:03.781342+00:00,2026-09-10 17:16:03.782303+00:00,2026-09-10 17:16:03.781597+00:00,2026-09-10 17:16:11.849595+00:00,2026-09-10 17:16:11.849896+00:00,,,,,0.255,8067.998,0.7060000000000001,0.301,14.849,32.336,8115.739,CONFIRMED
M01,61239,2026-09-10 17:16:11.920213+00:00,2026-09-10 17:16:11.952004+00:00,2026-09-10 17:16:03.809392+00:00,2026-09-10 17:16:03.811870+00:00,2026-09-10 17:16:03.809537+00:00,2026-09-10 17:16:11.897594+00:00,2026-09-10 17:16:11.897961+00:00,,,,,0.145,8088.056999999999,2.333,0.367,22.252000000000002,31.791,8142.612,CONFIRMED
M01,61240,2026-09-10 17:16:11.967699+00:00,2026-09-10 17:16:11.993846+00:00,2026-09-10 17:16:03.839347+00:00,2026-09-10 17:16:03.840178+00:00,2026-09-10 17:16:03.839485+00:00,2026-09-10 17:16:11.952403+00:00,2026-09-10 17:16:11.952654+00:00,,,,,0.13799999999999998,8112.918000000001,0.6930000000000001,0.251,15.045,26.147,8154.499,CONFIRMED
M01,61241,2026-09-10 17:16:12.012031+00:00,2026-09-10 17:16:12.057558+00:00,2026-09-10 17:16:03.867102+00:00,2026-09-10 17:16:03.867741+00:00,2026-09-10 17:16:03.867208+00:00,2026-09-10 17:16:11.994232+00:00,2026-09-10 17:16:11.994503+00:00,,,,,0.106,8127.024,0.533,0.27099999999999996,17.528,45.527,8190.455999999999,CONFIRMED
M01,61242,2026-09-10 17:16:12.083763+00:00,2026-09-10 17:16:12.115678+00:00,2026-09-10 17:16:03.894845+00:00,2026-09-10 17:16:03.895905+00:00,2026-09-10 17:16:03.895016+00:00,2026-09-10 17:16:12.058131+00:00,2026-09-10 17:16:12.058417+00:00,,,,,0.171,8163.115,0.889,0.28600000000000003,25.346,31.915,8220.833,CONFIRMED
M01,61243,2026-09-10 17:16:12.135081+00:00,2026-09-10 17:16:12.162881+00:00,2026-09-10 17:16:03.923413+00:00,2026-09-10 17:16:03.925240+00:00,2026-09-10 17:16:03.923508+00:00,2026-09-10 17:16:12.116234+00:00,2026-09-10 17:16:12.116509+00:00,,,,,0.095,8192.726,1.732,0.275,18.572000000000003,27.799999999999997,8239.468,CONFIRMED
M01,61244,2026-09-10 17:16:12.183083+00:00,2026-09-10 17:16:12.225136+00:00,2026-09-10 17:16:03.954916+00:00,2026-09-10 17:16:03.955773+00:00,2026-09-10 17:16:03.955034+00:00,2026-09-10 17:16:12.163340+00:00,2026-09-10 17:16:12.163641+00:00,,,,,0.118,8208.306,0.739,0.301,19.442,42.053,8270.22,CONFIRMED
M01,61245,2026-09-10 17:16:12.243843+00:00,2026-09-10 17:16:12.276525+00:00,2026-09-10 17:16:03.983709+00:00,2026-09-10 17:16:03.985307+00:00,2026-09-10 17:16:03.983847+00:00,2026-09-10 17:16:12.225923+00:00,2026-09-10 17:16:12.226330+00:00,,,,,0.13799999999999998,8242.076000000001,1.46,0.40700000000000003,17.513,32.682,8292.816,CONFIRMED
M01,61246,2026-09-10 17:16:12.292505+00:00,2026-09-10 17:16:12.331530+00:00,2026-09-10 17:16:04.012594+00:00,2026-09-10 17:16:04.013655+00:00,2026-09-10 17:16:04.012836+00:00,2026-09-10 17:16:12.277043+00:00,2026-09-10 17:16:12.277338+00:00,,,,,0.242,8264.207,0.819,0.29500000000000004,15.167,39.025,8318.936000000002,CONFIRMED
M01,61247,2026-09-10 17:16:12.348292+00:00,2026-09-10 17:16:12.378750+00:00,2026-09-10 17:16:04.042961+00:00,2026-09-10 17:16:04.044416+00:00,2026-09-10 17:16:04.043197+00:00,2026-09-10 17:16:12.332001+00:00,2026-09-10 17:16:12.332271+00:00,,,,,0.236,8288.804,1.219,0.27,16.021,30.458,8335.789,CONFIRMED
M01,61248,2026-09-10 17:16:12.401678+00:00,2026-09-10 17:16:12.430333+00:00,2026-09-10 17:16:04.072306+00:00,2026-09-10 17:16:04.073696+00:00,2026-09-10 17:16:04.072449+00:00,2026-09-10 17:16:12.379333+00:00,2026-09-10 17:16:12.379778+00:00,,,,,0.14300000000000002,8306.884,1.247,0.44499999999999995,21.9,28.655,8358.027,CONFIRMED
M01,61249,2026-09-10 17:16:12.453276+00:00,2026-09-10 17:16:12.486761+00:00,2026-09-10 17:16:04.102137+00:00,2026-09-10 17:16:04.102804+00:00,2026-09-10 17:16:04.102288+00:00,2026-09-10 17:16:12.430995+00:00,2026-09-10 17:16:12.431297+00:00,,,,,0.15100000000000002,8328.707,0.516,0.30200000000000005,21.979,33.485,8384.624,CONFIRMED
M01,61250,2026-09-10 17:16:12.510641+00:00,2026-09-10 17:16:12.548139+00:00,2026-09-10 17:16:04.130145+00:00,2026-09-10 17:16:04.134050+00:00,2026-09-10 17:16:04.130289+00:00,2026-09-10 17:16:12.487272+00:00,2026-09-10 17:16:12.487659+00:00,,,,,0.14400000000000002,8356.983,3.761,0.38699999999999996,22.982,37.498,8417.994,CONFIRMED
M01,61251,2026-09-10 17:16:12.565454+00:00,2026-09-10 17:16:12.591136+00:00,2026-09-10 17:16:04.161651+00:00,2026-09-10 17:16:04.162256+00:00,2026-09-10 17:16:04.161794+00:00,2026-09-10 17:16:12.548816+00:00,2026-09-10 17:16:12.549068+00:00,,,,,0.14300000000000002,8387.022,0.462,0.252,16.386000000000003,25.682,8429.485,CONFIRMED
M01,61252,2026-09-10 17:16:12.608417+00:00,2026-09-10 17:16:12.639502+00:00,2026-09-10 17:16:04.189017+00:00,2026-09-10 17:16:04.189998+00:00,2026-09-10 17:16:04.189112+00:00,2026-09-10 17:16:12.591613+00:00,2026-09-10 17:16:12.591954+00:00,,,,,0.095,8402.501,0.886,0.34099999999999997,16.462999999999997,31.085,8450.485,CONFIRMED
M01,61253,2026-09-10 17:16:12.660618+00:00,2026-09-10 17:16:12.687546+00:00,2026-09-10 17:16:04.217377+00:00,2026-09-10 17:16:04.218197+00:00,2026-09-10 17:16:04.217520+00:00,2026-09-10 17:16:12.639970+00:00,2026-09-10 17:16:12.640271+00:00,,,,,0.14300000000000002,8422.449999999999,0.6769999999999999,0.301,20.347,26.928,8470.169,CONFIRMED
M01,61254,2026-09-10 17:16:12.712471+00:00,2026-09-10 17:16:12.743421+00:00,2026-09-10 17:16:04.245160+00:00,2026-09-10 17:16:04.246164+00:00,2026-09-10 17:16:04.245263+00:00,2026-09-10 17:16:12.687980+00:00,2026-09-10 17:16:12.688400+00:00,,,,,0.103,8442.717,0.901,0.42000000000000004,24.070999999999998,30.95,8498.260999999999,CONFIRMED
M01,61255,2026-09-10 17:16:12.766271+00:00,2026-09-10 17:16:12.794123+00:00,2026-09-10 17:16:04.275089+00:00,2026-09-10 17:16:04.276990+00:00,2026-09-10 17:16:04.275203+00:00,2026-09-10 17:16:12.743958+00:00,2026-09-10 17:16:12.744390+00:00,,,,,0.114,8468.755,1.787,0.432,21.881,27.851999999999997,8519.034,CONFIRMED
M01,61256,2026-09-10 17:16:12.814219+00:00,2026-09-10 17:16:12.846553+00:00,2026-09-10 17:16:04.304060+00:00,2026-09-10 17:16:04.305018+00:00,2026-09-10 17:16:04.304212+00:00,2026-09-10 17:16:12.794623+00:00,2026-09-10 17:16:12.795038+00:00,,,,,0.152,8490.411,0.8059999999999999,0.415,19.181,32.334,8542.493,CONFIRMED
M01,61257,2026-09-10 17:16:12.866750+00:00,2026-09-10 17:16:12.899924+00:00,2026-09-10 17:16:04.331899+00:00,2026-09-10 17:16:04.332509+00:00,2026-09-10 17:16:04.332051+00:00,2026-09-10 17:16:12.847060+00:00,2026-09-10 17:16:12.847644+00:00,,,,,0.152,8515.009,0.458,0.584,19.106,33.174,8568.025,CONFIRMED
M01,61258,2026-09-10 17:16:12.918783+00:00,2026-09-10 17:16:12.958168+00:00,2026-09-10 17:16:04.359584+00:00,2026-09-10 17:16:04.360896+00:00,2026-09-10 17:16:04.359718+00:00,2026-09-10 17:16:12.900420+00:00,2026-09-10 17:16:12.900798+00:00,,,,,0.134,8540.702,1.178,0.378,17.985,39.385000000000005,8598.584,CONFIRMED
M01,61259,2026-09-10 17:16:12.974709+00:00,2026-09-10 17:16:13.001739+00:00,2026-09-10 17:16:04.387347+00:00,2026-09-10 17:16:04.388298+00:00,2026-09-10 17:16:04.387472+00:00,2026-09-10 17:16:12.958701+00:00,2026-09-10 17:16:12.959063+00:00,,,,,0.125,8571.229000000001,0.8260000000000001,0.36200000000000004,15.646,27.029999999999998,8614.392,CONFIRMED
M01,61260,2026-09-10 17:16:13.020043+00:00,2026-09-10 17:16:13.059022+00:00,2026-09-10 17:16:04.415698+00:00,2026-09-10 17:16:04.416459+00:00,2026-09-10 17:16:04.415817+00:00,2026-09-10 17:16:13.002112+00:00,2026-09-10 17:16:13.002341+00:00,,,,,0.11900000000000001,8586.295,0.642,0.229,17.701999999999998,38.979,8643.324,CONFIRMED
M01,61261,2026-09-10 17:16:13.082298+00:00,2026-09-10 17:16:13.112121+00:00,2026-09-10 17:16:04.443453+00:00,2026-09-10 17:16:04.444332+00:00,2026-09-10 17:16:04.443604+00:00,2026-09-10 17:16:13.059535+00:00,2026-09-10 17:16:13.059969+00:00,,,,,0.15100000000000002,8615.931,0.728,0.434,22.329,29.823,8668.668,CONFIRMED
M01,61262,2026-09-10 17:16:13.127784+00:00,2026-09-10 17:16:13.155372+00:00,2026-09-10 17:16:04.470980+00:00,2026-09-10 17:16:04.471770+00:00,2026-09-10 17:16:04.471091+00:00,2026-09-10 17:16:13.112486+00:00,2026-09-10 17:16:13.112727+00:00,,,,,0.111,8641.394999999999,0.679,0.241,15.056999999999999,27.588,8684.392000000002,CONFIRMED
M01,61263,2026-09-10 17:16:13.174960+00:00,2026-09-10 17:16:13.205877+00:00,2026-09-10 17:16:04.498542+00:00,2026-09-10 17:16:04.499700+00:00,2026-09-10 17:16:04.498688+00:00,2026-09-10 17:16:13.156410+00:00,2026-09-10 17:16:13.156755+00:00,,,,,0.146,8657.722,1.012,0.345,18.205,30.917,8707.335000000001,CONFIRMED
M01,61264,2026-09-10 17:16:13.226486+00:00,2026-09-10 17:16:13.257627+00:00,2026-09-10 17:16:04.528496+00:00,2026-09-10 17:16:04.529694+00:00,2026-09-10 17:16:04.528708+00:00,2026-09-10 17:16:13.206274+00:00,2026-09-10 17:16:13.206535+00:00,,,,,0.212,8677.566,0.9859999999999999,0.261,19.951,31.141,8729.131000000001,CONFIRMED
M01,61265,2026-09-10 17:16:13.293167+00:00,2026-09-10 17:16:13.324372+00:00,2026-09-10 17:16:04.557949+00:00,2026-09-10 17:16:04.558646+00:00,2026-09-10 17:16:04.558138+00:00,2026-09-10 17:16:13.258887+00:00,2026-09-10 17:16:13.259332+00:00,,,,,0.189,8700.749,0.508,0.44499999999999995,33.834999999999994,31.205000000000002,8766.422999999999,CONFIRMED
M01,61266,2026-09-10 17:16:13.340571+00:00,2026-09-10 17:16:13.369638+00:00,2026-09-10 17:16:04.585789+00:00,2026-09-10 17:16:04.586345+00:00,2026-09-10 17:16:04.585885+00:00,2026-09-10 17:16:13.324853+00:00,2026-09-10 17:16:13.325177+00:00,,,,,0.096,8738.968,0.46,0.324,15.394,29.067,8783.849,CONFIRMED
M01,61267,2026-09-10 17:16:13.389594+00:00,2026-09-10 17:16:13.423015+00:00,2026-09-10 17:16:04.612792+00:00,2026-09-10 17:16:04.613450+00:00,2026-09-10 17:16:04.612968+00:00,2026-09-10 17:16:13.370451+00:00,2026-09-10 17:16:13.370807+00:00,,,,,0.176,8757.483,0.482,0.356,18.787000000000003,33.421,8810.223,CONFIRMED
M01,61268,2026-09-10 17:16:13.444198+00:00,2026-09-10 17:16:13.477329+00:00,2026-09-10 17:16:04.640470+00:00,2026-09-10 17:16:04.641167+00:00,2026-09-10 17:16:04.640586+00:00,2026-09-10 17:16:13.423647+00:00,2026-09-10 17:16:13.424016+00:00,,,,,0.116,8783.061,0.5810000000000001,0.36900000000000005,20.182,33.131,8836.859,CONFIRMED
M01,61269,2026-09-10 17:16:13.497632+00:00,2026-09-10 17:16:13.533132+00:00,2026-09-10 17:16:04.667763+00:00,2026-09-10 17:16:04.669720+00:00,2026-09-10 17:16:04.668965+00:00,2026-09-10 17:16:13.477897+00:00,2026-09-10 17:16:13.478189+00:00,,,,,1.202,8808.932,0.755,0.292,19.442999999999998,35.5,8865.368999999999,CONFIRMED
M01,61270,2026-09-10 17:16:13.555327+00:00,2026-09-10 17:16:13.583361+00:00,2026-09-10 17:16:04.696779+00:00,2026-09-10 17:16:04.697642+00:00,2026-09-10 17:16:04.696887+00:00,2026-09-10 17:16:13.533642+00:00,2026-09-10 17:16:13.533998+00:00,,,,,0.108,8836.755000000001,0.755,0.356,21.329,28.034,8886.582,CONFIRMED
M01,61271,2026-09-10 17:16:13.599446+00:00,2026-09-10 17:16:13.630202+00:00,2026-09-10 17:16:04.724216+00:00,2026-09-10 17:16:04.724987+00:00,2026-09-10 17:16:04.724523+00:00,2026-09-10 17:16:13.583923+00:00,2026-09-10 17:16:13.584352+00:00,,,,,0.307,8859.400000000001,0.464,0.429,15.094,30.756,8905.986,CONFIRMED
M01,61272,2026-09-10 17:16:13.650810+00:00,2026-09-10 17:16:13.684260+00:00,2026-09-10 17:16:04.752393+00:00,2026-09-10 17:16:04.753305+00:00,2026-09-10 17:16:04.752602+00:00,2026-09-10 17:16:13.630685+00:00,2026-09-10 17:16:13.631006+00:00,,,,,0.20900000000000002,8878.083,0.703,0.321,19.804,33.45,8931.867,CONFIRMED
M01,61273,2026-09-10 17:16:13.705137+00:00,2026-09-10 17:16:13.740126+00:00,2026-09-10 17:16:04.780821+00:00,2026-09-10 17:16:04.781506+00:00,2026-09-10 17:16:04.780993+00:00,2026-09-10 17:16:13.684741+00:00,2026-09-10 17:16:13.685113+00:00,,,,,0.17200000000000001,8903.748,0.513,0.372,20.024,34.989,8959.305,CONFIRMED
M01,61274,2026-09-10 17:16:13.761461+00:00,2026-09-10 17:16:13.796798+00:00,2026-09-10 17:16:04.808265+00:00,2026-09-10 17:16:04.808994+00:00,2026-09-10 17:16:04.808353+00:00,2026-09-10 17:16:13.740616+00:00,2026-09-10 17:16:13.740880+00:00,,,,,0.088,8932.263,0.641,0.264,20.581,35.337,8988.533,CONFIRMED
M01,61275,2026-09-10 17:16:13.820378+00:00,2026-09-10 17:16:13.850677+00:00,2026-09-10 17:16:04.835952+00:00,2026-09-10 17:16:04.836678+00:00,2026-09-10 17:16:04.836043+00:00,2026-09-10 17:16:13.797310+00:00,2026-09-10 17:16:13.798213+00:00,,,,,0.091,8961.267,0.635,0.903,22.165,30.299,9014.725,CONFIRMED
M01,61276,2026-09-10 17:16:13.873345+00:00,2026-09-10 17:16:13.903560+00:00,2026-09-10 17:16:04.863307+00:00,2026-09-10 17:16:04.863959+00:00,2026-09-10 17:16:04.863429+00:00,2026-09-10 17:16:13.851160+00:00,2026-09-10 17:16:13.851448+00:00,,,,,0.122,8987.731,0.53,0.28800000000000003,21.897,30.215,9040.253,CONFIRMED
M01,61277,2026-09-10 17:16:13.927799+00:00,2026-09-10 17:16:13.959584+00:00,2026-09-10 17:16:04.892489+00:00,2026-09-10 17:16:04.894723+00:00,2026-09-10 17:16:04.892621+00:00,2026-09-10 17:16:13.904104+00:00,2026-09-10 17:16:13.904448+00:00,,,,,0.132,9011.483,2.1020000000000003,0.34400000000000003,23.351,31.785,9067.095,CONFIRMED
M01,61278,2026-09-10 17:16:13.977311+00:00,2026-09-10 17:16:14.008138+00:00,2026-09-10 17:16:04.921410+00:00,2026-09-10 17:16:04.922247+00:00,2026-09-10 17:16:04.921609+00:00,2026-09-10 17:16:13.960145+00:00,2026-09-10 17:16:13.960535+00:00,,,,,0.199,9038.536,0.638,0.39,16.776,30.827,9086.728000000001,CONFIRMED
M01,61279,2026-09-10 17:16:14.026418+00:00,2026-09-10 17:16:14.062682+00:00,2026-09-10 17:16:04.948673+00:00,2026-09-10 17:16:04.951374+00:00,2026-09-10 17:16:04.948815+00:00,2026-09-10 17:16:14.008608+00:00,2026-09-10 17:16:14.008895+00:00,,,,,0.14200000000000002,9059.793000000001,2.559,0.287,17.523,36.263999999999996,9114.009,CONFIRMED
M01,61280,2026-09-10 17:16:14.081880+00:00,2026-09-10 17:16:14.116344+00:00,2026-09-10 17:16:04.978358+00:00,2026-09-10 17:16:04.982370+00:00,2026-09-10 17:16:04.978508+00:00,2026-09-10 17:16:14.063225+00:00,2026-09-10 17:16:14.063543+00:00,,,,,0.15,9084.716999999999,3.862,0.318,18.337,34.464,9137.985999999999,CONFIRMED
M01,61281,2026-09-10 17:16:14.134849+00:00,2026-09-10 17:16:14.163804+00:00,2026-09-10 17:16:05.009782+00:00,2026-09-10 17:16:05.010832+00:00,2026-09-10 17:16:05.009978+00:00,2026-09-10 17:16:14.116818+00:00,2026-09-10 17:16:14.117170+00:00,,,,,0.196,9106.84,0.8540000000000001,0.352,17.679000000000002,28.955000000000002,9154.021999999999,CONFIRMED
M01,61282,2026-09-10 17:16:14.183398+00:00,2026-09-10 17:16:14.212716+00:00,2026-09-10 17:16:05.037376+00:00,2026-09-10 17:16:05.037973+00:00,2026-09-10 17:16:05.037516+00:00,2026-09-10 17:16:14.164324+00:00,2026-09-10 17:16:14.165395+00:00,,,,,0.13999999999999999,9126.808,0.457,1.071,18.003,29.318,9175.34,CONFIRMED
M01,61283,2026-09-10 17:16:14.231614+00:00,2026-09-10 17:16:14.259599+00:00,2026-09-10 17:16:05.064895+00:00,2026-09-10 17:16:05.065724+00:00,2026-09-10 17:16:05.065049+00:00,2026-09-10 17:16:14.213272+00:00,2026-09-10 17:16:14.213652+00:00,,,,,0.154,9148.223,0.675,0.38,17.962,27.985,9194.704,CONFIRMED
M01,61284,2026-09-10 17:16:14.277958+00:00,2026-09-10 17:16:14.309074+00:00,2026-09-10 17:16:05.092649+00:00,2026-09-10 17:16:05.093559+00:00,2026-09-10 17:16:05.092850+00:00,2026-09-10 17:16:14.260117+00:00,2026-09-10 17:16:14.260482+00:00,,,,,0.201,9167.267,0.709,0.365,17.476,31.116,9216.425,CONFIRMED
M01,61285,2026-09-10 17:16:14.328203+00:00,2026-09-10 17:16:14.359557+00:00,2026-09-10 17:16:05.120695+00:00,2026-09-10 17:16:05.121380+00:00,2026-09-10 17:16:05.120897+00:00,2026-09-10 17:16:14.309575+00:00,2026-09-10 17:16:14.309901+00:00,,,,,0.202,9188.678,0.483,0.326,18.302,31.354,9238.862,CONFIRMED
M01,61286,2026-09-10 17:16:14.382466+00:00,2026-09-10 17:16:14.413359+00:00,2026-09-10 17:16:05.148541+00:00,2026-09-10 17:16:05.149290+00:00,2026-09-10 17:16:05.148717+00:00,2026-09-10 17:16:14.360147+00:00,2026-09-10 17:16:14.360488+00:00,,,,,0.176,9211.43,0.5730000000000001,0.34099999999999997,21.978,30.893,9264.818,CONFIRMED
M01,61287,2026-09-10 17:16:14.441780+00:00,2026-09-10 17:16:14.471098+00:00,2026-09-10 17:16:05.176646+00:00,2026-09-10 17:16:05.177832+00:00,2026-09-10 17:16:05.176846+00:00,2026-09-10 17:16:14.413769+00:00,2026-09-10 17:16:14.414227+00:00,,,,,0.2,9236.923,0.9859999999999999,0.458,27.553,29.318,9294.452,CONFIRMED
M01,61288,2026-09-10 17:16:14.488974+00:00,2026-09-10 17:16:14.523212+00:00,2026-09-10 17:16:05.204361+00:00,2026-09-10 17:16:05.205155+00:00,2026-09-10 17:16:05.204455+00:00,2026-09-10 17:16:14.471546+00:00,2026-09-10 17:16:14.471876+00:00,,,,,0.094,9267.091,0.7,0.33,17.098,34.238,9318.851,CONFIRMED
M01,61289,2026-09-10 17:16:14.547349+00:00,2026-09-10 17:16:14.577468+00:00,2026-09-10 17:16:05.233262+00:00,2026-09-10 17:16:05.233939+00:00,2026-09-10 17:16:05.233410+00:00,2026-09-10 17:16:14.523706+00:00,2026-09-10 17:16:14.524076+00:00,,,,,0.148,9290.296,0.5289999999999999,0.37,23.273,30.119,9344.206,CONFIRMED
M01,61290,2026-09-10 17:16:14.601588+00:00,2026-09-10 17:16:14.632554+00:00,2026-09-10 17:16:05.261047+00:00,2026-09-10 17:16:05.263492+00:00,2026-09-10 17:16:05.261222+00:00,2026-09-10 17:16:14.577785+00:00,2026-09-10 17:16:14.578011+00:00,,,,,0.175,9316.563,2.27,0.22599999999999998,23.577,30.966,9371.507,CONFIRMED
M01,61291,2026-09-10 17:16:14.652416+00:00,2026-09-10 17:16:14.687035+00:00,2026-09-10 17:16:05.292653+00:00,2026-09-10 17:16:05.294897+00:00,2026-09-10 17:16:05.292858+00:00,2026-09-10 17:16:14.633125+00:00,2026-09-10 17:16:14.633456+00:00,,,,,0.205,9340.267000000002,2.039,0.331,18.96,34.619,9394.382,CONFIRMED
M01,61292,2026-09-10 17:16:14.709947+00:00,2026-09-10 17:16:14.748802+00:00,2026-09-10 17:16:05.323552+00:00,2026-09-10 17:16:05.324611+00:00,2026-09-10 17:16:05.323683+00:00,2026-09-10 17:16:14.687545+00:00,2026-09-10 17:16:14.687901+00:00,,,,,0.131,9363.862,0.928,0.356,22.046,38.855000000000004,9425.25,CONFIRMED
M01,61293,2026-09-10 17:16:14.776955+00:00,2026-09-10 17:16:14.816360+00:00,2026-09-10 17:16:05.351289+00:00,2026-09-10 17:16:05.352162+00:00,2026-09-10 17:16:05.351491+00:00,2026-09-10 17:16:14.749322+00:00,2026-09-10 17:16:14.749646+00:00,,,,,0.202,9397.831,0.671,0.324,27.309,39.405,9465.071,CONFIRMED
M01,61294,2026-09-10 17:16:14.839930+00:00,2026-09-10 17:16:14.874095+00:00,2026-09-10 17:16:05.380032+00:00,2026-09-10 17:16:05.380730+00:00,2026-09-10 17:16:05.380167+00:00,2026-09-10 17:16:14.817103+00:00,2026-09-10 17:16:14.817577+00:00,,,,,0.135,9436.936,0.5630000000000001,0.474,22.353,34.165,9494.063,CONFIRMED
M01,61295,2026-09-10 17:16:14.892529+00:00,2026-09-10 17:16:14.926359+00:00,2026-09-10 17:16:05.418638+00:00,2026-09-10 17:16:05.419276+00:00,2026-09-10 17:16:05.418732+00:00,2026-09-10 17:16:14.874558+00:00,2026-09-10 17:16:14.874924+00:00,,,,,0.094,9455.826000000001,0.544,0.366,17.605,33.83,9507.721,CONFIRMED
M01,61296,2026-09-10 17:16:14.947263+00:00,2026-09-10 17:16:14.979892+00:00,2026-09-10 17:16:05.445905+00:00,2026-09-10 17:16:05.449726+00:00,2026-09-10 17:16:05.446070+00:00,2026-09-10 17:16:14.926782+00:00,2026-09-10 17:16:14.927030+00:00,,,,,0.165,9480.712000000001,3.656,0.248,20.233,32.629,9533.987,CONFIRMED
M01,61297,2026-09-10 17:16:15.000499+00:00,2026-09-10 17:16:15.039400+00:00,2026-09-10 17:16:05.477017+00:00,2026-09-10 17:16:05.477892+00:00,2026-09-10 17:16:05.477203+00:00,2026-09-10 17:16:14.980321+00:00,2026-09-10 17:16:14.980607+00:00,,,,,0.186,9503.118,0.6890000000000001,0.28600000000000003,19.892,38.900999999999996,9562.383,CONFIRMED
M01,61298,2026-09-10 17:16:15.064164+00:00,2026-09-10 17:16:15.102967+00:00,2026-09-10 17:16:05.505057+00:00,2026-09-10 17:16:05.507602+00:00,2026-09-10 17:16:05.505187+00:00,2026-09-10 17:16:15.040325+00:00,2026-09-10 17:16:15.040732+00:00,,,,,0.12999999999999998,9535.137999999999,2.415,0.40700000000000003,23.432000000000002,38.803,9597.91,CONFIRMED
M01,61299,2026-09-10 17:16:15.124173+00:00,2026-09-10 17:16:15.150650+00:00,2026-09-10 17:16:05.534561+00:00,2026-09-10 17:16:05.535251+00:00,2026-09-10 17:16:05.534651+00:00,2026-09-10 17:16:15.103395+00:00,2026-09-10 17:16:15.103719+00:00,,,,,0.09000000000000001,9568.744,0.6,0.324,20.454,26.477,9616.089,CONFIRMED
M01,61300,2026-09-10 17:16:15.172103+00:00,2026-09-10 17:16:15.200408+00:00,2026-09-10 17:16:05.561984+00:00,2026-09-10 17:16:05.562740+00:00,2026-09-10 17:16:05.562097+00:00,2026-09-10 17:16:15.151158+00:00,2026-09-10 17:16:15.151501+00:00,,,,,0.11299999999999999,9589.061,0.643,0.34299999999999997,20.602,28.305,9638.424,CONFIRMED
M01,61301,2026-09-10 17:16:15.226702+00:00,2026-09-10 17:16:15.258979+00:00,2026-09-10 17:16:05.589912+00:00,2026-09-10 17:16:05.590652+00:00,2026-09-10 17:16:05.590053+00:00,2026-09-10 17:16:15.200982+00:00,2026-09-10 17:16:15.201368+00:00,,,,,0.14100000000000001,9610.929,0.599,0.386,25.334,32.277,9669.067000000001,CONFIRMED
M01,61302,2026-09-10 17:16:15.287473+00:00,2026-09-10 17:16:15.326480+00:00,2026-09-10 17:16:05.620462+00:00,2026-09-10 17:16:05.621140+00:00,2026-09-10 17:16:05.620598+00:00,2026-09-10 17:16:15.259502+00:00,2026-09-10 17:16:15.259776+00:00,,,,,0.136,9638.904,0.5419999999999999,0.27399999999999997,27.697,39.007,9706.018,CONFIRMED
M01,61303,2026-09-10 17:16:15.355841+00:00,2026-09-10 17:16:15.395435+00:00,2026-09-10 17:16:05.649772+00:00,2026-09-10 17:16:05.650656+00:00,2026-09-10 17:16:05.650009+00:00,2026-09-10 17:16:15.328423+00:00,2026-09-10 17:16:15.329019+00:00,,,,,0.237,9678.414,0.647,0.596,26.822,39.593999999999994,9745.663,CONFIRMED
M01,61304,2026-09-10 17:16:15.428873+00:00,2026-09-10 17:16:15.475304+00:00,2026-09-10 17:16:05.677800+00:00,2026-09-10 17:16:05.678293+00:00,2026-09-10 17:16:05.677879+00:00,2026-09-10 17:16:15.396099+00:00,2026-09-10 17:16:15.396458+00:00,,,,,0.079,9718.220000000001,0.414,0.359,32.415,46.431,9797.504,CONFIRMED
M01,61305,2026-09-10 17:16:15.503381+00:00,2026-09-10 17:16:15.547047+00:00,2026-09-10 17:16:05.705012+00:00,2026-09-10 17:16:05.705704+00:00,2026-09-10 17:16:05.705205+00:00,2026-09-10 17:16:15.476424+00:00,2026-09-10 17:16:15.477088+00:00,,,,,0.193,9771.219000000001,0.499,0.664,26.293,43.666000000000004,9842.035,CONFIRMED
M01,61306,2026-09-10 17:16:15.581190+00:00,2026-09-10 17:16:15.632520+00:00,2026-09-10 17:16:05.732095+00:00,2026-09-10 17:16:05.732747+00:00,2026-09-10 17:16:05.732216+00:00,2026-09-10 17:16:15.547992+00:00,2026-09-10 17:16:15.549377+00:00,,,,,0.121,9815.776,0.531,1.385,31.813000000000002,51.33,9900.425000000001,CONFIRMED
M01,61307,2026-09-10 17:16:15.662775+00:00,2026-09-10 17:16:15.713562+00:00,2026-09-10 17:16:05.759951+00:00,2026-09-10 17:16:05.760884+00:00,2026-09-10 17:16:05.760160+00:00,2026-09-10 17:16:15.633239+00:00,2026-09-10 17:16:15.633630+00:00,,,,,0.20900000000000002,9873.079,0.7240000000000001,0.391,29.145,50.787,9953.611,CONFIRMED
M01,61308,2026-09-10 17:16:15.741479+00:00,2026-09-10 17:16:15.782840+00:00,2026-09-10 17:16:05.787630+00:00,2026-09-10 17:16:05.788074+00:00,2026-09-10 17:16:05.787744+00:00,2026-09-10 17:16:15.714666+00:00,2026-09-10 17:16:15.715028+00:00,,,,,0.114,9926.921999999999,0.33,0.36200000000000004,26.451,41.361000000000004,9995.210000000001,CONFIRMED
M01,61309,2026-09-10 17:16:15.815384+00:00,2026-09-10 17:16:15.869873+00:00,2026-09-10 17:16:05.816431+00:00,2026-09-10 17:16:05.817094+00:00,2026-09-10 17:16:05.816527+00:00,2026-09-10 17:16:15.783576+00:00,2026-09-10 17:16:15.784068+00:00,,,,,0.096,9967.048999999999,0.5670000000000001,0.49200000000000005,31.315999999999995,54.489000000000004,10053.442000000001,CONFIRMED
M01,61310,2026-09-10 17:16:15.893629+00:00,2026-09-10 17:16:15.937259+00:00,2026-09-10 17:16:05.845387+00:00,2026-09-10 17:16:05.846896+00:00,2026-09-10 17:16:05.845526+00:00,2026-09-10 17:16:15.871012+00:00,2026-09-10 17:16:15.871979+00:00,,,,,0.13899999999999998,10025.486,1.3699999999999999,0.967,21.65,43.63,10091.872000000001,CONFIRMED
M01,61311,2026-09-10 17:16:15.969405+00:00,2026-09-10 17:16:16.004224+00:00,2026-09-10 17:16:05.873984+00:00,2026-09-10 17:16:05.874684+00:00,2026-09-10 17:16:05.874147+00:00,2026-09-10 17:16:15.938035+00:00,2026-09-10 17:16:15.938633+00:00,,,,,0.163,10063.888,0.537,0.598,30.772000000000002,34.819,10130.24,CONFIRMED
M01,61312,2026-09-10 17:16:16.031971+00:00,2026-09-10 17:16:16.083395+00:00,2026-09-10 17:16:05.901380+00:00,2026-09-10 17:16:05.902185+00:00,2026-09-10 17:16:05.901524+00:00,2026-09-10 17:16:16.005127+00:00,2026-09-10 17:16:16.005594+00:00,,,,,0.14400000000000002,10103.603,0.661,0.467,26.377000000000002,51.424,10182.015,CONFIRMED
M01,61313,2026-09-10 17:16:16.109667+00:00,2026-09-10 17:16:16.154365+00:00,2026-09-10 17:16:05.928602+00:00,2026-09-10 17:16:05.930861+00:00,2026-09-10 17:16:05.928753+00:00,2026-09-10 17:16:16.084200+00:00,2026-09-10 17:16:16.084897+00:00,,,,,0.15100000000000002,10155.447,2.108,0.6970000000000001,24.77,44.698,10225.763,CONFIRMED
M01,61314,2026-09-10 17:16:16.180446+00:00,2026-09-10 17:16:16.226891+00:00,2026-09-10 17:16:05.957717+00:00,2026-09-10 17:16:05.958502+00:00,2026-09-10 17:16:05.957819+00:00,2026-09-10 17:16:16.154898+00:00,2026-09-10 17:16:16.155274+00:00,,,,,0.102,10197.079,0.683,0.376,25.172,46.445,10269.173999999999,CONFIRMED
M01,61315,2026-09-10 17:16:16.251652+00:00,2026-09-10 17:16:16.298115+00:00,2026-09-10 17:16:05.986093+00:00,2026-09-10 17:16:05.986843+00:00,2026-09-10 17:16:05.986225+00:00,2026-09-10 17:16:16.227512+00:00,2026-09-10 17:16:16.227970+00:00,,,,,0.132,10241.287,0.618,0.458,23.682000000000002,46.462999999999994,10312.022,CONFIRMED
M01,61316,2026-09-10 17:16:16.329580+00:00,2026-09-10 17:16:16.371125+00:00,2026-09-10 17:16:06.013598+00:00,2026-09-10 17:16:06.014276+00:00,2026-09-10 17:16:06.013759+00:00,2026-09-10 17:16:16.298984+00:00,2026-09-10 17:16:16.299478+00:00,,,,,0.161,10285.225,0.517,0.494,30.102,41.545,10357.527,CONFIRMED
M01,61317,2026-09-10 17:16:16.403080+00:00,2026-09-10 17:16:16.456004+00:00,2026-09-10 17:16:06.041774+00:00,2026-09-10 17:16:06.042320+00:00,2026-09-10 17:16:06.041875+00:00,2026-09-10 17:16:16.371813+00:00,2026-09-10 17:16:16.372297+00:00,,,,,0.101,10329.938,0.44499999999999995,0.484,30.783,52.924,10414.23,CONFIRMED
M01,61318,2026-09-10 17:16:16.487298+00:00,2026-09-10 17:16:16.530723+00:00,2026-09-10 17:16:06.069776+00:00,2026-09-10 17:16:06.073807+00:00,2026-09-10 17:16:06.070001+00:00,2026-09-10 17:16:16.457835+00:00,2026-09-10 17:16:16.458434+00:00,,,,,0.225,10387.833999999999,3.806,0.599,28.864,43.425,10460.947,CONFIRMED
M01,61319,2026-09-10 17:16:16.572978+00:00,2026-09-10 17:16:16.622196+00:00,2026-09-10 17:16:06.103143+00:00,2026-09-10 17:16:06.103929+00:00,2026-09-10 17:16:06.103285+00:00,2026-09-10 17:16:16.532447+00:00,2026-09-10 17:16:16.533268+00:00,,,,,0.14200000000000002,10429.162,0.644,0.821,39.71,49.217999999999996,10519.053,CONFIRMED
M01,61320,2026-09-10 17:16:16.652297+00:00,2026-09-10 17:16:16.700431+00:00,2026-09-10 17:16:06.131118+00:00,2026-09-10 17:16:06.131757+00:00,2026-09-10 17:16:06.131265+00:00,2026-09-10 17:16:16.622879+00:00,2026-09-10 17:16:16.623503+00:00,,,,,0.147,10491.614,0.49200000000000005,0.624,28.794,48.134,10569.313,CONFIRMED
M01,61321,2026-09-10 17:16:16.726694+00:00,2026-09-10 17:16:16.771244+00:00,2026-09-10 17:16:06.159036+00:00,2026-09-10 17:16:06.160531+00:00,2026-09-10 17:16:06.159235+00:00,2026-09-10 17:16:16.701009+00:00,2026-09-10 17:16:16.701499+00:00,,,,,0.199,10541.774,1.296,0.49,25.195,44.55,10612.208,CONFIRMED
M01,61322,2026-09-10 17:16:16.795720+00:00,2026-09-10 17:16:16.840280+00:00,2026-09-10 17:16:06.191477+00:00,2026-09-10 17:16:06.192628+00:00,2026-09-10 17:16:06.191609+00:00,2026-09-10 17:16:16.771898+00:00,2026-09-10 17:16:16.772494+00:00,,,,,0.132,10580.289,1.019,0.596,23.226,44.56,10648.803000000002,CONFIRMED
M01,61323,2026-09-10 17:16:16.868242+00:00,2026-09-10 17:16:16.911725+00:00,2026-09-10 17:16:06.222771+00:00,2026-09-10 17:16:06.225573+00:00,2026-09-10 17:16:06.222940+00:00,2026-09-10 17:16:16.841106+00:00,2026-09-10 17:16:16.841656+00:00,,,,,0.16899999999999998,10618.166000000001,2.633,0.55,26.586,43.483000000000004,10688.954000000002,CONFIRMED
M01,61324,2026-09-10 17:16:16.941785+00:00,2026-09-10 17:16:16.984775+00:00,2026-09-10 17:16:06.254198+00:00,2026-09-10 17:16:06.254951+00:00,2026-09-10 17:16:06.254346+00:00,2026-09-10 17:16:16.912546+00:00,2026-09-10 17:16:16.913073+00:00,,,,,0.148,10658.2,0.605,0.527,28.712,42.99,10730.577000000001,CONFIRMED
M01,61325,2026-09-10 17:16:17.013230+00:00,2026-09-10 17:16:17.053171+00:00,2026-09-10 17:16:06.281952+00:00,2026-09-10 17:16:06.282662+00:00,2026-09-10 17:16:06.282085+00:00,2026-09-10 17:16:16.985573+00:00,2026-09-10 17:16:16.986125+00:00,,,,,0.133,10703.488,0.5770000000000001,0.5519999999999999,27.105,39.940999999999995,10771.219000000001,CONFIRMED
M01,61326,2026-09-10 17:16:17.088424+00:00,2026-09-10 17:16:17.148629+00:00,2026-09-10 17:16:06.309674+00:00,2026-09-10 17:16:06.312062+00:00,2026-09-10 17:16:06.309833+00:00,2026-09-10 17:16:17.053966+00:00,2026-09-10 17:16:17.054351+00:00,,,,,0.159,10744.133,2.229,0.38499999999999995,34.073,60.205,10838.955,CONFIRMED
M01,61327,2026-09-10 17:16:17.179512+00:00,2026-09-10 17:16:17.228753+00:00,2026-09-10 17:16:06.343399+00:00,2026-09-10 17:16:06.344952+00:00,2026-09-10 17:16:06.343572+00:00,2026-09-10 17:16:17.149279+00:00,2026-09-10 17:16:17.149731+00:00,,,,,0.17300000000000001,10805.707,1.38,0.45199999999999996,29.781,49.241,10885.354,CONFIRMED
M01,61328,2026-09-10 17:16:17.259951+00:00,2026-09-10 17:16:17.312209+00:00,2026-09-10 17:16:06.372407+00:00,2026-09-10 17:16:06.373149+00:00,2026-09-10 17:16:06.372543+00:00,2026-09-10 17:16:17.229476+00:00,2026-09-10 17:16:17.229898+00:00,,,,,0.136,10856.932999999999,0.606,0.422,30.053,52.257999999999996,10939.802,CONFIRMED
M01,61329,2026-09-10 17:16:17.339128+00:00,2026-09-10 17:16:17.381406+00:00,2026-09-10 17:16:06.405166+00:00,2026-09-10 17:16:06.405825+00:00,2026-09-10 17:16:06.405250+00:00,2026-09-10 17:16:17.312800+00:00,2026-09-10 17:16:17.313754+00:00,,,,,0.08399999999999999,10907.550000000001,0.575,0.954,25.374000000000002,42.278000000000006,10976.24,CONFIRMED
M01,61330,2026-09-10 17:16:17.407842+00:00,2026-09-10 17:16:17.447323+00:00,2026-09-10 17:16:06.433137+00:00,2026-09-10 17:16:06.434118+00:00,2026-09-10 17:16:06.433252+00:00,2026-09-10 17:16:17.382378+00:00,2026-09-10 17:16:17.382861+00:00,,,,,0.115,10949.126,0.866,0.483,24.980999999999998,39.481,11014.186,CONFIRMED
M01,61331,2026-09-10 17:16:17.473877+00:00,2026-09-10 17:16:17.519962+00:00,2026-09-10 17:16:06.461863+00:00,2026-09-10 17:16:06.462637+00:00,2026-09-10 17:16:06.462066+00:00,2026-09-10 17:16:17.448167+00:00,2026-09-10 17:16:17.448677+00:00,,,,,0.203,10986.101,0.571,0.51,25.2,46.085,11058.099,CONFIRMED
M01,61332,2026-09-10 17:16:17.546374+00:00,2026-09-10 17:16:17.589908+00:00,2026-09-10 17:16:06.490088+00:00,2026-09-10 17:16:06.491202+00:00,2026-09-10 17:16:06.490201+00:00,2026-09-10 17:16:17.520868+00:00,2026-09-10 17:16:17.521415+00:00,,,,,0.11299999999999999,11030.667,1.001,0.5469999999999999,24.959,43.534000000000006,11099.82,CONFIRMED
M01,61333,2026-09-10 17:16:17.617885+00:00,2026-09-10 17:16:17.664418+00:00,2026-09-10 17:16:06.518930+00:00,2026-09-10 17:16:06.520338+00:00,2026-09-10 17:16:06.519113+00:00,2026-09-10 17:16:17.590632+00:00,2026-09-10 17:16:17.591191+00:00,,,,,0.183,11071.519,1.2249999999999999,0.559,26.694,46.533,11145.488000000001,CONFIRMED
M01,61334,2026-09-10 17:16:17.694045+00:00,2026-09-10 17:16:17.741783+00:00,2026-09-10 17:16:06.547838+00:00,2026-09-10 17:16:06.549065+00:00,2026-09-10 17:16:06.547957+00:00,2026-09-10 17:16:17.665182+00:00,2026-09-10 17:16:17.665658+00:00,,,,,0.11900000000000001,11117.225,1.108,0.47600000000000003,28.387,47.738,11193.945,CONFIRMED
M01,61335,2026-09-10 17:16:17.769998+00:00,2026-09-10 17:16:17.819141+00:00,2026-09-10 17:16:06.576820+00:00,2026-09-10 17:16:06.577557+00:00,2026-09-10 17:16:06.576928+00:00,2026-09-10 17:16:17.742608+00:00,2026-09-10 17:16:17.743159+00:00,,,,,0.108,11165.68,0.629,0.5509999999999999,26.839,49.143,11242.321,CONFIRMED
M01,61336,2026-09-10 17:16:17.857051+00:00,2026-09-10 17:16:17.911856+00:00,2026-09-10 17:16:06.606663+00:00,2026-09-10 17:16:06.607854+00:00,2026-09-10 17:16:06.606807+00:00,2026-09-10 17:16:17.820414+00:00,2026-09-10 17:16:17.821003+00:00,,,,,0.14400000000000002,11213.607,1.047,0.589,36.047999999999995,54.805,11305.193,CONFIRMED
M01,61337,2026-09-10 17:16:17.936031+00:00,2026-09-10 17:16:17.989913+00:00,2026-09-10 17:16:06.634955+00:00,2026-09-10 17:16:06.635718+00:00,2026-09-10 17:16:06.635105+00:00,2026-09-10 17:16:17.912644+00:00,2026-09-10 17:16:17.913238+00:00,,,,,0.15,11277.539,0.6130000000000001,0.594,22.793,53.882,11354.958,CONFIRMED
M01,61338,2026-09-10 17:16:18.023511+00:00,2026-09-10 17:16:18.069742+00:00,2026-09-10 17:16:06.662627+00:00,2026-09-10 17:16:06.663353+00:00,2026-09-10 17:16:06.662762+00:00,2026-09-10 17:16:17.990785+00:00,2026-09-10 17:16:17.991311+00:00,,,,,0.135,11328.023,0.5910000000000001,0.526,32.2,46.231,11407.115,CONFIRMED
M01,61339,2026-09-10 17:16:18.098193+00:00,2026-09-10 17:16:18.138168+00:00,2026-09-10 17:16:06.691287+00:00,2026-09-10 17:16:06.693290+00:00,2026-09-10 17:16:06.691412+00:00,2026-09-10 17:16:18.070499+00:00,2026-09-10 17:16:18.071028+00:00,,,,,0.125,11379.087,1.878,0.5289999999999999,27.165000000000003,39.974999999999994,11446.881,CONFIRMED
M01,61340,2026-09-10 17:16:18.174431+00:00,2026-09-10 17:16:18.220711+00:00,2026-09-10 17:16:06.721906+00:00,2026-09-10 17:16:06.722623+00:00,2026-09-10 17:16:06.722110+00:00,2026-09-10 17:16:18.138910+00:00,2026-09-10 17:16:18.139608+00:00,,,,,0.204,11416.800000000001,0.513,0.6980000000000001,34.823,46.28,11498.805,CONFIRMED
M01,61341,2026-09-10 17:16:18.254791+00:00,2026-09-10 17:16:18.304710+00:00,2026-09-10 17:16:06.749886+00:00,2026-09-10 17:16:06.750830+00:00,2026-09-10 17:16:06.750108+00:00,2026-09-10 17:16:18.221441+00:00,2026-09-10 17:16:18.221935+00:00,,,,,0.222,11471.332999999999,0.722,0.494,32.856,49.919,11554.824,CONFIRMED
M01,61342,2026-09-10 17:16:18.330324+00:00,2026-09-10 17:16:18.373452+00:00,2026-09-10 17:16:06.778209+00:00,2026-09-10 17:16:06.780551+00:00,2026-09-10 17:16:06.778381+00:00,2026-09-10 17:16:18.305477+00:00,2026-09-10 17:16:18.306063+00:00,,,,,0.17200000000000001,11527.096,2.17,0.5860000000000001,24.261000000000003,43.128,11595.243,CONFIRMED
M01,61343,2026-09-10 17:16:18.400502+00:00,2026-09-10 17:16:18.443134+00:00,2026-09-10 17:16:06.809023+00:00,2026-09-10 17:16:06.810081+00:00,2026-09-10 17:16:06.809143+00:00,2026-09-10 17:16:18.374128+00:00,2026-09-10 17:16:18.374711+00:00,,,,,0.12000000000000001,11564.985,0.9380000000000001,0.583,25.791,42.632000000000005,11634.111,CONFIRMED
M01,61344,2026-09-10 17:16:18.474273+00:00,2026-09-10 17:16:18.521006+00:00,2026-09-10 17:16:06.837540+00:00,2026-09-10 17:16:06.838608+00:00,2026-09-10 17:16:06.837714+00:00,2026-09-10 17:16:18.443888+00:00,2026-09-10 17:16:18.444288+00:00,,,,,0.174,11606.173999999999,0.894,0.4,29.985000000000003,46.733,11683.465999999999,CONFIRMED
M01,61345,2026-09-10 17:16:18.546874+00:00,2026-09-10 17:16:18.592548+00:00,2026-09-10 17:16:06.865248+00:00,2026-09-10 17:16:06.866488+00:00,2026-09-10 17:16:06.865396+00:00,2026-09-10 17:16:18.522349+00:00,2026-09-10 17:16:18.522968+00:00,,,,,0.148,11656.953,1.092,0.619,23.906,45.674,11727.3,CONFIRMED
M01,61346,2026-09-10 17:16:18.633465+00:00,2026-09-10 17:16:18.688486+00:00,2026-09-10 17:16:06.894993+00:00,2026-09-10 17:16:06.896034+00:00,2026-09-10 17:16:06.895121+00:00,2026-09-10 17:16:18.593267+00:00,2026-09-10 17:16:18.594442+00:00,,,,,0.128,11698.145999999999,0.9129999999999999,1.175,39.023,55.021,11793.493,CONFIRMED
M01,61347,2026-09-10 17:16:18.715346+00:00,2026-09-10 17:16:18.756146+00:00,2026-09-10 17:16:06.929245+00:00,2026-09-10 17:16:06.930118+00:00,2026-09-10 17:16:06.929417+00:00,2026-09-10 17:16:18.689283+00:00,2026-09-10 17:16:18.689727+00:00,,,,,0.17200000000000001,11759.866,0.7010000000000001,0.444,25.619,40.800000000000004,11826.901,CONFIRMED
M01,61348,2026-09-10 17:16:18.790355+00:00,2026-09-10 17:16:18.835480+00:00,2026-09-10 17:16:06.956966+00:00,2026-09-10 17:16:06.959099+00:00,2026-09-10 17:16:06.957105+00:00,2026-09-10 17:16:18.757215+00:00,2026-09-10 17:16:18.757820+00:00,,,,,0.13899999999999998,11800.11,1.9940000000000002,0.605,32.535000000000004,45.125,11878.514,CONFIRMED
M01,61349,2026-09-10 17:16:18.869744+00:00,2026-09-10 17:16:18.919487+00:00,2026-09-10 17:16:06.987127+00:00,2026-09-10 17:16:06.988266+00:00,2026-09-10 17:16:06.987273+00:00,2026-09-10 17:16:18.836444+00:00,2026-09-10 17:16:18.836961+00:00,,,,,0.146,11849.171,0.993,0.517,32.783,49.743,11932.359999999999,CONFIRMED
M01,61350,2026-09-10 17:16:18.950397+00:00,2026-09-10 17:16:18.995452+00:00,2026-09-10 17:16:07.016399+00:00,2026-09-10 17:16:07.017012+00:00,2026-09-10 17:16:07.016531+00:00,2026-09-10 17:16:18.920321+00:00,2026-09-10 17:16:18.920945+00:00,,,,,0.132,11903.79,0.481,0.624,29.451999999999998,45.055,11979.053,CONFIRMED
M01,61351,2026-09-10 17:16:19.025109+00:00,2026-09-10 17:16:19.073094+00:00,2026-09-10 17:16:07.044147+00:00,2026-09-10 17:16:07.044727+00:00,2026-09-10 17:16:07.044290+00:00,2026-09-10 17:16:18.996362+00:00,2026-09-10 17:16:18.997028+00:00,,,,,0.14300000000000002,11952.072,0.437,0.666,28.081,47.985,12028.947,CONFIRMED
M01,61352,2026-09-10 17:16:19.107140+00:00,2026-09-10 17:16:19.157063+00:00,2026-09-10 17:16:07.071801+00:00,2026-09-10 17:16:07.072322+00:00,2026-09-10 17:16:07.071931+00:00,2026-09-10 17:16:19.073870+00:00,2026-09-10 17:16:19.074385+00:00,,,,,0.12999999999999998,12001.939,0.391,0.515,32.755,49.923,12085.262,CONFIRMED
M01,61353,2026-09-10 17:16:19.178984+00:00,2026-09-10 17:16:19.219425+00:00,2026-09-10 17:16:07.100668+00:00,2026-09-10 17:16:07.102851+00:00,2026-09-10 17:16:07.100814+00:00,2026-09-10 17:16:19.157931+00:00,2026-09-10 17:16:19.158566+00:00,,,,,0.146,12057.117,2.0370000000000004,0.635,20.418,40.440999999999995,12118.757,CONFIRMED
M01,61354,2026-09-10 17:16:19.252034+00:00,2026-09-10 17:16:19.299044+00:00,2026-09-10 17:16:07.129747+00:00,2026-09-10 17:16:07.131548+00:00,2026-09-10 17:16:07.129909+00:00,2026-09-10 17:16:19.220081+00:00,2026-09-10 17:16:19.220589+00:00,,,,,0.162,12090.172,1.639,0.508,31.445,47.010000000000005,12169.297,CONFIRMED
M01,61355,2026-09-10 17:16:19.331091+00:00,2026-09-10 17:16:19.373692+00:00,2026-09-10 17:16:07.158063+00:00,2026-09-10 17:16:07.158701+00:00,2026-09-10 17:16:07.158157+00:00,2026-09-10 17:16:19.299724+00:00,2026-09-10 17:16:19.300473+00:00,,,,,0.094,12141.567000000001,0.544,0.749,30.618,42.601,12215.628999999999,CONFIRMED
M01,61356,2026-09-10 17:16:19.407781+00:00,2026-09-10 17:16:19.461954+00:00,2026-09-10 17:16:07.186066+00:00,2026-09-10 17:16:07.187225+00:00,2026-09-10 17:16:07.186209+00:00,2026-09-10 17:16:19.374491+00:00,2026-09-10 17:16:19.375018+00:00,,,,,0.14300000000000002,12188.282,1.016,0.527,32.763,54.173,12275.888,CONFIRMED
M01,61357,2026-09-10 17:16:19.488567+00:00,2026-09-10 17:16:19.532682+00:00,2026-09-10 17:16:07.213753+00:00,2026-09-10 17:16:07.214317+00:00,2026-09-10 17:16:07.213856+00:00,2026-09-10 17:16:19.462715+00:00,2026-09-10 17:16:19.463360+00:00,,,,,0.103,12248.859,0.46099999999999997,0.6449999999999999,25.207,44.115,12318.929,CONFIRMED
M01,61358,2026-09-10 17:16:19.567094+00:00,2026-09-10 17:16:19.611950+00:00,2026-09-10 17:16:07.246659+00:00,2026-09-10 17:16:07.247321+00:00,2026-09-10 17:16:07.246824+00:00,2026-09-10 17:16:19.533484+00:00,2026-09-10 17:16:19.534019+00:00,,,,,0.165,12286.66,0.49700000000000005,0.535,33.075,44.856,12365.291,CONFIRMED
M01,61359,2026-09-10 17:16:19.636592+00:00,2026-09-10 17:16:19.677539+00:00,2026-09-10 17:16:07.274151+00:00,2026-09-10 17:16:07.274940+00:00,2026-09-10 17:16:07.274276+00:00,2026-09-10 17:16:19.612437+00:00,2026-09-10 17:16:19.612878+00:00,,,,,0.125,12338.161,0.664,0.441,23.714,40.946999999999996,12403.387999999999,CONFIRMED
M01,61360,2026-09-10 17:16:19.708548+00:00,2026-09-10 17:16:19.754045+00:00,2026-09-10 17:16:07.302754+00:00,2026-09-10 17:16:07.303433+00:00,2026-09-10 17:16:07.302851+00:00,2026-09-10 17:16:19.678848+00:00,2026-09-10 17:16:19.679628+00:00,,,,,0.097,12375.997,0.5820000000000001,0.78,28.92,45.497,12451.291,CONFIRMED
M01,61361,2026-09-10 17:16:19.773519+00:00,2026-09-10 17:16:19.821114+00:00,2026-09-10 17:16:07.331331+00:00,2026-09-10 17:16:07.332805+00:00,2026-09-10 17:16:07.331421+00:00,2026-09-10 17:16:19.754580+00:00,2026-09-10 17:16:19.754927+00:00,,,,,0.09000000000000001,12423.159,1.3840000000000001,0.347,18.592000000000002,47.595,12489.783,CONFIRMED
M01,61362,2026-09-10 17:16:19.854556+00:00,2026-09-10 17:16:19.915233+00:00,2026-09-10 17:16:07.359929+00:00,2026-09-10 17:16:07.360589+00:00,2026-09-10 17:16:07.360038+00:00,2026-09-10 17:16:19.822016+00:00,2026-09-10 17:16:19.822586+00:00,,,,,0.10900000000000001,12461.978000000001,0.5509999999999999,0.57,31.97,60.677,12555.304,CONFIRMED
M01,61363,2026-09-10 17:16:19.950738+00:00,2026-09-10 17:16:20.008533+00:00,2026-09-10 17:16:07.388806+00:00,2026-09-10 17:16:07.390282+00:00,2026-09-10 17:16:07.388914+00:00,2026-09-10 17:16:19.916081+00:00,2026-09-10 17:16:19.916654+00:00,,,,,0.108,12527.167000000001,1.368,0.5730000000000001,34.084,57.795,12619.726999999999,CONFIRMED
M01,61364,2026-09-10 17:16:20.032565+00:00,2026-09-10 17:16:20.084665+00:00,2026-09-10 17:16:07.417602+00:00,2026-09-10 17:16:07.418523+00:00,2026-09-10 17:16:07.417762+00:00,2026-09-10 17:16:20.009159+00:00,2026-09-10 17:16:20.009531+00:00,,,,,0.16,12591.397,0.761,0.372,23.034,52.1,12667.063,CONFIRMED
M01,61365,2026-09-10 17:16:20.124624+00:00,2026-09-10 17:16:20.169333+00:00,2026-09-10 17:16:07.445988+00:00,2026-09-10 17:16:07.446874+00:00,2026-09-10 17:16:07.446092+00:00,2026-09-10 17:16:20.085253+00:00,2026-09-10 17:16:20.085664+00:00,,,,,0.104,12639.161,0.782,0.41100000000000003,38.96,44.708999999999996,12723.345,CONFIRMED
M01,61366,2026-09-10 17:16:20.195821+00:00,2026-09-10 17:16:20.248099+00:00,2026-09-10 17:16:07.474485+00:00,2026-09-10 17:16:07.475333+00:00,2026-09-10 17:16:07.474622+00:00,2026-09-10 17:16:20.170586+00:00,2026-09-10 17:16:20.171195+00:00,,,,,0.13699999999999998,12695.964,0.7110000000000001,0.609,24.625999999999998,52.278,12773.614,CONFIRMED
M01,61367,2026-09-10 17:16:20.283812+00:00,2026-09-10 17:16:20.331978+00:00,2026-09-10 17:16:07.502037+00:00,2026-09-10 17:16:07.503942+00:00,2026-09-10 17:16:07.502244+00:00,2026-09-10 17:16:20.250412+00:00,2026-09-10 17:16:20.251141+00:00,,,,,0.207,12748.168,1.6980000000000002,0.7290000000000001,32.671,48.166000000000004,12829.941,CONFIRMED
M01,61368,2026-09-10 17:16:20.356182+00:00,2026-09-10 17:16:20.399447+00:00,2026-09-10 17:16:07.531805+00:00,2026-09-10 17:16:07.532320+00:00,2026-09-10 17:16:07.531910+00:00,2026-09-10 17:16:20.332484+00:00,2026-09-10 17:16:20.332925+00:00,,,,,0.10500000000000001,12800.573999999999,0.41,0.441,23.257,43.265,12867.642,CONFIRMED
M01,61369,2026-09-10 17:16:20.434238+00:00,2026-09-10 17:16:20.483795+00:00,2026-09-10 17:16:07.559114+00:00,2026-09-10 17:16:07.559657+00:00,2026-09-10 17:16:07.559229+00:00,2026-09-10 17:16:20.400634+00:00,2026-09-10 17:16:20.401112+00:00,,,,,0.115,12841.405,0.428,0.47800000000000004,33.126000000000005,49.556999999999995,12924.681,CONFIRMED
M01,61370,2026-09-10 17:16:20.507607+00:00,2026-09-10 17:16:20.549315+00:00,2026-09-10 17:16:07.587753+00:00,2026-09-10 17:16:07.588818+00:00,2026-09-10 17:16:07.587864+00:00,2026-09-10 17:16:20.484597+00:00,2026-09-10 17:16:20.486089+00:00,,,,,0.111,12896.733,0.954,1.492,21.518,41.708000000000006,12961.562,CONFIRMED
M01,61371,2026-09-10 17:16:20.574586+00:00,2026-09-10 17:16:20.624382+00:00,2026-09-10 17:16:07.615515+00:00,2026-09-10 17:16:07.617176+00:00,2026-09-10 17:16:07.615641+00:00,2026-09-10 17:16:20.550190+00:00,2026-09-10 17:16:20.550543+00:00,,,,,0.126,12934.549,1.535,0.35300000000000004,24.043,49.796,13008.867,CONFIRMED
M01,61372,2026-09-10 17:16:20.659101+00:00,2026-09-10 17:16:20.704866+00:00,2026-09-10 17:16:07.644621+00:00,2026-09-10 17:16:07.646052+00:00,2026-09-10 17:16:07.644744+00:00,2026-09-10 17:16:20.625224+00:00,2026-09-10 17:16:20.625752+00:00,,,,,0.12300000000000001,12980.48,1.3079999999999998,0.528,33.349,45.765,13060.245,CONFIRMED
M01,61373,2026-09-10 17:16:20.741091+00:00,2026-09-10 17:16:20.797814+00:00,2026-09-10 17:16:07.674676+00:00,2026-09-10 17:16:07.675417+00:00,2026-09-10 17:16:07.674860+00:00,2026-09-10 17:16:20.705481+00:00,2026-09-10 17:16:20.705978+00:00,,,,,0.184,13030.621,0.5569999999999999,0.49700000000000005,35.113,56.723000000000006,13123.138,CONFIRMED
M01,61374,2026-09-10 17:16:20.827275+00:00,2026-09-10 17:16:20.876277+00:00,2026-09-10 17:16:07.702347+00:00,2026-09-10 17:16:07.703024+00:00,2026-09-10 17:16:07.702551+00:00,2026-09-10 17:16:20.798522+00:00,2026-09-10 17:16:20.799012+00:00,,,,,0.204,13095.971000000001,0.47300000000000003,0.49,28.263,49.001999999999995,13173.93,CONFIRMED
M01,61375,2026-09-10 17:16:20.900646+00:00,2026-09-10 17:16:20.957472+00:00,2026-09-10 17:16:07.730145+00:00,2026-09-10 17:16:07.730708+00:00,2026-09-10 17:16:07.730266+00:00,2026-09-10 17:16:20.878382+00:00,2026-09-10 17:16:20.878917+00:00,,,,,0.121,13148.116,0.442,0.535,21.729,56.826,13227.327000000001,CONFIRMED
M01,61376,2026-09-10 17:16:20.983518+00:00,2026-09-10 17:16:21.033668+00:00,2026-09-10 17:16:07.757091+00:00,2026-09-10 17:16:07.757547+00:00,2026-09-10 17:16:07.757181+00:00,2026-09-10 17:16:20.958366+00:00,2026-09-10 17:16:20.958856+00:00,,,,,0.09000000000000001,13201.185000000001,0.366,0.49,24.662,50.15,13276.577,CONFIRMED
M01,61377,2026-09-10 17:16:21.055863+00:00,2026-09-10 17:16:21.107422+00:00,2026-09-10 17:16:07.784152+00:00,2026-09-10 17:16:07.785151+00:00,2026-09-10 17:16:07.784274+00:00,2026-09-10 17:16:21.034222+00:00,2026-09-10 17:16:21.034616+00:00,,,,,0.122,13249.948,0.877,0.39399999999999996,21.247,51.559,13323.27,CONFIRMED
M01,61378,2026-09-10 17:16:21.147348+00:00,2026-09-10 17:16:21.203661+00:00,2026-09-10 17:16:07.812183+00:00,2026-09-10 17:16:07.813119+00:00,2026-09-10 17:16:07.812296+00:00,2026-09-10 17:16:21.108331+00:00,2026-09-10 17:16:21.108869+00:00,,,,,0.11299999999999999,13296.035,0.823,0.5379999999999999,38.479,56.313,13391.478,CONFIRMED
M01,61379,2026-09-10 17:16:21.230958+00:00,2026-09-10 17:16:21.275237+00:00,2026-09-10 17:16:07.839726+00:00,2026-09-10 17:16:07.840770+00:00,2026-09-10 17:16:07.839847+00:00,2026-09-10 17:16:21.204352+00:00,2026-09-10 17:16:21.205434+00:00,,,,,0.121,13364.505,0.923,1.082,25.524,44.278999999999996,13435.511,CONFIRMED
M01,61380,2026-09-10 17:16:21.303862+00:00,2026-09-10 17:16:21.347391+00:00,2026-09-10 17:16:07.867573+00:00,2026-09-10 17:16:07.869144+00:00,2026-09-10 17:16:07.867746+00:00,2026-09-10 17:16:21.276486+00:00,2026-09-10 17:16:21.277032+00:00,,,,,0.17300000000000001,13408.74,1.398,0.546,26.83,43.528999999999996,13479.818,CONFIRMED
M01,61381,2026-09-10 17:16:21.380142+00:00,2026-09-10 17:16:21.422493+00:00,2026-09-10 17:16:07.896228+00:00,2026-09-10 17:16:07.897313+00:00,2026-09-10 17:16:07.896347+00:00,2026-09-10 17:16:21.348110+00:00,2026-09-10 17:16:21.348695+00:00,,,,,0.11900000000000001,13451.762999999999,0.966,0.585,31.447000000000003,42.351,13526.265000000001,CONFIRMED
M01,61382,2026-09-10 17:16:21.447690+00:00,2026-09-10 17:16:21.490559+00:00,2026-09-10 17:16:07.925001+00:00,2026-09-10 17:16:07.925883+00:00,2026-09-10 17:16:07.925180+00:00,2026-09-10 17:16:21.423208+00:00,2026-09-10 17:16:21.423717+00:00,,,,,0.179,13498.028,0.703,0.509,23.973000000000003,42.869,13565.557999999999,CONFIRMED
M01,61383,2026-09-10 17:16:21.515767+00:00,2026-09-10 17:16:21.556201+00:00,2026-09-10 17:16:07.952964+00:00,2026-09-10 17:16:07.953511+00:00,2026-09-10 17:16:07.953053+00:00,2026-09-10 17:16:21.491320+00:00,2026-09-10 17:16:21.491855+00:00,,,,,0.089,13538.267,0.458,0.535,23.912,40.434,13603.237,CONFIRMED
M01,61384,2026-09-10 17:16:21.587224+00:00,2026-09-10 17:16:21.633877+00:00,2026-09-10 17:16:07.980382+00:00,2026-09-10 17:16:07.981499+00:00,2026-09-10 17:16:07.980528+00:00,2026-09-10 17:16:21.556789+00:00,2026-09-10 17:16:21.557282+00:00,,,,,0.146,13576.261,0.971,0.49299999999999994,29.942,46.653,13653.494999999999,CONFIRMED
M01,61385,2026-09-10 17:16:21.656494+00:00,2026-09-10 17:16:21.698105+00:00,2026-09-10 17:16:08.010227+00:00,2026-09-10 17:16:08.011127+00:00,2026-09-10 17:16:08.010376+00:00,2026-09-10 17:16:21.634337+00:00,2026-09-10 17:16:21.634675+00:00,,,,,0.149,13623.961,0.751,0.33799999999999997,21.819000000000003,41.611000000000004,13687.877999999999,CONFIRMED
M01,61386,2026-09-10 17:16:21.728074+00:00,2026-09-10 17:16:21.771264+00:00,2026-09-10 17:16:08.038271+00:00,2026-09-10 17:16:08.039239+00:00,2026-09-10 17:16:08.038366+00:00,2026-09-10 17:16:21.698956+00:00,2026-09-10 17:16:21.699508+00:00,,,,,0.095,13660.589999999998,0.873,0.5519999999999999,28.566000000000003,43.19,13732.993,CONFIRMED
M01,61387,2026-09-10 17:16:21.800334+00:00,2026-09-10 17:16:21.843546+00:00,2026-09-10 17:16:08.067536+00:00,2026-09-10 17:16:08.068384+00:00,2026-09-10 17:16:08.067707+00:00,2026-09-10 17:16:21.772053+00:00,2026-09-10 17:16:21.772605+00:00,,,,,0.171,13704.346,0.6769999999999999,0.5519999999999999,27.729,43.212,13776.01,CONFIRMED
M01,61388,2026-09-10 17:16:21.877641+00:00,2026-09-10 17:16:21.918698+00:00,2026-09-10 17:16:08.095516+00:00,2026-09-10 17:16:08.096403+00:00,2026-09-10 17:16:08.095693+00:00,2026-09-10 17:16:21.844484+00:00,2026-09-10 17:16:21.845018+00:00,,,,,0.177,13748.791000000001,0.71,0.5339999999999999,32.623,41.057,13823.181999999999,CONFIRMED
M01,61389,2026-09-10 17:16:21.945587+00:00,2026-09-10 17:16:21.992590+00:00,2026-09-10 17:16:08.123904+00:00,2026-09-10 17:16:08.124919+00:00,2026-09-10 17:16:08.124091+00:00,2026-09-10 17:16:21.919414+00:00,2026-09-10 17:16:21.919892+00:00,,,,,0.187,13795.323,0.828,0.47800000000000004,25.695,47.003,13868.686,CONFIRMED
M01,61390,2026-09-10 17:16:22.016826+00:00,2026-09-10 17:16:22.062845+00:00,2026-09-10 17:16:08.153954+00:00,2026-09-10 17:16:08.154912+00:00,2026-09-10 17:16:08.154144+00:00,2026-09-10 17:16:21.993144+00:00,2026-09-10 17:16:21.993504+00:00,,,,,0.19,13839.0,0.768,0.36000000000000004,23.322,46.019,13908.891000000001,CONFIRMED
M01,61391,2026-09-10 17:16:22.093377+00:00,2026-09-10 17:16:22.144231+00:00,2026-09-10 17:16:08.181751+00:00,2026-09-10 17:16:08.182470+00:00,2026-09-10 17:16:08.181892+00:00,2026-09-10 17:16:22.063808+00:00,2026-09-10 17:16:22.064422+00:00,,,,,0.14100000000000001,13881.916000000001,0.578,0.614,28.955000000000002,50.854000000000006,13962.48,CONFIRMED
M01,61392,2026-09-10 17:16:22.180650+00:00,2026-09-10 17:16:22.233341+00:00,2026-09-10 17:16:08.209487+00:00,2026-09-10 17:16:08.210243+00:00,2026-09-10 17:16:08.209610+00:00,2026-09-10 17:16:22.144851+00:00,2026-09-10 17:16:22.145714+00:00,,,,,0.12300000000000001,13935.241,0.633,0.8630000000000001,34.936,52.691,14023.854,CONFIRMED
M01,61393,2026-09-10 17:16:22.261350+00:00,2026-09-10 17:16:22.314760+00:00,2026-09-10 17:16:08.237294+00:00,2026-09-10 17:16:08.239124+00:00,2026-09-10 17:16:08.237397+00:00,2026-09-10 17:16:22.234205+00:00,2026-09-10 17:16:22.234853+00:00,,,,,0.103,13996.807999999999,1.727,0.648,26.497,53.41,14077.465999999999,CONFIRMED
M01,61394,2026-09-10 17:16:22.343905+00:00,2026-09-10 17:16:22.399155+00:00,2026-09-10 17:16:08.265873+00:00,2026-09-10 17:16:08.266526+00:00,2026-09-10 17:16:08.266025+00:00,2026-09-10 17:16:22.315460+00:00,2026-09-10 17:16:22.315930+00:00,,,,,0.152,14049.435000000001,0.501,0.47,27.975,55.25,14133.282,CONFIRMED
M01,61395,2026-09-10 17:16:22.430945+00:00,2026-09-10 17:16:22.477721+00:00,2026-09-10 17:16:08.294436+00:00,2026-09-10 17:16:08.295553+00:00,2026-09-10 17:16:08.294604+00:00,2026-09-10 17:16:22.399993+00:00,2026-09-10 17:16:22.400548+00:00,,,,,0.16799999999999998,14105.389000000001,0.949,0.555,30.397000000000002,46.775999999999996,14183.285,CONFIRMED
M01,61396,2026-09-10 17:16:22.504851+00:00,2026-09-10 17:16:22.543972+00:00,2026-09-10 17:16:08.323596+00:00,2026-09-10 17:16:08.324267+00:00,2026-09-10 17:16:08.323689+00:00,2026-09-10 17:16:22.479026+00:00,2026-09-10 17:16:22.479544+00:00,,,,,0.093,14155.337,0.578,0.518,25.307,39.121,14220.376,CONFIRMED
M01,61397,2026-09-10 17:16:22.580081+00:00,2026-09-10 17:16:22.615291+00:00,2026-09-10 17:16:08.353238+00:00,2026-09-10 17:16:08.353982+00:00,2026-09-10 17:16:08.353356+00:00,2026-09-10 17:16:22.544687+00:00,2026-09-10 17:16:22.545200+00:00,,,,,0.118,14191.331,0.626,0.513,34.881,35.21,14262.053,CONFIRMED
M01,61398,2026-09-10 17:16:22.644836+00:00,2026-09-10 17:16:22.686474+00:00,2026-09-10 17:16:08.380506+00:00,2026-09-10 17:16:08.381627+00:00,2026-09-10 17:16:08.380684+00:00,2026-09-10 17:16:22.616176+00:00,2026-09-10 17:16:22.616696+00:00,,,,,0.178,14235.492,0.9430000000000001,0.5199999999999999,28.139999999999997,41.638,14305.968,CONFIRMED
M01,61399,2026-09-10 17:16:22.715508+00:00,2026-09-10 17:16:22.758956+00:00,2026-09-10 17:16:08.408938+00:00,2026-09-10 17:16:08.410944+00:00,2026-09-10 17:16:08.409019+00:00,2026-09-10 17:16:22.687137+00:00,2026-09-10 17:16:22.687532+00:00,,,,,0.081,14278.117999999999,1.925,0.395,27.976,43.448,14350.018,CONFIRMED
M01,61400,2026-09-10 17:16:22.787965+00:00,2026-09-10 17:16:22.843221+00:00,2026-09-10 17:16:08.438588+00:00,2026-09-10 17:16:08.439492+00:00,2026-09-10 17:16:08.438701+00:00,2026-09-10 17:16:22.759812+00:00,2026-09-10 17:16:22.760380+00:00,,,,,0.11299999999999999,14321.111,0.791,0.5680000000000001,27.584999999999997,55.256,14404.633,CONFIRMED
M01,61401,2026-09-10 17:16:22.867499+00:00,2026-09-10 17:16:22.915175+00:00,2026-09-10 17:16:08.465958+00:00,2026-09-10 17:16:08.467175+00:00,2026-09-10 17:16:08.466066+00:00,2026-09-10 17:16:22.843802+00:00,2026-09-10 17:16:22.844340+00:00,,,,,0.108,14377.736,1.109,0.5379999999999999,23.159,47.676,14449.217,CONFIRMED
M01,61402,2026-09-10 17:16:22.942466+00:00,2026-09-10 17:16:22.985539+00:00,2026-09-10 17:16:08.495135+00:00,2026-09-10 17:16:08.495813+00:00,2026-09-10 17:16:08.495276+00:00,2026-09-10 17:16:22.915905+00:00,2026-09-10 17:16:22.916401+00:00,,,,,0.14100000000000001,14420.629,0.537,0.496,26.065,43.073,14490.404,CONFIRMED
M01,61403,2026-09-10 17:16:23.019040+00:00,2026-09-10 17:16:23.064360+00:00,2026-09-10 17:16:08.523383+00:00,2026-09-10 17:16:08.524247+00:00,2026-09-10 17:16:08.523504+00:00,2026-09-10 17:16:22.986682+00:00,2026-09-10 17:16:22.988061+00:00,,,,,0.121,14463.178,0.743,1.379,30.979,45.32,14540.976999999999,CONFIRMED
M01,61404,2026-09-10 17:16:23.099535+00:00,2026-09-10 17:16:23.143280+00:00,2026-09-10 17:16:08.551601+00:00,2026-09-10 17:16:08.552364+00:00,2026-09-10 17:16:08.551776+00:00,2026-09-10 17:16:23.065660+00:00,2026-09-10 17:16:23.066375+00:00,,,,,0.175,14513.884,0.588,0.7150000000000001,33.160000000000004,43.745,14591.679,CONFIRMED
M01,61405,2026-09-10 17:16:23.179507+00:00,2026-09-10 17:16:23.229968+00:00,2026-09-10 17:16:08.579156+00:00,2026-09-10 17:16:08.580544+00:00,2026-09-10 17:16:08.579281+00:00,2026-09-10 17:16:23.144226+00:00,2026-09-10 17:16:23.145267+00:00,,,,,0.125,14564.945,1.2630000000000001,1.0410000000000001,34.24,50.461,14650.812,CONFIRMED
M01,61406,2026-09-10 17:16:23.261655+00:00,2026-09-10 17:16:23.305088+00:00,2026-09-10 17:16:08.607969+00:00,2026-09-10 17:16:08.608884+00:00,2026-09-10 17:16:08.608110+00:00,2026-09-10 17:16:23.230803+00:00,2026-09-10 17:16:23.232651+00:00,,,,,0.14100000000000001,14622.693,0.7739999999999999,1.848,29.003999999999998,43.433,14697.119,CONFIRMED
M01,61407,2026-09-10 17:16:23.342988+00:00,2026-09-10 17:16:23.389308+00:00,2026-09-10 17:16:08.636266+00:00,2026-09-10 17:16:08.637410+00:00,2026-09-10 17:16:08.636385+00:00,2026-09-10 17:16:23.305960+00:00,2026-09-10 17:16:23.306443+00:00,,,,,0.11900000000000001,14669.575,1.0250000000000001,0.483,36.545,46.32,14753.042000000001,CONFIRMED
M01,61408,2026-09-10 17:16:23.412942+00:00,2026-09-10 17:16:23.456136+00:00,2026-09-10 17:16:08.669367+00:00,2026-09-10 17:16:08.670125+00:00,2026-09-10 17:16:08.669523+00:00,2026-09-10 17:16:23.390168+00:00,2026-09-10 17:16:23.390914+00:00,,,,,0.156,14720.644999999999,0.602,0.746,22.028,43.194,14786.769,CONFIRMED
M01,61409,2026-09-10 17:16:23.502147+00:00,2026-09-10 17:16:23.550942+00:00,2026-09-10 17:16:08.699736+00:00,2026-09-10 17:16:08.700883+00:00,2026-09-10 17:16:08.699884+00:00,2026-09-10 17:16:23.458065+00:00,2026-09-10 17:16:23.458627+00:00,,,,,0.148,14758.181,0.9990000000000001,0.562,43.52,48.794999999999995,14851.206,CONFIRMED
M01,61410,2026-09-10 17:16:23.576512+00:00,2026-09-10 17:16:23.623144+00:00,2026-09-10 17:16:08.729248+00:00,2026-09-10 17:16:08.732654+00:00,2026-09-10 17:16:08.729397+00:00,2026-09-10 17:16:23.551762+00:00,2026-09-10 17:16:23.552268+00:00,,,,,0.149,14822.365,3.257,0.506,24.244000000000003,46.632,14893.896,CONFIRMED
M01,61411,2026-09-10 17:16:23.646992+00:00,2026-09-10 17:16:23.697383+00:00,2026-09-10 17:16:08.759956+00:00,2026-09-10 17:16:08.760555+00:00,2026-09-10 17:16:08.760036+00:00,2026-09-10 17:16:23.623941+00:00,2026-09-10 17:16:23.624437+00:00,,,,,0.08,14863.905,0.519,0.496,22.555,50.391,14937.427,CONFIRMED
M01,61412,2026-09-10 17:16:23.721962+00:00,2026-09-10 17:16:23.764662+00:00,2026-09-10 17:16:08.787396+00:00,2026-09-10 17:16:08.788513+00:00,2026-09-10 17:16:08.787539+00:00,2026-09-10 17:16:23.698157+00:00,2026-09-10 17:16:23.698711+00:00,,,,,0.14300000000000002,14910.617999999999,0.9740000000000001,0.554,23.251,42.7,14977.266,CONFIRMED
M01,61413,2026-09-10 17:16:23.792866+00:00,2026-09-10 17:16:23.834148+00:00,2026-09-10 17:16:08.815301+00:00,2026-09-10 17:16:08.816077+00:00,2026-09-10 17:16:08.815438+00:00,2026-09-10 17:16:23.765374+00:00,2026-09-10 17:16:23.765815+00:00,,,,,0.13699999999999998,14949.936,0.639,0.441,27.051,41.282,15018.847,CONFIRMED
M01,61414,2026-09-10 17:16:23.864514+00:00,2026-09-10 17:16:23.908098+00:00,2026-09-10 17:16:08.843872+00:00,2026-09-10 17:16:08.844472+00:00,2026-09-10 17:16:08.844010+00:00,2026-09-10 17:16:23.834923+00:00,2026-09-10 17:16:23.835365+00:00,,,,,0.13799999999999998,14990.913,0.462,0.442,29.149,43.583999999999996,15064.226,CONFIRMED
M01,61415,2026-09-10 17:16:23.936094+00:00,2026-09-10 17:16:23.983758+00:00,2026-09-10 17:16:08.873155+00:00,2026-09-10 17:16:08.873914+00:00,2026-09-10 17:16:08.873299+00:00,2026-09-10 17:16:23.908753+00:00,2026-09-10 17:16:23.909237+00:00,,,,,0.14400000000000002,15035.454,0.615,0.484,26.857,47.664,15110.603,CONFIRMED
M01,61416,2026-09-10 17:16:24.014139+00:00,2026-09-10 17:16:24.061546+00:00,2026-09-10 17:16:08.900774+00:00,2026-09-10 17:16:08.902670+00:00,2026-09-10 17:16:08.900950+00:00,2026-09-10 17:16:23.984479+00:00,2026-09-10 17:16:23.984912+00:00,,,,,0.176,15083.529,1.72,0.433,29.227,47.407,15160.771999999999,CONFIRMED
M01,61417,2026-09-10 17:16:24.087144+00:00,2026-09-10 17:16:24.128727+00:00,2026-09-10 17:16:08.935037+00:00,2026-09-10 17:16:08.935745+00:00,2026-09-10 17:16:08.935152+00:00,2026-09-10 17:16:24.062534+00:00,2026-09-10 17:16:24.063016+00:00,,,,,0.115,15127.382000000001,0.593,0.482,24.128,41.583,15193.69,CONFIRMED
M01,61418,2026-09-10 17:16:24.160317+00:00,2026-09-10 17:16:24.202507+00:00,2026-09-10 17:16:08.962435+00:00,2026-09-10 17:16:08.963141+00:00,2026-09-10 17:16:08.962549+00:00,2026-09-10 17:16:24.129606+00:00,2026-09-10 17:16:24.130344+00:00,,,,,0.114,15167.057,0.592,0.7380000000000001,29.973,42.19,15240.072,CONFIRMED
M01,61419,2026-09-10 17:16:24.229561+00:00,2026-09-10 17:16:24.272361+00:00,2026-09-10 17:16:08.990408+00:00,2026-09-10 17:16:08.991219+00:00,2026-09-10 17:16:08.990549+00:00,2026-09-10 17:16:24.203425+00:00,2026-09-10 17:16:24.203935+00:00,,,,,0.14100000000000001,15212.876,0.67,0.51,25.626,42.8,15281.953,CONFIRMED
M01,61420,2026-09-10 17:16:24.306421+00:00,2026-09-10 17:16:24.349300+00:00,2026-09-10 17:16:09.022320+00:00,2026-09-10 17:16:09.023070+00:00,2026-09-10 17:16:09.022484+00:00,2026-09-10 17:16:24.273278+00:00,2026-09-10 17:16:24.273902+00:00,,,,,0.164,15250.794000000002,0.5860000000000001,0.624,32.519,42.879,15326.980000000001,CONFIRMED
M01,61421,2026-09-10 17:16:24.375552+00:00,2026-09-10 17:16:24.428569+00:00,2026-09-10 17:16:09.050046+00:00,2026-09-10 17:16:09.050869+00:00,2026-09-10 17:16:09.050189+00:00,2026-09-10 17:16:24.350136+00:00,2026-09-10 17:16:24.350572+00:00,,,,,0.14300000000000002,15299.947,0.68,0.43600000000000005,24.98,53.017,15378.523,CONFIRMED
M01,61422,2026-09-10 17:16:24.450406+00:00,2026-09-10 17:16:24.493431+00:00,2026-09-10 17:16:09.077220+00:00,2026-09-10 17:16:09.078139+00:00,2026-09-10 17:16:09.077344+00:00,2026-09-10 17:16:24.429255+00:00,2026-09-10 17:16:24.429704+00:00,,,,,0.124,15351.911,0.795,0.449,20.702,43.025,15416.211000000001,CONFIRMED
M01,61423,2026-09-10 17:16:24.523526+00:00,2026-09-10 17:16:24.570719+00:00,2026-09-10 17:16:09.104896+00:00,2026-09-10 17:16:09.106366+00:00,2026-09-10 17:16:09.105026+00:00,2026-09-10 17:16:24.494160+00:00,2026-09-10 17:16:24.494906+00:00,,,,,0.12999999999999998,15389.134,1.34,0.746,28.62,47.193,15465.823,CONFIRMED
M01,61424,2026-09-10 17:16:24.607270+00:00,2026-09-10 17:16:24.662394+00:00,2026-09-10 17:16:09.133898+00:00,2026-09-10 17:16:09.134752+00:00,2026-09-10 17:16:09.134052+00:00,2026-09-10 17:16:24.573291+00:00,2026-09-10 17:16:24.573849+00:00,,,,,0.154,15439.239000000001,0.7,0.558,33.421,55.124,15528.496000000001,CONFIRMED
M01,61425,2026-09-10 17:16:24.695494+00:00,2026-09-10 17:16:24.748807+00:00,2026-09-10 17:16:09.161495+00:00,2026-09-10 17:16:09.161957+00:00,2026-09-10 17:16:09.161603+00:00,2026-09-10 17:16:24.663161+00:00,2026-09-10 17:16:24.663708+00:00,,,,,0.108,15501.557999999999,0.354,0.5469999999999999,31.786,53.313,15587.312,CONFIRMED
M01,61426,2026-09-10 17:16:24.769602+00:00,2026-09-10 17:16:24.823225+00:00,2026-09-10 17:16:09.189162+00:00,2026-09-10 17:16:09.189707+00:00,2026-09-10 17:16:09.189284+00:00,2026-09-10 17:16:24.749286+00:00,2026-09-10 17:16:24.749644+00:00,,,,,0.122,15560.002,0.423,0.358,19.958,53.623,15634.063,CONFIRMED
M01,61427,2026-09-10 17:16:24.857688+00:00,2026-09-10 17:16:24.911680+00:00,2026-09-10 17:16:09.217717+00:00,2026-09-10 17:16:09.219529+00:00,2026-09-10 17:16:09.217871+00:00,2026-09-10 17:16:24.824101+00:00,2026-09-10 17:16:24.824601+00:00,,,,,0.154,15606.23,1.658,0.5,33.086999999999996,53.992,15693.963,CONFIRMED
M01,61428,2026-09-10 17:16:24.938968+00:00,2026-09-10 17:16:24.986956+00:00,2026-09-10 17:16:09.247753+00:00,2026-09-10 17:16:09.251909+00:00,2026-09-10 17:16:09.247913+00:00,2026-09-10 17:16:24.912382+00:00,2026-09-10 17:16:24.912758+00:00,,,,,0.16,15664.469000000001,3.9960000000000004,0.376,26.21,47.988,15739.203,CONFIRMED
M01,61429,2026-09-10 17:16:25.027372+00:00,2026-09-10 17:16:25.080555+00:00,2026-09-10 17:16:09.286091+00:00,2026-09-10 17:16:09.286805+00:00,2026-09-10 17:16:09.286231+00:00,2026-09-10 17:16:24.987492+00:00,2026-09-10 17:16:24.987881+00:00,,,,,0.13999999999999999,15701.261,0.574,0.389,39.491,53.183,15794.464,CONFIRMED
M01,61430,2026-09-10 17:16:25.103844+00:00,2026-09-10 17:16:25.150636+00:00,2026-09-10 17:16:09.315429+00:00,2026-09-10 17:16:09.316070+00:00,2026-09-10 17:16:09.315567+00:00,2026-09-10 17:16:25.081333+00:00,2026-09-10 17:16:25.081791+00:00,,,,,0.13799999999999998,15765.766,0.503,0.458,22.053,46.792,15835.207,CONFIRMED
M01,61431,2026-09-10 17:16:25.192192+00:00,2026-09-10 17:16:25.237501+00:00,2026-09-10 17:16:09.343106+00:00,2026-09-10 17:16:09.343962+00:00,2026-09-10 17:16:09.343233+00:00,2026-09-10 17:16:25.151690+00:00,2026-09-10 17:16:25.152181+00:00,,,,,0.127,15808.457,0.7290000000000001,0.491,40.010999999999996,45.309000000000005,15894.394999999999,CONFIRMED
M01,61432,2026-09-10 17:16:25.261660+00:00,2026-09-10 17:16:25.304369+00:00,2026-09-10 17:16:09.370663+00:00,2026-09-10 17:16:09.371306+00:00,2026-09-10 17:16:09.370811+00:00,2026-09-10 17:16:25.238220+00:00,2026-09-10 17:16:25.238600+00:00,,,,,0.148,15867.409,0.495,0.38,23.060000000000002,42.708999999999996,15933.706,CONFIRMED
M01,61433,2026-09-10 17:16:25.337973+00:00,2026-09-10 17:16:25.390440+00:00,2026-09-10 17:16:09.398435+00:00,2026-09-10 17:16:09.399141+00:00,2026-09-10 17:16:09.398591+00:00,2026-09-10 17:16:25.305290+00:00,2026-09-10 17:16:25.305819+00:00,,,,,0.156,15906.699,0.55,0.5289999999999999,32.154,52.467,15992.005000000001,CONFIRMED
M01,61434,2026-09-10 17:16:25.421470+00:00,2026-09-10 17:16:25.474413+00:00,2026-09-10 17:16:09.425863+00:00,2026-09-10 17:16:09.426430+00:00,2026-09-10 17:16:09.425982+00:00,2026-09-10 17:16:25.391149+00:00,2026-09-10 17:16:25.391751+00:00,,,,,0.11900000000000001,15965.167,0.448,0.602,29.718999999999998,52.943,16048.55,CONFIRMED
M01,61435,2026-09-10 17:16:25.509030+00:00,2026-09-10 17:16:25.559222+00:00,2026-09-10 17:16:09.456203+00:00,2026-09-10 17:16:09.456846+00:00,2026-09-10 17:16:09.456342+00:00,2026-09-10 17:16:25.475177+00:00,2026-09-10 17:16:25.475977+00:00,,,,,0.13899999999999998,16018.835,0.504,0.8,33.053,50.192,16103.019,CONFIRMED
M01,61436,2026-09-10 17:16:25.591974+00:00,2026-09-10 17:16:25.654059+00:00,2026-09-10 17:16:09.484362+00:00,2026-09-10 17:16:09.485170+00:00,2026-09-10 17:16:09.484510+00:00,2026-09-10 17:16:25.559960+00:00,2026-09-10 17:16:25.560559+00:00,,,,,0.148,16075.45,0.66,0.599,31.415,62.085,16169.697,CONFIRMED
M01,61437,2026-09-10 17:16:25.681106+00:00,2026-09-10 17:16:25.731255+00:00,2026-09-10 17:16:09.511608+00:00,2026-09-10 17:16:09.512583+00:00,2026-09-10 17:16:09.511692+00:00,2026-09-10 17:16:25.654691+00:00,2026-09-10 17:16:25.655076+00:00,,,,,0.08399999999999999,16142.999,0.891,0.38499999999999995,26.03,50.149,16219.646999999999,CONFIRMED
M01,61438,2026-09-10 17:16:25.763209+00:00,2026-09-10 17:16:25.815833+00:00,2026-09-10 17:16:09.539473+00:00,2026-09-10 17:16:09.542949+00:00,2026-09-10 17:16:09.539628+00:00,2026-09-10 17:16:25.732019+00:00,2026-09-10 17:16:25.732398+00:00,,,,,0.155,16192.391000000001,3.321,0.379,30.811,52.623999999999995,16276.36,CONFIRMED
M01,61439,2026-09-10 17:16:25.856354+00:00,2026-09-10 17:16:25.917274+00:00,2026-09-10 17:16:09.569694+00:00,2026-09-10 17:16:09.570382+00:00,2026-09-10 17:16:09.569854+00:00,2026-09-10 17:16:25.816541+00:00,2026-09-10 17:16:25.817169+00:00,,,,,0.16,16246.687000000002,0.528,0.628,39.184999999999995,60.92,16347.58,CONFIRMED
M01,61440,2026-09-10 17:16:25.954694+00:00,2026-09-10 17:16:26.009192+00:00,2026-09-10 17:16:09.597607+00:00,2026-09-10 17:16:09.598183+00:00,2026-09-10 17:16:09.597750+00:00,2026-09-10 17:16:25.917982+00:00,2026-09-10 17:16:25.918712+00:00,,,,,0.14300000000000002,16320.232,0.433,0.73,35.982,54.498,16411.585,CONFIRMED
M01,61441,2026-09-10 17:16:26.043415+00:00,2026-09-10 17:16:26.094105+00:00,2026-09-10 17:16:09.625146+00:00,2026-09-10 17:16:09.625845+00:00,2026-09-10 17:16:09.625276+00:00,2026-09-10 17:16:26.009967+00:00,2026-09-10 17:16:26.010612+00:00,,,,,0.12999999999999998,16384.691,0.569,0.6449999999999999,32.803,50.69,16468.959000000003,CONFIRMED
M01,61442,2026-09-10 17:16:26.129312+00:00,2026-09-10 17:16:26.175153+00:00,2026-09-10 17:16:09.653257+00:00,2026-09-10 17:16:09.656634+00:00,2026-09-10 17:16:09.653403+00:00,2026-09-10 17:16:26.094887+00:00,2026-09-10 17:16:26.095396+00:00,,,,,0.146,16441.484,3.231,0.509,33.916000000000004,45.841,16521.896,CONFIRMED
M01,61443,2026-09-10 17:16:26.213293+00:00,2026-09-10 17:16:26.267659+00:00,2026-09-10 17:16:09.684200+00:00,2026-09-10 17:16:09.687029+00:00,2026-09-10 17:16:09.684295+00:00,2026-09-10 17:16:26.175892+00:00,2026-09-10 17:16:26.176467+00:00,,,,,0.095,16491.596999999998,2.734,0.575,36.826,54.366,16583.459000000003,CONFIRMED
M01,61444,2026-09-10 17:16:26.297571+00:00,2026-09-10 17:16:26.348434+00:00,2026-09-10 17:16:09.716703+00:00,2026-09-10 17:16:09.718314+00:00,2026-09-10 17:16:09.716871+00:00,2026-09-10 17:16:26.268439+00:00,2026-09-10 17:16:26.268988+00:00,,,,,0.16799999999999998,16551.568,1.443,0.549,28.583000000000002,50.863,16631.731,CONFIRMED
M01,61445,2026-09-10 17:16:26.389180+00:00,2026-09-10 17:16:26.437437+00:00,2026-09-10 17:16:09.744894+00:00,2026-09-10 17:16:09.745740+00:00,2026-09-10 17:16:09.745022+00:00,2026-09-10 17:16:26.349440+00:00,2026-09-10 17:16:26.349888+00:00,,,,,0.128,16604.417999999998,0.718,0.448,39.292,48.257,16692.543,CONFIRMED
M01,61446,2026-09-10 17:16:26.467595+00:00,2026-09-10 17:16:26.516012+00:00,2026-09-10 17:16:09.773694+00:00,2026-09-10 17:16:09.774421+00:00,2026-09-10 17:16:09.773823+00:00,2026-09-10 17:16:26.438041+00:00,2026-09-10 17:16:26.438654+00:00,,,,,0.129,16664.217999999997,0.598,0.6130000000000001,28.941000000000003,48.417,16742.318,CONFIRMED
M01,61447,2026-09-10 17:16:26.538239+00:00,2026-09-10 17:16:26.583530+00:00,2026-09-10 17:16:09.802658+00:00,2026-09-10 17:16:09.804175+00:00,2026-09-10 17:16:09.802823+00:00,2026-09-10 17:16:26.516937+00:00,2026-09-10 17:16:26.517898+00:00,,,,,0.165,16714.113999999998,1.3519999999999999,0.9610000000000001,20.341,45.291,16780.872,CONFIRMED
M01,61448,2026-09-10 17:16:26.616462+00:00,2026-09-10 17:16:26.671443+00:00,2026-09-10 17:16:09.831229+00:00,2026-09-10 17:16:09.831926+00:00,2026-09-10 17:16:09.831334+00:00,2026-09-10 17:16:26.584503+00:00,2026-09-10 17:16:26.584918+00:00,,,,,0.10500000000000001,16753.168999999998,0.592,0.415,31.544000000000004,54.981,16840.214,CONFIRMED
M01,61449,2026-09-10 17:16:26.694376+00:00,2026-09-10 17:16:26.741781+00:00,2026-09-10 17:16:09.862827+00:00,2026-09-10 17:16:09.863608+00:00,2026-09-10 17:16:09.862947+00:00,2026-09-10 17:16:26.671979+00:00,2026-09-10 17:16:26.672385+00:00,,,,,0.12000000000000001,16809.032,0.661,0.406,21.991,47.405,16878.954,CONFIRMED
M01,61450,2026-09-10 17:16:26.774980+00:00,2026-09-10 17:16:26.820254+00:00,2026-09-10 17:16:09.890745+00:00,2026-09-10 17:16:09.891555+00:00,2026-09-10 17:16:09.890904+00:00,2026-09-10 17:16:26.742492+00:00,2026-09-10 17:16:26.742944+00:00,,,,,0.159,16851.588,0.651,0.45199999999999996,32.036,45.274,16929.509,CONFIRMED
M01,61451,2026-09-10 17:16:26.867499+00:00,2026-09-10 17:16:26.918890+00:00,2026-09-10 17:16:09.919305+00:00,2026-09-10 17:16:09.919948+00:00,2026-09-10 17:16:09.919443+00:00,2026-09-10 17:16:26.821120+00:00,2026-09-10 17:16:26.821765+00:00,,,,,0.13799999999999998,16901.677,0.505,0.6449999999999999,45.733999999999995,51.391,16999.585,CONFIRMED
M01,61452,2026-09-10 17:16:26.954742+00:00,2026-09-10 17:16:27.024727+00:00,2026-09-10 17:16:09.947137+00:00,2026-09-10 17:16:09.948013+00:00,2026-09-10 17:16:09.947250+00:00,2026-09-10 17:16:26.919740+00:00,2026-09-10 17:16:26.920130+00:00,,,,,0.11299999999999999,16972.49,0.763,0.39,34.611999999999995,69.985,17077.59,CONFIRMED
M01,61453,2026-09-10 17:16:27.059639+00:00,2026-09-10 17:16:27.122516+00:00,2026-09-10 17:16:09.975992+00:00,2026-09-10 17:16:09.976915+00:00,2026-09-10 17:16:09.976156+00:00,2026-09-10 17:16:27.027254+00:00,2026-09-10 17:16:27.027902+00:00,,,,,0.164,17051.097999999998,0.759,0.648,31.737000000000002,62.877,17146.523999999998,CONFIRMED
M01,61454,2026-09-10 17:16:27.152350+00:00,2026-09-10 17:16:27.201173+00:00,2026-09-10 17:16:10.003842+00:00,2026-09-10 17:16:10.005575+00:00,2026-09-10 17:16:10.004057+00:00,2026-09-10 17:16:27.123265+00:00,2026-09-10 17:16:27.123815+00:00,,,,,0.215,17119.208,1.518,0.55,28.535,48.823,17197.331,CONFIRMED
M01,61455,2026-09-10 17:16:27.235192+00:00,2026-09-10 17:16:27.279445+00:00,2026-09-10 17:16:10.033241+00:00,2026-09-10 17:16:10.037149+00:00,2026-09-10 17:16:10.033396+00:00,2026-09-10 17:16:27.202721+00:00,2026-09-10 17:16:27.203252+00:00,,,,,0.155,17169.325,3.7529999999999997,0.531,31.940000000000005,44.253,17246.203999999998,CONFIRMED
M01,61456,2026-09-10 17:16:27.318306+00:00,2026-09-10 17:16:27.364501+00:00,2026-09-10 17:16:10.064526+00:00,2026-09-10 17:16:10.065394+00:00,2026-09-10 17:16:10.064829+00:00,2026-09-10 17:16:27.279943+00:00,2026-09-10 17:16:27.280290+00:00,,,,,0.303,17215.114,0.565,0.347,38.016,46.195,17299.975,CONFIRMED
M01,61457,2026-09-10 17:16:27.391485+00:00,2026-09-10 17:16:27.443700+00:00,2026-09-10 17:16:10.094004+00:00,2026-09-10 17:16:10.094944+00:00,2026-09-10 17:16:10.094160+00:00,2026-09-10 17:16:27.365329+00:00,2026-09-10 17:16:27.365868+00:00,,,,,0.156,17271.169,0.784,0.539,25.617,52.214999999999996,17349.696,CONFIRMED
M01,61458,2026-09-10 17:16:27.481263+00:00,2026-09-10 17:16:27.536213+00:00,2026-09-10 17:16:10.121696+00:00,2026-09-10 17:16:10.122405+00:00,2026-09-10 17:16:10.121791+00:00,2026-09-10 17:16:27.444770+00:00,2026-09-10 17:16:27.445258+00:00,,,,,0.095,17322.979,0.614,0.488,36.005,54.949999999999996,17414.517,CONFIRMED
M01,61459,2026-09-10 17:16:27.561626+00:00,2026-09-10 17:16:27.608022+00:00,2026-09-10 17:16:10.149201+00:00,2026-09-10 17:16:10.150281+00:00,2026-09-10 17:16:10.149342+00:00,2026-09-10 17:16:27.536947+00:00,2026-09-10 17:16:27.537452+00:00,,,,,0.14100000000000001,17387.605,0.939,0.505,24.174,46.396,17458.821,CONFIRMED
M01,61460,2026-09-10 17:16:27.633438+00:00,2026-09-10 17:16:27.685723+00:00,2026-09-10 17:16:10.178514+00:00,2026-09-10 17:16:10.179296+00:00,2026-09-10 17:16:10.178654+00:00,2026-09-10 17:16:27.608786+00:00,2026-09-10 17:16:27.609415+00:00,,,,,0.13999999999999999,17430.132,0.642,0.629,24.023,52.285,17507.209,CONFIRMED
M01,61461,2026-09-10 17:16:27.713519+00:00,2026-09-10 17:16:27.766172+00:00,2026-09-10 17:16:10.209273+00:00,2026-09-10 17:16:10.213728+00:00,2026-09-10 17:16:10.209395+00:00,2026-09-10 17:16:27.686648+00:00,2026-09-10 17:16:27.687038+00:00,,,,,0.122,17477.253,4.333,0.39,26.481,52.653,17556.899,CONFIRMED
M01,61462,2026-09-10 17:16:27.795426+00:00,2026-09-10 17:16:27.839968+00:00,2026-09-10 17:16:10.242654+00:00,2026-09-10 17:16:10.243438+00:00,2026-09-10 17:16:10.242793+00:00,2026-09-10 17:16:27.767335+00:00,2026-09-10 17:16:27.768725+00:00,,,,,0.13899999999999998,17524.542,0.6449999999999999,1.39,26.701,44.542,17597.314000000002,CONFIRMED
M01,61463,2026-09-10 17:16:27.875591+00:00,2026-09-10 17:16:27.935391+00:00,2026-09-10 17:16:10.273841+00:00,2026-09-10 17:16:10.274727+00:00,2026-09-10 17:16:10.273965+00:00,2026-09-10 17:16:27.840814+00:00,2026-09-10 17:16:27.841474+00:00,,,,,0.124,17566.849000000002,0.762,0.66,34.117000000000004,59.8,17661.55,CONFIRMED
M01,61464,2026-09-10 17:16:27.961889+00:00,2026-09-10 17:16:28.019809+00:00,2026-09-10 17:16:10.302424+00:00,2026-09-10 17:16:10.303226+00:00,2026-09-10 17:16:10.302544+00:00,2026-09-10 17:16:27.936410+00:00,2026-09-10 17:16:27.936753+00:00,,,,,0.12000000000000001,17633.866,0.6819999999999999,0.34299999999999997,25.136,57.92,17717.385,CONFIRMED
M01,61465,2026-09-10 17:16:28.050111+00:00,2026-09-10 17:16:28.103527+00:00,2026-09-10 17:16:10.331836+00:00,2026-09-10 17:16:10.333092+00:00,2026-09-10 17:16:10.332041+00:00,2026-09-10 17:16:28.021414+00:00,2026-09-10 17:16:28.021968+00:00,,,,,0.205,17689.373,1.0510000000000002,0.554,28.143,53.416,17771.691,CONFIRMED
M01,61466,2026-09-10 17:16:28.143234+00:00,2026-09-10 17:16:28.224763+00:00,2026-09-10 17:16:10.359770+00:00,2026-09-10 17:16:10.360597+00:00,2026-09-10 17:16:10.359933+00:00,2026-09-10 17:16:28.104293+00:00,2026-09-10 17:16:28.104757+00:00,,,,,0.163,17744.36,0.664,0.464,38.477,81.52900000000001,17864.993,CONFIRMED
M01,61467,2026-09-10 17:16:28.264270+00:00,2026-09-10 17:16:28.346423+00:00,2026-09-10 17:16:10.392354+00:00,2026-09-10 17:16:10.392885+00:00,2026-09-10 17:16:10.392447+00:00,2026-09-10 17:16:28.225702+00:00,2026-09-10 17:16:28.226400+00:00,,,,,0.093,17833.255,0.438,0.6980000000000001,37.87,82.153,17954.069,CONFIRMED
M01,61468,2026-09-10 17:16:28.405714+00:00,2026-09-10 17:16:28.489335+00:00,2026-09-10 17:16:10.419420+00:00,2026-09-10 17:16:10.420017+00:00,2026-09-10 17:16:10.419509+00:00,2026-09-10 17:16:28.347378+00:00,2026-09-10 17:16:28.348156+00:00,,,,,0.089,17927.869000000002,0.508,0.778,57.558,83.621,18069.915,CONFIRMED
M01,61469,2026-09-10 17:16:28.545195+00:00,2026-09-10 17:16:28.610341+00:00,2026-09-10 17:16:10.447284+00:00,2026-09-10 17:16:10.448748+00:00,2026-09-10 17:16:10.447386+00:00,2026-09-10 17:16:28.490525+00:00,2026-09-10 17:16:28.491536+00:00,,,,,0.102,18043.139,1.3619999999999999,1.011,53.659,65.146,18163.056999999997,CONFIRMED
M01,61470,2026-09-10 17:16:28.648780+00:00,2026-09-10 17:16:28.711928+00:00,2026-09-10 17:16:10.475989+00:00,2026-09-10 17:16:10.476586+00:00,2026-09-10 17:16:10.476086+00:00,2026-09-10 17:16:28.611151+00:00,2026-09-10 17:16:28.611727+00:00,,,,,0.097,18135.065000000002,0.5,0.5760000000000001,37.053000000000004,63.147999999999996,18235.939,CONFIRMED
M01,61471,2026-09-10 17:16:28.744729+00:00,2026-09-10 17:16:28.800362+00:00,2026-09-10 17:16:10.503338+00:00,2026-09-10 17:16:10.504984+00:00,2026-09-10 17:16:10.503461+00:00,2026-09-10 17:16:28.712339+00:00,2026-09-10 17:16:28.712639+00:00,,,,,0.12300000000000001,18208.877999999997,1.5230000000000001,0.3,32.09,55.633,18297.024,CONFIRMED
M01,61472,2026-09-10 17:16:28.845628+00:00,2026-09-10 17:16:28.937625+00:00,2026-09-10 17:16:10.532474+00:00,2026-09-10 17:16:10.533415+00:00,2026-09-10 17:16:10.532617+00:00,2026-09-10 17:16:28.801402+00:00,2026-09-10 17:16:28.802160+00:00,,,,,0.14300000000000002,18268.785,0.798,0.758,43.467999999999996,91.997,18405.151,CONFIRMED
M01,61473,2026-09-10 17:16:28.966888+00:00,2026-09-10 17:16:29.013750+00:00,2026-09-10 17:16:10.560672+00:00,2026-09-10 17:16:10.561534+00:00,2026-09-10 17:16:10.560835+00:00,2026-09-10 17:16:28.938323+00:00,2026-09-10 17:16:28.939002+00:00,,,,,0.163,18377.488,0.699,0.679,27.886000000000003,46.862,18453.078,CONFIRMED
M01,61474,2026-09-10 17:16:29.053238+00:00,2026-09-10 17:16:29.104814+00:00,2026-09-10 17:16:10.589028+00:00,2026-09-10 17:16:10.589828+00:00,2026-09-10 17:16:10.589130+00:00,2026-09-10 17:16:29.014530+00:00,2026-09-10 17:16:29.015035+00:00,,,,,0.102,18425.4,0.6980000000000001,0.505,38.203,51.57599999999999,18515.786,CONFIRMED
M01,61475,2026-09-10 17:16:29.146772+00:00,2026-09-10 17:16:29.225020+00:00,2026-09-10 17:16:10.616731+00:00,2026-09-10 17:16:10.617591+00:00,2026-09-10 17:16:10.616860+00:00,2026-09-10 17:16:29.105842+00:00,2026-09-10 17:16:29.106343+00:00,,,,,0.129,18488.982,0.731,0.501,40.429,78.248,18608.289,CONFIRMED
M01,61476,2026-09-10 17:16:29.269242+00:00,2026-09-10 17:16:29.323460+00:00,2026-09-10 17:16:10.644245+00:00,2026-09-10 17:16:10.645124+00:00,2026-09-10 17:16:10.644356+00:00,2026-09-10 17:16:29.226139+00:00,2026-09-10 17:16:29.227186+00:00,,,,,0.111,18581.783000000003,0.768,1.047,42.056000000000004,54.218,18679.215,CONFIRMED
M01,61477,2026-09-10 17:16:29.360818+00:00,2026-09-10 17:16:29.408703+00:00,2026-09-10 17:16:10.672711+00:00,2026-09-10 17:16:10.673818+00:00,2026-09-10 17:16:10.672832+00:00,2026-09-10 17:16:29.324244+00:00,2026-09-10 17:16:29.324674+00:00,,,,,0.121,18651.412,0.9859999999999999,0.43,36.144000000000005,47.885,18735.992,CONFIRMED
M01,61478,2026-09-10 17:16:29.436220+00:00,2026-09-10 17:16:29.487125+00:00,2026-09-10 17:16:10.700903+00:00,2026-09-10 17:16:10.701958+00:00,2026-09-10 17:16:10.701022+00:00,2026-09-10 17:16:29.409589+00:00,2026-09-10 17:16:29.410163+00:00,,,,,0.11900000000000001,18708.567,0.9359999999999999,0.574,26.057,50.905,18786.221999999998,CONFIRMED
M01,61479,2026-09-10 17:16:29.516738+00:00,2026-09-10 17:16:29.572559+00:00,2026-09-10 17:16:10.728579+00:00,2026-09-10 17:16:10.732713+00:00,2026-09-10 17:16:10.728707+00:00,2026-09-10 17:16:29.487886+00:00,2026-09-10 17:16:29.488372+00:00,,,,,0.128,18759.179,4.006,0.486,28.366,55.821000000000005,18843.98,CONFIRMED
M01,61480,2026-09-10 17:16:29.606999+00:00,2026-09-10 17:16:29.649941+00:00,2026-09-10 17:16:10.759919+00:00,2026-09-10 17:16:10.760958+00:00,2026-09-10 17:16:10.760063+00:00,2026-09-10 17:16:29.573194+00:00,2026-09-10 17:16:29.573757+00:00,,,,,0.14400000000000002,18813.130999999998,0.895,0.5630000000000001,33.242,42.942,18890.021999999997,CONFIRMED
M01,61481,2026-09-10 17:16:29.685636+00:00,2026-09-10 17:16:29.732383+00:00,2026-09-10 17:16:10.787703+00:00,2026-09-10 17:16:10.788606+00:00,2026-09-10 17:16:10.787802+00:00,2026-09-10 17:16:29.653245+00:00,2026-09-10 17:16:29.653811+00:00,,,,,0.09899999999999999,18865.443,0.804,0.566,31.825,46.747,18944.679999999997,CONFIRMED
M01,61482,2026-09-10 17:16:29.774568+00:00,2026-09-10 17:16:29.825479+00:00,2026-09-10 17:16:10.815538+00:00,2026-09-10 17:16:10.816429+00:00,2026-09-10 17:16:10.815624+00:00,2026-09-10 17:16:29.733021+00:00,2026-09-10 17:16:29.733522+00:00,,,,,0.08600000000000001,18917.397,0.805,0.501,41.046,50.911,19009.941000000003,CONFIRMED
M01,61483,2026-09-10 17:16:29.852045+00:00,2026-09-10 17:16:29.900605+00:00,2026-09-10 17:16:10.843470+00:00,2026-09-10 17:16:10.844931+00:00,2026-09-10 17:16:10.843578+00:00,2026-09-10 17:16:29.825883+00:00,2026-09-10 17:16:29.826361+00:00,,,,,0.108,18982.305,1.353,0.47800000000000004,25.683999999999997,48.56,19057.135,CONFIRMED
M01,61484,2026-09-10 17:16:29.932466+00:00,2026-09-10 17:16:29.995563+00:00,2026-09-10 17:16:10.872085+00:00,2026-09-10 17:16:10.874434+00:00,2026-09-10 17:16:10.872210+00:00,2026-09-10 17:16:29.901543+00:00,2026-09-10 17:16:29.902072+00:00,,,,,0.125,19029.333000000002,2.2239999999999998,0.5289999999999999,30.394000000000002,63.097,19123.478,CONFIRMED
M01,61485,2026-09-10 17:16:30.027705+00:00,2026-09-10 17:16:30.067678+00:00,2026-09-10 17:16:10.901366+00:00,2026-09-10 17:16:10.902321+00:00,2026-09-10 17:16:10.901536+00:00,2026-09-10 17:16:29.996224+00:00,2026-09-10 17:16:29.996561+00:00,,,,,0.17,19094.688000000002,0.785,0.337,31.144000000000002,39.973,19166.312,CONFIRMED
M01,61486,2026-09-10 17:16:30.096915+00:00,2026-09-10 17:16:30.146531+00:00,2026-09-10 17:16:10.929716+00:00,2026-09-10 17:16:10.931836+00:00,2026-09-10 17:16:10.929882+00:00,2026-09-10 17:16:30.068212+00:00,2026-09-10 17:16:30.068629+00:00,,,,,0.166,19138.329999999998,1.954,0.417,28.285999999999998,49.616,19216.815,CONFIRMED
M01,61487,2026-09-10 17:16:30.172254+00:00,2026-09-10 17:16:30.228811+00:00,2026-09-10 17:16:10.958298+00:00,2026-09-10 17:16:10.961663+00:00,2026-09-10 17:16:10.958393+00:00,2026-09-10 17:16:30.147290+00:00,2026-09-10 17:16:30.148049+00:00,,,,,0.095,19188.897,3.27,0.759,24.205000000000002,56.557,19270.513000000003,CONFIRMED
M01,61488,2026-09-10 17:16:30.257530+00:00,2026-09-10 17:16:30.298375+00:00,2026-09-10 17:16:10.993424+00:00,2026-09-10 17:16:10.994172+00:00,2026-09-10 17:16:10.993553+00:00,2026-09-10 17:16:30.229627+00:00,2026-09-10 17:16:30.230164+00:00,,,,,0.129,19236.073999999997,0.619,0.537,27.366,40.845,19304.950999999997,CONFIRMED
M01,61489,2026-09-10 17:16:30.331077+00:00,2026-09-10 17:16:30.389133+00:00,2026-09-10 17:16:11.021669+00:00,2026-09-10 17:16:11.022311+00:00,2026-09-10 17:16:11.021805+00:00,2026-09-10 17:16:30.299052+00:00,2026-09-10 17:16:30.299528+00:00,,,,,0.136,19277.247,0.506,0.47600000000000003,31.549,58.056000000000004,19367.464,CONFIRMED
M01,61490,2026-09-10 17:16:30.426936+00:00,2026-09-10 17:16:30.472979+00:00,2026-09-10 17:16:11.056731+00:00,2026-09-10 17:16:11.057722+00:00,2026-09-10 17:16:11.056944+00:00,2026-09-10 17:16:30.389704+00:00,2026-09-10 17:16:30.390244+00:00,,,,,0.213,19332.760000000002,0.778,0.54,36.692,46.043,19416.248,CONFIRMED
M01,61491,2026-09-10 17:16:30.497023+00:00,2026-09-10 17:16:30.552339+00:00,2026-09-10 17:16:11.087017+00:00,2026-09-10 17:16:11.088179+00:00,2026-09-10 17:16:11.087109+00:00,2026-09-10 17:16:30.473982+00:00,2026-09-10 17:16:30.474388+00:00,,,,,0.092,19386.873,1.07,0.406,22.634999999999998,55.315999999999995,19465.322,CONFIRMED
M01,61492,2026-09-10 17:16:30.590634+00:00,2026-09-10 17:16:30.644030+00:00,2026-09-10 17:16:11.114857+00:00,2026-09-10 17:16:11.115582+00:00,2026-09-10 17:16:11.115024+00:00,2026-09-10 17:16:30.553082+00:00,2026-09-10 17:16:30.553541+00:00,,,,,0.16699999999999998,19438.058,0.558,0.45899999999999996,37.093,53.396,19529.173,CONFIRMED
M01,61493,2026-09-10 17:16:30.674534+00:00,2026-09-10 17:16:30.725234+00:00,2026-09-10 17:16:11.142782+00:00,2026-09-10 17:16:11.143500+00:00,2026-09-10 17:16:11.142919+00:00,2026-09-10 17:16:30.646317+00:00,2026-09-10 17:16:30.646825+00:00,,,,,0.13699999999999998,19503.398,0.5810000000000001,0.508,27.709,50.7,19582.452,CONFIRMED
M01,61494,2026-09-10 17:16:30.756756+00:00,2026-09-10 17:16:30.815904+00:00,2026-09-10 17:16:11.170172+00:00,2026-09-10 17:16:11.170836+00:00,2026-09-10 17:16:11.170321+00:00,2026-09-10 17:16:30.725963+00:00,2026-09-10 17:16:30.726543+00:00,,,,,0.149,19555.642,0.515,0.58,30.213,59.147999999999996,19645.732,CONFIRMED
M01,61495,2026-09-10 17:16:30.853110+00:00,2026-09-10 17:16:30.901002+00:00,2026-09-10 17:16:11.203083+00:00,2026-09-10 17:16:11.203790+00:00,2026-09-10 17:16:11.203299+00:00,2026-09-10 17:16:30.816629+00:00,2026-09-10 17:16:30.817173+00:00,,,,,0.216,19613.33,0.491,0.544,35.937,47.891999999999996,19697.918999999998,CONFIRMED
M01,61496,2026-09-10 17:16:30.926934+00:00,2026-09-10 17:16:30.981515+00:00,2026-09-10 17:16:11.231273+00:00,2026-09-10 17:16:11.232307+00:00,2026-09-10 17:16:11.231379+00:00,2026-09-10 17:16:30.902153+00:00,2026-09-10 17:16:30.902473+00:00,,,,,0.106,19670.774,0.928,0.32,24.461,54.580999999999996,19750.242,CONFIRMED
M01,61497,2026-09-10 17:16:31.047587+00:00,2026-09-10 17:16:31.183358+00:00,2026-09-10 17:16:11.259973+00:00,2026-09-10 17:16:11.261135+00:00,2026-09-10 17:16:11.260170+00:00,2026-09-10 17:16:30.982315+00:00,2026-09-10 17:16:30.982838+00:00,,,,,0.19699999999999998,19722.145,0.9650000000000001,0.523,64.749,135.77100000000002,19923.385,CONFIRMED
M01,61498,2026-09-10 17:16:31.213012+00:00,2026-09-10 17:16:31.272870+00:00,2026-09-10 17:16:11.288344+00:00,2026-09-10 17:16:11.289767+00:00,2026-09-10 17:16:11.288586+00:00,2026-09-10 17:16:31.184041+00:00,2026-09-10 17:16:31.184677+00:00,,,,,0.242,19895.454999999998,1.181,0.636,28.335,59.858000000000004,19984.525999999998,CONFIRMED
M01,61499,2026-09-10 17:16:31.309448+00:00,2026-09-10 17:16:31.354019+00:00,2026-09-10 17:16:11.317619+00:00,2026-09-10 17:16:11.318438+00:00,2026-09-10 17:16:11.317818+00:00,2026-09-10 17:16:31.274110+00:00,2026-09-10 17:16:31.274645+00:00,,,,,0.199,19956.292,0.62,0.535,34.803,44.571,20036.4,CONFIRMED
M01,61500,2026-09-10 17:16:31.378302+00:00,2026-09-10 17:16:31.425833+00:00,2026-09-10 17:16:11.345242+00:00,2026-09-10 17:16:11.346785+00:00,2026-09-10 17:16:11.345335+00:00,2026-09-10 17:16:31.354450+00:00,2026-09-10 17:16:31.354761+00:00,,,,,0.093,20009.115,1.45,0.311,23.541,47.531,20080.590999999997,CONFIRMED
M01,61501,2026-09-10 17:16:31.459258+00:00,2026-09-10 17:16:31.501311+00:00,2026-09-10 17:16:11.373373+00:00,2026-09-10 17:16:11.373922+00:00,2026-09-10 17:16:11.373497+00:00,2026-09-10 17:16:31.426830+00:00,2026-09-10 17:16:31.427323+00:00,,,,,0.124,20053.333,0.425,0.49299999999999994,31.935,42.053,20127.938000000002,CONFIRMED
M01,61502,2026-09-10 17:16:31.531688+00:00,2026-09-10 17:16:31.596538+00:00,2026-09-10 17:16:11.401579+00:00,2026-09-10 17:16:11.402071+00:00,2026-09-10 17:16:11.401685+00:00,2026-09-10 17:16:31.502004+00:00,2026-09-10 17:16:31.502517+00:00,,,,,0.106,20100.319,0.386,0.513,29.171,64.85000000000001,20194.959000000003,CONFIRMED
M01,61503,2026-09-10 17:16:31.626341+00:00,2026-09-10 17:16:31.665493+00:00,2026-09-10 17:16:11.429192+00:00,2026-09-10 17:16:11.429720+00:00,2026-09-10 17:16:11.429316+00:00,2026-09-10 17:16:31.597057+00:00,2026-09-10 17:16:31.597386+00:00,,,,,0.124,20167.740999999998,0.404,0.32899999999999996,28.955000000000002,39.152,20236.301,CONFIRMED
M01,61504,2026-09-10 17:16:31.693592+00:00,2026-09-10 17:16:31.752960+00:00,2026-09-10 17:16:11.456485+00:00,2026-09-10 17:16:11.457143+00:00,2026-09-10 17:16:11.456587+00:00,2026-09-10 17:16:31.666247+00:00,2026-09-10 17:16:31.666685+00:00,,,,,0.102,20209.66,0.5559999999999999,0.438,26.907,59.367999999999995,20296.475000000002,CONFIRMED
M01,61505,2026-09-10 17:16:31.776796+00:00,2026-09-10 17:16:31.830071+00:00,2026-09-10 17:16:11.484485+00:00,2026-09-10 17:16:11.485051+00:00,2026-09-10 17:16:11.484608+00:00,2026-09-10 17:16:31.754582+00:00,2026-09-10 17:16:31.755197+00:00,,,,,0.12300000000000001,20269.974000000002,0.443,0.615,21.599,53.275000000000006,20345.586,CONFIRMED
M01,61506,2026-09-10 17:16:31.865627+00:00,2026-09-10 17:16:31.908378+00:00,2026-09-10 17:16:11.512086+00:00,2026-09-10 17:16:11.512905+00:00,2026-09-10 17:16:11.512281+00:00,2026-09-10 17:16:31.831589+00:00,2026-09-10 17:16:31.832116+00:00,,,,,0.195,20319.308,0.624,0.527,33.510999999999996,42.751,20396.291999999998,CONFIRMED
M01,61507,2026-09-10 17:16:31.945937+00:00,2026-09-10 17:16:31.994594+00:00,2026-09-10 17:16:11.544436+00:00,2026-09-10 17:16:11.546470+00:00,2026-09-10 17:16:11.544556+00:00,2026-09-10 17:16:31.909028+00:00,2026-09-10 17:16:31.909485+00:00,,,,,0.12000000000000001,20364.471999999998,1.914,0.457,36.452,48.657,20450.158,CONFIRMED
M01,61508,2026-09-10 17:16:32.027215+00:00,2026-09-10 17:16:32.071105+00:00,2026-09-10 17:16:11.573281+00:00,2026-09-10 17:16:11.574771+00:00,2026-09-10 17:16:11.573447+00:00,2026-09-10 17:16:31.995257+00:00,2026-09-10 17:16:31.995742+00:00,,,,,0.166,20421.81,1.324,0.48500000000000004,31.473000000000003,43.89,20497.824,CONFIRMED
M01,61509,2026-09-10 17:16:32.096755+00:00,2026-09-10 17:16:32.144325+00:00,2026-09-10 17:16:11.602310+00:00,2026-09-10 17:16:11.603160+00:00,2026-09-10 17:16:11.602445+00:00,2026-09-10 17:16:32.072121+00:00,2026-09-10 17:16:32.072726+00:00,,,,,0.135,20469.676,0.7150000000000001,0.605,24.029,47.57,20542.015,CONFIRMED
M01,61510,2026-09-10 17:16:32.171003+00:00,2026-09-10 17:16:32.221874+00:00,2026-09-10 17:16:11.633335+00:00,2026-09-10 17:16:11.637121+00:00,2026-09-10 17:16:11.633472+00:00,2026-09-10 17:16:32.145119+00:00,2026-09-10 17:16:32.145649+00:00,,,,,0.13699999999999998,20511.647,3.649,0.53,25.354000000000003,50.871,20588.539,CONFIRMED
M01,61511,2026-09-10 17:16:32.256726+00:00,2026-09-10 17:16:32.305316+00:00,2026-09-10 17:16:11.663911+00:00,2026-09-10 17:16:11.664604+00:00,2026-09-10 17:16:11.664088+00:00,2026-09-10 17:16:32.222824+00:00,2026-09-10 17:16:32.223358+00:00,,,,,0.177,20558.736,0.516,0.5339999999999999,33.368,48.59,20641.405,CONFIRMED
M01,61512,2026-09-10 17:16:32.342513+00:00,2026-09-10 17:16:32.387551+00:00,2026-09-10 17:16:11.691517+00:00,2026-09-10 17:16:11.692945+00:00,2026-09-10 17:16:11.691736+00:00,2026-09-10 17:16:32.305960+00:00,2026-09-10 17:16:32.306368+00:00,,,,,0.219,20614.224,1.209,0.408,36.144999999999996,45.038000000000004,20696.034,CONFIRMED
M01,61513,2026-09-10 17:16:32.414671+00:00,2026-09-10 17:16:32.461202+00:00,2026-09-10 17:16:11.720477+00:00,2026-09-10 17:16:11.721177+00:00,2026-09-10 17:16:11.720592+00:00,2026-09-10 17:16:32.389218+00:00,2026-09-10 17:16:32.389903+00:00,,,,,0.115,20668.626,0.585,0.6849999999999999,24.767999999999997,46.531000000000006,20740.725000000002,CONFIRMED
M01,61514,2026-09-10 17:16:32.494237+00:00,2026-09-10 17:16:32.543159+00:00,2026-09-10 17:16:11.749289+00:00,2026-09-10 17:16:11.751040+00:00,2026-09-10 17:16:11.749422+00:00,2026-09-10 17:16:32.462184+00:00,2026-09-10 17:16:32.462540+00:00,,,,,0.133,20712.762000000002,1.618,0.356,31.697000000000003,48.922,20793.87,CONFIRMED
M01,61515,2026-09-10 17:16:32.566419+00:00,2026-09-10 17:16:32.621093+00:00,2026-09-10 17:16:11.778061+00:00,2026-09-10 17:16:11.778791+00:00,2026-09-10 17:16:11.778211+00:00,2026-09-10 17:16:32.543617+00:00,2026-09-10 17:16:32.543929+00:00,,,,,0.15,20765.406,0.58,0.312,22.49,54.674,20843.032,CONFIRMED
M01,61516,2026-09-10 17:16:32.648429+00:00,2026-09-10 17:16:32.694610+00:00,2026-09-10 17:16:11.805612+00:00,2026-09-10 17:16:11.806163+00:00,2026-09-10 17:16:11.805701+00:00,2026-09-10 17:16:32.621855+00:00,2026-09-10 17:16:32.622431+00:00,,,,,0.089,20816.154000000002,0.462,0.5760000000000001,25.998,46.181,20888.998,CONFIRMED
M01,61517,2026-09-10 17:16:32.721009+00:00,2026-09-10 17:16:32.769396+00:00,2026-09-10 17:16:11.833259+00:00,2026-09-10 17:16:11.836040+00:00,2026-09-10 17:16:11.833374+00:00,2026-09-10 17:16:32.695260+00:00,2026-09-10 17:16:32.695738+00:00,,,,,0.115,20861.886,2.666,0.47800000000000004,25.270999999999997,48.387,20936.137,CONFIRMED
M01,61518,2026-09-10 17:16:32.807064+00:00,2026-09-10 17:16:32.856541+00:00,2026-09-10 17:16:11.862560+00:00,2026-09-10 17:16:11.863132+00:00,2026-09-10 17:16:11.862681+00:00,2026-09-10 17:16:32.770337+00:00,2026-09-10 17:16:32.770753+00:00,,,,,0.121,20907.656,0.451,0.416,36.311,49.477,20993.981,CONFIRMED
M01,61519,2026-09-10 17:16:32.896451+00:00,2026-09-10 17:16:32.964191+00:00,2026-09-10 17:16:11.889893+00:00,2026-09-10 17:16:11.892247+00:00,2026-09-10 17:16:11.890058+00:00,2026-09-10 17:16:32.857352+00:00,2026-09-10 17:16:32.859569+00:00,,,,,0.165,20967.293999999998,2.189,2.2169999999999996,36.882,67.74,21074.298,CONFIRMED
M02,61520,2026-09-10 17:16:32.994093+00:00,2026-09-10 17:16:33.038132+00:00,2026-09-10 17:16:11.919344+00:00,2026-09-10 17:16:11.920093+00:00,2026-09-10 17:16:11.919523+00:00,2026-09-10 17:16:32.965008+00:00,2026-09-10 17:16:32.965582+00:00,,,,,0.179,21045.485,0.57,0.574,28.511000000000003,44.039,21118.787999999997,CONFIRMED
M02,61521,2026-09-10 17:16:33.077234+00:00,2026-09-10 17:16:33.137009+00:00,2026-09-10 17:16:11.949058+00:00,2026-09-10 17:16:11.950063+00:00,2026-09-10 17:16:11.949193+00:00,2026-09-10 17:16:33.038808+00:00,2026-09-10 17:16:33.039328+00:00,,,,,0.135,21089.614999999998,0.87,0.5199999999999999,37.906,59.775,21187.951,CONFIRMED
M02,61522,2026-09-10 17:16:33.186296+00:00,2026-09-10 17:16:33.233233+00:00,2026-09-10 17:16:11.976393+00:00,2026-09-10 17:16:11.979960+00:00,2026-09-10 17:16:11.976539+00:00,2026-09-10 17:16:33.137588+00:00,2026-09-10 17:16:33.138174+00:00,,,,,0.146,21161.049,3.421,0.5860000000000001,48.122,46.937,21256.84,CONFIRMED
M02,61523,2026-09-10 17:16:33.286198+00:00,2026-09-10 17:16:33.328896+00:00,2026-09-10 17:16:12.011500+00:00,2026-09-10 17:16:12.011959+00:00,2026-09-10 17:16:12.011646+00:00,2026-09-10 17:16:33.234675+00:00,2026-09-10 17:16:33.235216+00:00,,,,,0.146,21223.029,0.313,0.541,50.982,42.698,21317.395999999997,CONFIRMED
M02,61524,2026-09-10 17:16:33.363682+00:00,2026-09-10 17:16:33.414378+00:00,2026-09-10 17:16:12.040010+00:00,2026-09-10 17:16:12.041507+00:00,2026-09-10 17:16:12.040168+00:00,2026-09-10 17:16:33.329573+00:00,2026-09-10 17:16:33.330057+00:00,,,,,0.158,21289.405,1.339,0.484,33.625,50.696,21374.368000000002,CONFIRMED
M02,61525,2026-09-10 17:16:33.445399+00:00,2026-09-10 17:16:33.493310+00:00,2026-09-10 17:16:12.070228+00:00,2026-09-10 17:16:12.071465+00:00,2026-09-10 17:16:12.070424+00:00,2026-09-10 17:16:33.415209+00:00,2026-09-10 17:16:33.416271+00:00,,,,,0.196,21344.785000000003,1.0410000000000001,1.062,29.128,47.911,21423.082000000002,CONFIRMED
M02,61526,2026-09-10 17:16:33.528376+00:00,2026-09-10 17:16:33.572162+00:00,2026-09-10 17:16:12.098258+00:00,2026-09-10 17:16:12.098887+00:00,2026-09-10 17:16:12.098397+00:00,2026-09-10 17:16:33.494139+00:00,2026-09-10 17:16:33.494587+00:00,,,,,0.13899999999999998,21395.742,0.49,0.448,33.789,43.786,21473.904000000002,CONFIRMED
M02,61527,2026-09-10 17:16:33.608504+00:00,2026-09-10 17:16:33.652155+00:00,2026-09-10 17:16:12.127189+00:00,2026-09-10 17:16:12.128058+00:00,2026-09-10 17:16:12.127296+00:00,2026-09-10 17:16:33.572982+00:00,2026-09-10 17:16:33.573581+00:00,,,,,0.107,21445.685999999998,0.762,0.599,34.923,43.651,21524.966,CONFIRMED
M02,61528,2026-09-10 17:16:33.683315+00:00,2026-09-10 17:16:33.737406+00:00,2026-09-10 17:16:12.154602+00:00,2026-09-10 17:16:12.157174+00:00,2026-09-10 17:16:12.154715+00:00,2026-09-10 17:16:33.653342+00:00,2026-09-10 17:16:33.653829+00:00,,,,,0.11299999999999999,21498.627,2.4589999999999996,0.48700000000000004,29.485999999999997,54.091,21582.804,CONFIRMED
M02,61529,2026-09-10 17:16:33.769373+00:00,2026-09-10 17:16:33.818043+00:00,2026-09-10 17:16:12.183583+00:00,2026-09-10 17:16:12.184307+00:00,2026-09-10 17:16:12.183670+00:00,2026-09-10 17:16:33.738386+00:00,2026-09-10 17:16:33.739029+00:00,,,,,0.087,21554.716,0.637,0.643,30.344,48.669999999999995,21634.46,CONFIRMED
M02,61530,2026-09-10 17:16:33.854718+00:00,2026-09-10 17:16:33.898977+00:00,2026-09-10 17:16:12.211236+00:00,2026-09-10 17:16:12.212042+00:00,2026-09-10 17:16:12.211421+00:00,2026-09-10 17:16:33.820266+00:00,2026-09-10 17:16:33.821049+00:00,,,,,0.185,21608.844999999998,0.621,0.7829999999999999,33.669,44.259,21687.740999999998,CONFIRMED
M02,61531,2026-09-10 17:16:33.933316+00:00,2026-09-10 17:16:33.979563+00:00,2026-09-10 17:16:12.240397+00:00,2026-09-10 17:16:12.241133+00:00,2026-09-10 17:16:12.240511+00:00,2026-09-10 17:16:33.899788+00:00,2026-09-10 17:16:33.900339+00:00,,,,,0.114,21659.277,0.622,0.5509999999999999,32.977,46.247,21739.166,CONFIRMED
M02,61532,2026-09-10 17:16:34.005194+00:00,2026-09-10 17:16:34.049521+00:00,2026-09-10 17:16:12.268352+00:00,2026-09-10 17:16:12.268956+00:00,2026-09-10 17:16:12.268508+00:00,2026-09-10 17:16:33.980353+00:00,2026-09-10 17:16:33.980920+00:00,,,,,0.156,21711.845,0.448,0.5670000000000001,24.274,44.327,21781.168999999998,CONFIRMED
M02,61533,2026-09-10 17:16:34.083681+00:00,2026-09-10 17:16:34.136021+00:00,2026-09-10 17:16:12.295822+00:00,2026-09-10 17:16:12.297481+00:00,2026-09-10 17:16:12.295957+00:00,2026-09-10 17:16:34.050737+00:00,2026-09-10 17:16:34.051652+00:00,,,,,0.135,21754.78,1.524,0.915,32.029,52.339999999999996,21840.198999999997,CONFIRMED
M02,61534,2026-09-10 17:16:34.171167+00:00,2026-09-10 17:16:34.219821+00:00,2026-09-10 17:16:12.326295+00:00,2026-09-10 17:16:12.326946+00:00,2026-09-10 17:16:12.326475+00:00,2026-09-10 17:16:34.136826+00:00,2026-09-10 17:16:34.137392+00:00,,,,,0.18000000000000002,21810.351000000002,0.47100000000000003,0.566,33.775,48.654,21893.526,CONFIRMED
M02,61535,2026-09-10 17:16:34.243839+00:00,2026-09-10 17:16:34.309894+00:00,2026-09-10 17:16:12.354701+00:00,2026-09-10 17:16:12.355208+00:00,2026-09-10 17:16:12.354804+00:00,2026-09-10 17:16:34.220517+00:00,2026-09-10 17:16:34.220991+00:00,,,,,0.103,21865.713,0.404,0.474,22.848,66.055,21955.193000000003,CONFIRMED
M02,61536,2026-09-10 17:16:34.337845+00:00,2026-09-10 17:16:34.382148+00:00,2026-09-10 17:16:12.384221+00:00,2026-09-10 17:16:12.385927+00:00,2026-09-10 17:16:12.384388+00:00,2026-09-10 17:16:34.310695+00:00,2026-09-10 17:16:34.311262+00:00,,,,,0.16699999999999998,21926.307,1.539,0.5670000000000001,26.583,44.303000000000004,21997.927,CONFIRMED
M02,61537,2026-09-10 17:16:34.406960+00:00,2026-09-10 17:16:34.452917+00:00,2026-09-10 17:16:12.413267+00:00,2026-09-10 17:16:12.414449+00:00,2026-09-10 17:16:12.413429+00:00,2026-09-10 17:16:34.382648+00:00,2026-09-10 17:16:34.382962+00:00,,,,,0.162,21969.218999999997,1.02,0.314,23.997999999999998,45.957,22039.65,CONFIRMED
M02,61538,2026-09-10 17:16:34.479889+00:00,2026-09-10 17:16:34.524202+00:00,2026-09-10 17:16:12.441774+00:00,2026-09-10 17:16:12.442583+00:00,2026-09-10 17:16:12.441921+00:00,2026-09-10 17:16:34.453751+00:00,2026-09-10 17:16:34.454316+00:00,,,,,0.147,22011.829999999998,0.662,0.565,25.572999999999997,44.312999999999995,22082.428,CONFIRMED
M02,61539,2026-09-10 17:16:34.547848+00:00,2026-09-10 17:16:34.596145+00:00,2026-09-10 17:16:12.471201+00:00,2026-09-10 17:16:12.472020+00:00,2026-09-10 17:16:12.471358+00:00,2026-09-10 17:16:34.524950+00:00,2026-09-10 17:16:34.525378+00:00,,,,,0.157,22053.591999999997,0.662,0.428,22.47,48.297,22124.944,CONFIRMED
M02,61540,2026-09-10 17:16:34.624632+00:00,2026-09-10 17:16:34.671435+00:00,2026-09-10 17:16:12.498667+00:00,2026-09-10 17:16:12.499422+00:00,2026-09-10 17:16:12.498821+00:00,2026-09-10 17:16:34.597804+00:00,2026-09-10 17:16:34.599328+00:00,,,,,0.154,22098.983,0.601,1.524,25.304,46.803,22172.768,CONFIRMED
M02,61541,2026-09-10 17:16:34.699799+00:00,2026-09-10 17:16:34.738735+00:00,2026-09-10 17:16:12.525993+00:00,2026-09-10 17:16:12.528050+00:00,2026-09-10 17:16:12.526103+00:00,2026-09-10 17:16:34.672035+00:00,2026-09-10 17:16:34.672441+00:00,,,,,0.11,22145.931999999997,1.9469999999999998,0.406,27.358,38.936,22212.742,CONFIRMED
M02,61542,2026-09-10 17:16:34.762630+00:00,2026-09-10 17:16:34.806930+00:00,2026-09-10 17:16:12.557275+00:00,2026-09-10 17:16:12.557963+00:00,2026-09-10 17:16:12.557438+00:00,2026-09-10 17:16:34.739766+00:00,2026-09-10 17:16:34.740302+00:00,,,,,0.163,22182.327999999998,0.525,0.536,22.328,44.3,22249.655,CONFIRMED
M02,61543,2026-09-10 17:16:34.842862+00:00,2026-09-10 17:16:34.904333+00:00,2026-09-10 17:16:12.586978+00:00,2026-09-10 17:16:12.589561+00:00,2026-09-10 17:16:12.587150+00:00,2026-09-10 17:16:34.807573+00:00,2026-09-10 17:16:34.808020+00:00,,,,,0.17200000000000001,22220.423,2.411,0.447,34.842,61.471,22317.355,CONFIRMED
M02,61544,2026-09-10 17:16:34.941439+00:00,2026-09-10 17:16:35.004043+00:00,2026-09-10 17:16:12.616586+00:00,2026-09-10 17:16:12.617723+00:00,2026-09-10 17:16:12.616722+00:00,2026-09-10 17:16:34.905026+00:00,2026-09-10 17:16:34.905504+00:00,,,,,0.136,22288.304,1.001,0.47800000000000004,35.935,62.604000000000006,22387.457000000002,CONFIRMED
M02,61545,2026-09-10 17:16:35.035947+00:00,2026-09-10 17:16:35.096646+00:00,2026-09-10 17:16:12.644843+00:00,2026-09-10 17:16:12.645712+00:00,2026-09-10 17:16:12.644975+00:00,2026-09-10 17:16:35.006028+00:00,2026-09-10 17:16:35.006705+00:00,,,,,0.132,22361.053,0.737,0.6769999999999999,29.242,60.699000000000005,22451.803000000004,CONFIRMED
M02,61546,2026-09-10 17:16:35.125538+00:00,2026-09-10 17:16:35.179179+00:00,2026-09-10 17:16:12.672622+00:00,2026-09-10 17:16:12.673586+00:00,2026-09-10 17:16:12.672787+00:00,2026-09-10 17:16:35.097437+00:00,2026-09-10 17:16:35.098126+00:00,,,,,0.165,22424.65,0.799,0.6890000000000001,27.412,53.641,22506.557,CONFIRMED
M02,61547,2026-09-10 17:16:35.217828+00:00,2026-09-10 17:16:35.266270+00:00,2026-09-10 17:16:12.700330+00:00,2026-09-10 17:16:12.702508+00:00,2026-09-10 17:16:12.700538+00:00,2026-09-10 17:16:35.183329+00:00,2026-09-10 17:16:35.185645+00:00,,,,,0.208,22482.790999999997,1.97,2.316,32.183,48.442,22565.940000000002,CONFIRMED
M02,61548,2026-09-10 17:16:35.297017+00:00,2026-09-10 17:16:35.341591+00:00,2026-09-10 17:16:12.729438+00:00,2026-09-10 17:16:12.732146+00:00,2026-09-10 17:16:12.729563+00:00,2026-09-10 17:16:35.268003+00:00,2026-09-10 17:16:35.268524+00:00,,,,,0.125,22538.440000000002,2.5829999999999997,0.521,28.493000000000002,44.574000000000005,22612.153,CONFIRMED
M02,61549,2026-09-10 17:16:35.368615+00:00,2026-09-10 17:16:35.415348+00:00,2026-09-10 17:16:12.760441+00:00,2026-09-10 17:16:12.761768+00:00,2026-09-10 17:16:12.760589+00:00,2026-09-10 17:16:35.342117+00:00,2026-09-10 17:16:35.342498+00:00,,,,,0.148,22581.528,1.1789999999999998,0.381,26.117,46.733,22654.907000000003,CONFIRMED
M02,61550,2026-09-10 17:16:35.446436+00:00,2026-09-10 17:16:35.500248+00:00,2026-09-10 17:16:12.788828+00:00,2026-09-10 17:16:12.789909+00:00,2026-09-10 17:16:12.789003+00:00,2026-09-10 17:16:35.416214+00:00,2026-09-10 17:16:35.416728+00:00,,,,,0.175,22627.211,0.906,0.514,29.708,53.812,22711.420000000002,CONFIRMED
M02,61551,2026-09-10 17:16:35.525200+00:00,2026-09-10 17:16:35.566640+00:00,2026-09-10 17:16:12.817496+00:00,2026-09-10 17:16:12.818295+00:00,2026-09-10 17:16:12.817604+00:00,2026-09-10 17:16:35.500936+00:00,2026-09-10 17:16:35.501436+00:00,,,,,0.108,22683.332,0.691,0.5,23.764,41.44,22749.144,CONFIRMED
M02,61552,2026-09-10 17:16:35.594262+00:00,2026-09-10 17:16:35.642231+00:00,2026-09-10 17:16:12.845398+00:00,2026-09-10 17:16:12.846283+00:00,2026-09-10 17:16:12.845486+00:00,2026-09-10 17:16:35.567174+00:00,2026-09-10 17:16:35.567560+00:00,,,,,0.088,22721.688000000002,0.7969999999999999,0.386,26.702,47.969,22796.833,CONFIRMED
M02,61553,2026-09-10 17:16:35.672358+00:00,2026-09-10 17:16:35.722677+00:00,2026-09-10 17:16:12.873960+00:00,2026-09-10 17:16:12.874518+00:00,2026-09-10 17:16:12.874092+00:00,2026-09-10 17:16:35.643063+00:00,2026-09-10 17:16:35.643604+00:00,,,,,0.132,22768.971,0.426,0.541,28.753999999999998,50.319,22848.717,CONFIRMED
M02,61554,2026-09-10 17:16:35.751631+00:00,2026-09-10 17:16:35.791857+00:00,2026-09-10 17:16:12.901966+00:00,2026-09-10 17:16:12.903360+00:00,2026-09-10 17:16:12.902098+00:00,2026-09-10 17:16:35.723694+00:00,2026-09-10 17:16:35.724157+00:00,,,,,0.132,22821.595999999998,1.262,0.46299999999999997,27.473999999999997,40.226,22889.891,CONFIRMED
M02,61555,2026-09-10 17:16:35.824280+00:00,2026-09-10 17:16:35.872663+00:00,2026-09-10 17:16:12.930637+00:00,2026-09-10 17:16:12.933485+00:00,2026-09-10 17:16:12.930791+00:00,2026-09-10 17:16:35.792530+00:00,2026-09-10 17:16:35.793328+00:00,,,,,0.154,22861.739,2.6940000000000004,0.798,30.952,48.383,22942.025999999998,CONFIRMED
M02,61556,2026-09-10 17:16:35.900056+00:00,2026-09-10 17:16:35.959360+00:00,2026-09-10 17:16:12.960464+00:00,2026-09-10 17:16:12.962067+00:00,2026-09-10 17:16:12.960557+00:00,2026-09-10 17:16:35.873182+00:00,2026-09-10 17:16:35.873509+00:00,,,,,0.093,22912.625,1.51,0.32699999999999996,26.547,59.304,22998.895999999997,CONFIRMED
M02,61557,2026-09-10 17:16:35.998823+00:00,2026-09-10 17:16:36.055968+00:00,2026-09-10 17:16:12.989110+00:00,2026-09-10 17:16:12.990983+00:00,2026-09-10 17:16:12.989237+00:00,2026-09-10 17:16:35.960181+00:00,2026-09-10 17:16:35.960766+00:00,,,,,0.127,22970.944,1.746,0.585,38.057,57.145,23066.858,CONFIRMED
M02,61558,2026-09-10 17:16:36.086733+00:00,2026-09-10 17:16:36.152774+00:00,2026-09-10 17:16:13.017680+00:00,2026-09-10 17:16:13.018339+00:00,2026-09-10 17:16:13.017816+00:00,2026-09-10 17:16:36.056698+00:00,2026-09-10 17:16:36.057198+00:00,,,,,0.136,23038.882,0.523,0.5,29.535,66.041,23135.093999999997,CONFIRMED
M02,61559,2026-09-10 17:16:36.178863+00:00,2026-09-10 17:16:36.224122+00:00,2026-09-10 17:16:13.045543+00:00,2026-09-10 17:16:13.046363+00:00,2026-09-10 17:16:13.045655+00:00,2026-09-10 17:16:36.153265+00:00,2026-09-10 17:16:36.153648+00:00,,,,,0.112,23107.61,0.708,0.383,25.215,45.259,23178.578999999998,CONFIRMED
M02,61560,2026-09-10 17:16:36.255079+00:00,2026-09-10 17:16:36.301855+00:00,2026-09-10 17:16:13.075158+00:00,2026-09-10 17:16:13.075921+00:00,2026-09-10 17:16:13.075261+00:00,2026-09-10 17:16:36.224743+00:00,2026-09-10 17:16:36.225338+00:00,,,,,0.103,23149.482,0.66,0.5950000000000001,29.741,46.775999999999996,23226.697,CONFIRMED
M02,61561,2026-09-10 17:16:36.333463+00:00,2026-09-10 17:16:36.372917+00:00,2026-09-10 17:16:13.103158+00:00,2026-09-10 17:16:13.103824+00:00,2026-09-10 17:16:13.103328+00:00,2026-09-10 17:16:36.302548+00:00,2026-09-10 17:16:36.303549+00:00,,,,,0.17,23199.22,0.496,1.001,29.913999999999998,39.454,23269.759000000002,CONFIRMED
M02,61562,2026-09-10 17:16:36.408402+00:00,2026-09-10 17:16:36.446038+00:00,2026-09-10 17:16:13.135310+00:00,2026-09-10 17:16:13.135931+00:00,2026-09-10 17:16:13.135443+00:00,2026-09-10 17:16:36.373631+00:00,2026-09-10 17:16:36.374180+00:00,,,,,0.133,23238.188000000002,0.488,0.549,34.222,37.636,23310.728000000003,CONFIRMED
M02,61563,2026-09-10 17:16:36.474374+00:00,2026-09-10 17:16:36.514398+00:00,2026-09-10 17:16:13.162589+00:00,2026-09-10 17:16:13.163330+00:00,2026-09-10 17:16:13.162720+00:00,2026-09-10 17:16:36.446924+00:00,2026-09-10 17:16:36.447421+00:00,,,,,0.131,23284.203999999998,0.61,0.49700000000000005,26.953000000000003,40.023999999999994,23351.809,CONFIRMED
M02,61564,2026-09-10 17:16:36.540149+00:00,2026-09-10 17:16:36.580361+00:00,2026-09-10 17:16:13.190611+00:00,2026-09-10 17:16:13.192926+00:00,2026-09-10 17:16:13.190744+00:00,2026-09-10 17:16:36.515237+00:00,2026-09-10 17:16:36.516661+00:00,,,,,0.133,23324.493,2.182,1.424,23.488,40.211999999999996,23389.75,CONFIRMED
M02,61565,2026-09-10 17:16:36.621033+00:00,2026-09-10 17:16:36.670182+00:00,2026-09-10 17:16:13.220138+00:00,2026-09-10 17:16:13.220826+00:00,2026-09-10 17:16:13.220256+00:00,2026-09-10 17:16:36.581529+00:00,2026-09-10 17:16:36.582153+00:00,,,,,0.118,23361.273,0.57,0.624,38.879999999999995,49.149,23450.043999999998,CONFIRMED
M02,61566,2026-09-10 17:16:36.727098+00:00,2026-09-10 17:16:36.770245+00:00,2026-09-10 17:16:13.252380+00:00,2026-09-10 17:16:13.253858+00:00,2026-09-10 17:16:13.252499+00:00,2026-09-10 17:16:36.670914+00:00,2026-09-10 17:16:36.671556+00:00,,,,,0.11900000000000001,23418.415,1.359,0.642,55.542,43.147,23517.865,CONFIRMED
M02,61567,2026-09-10 17:16:36.793852+00:00,2026-09-10 17:16:36.831968+00:00,2026-09-10 17:16:13.281488+00:00,2026-09-10 17:16:13.282152+00:00,2026-09-10 17:16:13.281663+00:00,2026-09-10 17:16:36.770735+00:00,2026-09-10 17:16:36.771177+00:00,,,,,0.175,23489.072,0.48899999999999993,0.442,22.675,38.116,23550.48,CONFIRMED
M02,61568,2026-09-10 17:16:36.858280+00:00,2026-09-10 17:16:36.897535+00:00,2026-09-10 17:16:13.309115+00:00,2026-09-10 17:16:13.312316+00:00,2026-09-10 17:16:13.309237+00:00,2026-09-10 17:16:36.832618+00:00,2026-09-10 17:16:36.833066+00:00,,,,,0.122,23523.381,3.079,0.448,25.214,39.254999999999995,23588.42,CONFIRMED
M02,61569,2026-09-10 17:16:36.920806+00:00,2026-09-10 17:16:36.958340+00:00,2026-09-10 17:16:13.339702+00:00,2026-09-10 17:16:13.341443+00:00,2026-09-10 17:16:13.339860+00:00,2026-09-10 17:16:36.898322+00:00,2026-09-10 17:16:36.898814+00:00,,,,,0.158,23558.462,1.583,0.49200000000000005,21.992,37.534,23618.638,CONFIRMED
M02,61570,2026-09-10 17:16:36.989689+00:00,2026-09-10 17:16:37.032209+00:00,2026-09-10 17:16:13.368083+00:00,2026-09-10 17:16:13.368843+00:00,2026-09-10 17:16:13.368305+00:00,2026-09-10 17:16:36.958890+00:00,2026-09-10 17:16:36.959494+00:00,,,,,0.222,23590.585,0.5379999999999999,0.6040000000000001,30.195,42.52,23664.126,CONFIRMED
M02,61571,2026-09-10 17:16:37.067967+00:00,2026-09-10 17:16:37.108487+00:00,2026-09-10 17:16:13.397703+00:00,2026-09-10 17:16:13.398499+00:00,2026-09-10 17:16:13.397828+00:00,2026-09-10 17:16:37.034068+00:00,2026-09-10 17:16:37.035414+00:00,,,,,0.125,23636.24,0.671,1.346,32.553,40.52,23710.784,CONFIRMED
M02,61572,2026-09-10 17:16:37.134549+00:00,2026-09-10 17:16:37.178027+00:00,2026-09-10 17:16:13.425043+00:00,2026-09-10 17:16:13.426077+00:00,2026-09-10 17:16:13.425187+00:00,2026-09-10 17:16:37.109196+00:00,2026-09-10 17:16:37.109808+00:00,,,,,0.14400000000000002,23684.009,0.8899999999999999,0.612,24.741,43.478,23752.984,CONFIRMED
M02,61573,2026-09-10 17:16:37.205919+00:00,2026-09-10 17:16:37.246624+00:00,2026-09-10 17:16:13.453683+00:00,2026-09-10 17:16:13.454888+00:00,2026-09-10 17:16:13.453876+00:00,2026-09-10 17:16:37.179435+00:00,2026-09-10 17:16:37.179976+00:00,,,,,0.193,23725.559,1.012,0.541,25.943,40.705,23792.941,CONFIRMED
M02,61574,2026-09-10 17:16:37.271628+00:00,2026-09-10 17:16:37.323395+00:00,2026-09-10 17:16:13.484975+00:00,2026-09-10 17:16:13.485872+00:00,2026-09-10 17:16:13.485136+00:00,2026-09-10 17:16:37.247430+00:00,2026-09-10 17:16:37.247870+00:00,,,,,0.161,23762.294,0.736,0.44,23.758000000000003,51.767,23838.42,CONFIRMED
M02,61575,2026-09-10 17:16:37.375972+00:00,2026-09-10 17:16:37.437268+00:00,2026-09-10 17:16:13.514187+00:00,2026-09-10 17:16:13.514953+00:00,2026-09-10 17:16:13.514374+00:00,2026-09-10 17:16:37.325147+00:00,2026-09-10 17:16:37.325822+00:00,,,,,0.187,23810.773,0.579,0.675,50.15,61.29600000000001,23923.081,CONFIRMED
M02,61576,2026-09-10 17:16:37.467337+00:00,2026-09-10 17:16:37.503465+00:00,2026-09-10 17:16:13.542776+00:00,2026-09-10 17:16:13.543382+00:00,2026-09-10 17:16:13.542882+00:00,2026-09-10 17:16:37.437740+00:00,2026-09-10 17:16:37.438230+00:00,,,,,0.106,23894.858,0.5,0.49,29.107,36.128,23960.689,CONFIRMED
M02,61577,2026-09-10 17:16:37.534926+00:00,2026-09-10 17:16:37.590198+00:00,2026-09-10 17:16:13.570955+00:00,2026-09-10 17:16:13.572755+00:00,2026-09-10 17:16:13.571102+00:00,2026-09-10 17:16:37.504294+00:00,2026-09-10 17:16:37.505159+00:00,,,,,0.147,23933.192,1.653,0.865,29.767,55.272,24019.243,CONFIRMED
M02,61578,2026-09-10 17:16:37.620641+00:00,2026-09-10 17:16:37.663579+00:00,2026-09-10 17:16:13.599480+00:00,2026-09-10 17:16:13.600313+00:00,2026-09-10 17:16:13.599565+00:00,2026-09-10 17:16:37.590962+00:00,2026-09-10 17:16:37.591503+00:00,,,,,0.085,23991.397,0.748,0.541,29.138,42.937999999999995,24064.099,CONFIRMED
M02,61579,2026-09-10 17:16:37.693907+00:00,2026-09-10 17:16:37.740871+00:00,2026-09-10 17:16:13.627404+00:00,2026-09-10 17:16:13.628189+00:00,2026-09-10 17:16:13.627516+00:00,2026-09-10 17:16:37.664360+00:00,2026-09-10 17:16:37.664992+00:00,,,,,0.112,24036.843999999997,0.673,0.632,28.915,46.964,24113.467,CONFIRMED
M02,61580,2026-09-10 17:16:37.769617+00:00,2026-09-10 17:16:37.809581+00:00,2026-09-10 17:16:13.654883+00:00,2026-09-10 17:16:13.655660+00:00,2026-09-10 17:16:13.654972+00:00,2026-09-10 17:16:37.741623+00:00,2026-09-10 17:16:37.742193+00:00,,,,,0.089,24086.650999999998,0.6880000000000001,0.57,27.424,39.964,24154.698,CONFIRMED
M02,61581,2026-09-10 17:16:37.842548+00:00,2026-09-10 17:16:37.879265+00:00,2026-09-10 17:16:13.682804+00:00,2026-09-10 17:16:13.684069+00:00,2026-09-10 17:16:13.682938+00:00,2026-09-10 17:16:37.810326+00:00,2026-09-10 17:16:37.811179+00:00,,,,,0.134,24127.388,1.131,0.853,31.369,36.717,24196.461,CONFIRMED
M02,61582,2026-09-10 17:16:37.906401+00:00,2026-09-10 17:16:37.944097+00:00,2026-09-10 17:16:13.713552+00:00,2026-09-10 17:16:13.714283+00:00,2026-09-10 17:16:13.713696+00:00,2026-09-10 17:16:37.880090+00:00,2026-09-10 17:16:37.880568+00:00,,,,,0.14400000000000002,24166.394,0.587,0.47800000000000004,25.833,37.696,24230.545,CONFIRMED
M02,61583,2026-09-10 17:16:37.970683+00:00,2026-09-10 17:16:38.007415+00:00,2026-09-10 17:16:13.746067+00:00,2026-09-10 17:16:13.747525+00:00,2026-09-10 17:16:13.746185+00:00,2026-09-10 17:16:37.944736+00:00,2026-09-10 17:16:37.945349+00:00,,,,,0.118,24198.551,1.34,0.6130000000000001,25.334,36.732,24261.348,CONFIRMED
M02,61584,2026-09-10 17:16:38.035468+00:00,2026-09-10 17:16:38.072093+00:00,2026-09-10 17:16:13.774117+00:00,2026-09-10 17:16:13.774731+00:00,2026-09-10 17:16:13.774245+00:00,2026-09-10 17:16:38.008338+00:00,2026-09-10 17:16:38.008876+00:00,,,,,0.128,24234.093,0.486,0.5379999999999999,26.592000000000002,36.625,24297.976,CONFIRMED
M02,61585,2026-09-10 17:16:38.107689+00:00,2026-09-10 17:16:38.155208+00:00,2026-09-10 17:16:13.803642+00:00,2026-09-10 17:16:13.806018+00:00,2026-09-10 17:16:13.805529+00:00,2026-09-10 17:16:38.072920+00:00,2026-09-10 17:16:38.073480+00:00,,,,,1.887,24267.391,0.48899999999999993,0.5599999999999999,34.209,47.519,24351.566,CONFIRMED
M02,61586,2026-09-10 17:16:38.185350+00:00,2026-09-10 17:16:38.230111+00:00,2026-09-10 17:16:13.835200+00:00,2026-09-10 17:16:13.835978+00:00,2026-09-10 17:16:13.835359+00:00,2026-09-10 17:16:38.155900+00:00,2026-09-10 17:16:38.156408+00:00,,,,,0.159,24320.540999999997,0.619,0.508,28.942,44.761,24394.911,CONFIRMED
M02,61587,2026-09-10 17:16:38.263339+00:00,2026-09-10 17:16:38.304376+00:00,2026-09-10 17:16:13.863937+00:00,2026-09-10 17:16:13.864497+00:00,2026-09-10 17:16:13.864049+00:00,2026-09-10 17:16:38.230845+00:00,2026-09-10 17:16:38.231229+00:00,,,,,0.112,24366.796000000002,0.448,0.384,32.11,41.037,24440.439000000002,CONFIRMED
M02,61588,2026-09-10 17:16:38.342437+00:00,2026-09-10 17:16:38.390479+00:00,2026-09-10 17:16:13.892101+00:00,2026-09-10 17:16:13.892714+00:00,2026-09-10 17:16:13.892231+00:00,2026-09-10 17:16:38.305113+00:00,2026-09-10 17:16:38.305657+00:00,,,,,0.12999999999999998,24412.882,0.483,0.544,36.78,48.042,24498.378,CONFIRMED
M02,61589,2026-09-10 17:16:38.416072+00:00,2026-09-10 17:16:38.452294+00:00,2026-09-10 17:16:13.920226+00:00,2026-09-10 17:16:13.920924+00:00,2026-09-10 17:16:13.920350+00:00,2026-09-10 17:16:38.391316+00:00,2026-09-10 17:16:38.391862+00:00,,,,,0.124,24470.966,0.574,0.546,24.209999999999997,36.221999999999994,24532.068,CONFIRMED
M02,61590,2026-09-10 17:16:38.482172+00:00,2026-09-10 17:16:38.519653+00:00,2026-09-10 17:16:13.949031+00:00,2026-09-10 17:16:13.949769+00:00,2026-09-10 17:16:13.949211+00:00,2026-09-10 17:16:38.453181+00:00,2026-09-10 17:16:38.453683+00:00,,,,,0.18000000000000002,24503.969999999998,0.558,0.502,28.489,37.481,24570.622,CONFIRMED
M02,61591,2026-09-10 17:16:38.547084+00:00,2026-09-10 17:16:38.583649+00:00,2026-09-10 17:16:13.976486+00:00,2026-09-10 17:16:13.977190+00:00,2026-09-10 17:16:13.976672+00:00,2026-09-10 17:16:38.520552+00:00,2026-09-10 17:16:38.521260+00:00,,,,,0.186,24543.88,0.518,0.708,25.823999999999998,36.565,24607.163,CONFIRMED
M02,61592,2026-09-10 17:16:38.613770+00:00,2026-09-10 17:16:38.658764+00:00,2026-09-10 17:16:14.004062+00:00,2026-09-10 17:16:14.005069+00:00,2026-09-10 17:16:14.004180+00:00,2026-09-10 17:16:38.585478+00:00,2026-09-10 17:16:38.585956+00:00,,,,,0.118,24581.298,0.889,0.47800000000000004,27.814,44.994,24654.702,CONFIRMED
M02,61593,2026-09-10 17:16:38.689434+00:00,2026-09-10 17:16:38.729811+00:00,2026-09-10 17:16:14.032599+00:00,2026-09-10 17:16:14.033235+00:00,2026-09-10 17:16:14.032738+00:00,2026-09-10 17:16:38.659489+00:00,2026-09-10 17:16:38.660037+00:00,,,,,0.13899999999999998,24626.751,0.49700000000000005,0.5479999999999999,29.397,40.377,24697.212,CONFIRMED
M02,61594,2026-09-10 17:16:38.761494+00:00,2026-09-10 17:16:38.801718+00:00,2026-09-10 17:16:14.061038+00:00,2026-09-10 17:16:14.061716+00:00,2026-09-10 17:16:14.061131+00:00,2026-09-10 17:16:38.730541+00:00,2026-09-10 17:16:38.730978+00:00,,,,,0.093,24669.41,0.585,0.437,30.516000000000002,40.224000000000004,24740.68,CONFIRMED
M02,61595,2026-09-10 17:16:38.833780+00:00,2026-09-10 17:16:38.873533+00:00,2026-09-10 17:16:14.088301+00:00,2026-09-10 17:16:14.089744+00:00,2026-09-10 17:16:14.088434+00:00,2026-09-10 17:16:38.802492+00:00,2026-09-10 17:16:38.803010+00:00,,,,,0.133,24714.058,1.31,0.518,30.77,39.753,24785.232,CONFIRMED
M02,61596,2026-09-10 17:16:38.901745+00:00,2026-09-10 17:16:38.941793+00:00,2026-09-10 17:16:14.118280+00:00,2026-09-10 17:16:14.119183+00:00,2026-09-10 17:16:14.118386+00:00,2026-09-10 17:16:38.874338+00:00,2026-09-10 17:16:38.874824+00:00,,,,,0.106,24755.952,0.7969999999999999,0.486,26.921,40.048,24823.513,CONFIRMED
M02,61597,2026-09-10 17:16:38.995464+00:00,2026-09-10 17:16:39.036141+00:00,2026-09-10 17:16:14.146288+00:00,2026-09-10 17:16:14.146876+00:00,2026-09-10 17:16:14.146411+00:00,2026-09-10 17:16:38.942557+00:00,2026-09-10 17:16:38.943023+00:00,,,,,0.12300000000000001,24796.146,0.465,0.46599999999999997,52.441,40.677,24889.853,CONFIRMED
M02,61598,2026-09-10 17:16:39.066103+00:00,2026-09-10 17:16:39.104134+00:00,2026-09-10 17:16:14.173694+00:00,2026-09-10 17:16:14.174358+00:00,2026-09-10 17:16:14.173802+00:00,2026-09-10 17:16:39.037003+00:00,2026-09-10 17:16:39.037596+00:00,,,,,0.108,24863.201,0.5559999999999999,0.593,28.507,38.031,24930.440000000002,CONFIRMED
M02,61599,2026-09-10 17:16:39.134876+00:00,2026-09-10 17:16:39.185036+00:00,2026-09-10 17:16:14.201560+00:00,2026-09-10 17:16:14.202743+00:00,2026-09-10 17:16:14.201733+00:00,2026-09-10 17:16:39.104827+00:00,2026-09-10 17:16:39.105356+00:00,,,,,0.17300000000000001,24903.094,1.01,0.5289999999999999,29.52,50.160000000000004,24983.476,CONFIRMED
M02,61600,2026-09-10 17:16:39.213995+00:00,2026-09-10 17:16:39.265251+00:00,2026-09-10 17:16:14.231723+00:00,2026-09-10 17:16:14.232282+00:00,2026-09-10 17:16:14.231830+00:00,2026-09-10 17:16:39.185656+00:00,2026-09-10 17:16:39.186240+00:00,,,,,0.107,24953.826,0.45199999999999996,0.584,27.755,51.256,25033.528000000002,CONFIRMED
M02,61601,2026-09-10 17:16:39.295677+00:00,2026-09-10 17:16:39.343417+00:00,2026-09-10 17:16:14.259296+00:00,2026-09-10 17:16:14.260286+00:00,2026-09-10 17:16:14.259407+00:00,2026-09-10 17:16:39.266886+00:00,2026-09-10 17:16:39.267291+00:00,,,,,0.111,25007.479,0.879,0.40499999999999997,28.386000000000003,47.739999999999995,25084.121,CONFIRMED
M02,61602,2026-09-10 17:16:39.385343+00:00,2026-09-10 17:16:39.432269+00:00,2026-09-10 17:16:14.287036+00:00,2026-09-10 17:16:14.287700+00:00,2026-09-10 17:16:14.287141+00:00,2026-09-10 17:16:39.347691+00:00,2026-09-10 17:16:39.348330+00:00,,,,,0.10500000000000001,25060.55,0.559,0.639,37.013,46.926,25145.233,CONFIRMED
M02,61603,2026-09-10 17:16:39.474474+00:00,2026-09-10 17:16:39.518640+00:00,2026-09-10 17:16:14.314558+00:00,2026-09-10 17:16:14.315459+00:00,2026-09-10 17:16:14.314712+00:00,2026-09-10 17:16:39.432945+00:00,2026-09-10 17:16:39.433432+00:00,,,,,0.154,25118.233,0.747,0.48700000000000004,41.042,44.166,25204.082,CONFIRMED
M02,61604,2026-09-10 17:16:39.548981+00:00,2026-09-10 17:16:39.594547+00:00,2026-09-10 17:16:14.343980+00:00,2026-09-10 17:16:14.344847+00:00,2026-09-10 17:16:14.344156+00:00,2026-09-10 17:16:39.519351+00:00,2026-09-10 17:16:39.519748+00:00,,,,,0.176,25175.195,0.691,0.397,29.232999999999997,45.566,25250.567,CONFIRMED
M02,61605,2026-09-10 17:16:39.627965+00:00,2026-09-10 17:16:39.677976+00:00,2026-09-10 17:16:14.373382+00:00,2026-09-10 17:16:14.374301+00:00,2026-09-10 17:16:14.373577+00:00,2026-09-10 17:16:39.595836+00:00,2026-09-10 17:16:39.596591+00:00,,,,,0.195,25222.259000000002,0.7240000000000001,0.755,31.374,50.011,25304.594,CONFIRMED
M02,61606,2026-09-10 17:16:39.711046+00:00,2026-09-10 17:16:39.754703+00:00,2026-09-10 17:16:14.407602+00:00,2026-09-10 17:16:14.408402+00:00,2026-09-10 17:16:14.407780+00:00,2026-09-10 17:16:39.679546+00:00,2026-09-10 17:16:39.680130+00:00,,,,,0.178,25271.766,0.622,0.584,30.916,43.657000000000004,25347.101,CONFIRMED
M02,61607,2026-09-10 17:16:39.785258+00:00,2026-09-10 17:16:39.838258+00:00,2026-09-10 17:16:14.435940+00:00,2026-09-10 17:16:14.436715+00:00,2026-09-10 17:16:14.436095+00:00,2026-09-10 17:16:39.755201+00:00,2026-09-10 17:16:39.755493+00:00,,,,,0.155,25319.106,0.62,0.292,29.765,53.0,25402.318,CONFIRMED
M02,61608,2026-09-10 17:16:39.873960+00:00,2026-09-10 17:16:39.931805+00:00,2026-09-10 17:16:14.464803+00:00,2026-09-10 17:16:14.465573+00:00,2026-09-10 17:16:14.464956+00:00,2026-09-10 17:16:39.839003+00:00,2026-09-10 17:16:39.839430+00:00,,,,,0.153,25374.047000000002,0.617,0.42700000000000005,34.53,57.845,25467.002,CONFIRMED
M02,61609,2026-09-10 17:16:39.961846+00:00,2026-09-10 17:16:40.008489+00:00,2026-09-10 17:16:14.494009+00:00,2026-09-10 17:16:14.494869+00:00,2026-09-10 17:16:14.494134+00:00,2026-09-10 17:16:39.932582+00:00,2026-09-10 17:16:39.933152+00:00,,,,,0.125,25438.448,0.735,0.57,28.694,46.642999999999994,25514.48,CONFIRMED
M02,61610,2026-09-10 17:16:40.036759+00:00,2026-09-10 17:16:40.077526+00:00,2026-09-10 17:16:14.523704+00:00,2026-09-10 17:16:14.524178+00:00,2026-09-10 17:16:14.523785+00:00,2026-09-10 17:16:40.009321+00:00,2026-09-10 17:16:40.009626+00:00,,,,,0.081,25485.536,0.393,0.305,27.133,40.766999999999996,25553.822,CONFIRMED
M02,61611,2026-09-10 17:16:40.104164+00:00,2026-09-10 17:16:40.139883+00:00,2026-09-10 17:16:14.551238+00:00,2026-09-10 17:16:14.554104+00:00,2026-09-10 17:16:14.551382+00:00,2026-09-10 17:16:40.078263+00:00,2026-09-10 17:16:40.078762+00:00,,,,,0.14400000000000002,25526.881,2.722,0.499,25.402,35.719,25588.645,CONFIRMED
M02,61612,2026-09-10 17:16:40.168411+00:00,2026-09-10 17:16:40.207982+00:00,2026-09-10 17:16:14.582448+00:00,2026-09-10 17:16:14.584485+00:00,2026-09-10 17:16:14.582592+00:00,2026-09-10 17:16:40.140726+00:00,2026-09-10 17:16:40.141362+00:00,,,,,0.14400000000000002,25558.134,1.893,0.636,27.049,39.571000000000005,25625.534000000003,CONFIRMED
M02,61613,2026-09-10 17:16:40.237538+00:00,2026-09-10 17:16:40.278158+00:00,2026-09-10 17:16:14.611154+00:00,2026-09-10 17:16:14.612813+00:00,2026-09-10 17:16:14.611285+00:00,2026-09-10 17:16:40.208779+00:00,2026-09-10 17:16:40.209398+00:00,,,,,0.131,25597.494000000002,1.528,0.619,28.139999999999997,40.620000000000005,25667.003999999997,CONFIRMED
M02,61614,2026-09-10 17:16:40.303032+00:00,2026-09-10 17:16:40.341954+00:00,2026-09-10 17:16:14.639829+00:00,2026-09-10 17:16:14.640691+00:00,2026-09-10 17:16:14.640002+00:00,2026-09-10 17:16:40.279166+00:00,2026-09-10 17:16:40.279492+00:00,,,,,0.17300000000000001,25639.164,0.6890000000000001,0.326,23.54,38.922,25702.125,CONFIRMED
M02,61615,2026-09-10 17:16:40.382264+00:00,2026-09-10 17:16:40.430404+00:00,2026-09-10 17:16:14.667887+00:00,2026-09-10 17:16:14.668794+00:00,2026-09-10 17:16:14.668065+00:00,2026-09-10 17:16:40.342748+00:00,2026-09-10 17:16:40.343185+00:00,,,,,0.178,25674.683,0.7290000000000001,0.437,39.079,48.14,25762.517,CONFIRMED
M02,61616,2026-09-10 17:16:40.459563+00:00,2026-09-10 17:16:40.502951+00:00,2026-09-10 17:16:14.696357+00:00,2026-09-10 17:16:14.698478+00:00,2026-09-10 17:16:14.696482+00:00,2026-09-10 17:16:40.430941+00:00,2026-09-10 17:16:40.431410+00:00,,,,,0.125,25734.459000000003,1.996,0.46900000000000003,28.153000000000002,43.388000000000005,25806.594,CONFIRMED
M02,61617,2026-09-10 17:16:40.530445+00:00,2026-09-10 17:16:40.579531+00:00,2026-09-10 17:16:14.725651+00:00,2026-09-10 17:16:14.727831+00:00,2026-09-10 17:16:14.725781+00:00,2026-09-10 17:16:40.503818+00:00,2026-09-10 17:16:40.504298+00:00,,,,,0.12999999999999998,25778.037,2.0500000000000003,0.48000000000000004,26.147,49.086,25853.88,CONFIRMED
M02,61618,2026-09-10 17:16:40.619915+00:00,2026-09-10 17:16:40.662370+00:00,2026-09-10 17:16:14.758219+00:00,2026-09-10 17:16:14.760036+00:00,2026-09-10 17:16:14.758383+00:00,2026-09-10 17:16:40.580573+00:00,2026-09-10 17:16:40.581243+00:00,,,,,0.164,25822.19,1.653,0.67,38.672,42.455,25904.150999999998,CONFIRMED
M02,61619,2026-09-10 17:16:40.691275+00:00,2026-09-10 17:16:40.728328+00:00,2026-09-10 17:16:14.789393+00:00,2026-09-10 17:16:14.790667+00:00,2026-09-10 17:16:14.789603+00:00,2026-09-10 17:16:40.663469+00:00,2026-09-10 17:16:40.664040+00:00,,,,,0.21000000000000002,25873.865999999998,1.064,0.571,27.235,37.053000000000004,25938.935,CONFIRMED
M02,61620,2026-09-10 17:16:40.753472+00:00,2026-09-10 17:16:40.797487+00:00,2026-09-10 17:16:14.817455+00:00,2026-09-10 17:16:14.817986+00:00,2026-09-10 17:16:14.817531+00:00,2026-09-10 17:16:40.729064+00:00,2026-09-10 17:16:40.729679+00:00,,,,,0.076,25911.533,0.455,0.615,23.793000000000003,44.015,25980.032000000003,CONFIRMED
M02,61621,2026-09-10 17:16:40.819558+00:00,2026-09-10 17:16:40.857126+00:00,2026-09-10 17:16:14.845109+00:00,2026-09-10 17:16:14.846316+00:00,2026-09-10 17:16:14.845236+00:00,2026-09-10 17:16:40.797964+00:00,2026-09-10 17:16:40.798275+00:00,,,,,0.127,25952.728,1.08,0.311,21.283,37.568,26012.017,CONFIRMED
M02,61622,2026-09-10 17:16:40.889578+00:00,2026-09-10 17:16:40.928491+00:00,2026-09-10 17:16:14.873572+00:00,2026-09-10 17:16:14.874485+00:00,2026-09-10 17:16:14.873741+00:00,2026-09-10 17:16:40.857906+00:00,2026-09-10 17:16:40.858424+00:00,,,,,0.16899999999999998,25984.165,0.744,0.518,31.154,38.913000000000004,26054.919,CONFIRMED
M02,61623,2026-09-10 17:16:40.951468+00:00,2026-09-10 17:16:40.996260+00:00,2026-09-10 17:16:14.903380+00:00,2026-09-10 17:16:14.904092+00:00,2026-09-10 17:16:14.903513+00:00,2026-09-10 17:16:40.929039+00:00,2026-09-10 17:16:40.929567+00:00,,,,,0.133,26025.525999999998,0.579,0.528,21.901,44.792,26092.88,CONFIRMED
M02,61624,2026-09-10 17:16:41.023105+00:00,2026-09-10 17:16:41.061618+00:00,2026-09-10 17:16:14.930656+00:00,2026-09-10 17:16:14.932257+00:00,2026-09-10 17:16:14.930760+00:00,2026-09-10 17:16:40.997126+00:00,2026-09-10 17:16:40.997691+00:00,,,,,0.104,26066.365999999998,1.497,0.565,25.413999999999998,38.513,26130.962,CONFIRMED
M02,61625,2026-09-10 17:16:41.092247+00:00,2026-09-10 17:16:41.129617+00:00,2026-09-10 17:16:14.959476+00:00,2026-09-10 17:16:14.961152+00:00,2026-09-10 17:16:14.959597+00:00,2026-09-10 17:16:41.062711+00:00,2026-09-10 17:16:41.063294+00:00,,,,,0.121,26103.114,1.555,0.583,28.953,37.37,26170.141,CONFIRMED
M02,61626,2026-09-10 17:16:41.154159+00:00,2026-09-10 17:16:41.229820+00:00,2026-09-10 17:16:14.989086+00:00,2026-09-10 17:16:14.989819+00:00,2026-09-10 17:16:14.989216+00:00,2026-09-10 17:16:41.130362+00:00,2026-09-10 17:16:41.130789+00:00,,,,,0.12999999999999998,26141.146,0.603,0.42700000000000005,23.369999999999997,75.661,26240.734,CONFIRMED
M02,61627,2026-09-10 17:16:41.256315+00:00,2026-09-10 17:16:41.298027+00:00,2026-09-10 17:16:15.016726+00:00,2026-09-10 17:16:15.017392+00:00,2026-09-10 17:16:15.016900+00:00,2026-09-10 17:16:41.230395+00:00,2026-09-10 17:16:41.230714+00:00,,,,,0.174,26213.495000000003,0.49200000000000005,0.319,25.601,41.711999999999996,26281.301,CONFIRMED
M02,61628,2026-09-10 17:16:41.333408+00:00,2026-09-10 17:16:41.396360+00:00,2026-09-10 17:16:15.044686+00:00,2026-09-10 17:16:15.045753+00:00,2026-09-10 17:16:15.044847+00:00,2026-09-10 17:16:41.298636+00:00,2026-09-10 17:16:41.299125+00:00,,,,,0.161,26253.789,0.906,0.48899999999999993,34.283,62.95199999999999,26351.674,CONFIRMED
M02,61629,2026-09-10 17:16:41.422674+00:00,2026-09-10 17:16:41.466904+00:00,2026-09-10 17:16:15.075422+00:00,2026-09-10 17:16:15.076064+00:00,2026-09-10 17:16:15.075587+00:00,2026-09-10 17:16:41.396908+00:00,2026-09-10 17:16:41.397497+00:00,,,,,0.165,26321.321,0.477,0.589,25.177000000000003,44.23,26391.482,CONFIRMED
M02,61630,2026-09-10 17:16:41.496731+00:00,2026-09-10 17:16:41.537014+00:00,2026-09-10 17:16:15.104283+00:00,2026-09-10 17:16:15.104973+00:00,2026-09-10 17:16:15.104406+00:00,2026-09-10 17:16:41.467641+00:00,2026-09-10 17:16:41.468476+00:00,,,,,0.12300000000000001,26363.235,0.5670000000000001,0.8350000000000001,28.255,40.283,26432.731,CONFIRMED
M02,61631,2026-09-10 17:16:41.566991+00:00,2026-09-10 17:16:41.607556+00:00,2026-09-10 17:16:15.131894+00:00,2026-09-10 17:16:15.132539+00:00,2026-09-10 17:16:15.131992+00:00,2026-09-10 17:16:41.537703+00:00,2026-09-10 17:16:41.538209+00:00,,,,,0.098,26405.711,0.5469999999999999,0.506,28.782,40.565,26475.662,CONFIRMED
M02,61632,2026-09-10 17:16:41.640450+00:00,2026-09-10 17:16:41.677910+00:00,2026-09-10 17:16:15.160769+00:00,2026-09-10 17:16:15.162531+00:00,2026-09-10 17:16:15.160932+00:00,2026-09-10 17:16:41.608159+00:00,2026-09-10 17:16:41.608626+00:00,,,,,0.163,26447.227000000003,1.599,0.467,31.823999999999998,37.46,26517.141,CONFIRMED
M02,61633,2026-09-10 17:16:41.702760+00:00,2026-09-10 17:16:41.743835+00:00,2026-09-10 17:16:15.194201+00:00,2026-09-10 17:16:15.194915+00:00,2026-09-10 17:16:15.194351+00:00,2026-09-10 17:16:41.678408+00:00,2026-09-10 17:16:41.678947+00:00,,,,,0.15,26484.057,0.5640000000000001,0.539,23.813000000000002,41.075,26549.634000000002,CONFIRMED
M02,61634,2026-09-10 17:16:41.784224+00:00,2026-09-10 17:16:41.839204+00:00,2026-09-10 17:16:15.224228+00:00,2026-09-10 17:16:15.225253+00:00,2026-09-10 17:16:15.224378+00:00,2026-09-10 17:16:41.744642+00:00,2026-09-10 17:16:41.745146+00:00,,,,,0.15,26520.264,0.875,0.504,39.078,54.980000000000004,26614.976,CONFIRMED
M02,61635,2026-09-10 17:16:41.868515+00:00,2026-09-10 17:16:41.922828+00:00,2026-09-10 17:16:15.252273+00:00,2026-09-10 17:16:15.253089+00:00,2026-09-10 17:16:15.252447+00:00,2026-09-10 17:16:41.840045+00:00,2026-09-10 17:16:41.840653+00:00,,,,,0.174,26587.597999999998,0.642,0.608,27.862000000000002,54.313,26670.555,CONFIRMED
M02,61636,2026-09-10 17:16:41.957915+00:00,2026-09-10 17:16:42.004340+00:00,2026-09-10 17:16:15.280912+00:00,2026-09-10 17:16:15.282139+00:00,2026-09-10 17:16:15.281077+00:00,2026-09-10 17:16:41.923431+00:00,2026-09-10 17:16:41.925119+00:00,,,,,0.165,26642.354,1.062,1.688,32.796,46.425000000000004,26723.428,CONFIRMED
M02,61637,2026-09-10 17:16:42.039715+00:00,2026-09-10 17:16:42.089744+00:00,2026-09-10 17:16:15.309260+00:00,2026-09-10 17:16:15.310678+00:00,2026-09-10 17:16:15.309400+00:00,2026-09-10 17:16:42.005306+00:00,2026-09-10 17:16:42.005884+00:00,,,,,0.13999999999999999,26695.906,1.278,0.578,33.831,50.028999999999996,26780.484,CONFIRMED
M02,61638,2026-09-10 17:16:42.120608+00:00,2026-09-10 17:16:42.161294+00:00,2026-09-10 17:16:15.338963+00:00,2026-09-10 17:16:15.340239+00:00,2026-09-10 17:16:15.339139+00:00,2026-09-10 17:16:42.090403+00:00,2026-09-10 17:16:42.091087+00:00,,,,,0.176,26751.264,1.1,0.684,29.520999999999997,40.686,26822.331,CONFIRMED
M02,61639,2026-09-10 17:16:42.190163+00:00,2026-09-10 17:16:42.228551+00:00,2026-09-10 17:16:15.367582+00:00,2026-09-10 17:16:15.369061+00:00,2026-09-10 17:16:15.367762+00:00,2026-09-10 17:16:42.162186+00:00,2026-09-10 17:16:42.162657+00:00,,,,,0.18000000000000002,26794.424,1.299,0.47100000000000003,27.506,38.388,26860.969,CONFIRMED
M02,61640,2026-09-10 17:16:42.261876+00:00,2026-09-10 17:16:42.298588+00:00,2026-09-10 17:16:15.398994+00:00,2026-09-10 17:16:15.400267+00:00,2026-09-10 17:16:15.399162+00:00,2026-09-10 17:16:42.229309+00:00,2026-09-10 17:16:42.229780+00:00,,,,,0.16799999999999998,26830.147,1.105,0.47100000000000003,32.096,36.712,26899.594,CONFIRMED
M02,61641,2026-09-10 17:16:42.326219+00:00,2026-09-10 17:16:42.364329+00:00,2026-09-10 17:16:15.428460+00:00,2026-09-10 17:16:15.429450+00:00,2026-09-10 17:16:15.428630+00:00,2026-09-10 17:16:42.299092+00:00,2026-09-10 17:16:42.299486+00:00,,,,,0.17,26870.462,0.82,0.39399999999999996,26.733,38.11,26935.869,CONFIRMED
M02,61642,2026-09-10 17:16:42.422427+00:00,2026-09-10 17:16:42.460131+00:00,2026-09-10 17:16:15.457955+00:00,2026-09-10 17:16:15.459079+00:00,2026-09-10 17:16:15.458213+00:00,2026-09-10 17:16:42.365202+00:00,2026-09-10 17:16:42.365700+00:00,,,,,0.258,26906.988999999998,0.866,0.49799999999999994,56.727,37.704,27002.176,CONFIRMED
M02,61643,2026-09-10 17:16:42.488462+00:00,2026-09-10 17:16:42.523065+00:00,2026-09-10 17:16:15.486552+00:00,2026-09-10 17:16:15.487786+00:00,2026-09-10 17:16:15.486781+00:00,2026-09-10 17:16:42.460848+00:00,2026-09-10 17:16:42.461440+00:00,,,,,0.229,26974.067000000003,1.0050000000000001,0.592,27.022000000000002,34.603,27036.513,CONFIRMED
M02,61644,2026-09-10 17:16:42.549382+00:00,2026-09-10 17:16:42.602148+00:00,2026-09-10 17:16:15.518075+00:00,2026-09-10 17:16:15.519464+00:00,2026-09-10 17:16:15.518367+00:00,2026-09-10 17:16:42.523653+00:00,2026-09-10 17:16:42.524195+00:00,,,,,0.292,27005.286,1.0970000000000002,0.5419999999999999,25.187,52.766,27084.073,CONFIRMED
M02,61645,2026-09-10 17:16:42.633279+00:00,2026-09-10 17:16:42.669114+00:00,2026-09-10 17:16:15.547405+00:00,2026-09-10 17:16:15.549824+00:00,2026-09-10 17:16:15.547800+00:00,2026-09-10 17:16:42.602874+00:00,2026-09-10 17:16:42.603639+00:00,,,,,0.395,27055.074,2.024,0.7649999999999999,29.64,35.835,27121.709,CONFIRMED
M02,61646,2026-09-10 17:16:42.697186+00:00,2026-09-10 17:16:42.744546+00:00,2026-09-10 17:16:15.578374+00:00,2026-09-10 17:16:15.579475+00:00,2026-09-10 17:16:15.578718+00:00,2026-09-10 17:16:42.669897+00:00,2026-09-10 17:16:42.670445+00:00,,,,,0.34400000000000003,27091.179,0.757,0.5479999999999999,26.741,47.36,27166.172,CONFIRMED
M02,61647,2026-09-10 17:16:42.774169+00:00,2026-09-10 17:16:42.820197+00:00,2026-09-10 17:16:15.607708+00:00,2026-09-10 17:16:15.609015+00:00,2026-09-10 17:16:15.608015+00:00,2026-09-10 17:16:42.745575+00:00,2026-09-10 17:16:42.746212+00:00,,,,,0.307,27137.56,1.0,0.637,27.957,46.028,27212.489,CONFIRMED
M02,61648,2026-09-10 17:16:42.863658+00:00,2026-09-10 17:16:42.909405+00:00,2026-09-10 17:16:15.638165+00:00,2026-09-10 17:16:15.639303+00:00,2026-09-10 17:16:15.638424+00:00,2026-09-10 17:16:42.821301+00:00,2026-09-10 17:16:42.821867+00:00,,,,,0.259,27182.877,0.879,0.566,41.791000000000004,45.747,27271.239999999998,CONFIRMED
M02,61649,2026-09-10 17:16:42.935377+00:00,2026-09-10 17:16:42.972197+00:00,2026-09-10 17:16:15.666554+00:00,2026-09-10 17:16:15.668709+00:00,2026-09-10 17:16:15.666808+00:00,2026-09-10 17:16:42.910174+00:00,2026-09-10 17:16:42.910828+00:00,,,,,0.254,27243.366,1.9009999999999998,0.6539999999999999,24.549000000000003,36.82,27305.643,CONFIRMED
M02,61650,2026-09-10 17:16:42.996204+00:00,2026-09-10 17:16:43.032480+00:00,2026-09-10 17:16:15.696047+00:00,2026-09-10 17:16:15.697072+00:00,2026-09-10 17:16:15.696214+00:00,2026-09-10 17:16:42.973016+00:00,2026-09-10 17:16:42.973537+00:00,,,,,0.16699999999999998,27276.802,0.858,0.521,22.666999999999998,36.276,27336.433,CONFIRMED
M02,61651,2026-09-10 17:16:43.058974+00:00,2026-09-10 17:16:43.096792+00:00,2026-09-10 17:16:15.725664+00:00,2026-09-10 17:16:15.726717+00:00,2026-09-10 17:16:15.725926+00:00,2026-09-10 17:16:43.033388+00:00,2026-09-10 17:16:43.033892+00:00,,,,,0.262,27307.462,0.791,0.504,25.082,37.818,27371.127999999997,CONFIRMED
M02,61652,2026-09-10 17:16:43.117012+00:00,2026-09-10 17:16:43.151637+00:00,2026-09-10 17:16:15.754702+00:00,2026-09-10 17:16:15.756420+00:00,2026-09-10 17:16:15.754886+00:00,2026-09-10 17:16:43.097566+00:00,2026-09-10 17:16:43.098106+00:00,,,,,0.184,27342.68,1.534,0.54,18.906,34.625,27396.934999999998,CONFIRMED
M02,61653,2026-09-10 17:16:43.177829+00:00,2026-09-10 17:16:43.215902+00:00,2026-09-10 17:16:15.784134+00:00,2026-09-10 17:16:15.785485+00:00,2026-09-10 17:16:15.784280+00:00,2026-09-10 17:16:43.152362+00:00,2026-09-10 17:16:43.152889+00:00,,,,,0.146,27368.082000000002,1.2049999999999998,0.527,24.94,38.073,27431.768,CONFIRMED
M02,61654,2026-09-10 17:16:43.244981+00:00,2026-09-10 17:16:43.280306+00:00,2026-09-10 17:16:15.813850+00:00,2026-09-10 17:16:15.815040+00:00,2026-09-10 17:16:15.814230+00:00,2026-09-10 17:16:43.216683+00:00,2026-09-10 17:16:43.217297+00:00,,,,,0.38,27402.453,0.8099999999999999,0.614,27.684,35.325,27466.456000000002,CONFIRMED
M02,61655,2026-09-10 17:16:43.308394+00:00,2026-09-10 17:16:43.343534+00:00,2026-09-10 17:16:15.842061+00:00,2026-09-10 17:16:15.843053+00:00,2026-09-10 17:16:15.842292+00:00,2026-09-10 17:16:43.281105+00:00,2026-09-10 17:16:43.281693+00:00,,,,,0.231,27438.813,0.761,0.588,26.701,35.14,27501.473,CONFIRMED
M02,61656,2026-09-10 17:16:43.368679+00:00,2026-09-10 17:16:43.410030+00:00,2026-09-10 17:16:15.870374+00:00,2026-09-10 17:16:15.871135+00:00,2026-09-10 17:16:15.870516+00:00,2026-09-10 17:16:43.344258+00:00,2026-09-10 17:16:43.344886+00:00,,,,,0.14200000000000002,27473.742000000002,0.619,0.628,23.793000000000003,41.351,27539.656,CONFIRMED
M02,61657,2026-09-10 17:16:43.447273+00:00,2026-09-10 17:16:43.484462+00:00,2026-09-10 17:16:15.899124+00:00,2026-09-10 17:16:15.900376+00:00,2026-09-10 17:16:15.899291+00:00,2026-09-10 17:16:43.410888+00:00,2026-09-10 17:16:43.411217+00:00,,,,,0.16699999999999998,27511.596999999998,1.085,0.32899999999999996,36.056,37.189,27585.338,CONFIRMED
M02,61658,2026-09-10 17:16:43.508319+00:00,2026-09-10 17:16:43.544537+00:00,2026-09-10 17:16:15.928050+00:00,2026-09-10 17:16:15.929271+00:00,2026-09-10 17:16:15.928297+00:00,2026-09-10 17:16:43.485011+00:00,2026-09-10 17:16:43.485426+00:00,,,,,0.247,27556.714,0.9740000000000001,0.415,22.893,36.218,27616.487,CONFIRMED
M02,61659,2026-09-10 17:16:43.565744+00:00,2026-09-10 17:16:43.599649+00:00,2026-09-10 17:16:15.957601+00:00,2026-09-10 17:16:15.958793+00:00,2026-09-10 17:16:15.957770+00:00,2026-09-10 17:16:43.545199+00:00,2026-09-10 17:16:43.545580+00:00,,,,,0.16899999999999998,27587.429,1.0230000000000001,0.381,20.164,33.905,27642.048,CONFIRMED
M02,61660,2026-09-10 17:16:43.625718+00:00,2026-09-10 17:16:43.663894+00:00,2026-09-10 17:16:15.986414+00:00,2026-09-10 17:16:15.988913+00:00,2026-09-10 17:16:15.986593+00:00,2026-09-10 17:16:43.600456+00:00,2026-09-10 17:16:43.601002+00:00,,,,,0.179,27613.862999999998,2.32,0.546,24.715999999999998,38.176,27677.48,CONFIRMED
M02,61661,2026-09-10 17:16:43.690821+00:00,2026-09-10 17:16:43.736165+00:00,2026-09-10 17:16:16.018680+00:00,2026-09-10 17:16:16.020014+00:00,2026-09-10 17:16:16.018915+00:00,2026-09-10 17:16:43.664792+00:00,2026-09-10 17:16:43.665312+00:00,,,,,0.235,27645.877,1.099,0.5199999999999999,25.509,45.344,27717.485,CONFIRMED
M02,61662,2026-09-10 17:16:43.771232+00:00,2026-09-10 17:16:43.817595+00:00,2026-09-10 17:16:16.048186+00:00,2026-09-10 17:16:16.050837+00:00,2026-09-10 17:16:16.048444+00:00,2026-09-10 17:16:43.736832+00:00,2026-09-10 17:16:43.737300+00:00,,,,,0.258,27688.388,2.3930000000000002,0.46799999999999997,33.931999999999995,46.363,27769.409,CONFIRMED
M02,61663,2026-09-10 17:16:43.864480+00:00,2026-09-10 17:16:43.908550+00:00,2026-09-10 17:16:16.081048+00:00,2026-09-10 17:16:16.082327+00:00,2026-09-10 17:16:16.081249+00:00,2026-09-10 17:16:43.818274+00:00,2026-09-10 17:16:43.818805+00:00,,,,,0.201,27737.024999999998,1.078,0.531,45.675,44.07,27827.502,CONFIRMED
M02,61664,2026-09-10 17:16:43.938348+00:00,2026-09-10 17:16:43.980681+00:00,2026-09-10 17:16:16.112661+00:00,2026-09-10 17:16:16.113899+00:00,2026-09-10 17:16:16.112865+00:00,2026-09-10 17:16:43.909236+00:00,2026-09-10 17:16:43.909826+00:00,,,,,0.204,27796.371,1.034,0.5900000000000001,28.522,42.333000000000006,27868.02,CONFIRMED
M02,61665,2026-09-10 17:16:44.018502+00:00,2026-09-10 17:16:44.071482+00:00,2026-09-10 17:16:16.142473+00:00,2026-09-10 17:16:16.143596+00:00,2026-09-10 17:16:16.142643+00:00,2026-09-10 17:16:43.981374+00:00,2026-09-10 17:16:43.981819+00:00,,,,,0.17,27838.731,0.953,0.44499999999999995,36.683,52.98,27929.009000000002,CONFIRMED
M02,61666,2026-09-10 17:16:44.105736+00:00,2026-09-10 17:16:44.155654+00:00,2026-09-10 17:16:16.170883+00:00,2026-09-10 17:16:16.171917+00:00,2026-09-10 17:16:16.171070+00:00,2026-09-10 17:16:44.072011+00:00,2026-09-10 17:16:44.072394+00:00,,,,,0.187,27900.941,0.847,0.383,33.342,49.918,27984.770999999997,CONFIRMED
M02,61667,2026-09-10 17:16:44.181230+00:00,2026-09-10 17:16:44.221359+00:00,2026-09-10 17:16:16.200467+00:00,2026-09-10 17:16:16.201342+00:00,2026-09-10 17:16:16.200619+00:00,2026-09-10 17:16:44.156173+00:00,2026-09-10 17:16:44.156555+00:00,,,,,0.152,27955.554,0.723,0.382,24.675,40.129,28020.892,CONFIRMED
M02,61668,2026-09-10 17:16:44.255937+00:00,2026-09-10 17:16:44.304596+00:00,2026-09-10 17:16:16.228564+00:00,2026-09-10 17:16:16.229408+00:00,2026-09-10 17:16:16.228721+00:00,2026-09-10 17:16:44.222173+00:00,2026-09-10 17:16:44.223272+00:00,,,,,0.157,27993.452,0.687,1.099,32.665,48.659,28076.032000000003,CONFIRMED
M02,61669,2026-09-10 17:16:44.336725+00:00,2026-09-10 17:16:44.386037+00:00,2026-09-10 17:16:16.257580+00:00,2026-09-10 17:16:16.258934+00:00,2026-09-10 17:16:16.257781+00:00,2026-09-10 17:16:44.305310+00:00,2026-09-10 17:16:44.305832+00:00,,,,,0.201,28047.529000000002,1.153,0.522,30.893,49.312000000000005,28128.457000000002,CONFIRMED
M02,61670,2026-09-10 17:16:44.426604+00:00,2026-09-10 17:16:44.472258+00:00,2026-09-10 17:16:16.290190+00:00,2026-09-10 17:16:16.292701+00:00,2026-09-10 17:16:16.290786+00:00,2026-09-10 17:16:44.386971+00:00,2026-09-10 17:16:44.387480+00:00,,,,,0.596,28096.184999999998,1.915,0.509,39.124,45.654,28182.068,CONFIRMED
M02,61671,2026-09-10 17:16:44.501233+00:00,2026-09-10 17:16:44.538427+00:00,2026-09-10 17:16:16.320266+00:00,2026-09-10 17:16:16.321568+00:00,2026-09-10 17:16:16.320548+00:00,2026-09-10 17:16:44.473024+00:00,2026-09-10 17:16:44.473532+00:00,,,,,0.28200000000000003,28152.476,1.02,0.508,27.701,37.193999999999996,28218.161,CONFIRMED
M02,61672,2026-09-10 17:16:44.566327+00:00,2026-09-10 17:16:44.603064+00:00,2026-09-10 17:16:16.349954+00:00,2026-09-10 17:16:16.352358+00:00,2026-09-10 17:16:16.350195+00:00,2026-09-10 17:16:44.540235+00:00,2026-09-10 17:16:44.540830+00:00,,,,,0.241,28190.04,2.163,0.5950000000000001,25.497,36.737,28253.11,CONFIRMED
M02,61673,2026-09-10 17:16:44.627822+00:00,2026-09-10 17:16:44.666695+00:00,2026-09-10 17:16:16.380144+00:00,2026-09-10 17:16:16.381078+00:00,2026-09-10 17:16:16.380302+00:00,2026-09-10 17:16:44.603765+00:00,2026-09-10 17:16:44.604293+00:00,,,,,0.158,28223.463,0.776,0.528,23.529,38.873,28286.551,CONFIRMED
M02,61674,2026-09-10 17:16:44.690629+00:00,2026-09-10 17:16:44.725911+00:00,2026-09-10 17:16:16.408735+00:00,2026-09-10 17:16:16.410455+00:00,2026-09-10 17:16:16.408882+00:00,2026-09-10 17:16:44.667423+00:00,2026-09-10 17:16:44.667882+00:00,,,,,0.147,28258.541,1.573,0.45899999999999996,22.747,35.282000000000004,28317.176,CONFIRMED
M02,61675,2026-09-10 17:16:44.752902+00:00,2026-09-10 17:16:44.790778+00:00,2026-09-10 17:16:16.438366+00:00,2026-09-10 17:16:16.439481+00:00,2026-09-10 17:16:16.438552+00:00,2026-09-10 17:16:44.726764+00:00,2026-09-10 17:16:44.727265+00:00,,,,,0.186,28288.212000000003,0.929,0.501,25.637,37.876,28352.412,CONFIRMED
M02,61676,2026-09-10 17:16:44.829447+00:00,2026-09-10 17:16:44.866522+00:00,2026-09-10 17:16:16.466854+00:00,2026-09-10 17:16:16.467744+00:00,2026-09-10 17:16:16.467063+00:00,2026-09-10 17:16:44.791372+00:00,2026-09-10 17:16:44.791912+00:00,,,,,0.20900000000000002,28324.309,0.6809999999999999,0.54,37.535,37.074999999999996,28399.667999999998,CONFIRMED
M02,61677,2026-09-10 17:16:44.890322+00:00,2026-09-10 17:16:44.929198+00:00,2026-09-10 17:16:16.496674+00:00,2026-09-10 17:16:16.497650+00:00,2026-09-10 17:16:16.496840+00:00,2026-09-10 17:16:44.867346+00:00,2026-09-10 17:16:44.867869+00:00,,,,,0.166,28370.505999999998,0.8099999999999999,0.523,22.453,38.876,28432.524,CONFIRMED
M02,61678,2026-09-10 17:16:44.954215+00:00,2026-09-10 17:16:44.999203+00:00,2026-09-10 17:16:16.525461+00:00,2026-09-10 17:16:16.526720+00:00,2026-09-10 17:16:16.525599+00:00,2026-09-10 17:16:44.929921+00:00,2026-09-10 17:16:44.930509+00:00,,,,,0.13799999999999998,28404.322,1.121,0.588,23.706000000000003,44.988,28473.742000000002,CONFIRMED
M02,61679,2026-09-10 17:16:45.031231+00:00,2026-09-10 17:16:45.073678+00:00,2026-09-10 17:16:16.554302+00:00,2026-09-10 17:16:16.559361+00:00,2026-09-10 17:16:16.554536+00:00,2026-09-10 17:16:45.000069+00:00,2026-09-10 17:16:45.000574+00:00,,,,,0.23399999999999999,28445.533,4.825,0.505,30.657,42.446999999999996,28519.376,CONFIRMED
M02,61680,2026-09-10 17:16:45.102047+00:00,2026-09-10 17:16:45.141905+00:00,2026-09-10 17:16:16.588642+00:00,2026-09-10 17:16:16.590823+00:00,2026-09-10 17:16:16.588851+00:00,2026-09-10 17:16:45.074782+00:00,2026-09-10 17:16:45.075232+00:00,,,,,0.20900000000000002,28485.931,1.9719999999999998,0.45,26.814999999999998,39.858,28553.263000000003,CONFIRMED
M02,61681,2026-09-10 17:16:45.169317+00:00,2026-09-10 17:16:45.206850+00:00,2026-09-10 17:16:16.618467+00:00,2026-09-10 17:16:16.619366+00:00,2026-09-10 17:16:16.618599+00:00,2026-09-10 17:16:45.142745+00:00,2026-09-10 17:16:45.143197+00:00,,,,,0.132,28524.146,0.767,0.45199999999999996,26.12,37.532999999999994,28588.383,CONFIRMED
M02,61682,2026-09-10 17:16:45.236817+00:00,2026-09-10 17:16:45.276057+00:00,2026-09-10 17:16:16.646870+00:00,2026-09-10 17:16:16.648420+00:00,2026-09-10 17:16:16.647136+00:00,2026-09-10 17:16:45.207626+00:00,2026-09-10 17:16:45.208123+00:00,,,,,0.266,28560.49,1.284,0.49700000000000005,28.694,39.239999999999995,28629.187,CONFIRMED
M02,61683,2026-09-10 17:16:45.302124+00:00,2026-09-10 17:16:45.337193+00:00,2026-09-10 17:16:16.676827+00:00,2026-09-10 17:16:16.678269+00:00,2026-09-10 17:16:16.677079+00:00,2026-09-10 17:16:45.276817+00:00,2026-09-10 17:16:45.277290+00:00,,,,,0.252,28599.737999999998,1.1900000000000002,0.47300000000000003,24.834,35.069,28660.365999999998,CONFIRMED
M02,61684,2026-09-10 17:16:45.360915+00:00,2026-09-10 17:16:45.410196+00:00,2026-09-10 17:16:16.706621+00:00,2026-09-10 17:16:16.707698+00:00,2026-09-10 17:16:16.706786+00:00,2026-09-10 17:16:45.337952+00:00,2026-09-10 17:16:45.338490+00:00,,,,,0.165,28631.166,0.912,0.5379999999999999,22.425,49.281,28703.575,CONFIRMED
M02,61685,2026-09-10 17:16:45.443830+00:00,2026-09-10 17:16:45.479984+00:00,2026-09-10 17:16:16.735115+00:00,2026-09-10 17:16:16.739471+00:00,2026-09-10 17:16:16.735328+00:00,2026-09-10 17:16:45.410695+00:00,2026-09-10 17:16:45.411079+00:00,,,,,0.213,28675.367000000002,4.143,0.384,32.751000000000005,36.153999999999996,28744.869000000002,CONFIRMED
M02,61686,2026-09-10 17:16:45.502880+00:00,2026-09-10 17:16:45.539644+00:00,2026-09-10 17:16:16.766954+00:00,2026-09-10 17:16:16.768002+00:00,2026-09-10 17:16:16.767166+00:00,2026-09-10 17:16:45.480630+00:00,2026-09-10 17:16:45.481043+00:00,,,,,0.212,28713.464,0.8360000000000001,0.41300000000000003,21.837,36.763999999999996,28772.690000000002,CONFIRMED
M02,61687,2026-09-10 17:16:45.564764+00:00,2026-09-10 17:16:45.600343+00:00,2026-09-10 17:16:16.795393+00:00,2026-09-10 17:16:16.796269+00:00,2026-09-10 17:16:16.795582+00:00,2026-09-10 17:16:45.540515+00:00,2026-09-10 17:16:45.541310+00:00,,,,,0.189,28744.933,0.687,0.795,23.454,35.579,28804.95,CONFIRMED
M02,61688,2026-09-10 17:16:45.624093+00:00,2026-09-10 17:16:45.659399+00:00,2026-09-10 17:16:16.824134+00:00,2026-09-10 17:16:16.824967+00:00,2026-09-10 17:16:16.824320+00:00,2026-09-10 17:16:45.601290+00:00,2026-09-10 17:16:45.602318+00:00,,,,,0.186,28776.969999999998,0.647,1.028,21.775,35.306,28835.265,CONFIRMED
M02,61689,2026-09-10 17:16:45.686565+00:00,2026-09-10 17:16:45.724662+00:00,2026-09-10 17:16:16.853245+00:00,2026-09-10 17:16:16.854123+00:00,2026-09-10 17:16:16.853378+00:00,2026-09-10 17:16:45.660303+00:00,2026-09-10 17:16:45.661115+00:00,,,,,0.133,28806.925,0.745,0.812,25.45,38.097,28871.417,CONFIRMED
M02,61690,2026-09-10 17:16:45.752284+00:00,2026-09-10 17:16:45.791760+00:00,2026-09-10 17:16:16.882222+00:00,2026-09-10 17:16:16.883212+00:00,2026-09-10 17:16:16.882462+00:00,2026-09-10 17:16:45.725362+00:00,2026-09-10 17:16:45.725898+00:00,,,,,0.24000000000000002,28842.9,0.75,0.536,26.386,39.476,28909.538,CONFIRMED
M02,61691,2026-09-10 17:16:45.818076+00:00,2026-09-10 17:16:45.854505+00:00,2026-09-10 17:16:16.911242+00:00,2026-09-10 17:16:16.912556+00:00,2026-09-10 17:16:16.911394+00:00,2026-09-10 17:16:45.792372+00:00,2026-09-10 17:16:45.792869+00:00,,,,,0.152,28880.978,1.1620000000000001,0.49700000000000005,25.207,36.429,28943.263000000003,CONFIRMED
M02,61692,2026-09-10 17:16:45.880687+00:00,2026-09-10 17:16:45.925050+00:00,2026-09-10 17:16:16.941365+00:00,2026-09-10 17:16:16.942854+00:00,2026-09-10 17:16:16.941561+00:00,2026-09-10 17:16:45.855226+00:00,2026-09-10 17:16:45.855642+00:00,,,,,0.196,28913.665,1.2930000000000001,0.416,25.045,44.363,28983.685,CONFIRMED
M02,61693,2026-09-10 17:16:45.957335+00:00,2026-09-10 17:16:46.007131+00:00,2026-09-10 17:16:16.970293+00:00,2026-09-10 17:16:16.972549+00:00,2026-09-10 17:16:16.970517+00:00,2026-09-10 17:16:45.925895+00:00,2026-09-10 17:16:45.926516+00:00,,,,,0.224,28955.378,2.032,0.621,30.819,49.796,29036.838,CONFIRMED
M02,61694,2026-09-10 17:16:46.037560+00:00,2026-09-10 17:16:46.075093+00:00,2026-09-10 17:16:17.000017+00:00,2026-09-10 17:16:17.001034+00:00,2026-09-10 17:16:17.000205+00:00,2026-09-10 17:16:46.007970+00:00,2026-09-10 17:16:46.008634+00:00,,,,,0.188,29007.765,0.829,0.664,28.926000000000002,37.532999999999994,29075.076,CONFIRMED
M02,61695,2026-09-10 17:16:46.102976+00:00,2026-09-10 17:16:46.143074+00:00,2026-09-10 17:16:17.029408+00:00,2026-09-10 17:16:17.030488+00:00,2026-09-10 17:16:17.029590+00:00,2026-09-10 17:16:46.075824+00:00,2026-09-10 17:16:46.076371+00:00,,,,,0.182,29046.233999999997,0.898,0.5469999999999999,26.605,40.098,29113.665999999997,CONFIRMED
M02,61696,2026-09-10 17:16:46.168150+00:00,2026-09-10 17:16:46.201844+00:00,2026-09-10 17:16:17.062722+00:00,2026-09-10 17:16:17.063808+00:00,2026-09-10 17:16:17.062892+00:00,2026-09-10 17:16:46.143759+00:00,2026-09-10 17:16:46.144196+00:00,,,,,0.17,29080.867000000002,0.916,0.437,23.954,33.694,29139.122,CONFIRMED
M02,61697,2026-09-10 17:16:46.228293+00:00,2026-09-10 17:16:46.264222+00:00,2026-09-10 17:16:17.092052+00:00,2026-09-10 17:16:17.096213+00:00,2026-09-10 17:16:17.092242+00:00,2026-09-10 17:16:46.202632+00:00,2026-09-10 17:16:46.203218+00:00,,,,,0.19,29110.39,3.9709999999999996,0.5860000000000001,25.075,35.929,29172.170000000002,CONFIRMED
M02,61698,2026-09-10 17:16:46.287509+00:00,2026-09-10 17:16:46.323895+00:00,2026-09-10 17:16:17.124884+00:00,2026-09-10 17:16:17.126148+00:00,2026-09-10 17:16:17.125153+00:00,2026-09-10 17:16:46.264889+00:00,2026-09-10 17:16:46.265446+00:00,,,,,0.26899999999999996,29139.736,0.995,0.5569999999999999,22.063,36.386,29199.011,CONFIRMED
M02,61699,2026-09-10 17:16:46.344127+00:00,2026-09-10 17:16:46.380097+00:00,2026-09-10 17:16:17.154431+00:00,2026-09-10 17:16:17.155957+00:00,2026-09-10 17:16:17.154588+00:00,2026-09-10 17:16:46.324579+00:00,2026-09-10 17:16:46.325315+00:00,,,,,0.157,29169.990999999998,1.369,0.736,18.811999999999998,35.97,29225.666,CONFIRMED
M02,61700,2026-09-10 17:16:46.408873+00:00,2026-09-10 17:16:46.465054+00:00,2026-09-10 17:16:17.185001+00:00,2026-09-10 17:16:17.187769+00:00,2026-09-10 17:16:17.185127+00:00,2026-09-10 17:16:46.380949+00:00,2026-09-10 17:16:46.381514+00:00,,,,,0.126,29195.822,2.642,0.565,27.359,56.181000000000004,29280.053,CONFIRMED
M02,61701,2026-09-10 17:16:46.504180+00:00,2026-09-10 17:16:46.551043+00:00,2026-09-10 17:16:17.216258+00:00,2026-09-10 17:16:17.217682+00:00,2026-09-10 17:16:17.216487+00:00,2026-09-10 17:16:46.466376+00:00,2026-09-10 17:16:46.466846+00:00,,,,,0.229,29249.889,1.195,0.47,37.333999999999996,46.863,29334.785,CONFIRMED
M02,61702,2026-09-10 17:16:46.578822+00:00,2026-09-10 17:16:46.628003+00:00,2026-09-10 17:16:17.244972+00:00,2026-09-10 17:16:17.246098+00:00,2026-09-10 17:16:17.245194+00:00,2026-09-10 17:16:46.551816+00:00,2026-09-10 17:16:46.553000+00:00,,,,,0.222,29306.622,0.9039999999999999,1.184,25.822000000000003,49.181000000000004,29383.031,CONFIRMED
M02,61703,2026-09-10 17:16:46.653950+00:00,2026-09-10 17:16:46.702023+00:00,2026-09-10 17:16:17.274086+00:00,2026-09-10 17:16:17.276704+00:00,2026-09-10 17:16:17.274365+00:00,2026-09-10 17:16:46.628696+00:00,2026-09-10 17:16:46.629213+00:00,,,,,0.279,29354.331,2.339,0.517,24.737,48.073,29427.937,CONFIRMED
M02,61704,2026-09-10 17:16:46.732752+00:00,2026-09-10 17:16:46.782236+00:00,2026-09-10 17:16:17.305245+00:00,2026-09-10 17:16:17.307785+00:00,2026-09-10 17:16:17.305462+00:00,2026-09-10 17:16:46.702633+00:00,2026-09-10 17:16:46.703082+00:00,,,,,0.217,29397.171,2.323,0.449,29.669999999999998,49.484,29476.991,CONFIRMED
M02,61705,2026-09-10 17:16:46.811281+00:00,2026-09-10 17:16:46.862792+00:00,2026-09-10 17:16:17.336392+00:00,2026-09-10 17:16:17.337302+00:00,2026-09-10 17:16:17.336580+00:00,2026-09-10 17:16:46.782731+00:00,2026-09-10 17:16:46.783087+00:00,,,,,0.188,29446.151,0.722,0.356,28.194,51.511,29526.399999999998,CONFIRMED
M02,61706,2026-09-10 17:16:46.890060+00:00,2026-09-10 17:16:46.936548+00:00,2026-09-10 17:16:17.366412+00:00,2026-09-10 17:16:17.367473+00:00,2026-09-10 17:16:17.366659+00:00,2026-09-10 17:16:46.863346+00:00,2026-09-10 17:16:46.863757+00:00,,,,,0.247,29496.687,0.8140000000000001,0.41100000000000003,26.303,46.488,29570.136000000002,CONFIRMED
M02,61707,2026-09-10 17:16:46.968060+00:00,2026-09-10 17:16:47.011768+00:00,2026-09-10 17:16:17.395499+00:00,2026-09-10 17:16:17.396665+00:00,2026-09-10 17:16:17.395692+00:00,2026-09-10 17:16:46.937458+00:00,2026-09-10 17:16:46.937992+00:00,,,,,0.193,29541.766,0.973,0.5339999999999999,30.068,43.708,29616.269,CONFIRMED
M02,61708,2026-09-10 17:16:47.040423+00:00,2026-09-10 17:16:47.084865+00:00,2026-09-10 17:16:17.426424+00:00,2026-09-10 17:16:17.427479+00:00,2026-09-10 17:16:17.426605+00:00,2026-09-10 17:16:47.012388+00:00,2026-09-10 17:16:47.013039+00:00,,,,,0.18100000000000002,29585.783,0.874,0.651,27.384,44.442,29658.441,CONFIRMED
M02,61709,2026-09-10 17:16:47.120536+00:00,2026-09-10 17:16:47.164088+00:00,2026-09-10 17:16:17.455180+00:00,2026-09-10 17:16:17.456880+00:00,2026-09-10 17:16:17.455399+00:00,2026-09-10 17:16:47.085677+00:00,2026-09-10 17:16:47.086917+00:00,,,,,0.219,29630.278000000002,1.4809999999999999,1.24,33.619,43.552,29708.908,CONFIRMED
M02,61710,2026-09-10 17:16:47.205045+00:00,2026-09-10 17:16:47.258319+00:00,2026-09-10 17:16:17.486724+00:00,2026-09-10 17:16:17.489989+00:00,2026-09-10 17:16:17.486931+00:00,2026-09-10 17:16:47.164809+00:00,2026-09-10 17:16:47.165341+00:00,,,,,0.207,29677.878,3.058,0.532,39.704,53.274,29771.595,CONFIRMED
M02,61711,2026-09-10 17:16:47.294038+00:00,2026-09-10 17:16:47.337739+00:00,2026-09-10 17:16:17.518187+00:00,2026-09-10 17:16:17.519110+00:00,2026-09-10 17:16:17.518361+00:00,2026-09-10 17:16:47.260545+00:00,2026-09-10 17:16:47.261255+00:00,,,,,0.174,29742.184,0.749,0.71,32.783,43.70099999999999,29819.552000000003,CONFIRMED
M02,61712,2026-09-10 17:16:47.371495+00:00,2026-09-10 17:16:47.410217+00:00,2026-09-10 17:16:17.547134+00:00,2026-09-10 17:16:17.549533+00:00,2026-09-10 17:16:17.547295+00:00,2026-09-10 17:16:47.338723+00:00,2026-09-10 17:16:47.339289+00:00,,,,,0.161,29791.428,2.238,0.566,32.205999999999996,38.722,29863.083,CONFIRMED
M02,61713,2026-09-10 17:16:47.437287+00:00,2026-09-10 17:16:47.480827+00:00,2026-09-10 17:16:17.578689+00:00,2026-09-10 17:16:17.579733+00:00,2026-09-10 17:16:17.578947+00:00,2026-09-10 17:16:47.411047+00:00,2026-09-10 17:16:47.411596+00:00,,,,,0.258,29832.100000000002,0.786,0.549,25.691,43.54,29902.138,CONFIRMED
M02,61714,2026-09-10 17:16:47.505673+00:00,2026-09-10 17:16:47.543429+00:00,2026-09-10 17:16:17.607762+00:00,2026-09-10 17:16:17.609666+00:00,2026-09-10 17:16:17.608033+00:00,2026-09-10 17:16:47.481817+00:00,2026-09-10 17:16:47.482370+00:00,,,,,0.27099999999999996,29873.784,1.633,0.553,23.303,37.756,29935.666999999998,CONFIRMED
M02,61715,2026-09-10 17:16:47.566569+00:00,2026-09-10 17:16:47.602113+00:00,2026-09-10 17:16:17.637536+00:00,2026-09-10 17:16:17.638864+00:00,2026-09-10 17:16:17.637827+00:00,2026-09-10 17:16:47.544100+00:00,2026-09-10 17:16:47.544665+00:00,,,,,0.29100000000000004,29906.272999999997,1.037,0.565,21.904,35.544,29964.576999999997,CONFIRMED
M02,61716,2026-09-10 17:16:47.627479+00:00,2026-09-10 17:16:47.664620+00:00,2026-09-10 17:16:17.666332+00:00,2026-09-10 17:16:17.667073+00:00,2026-09-10 17:16:17.666434+00:00,2026-09-10 17:16:47.602894+00:00,2026-09-10 17:16:47.603487+00:00,,,,,0.102,29936.46,0.639,0.593,23.992,37.141,29998.288,CONFIRMED
M02,61717,2026-09-10 17:16:47.704792+00:00,2026-09-10 17:16:47.740209+00:00,2026-09-10 17:16:17.694324+00:00,2026-09-10 17:16:17.695235+00:00,2026-09-10 17:16:17.694468+00:00,2026-09-10 17:16:47.667619+00:00,2026-09-10 17:16:47.668111+00:00,,,,,0.14400000000000002,29973.151,0.767,0.49200000000000005,36.681,35.416999999999994,30045.885,CONFIRMED
M02,61718,2026-09-10 17:16:47.761412+00:00,2026-09-10 17:16:47.795968+00:00,2026-09-10 17:16:17.722921+00:00,2026-09-10 17:16:17.723934+00:00,2026-09-10 17:16:17.723119+00:00,2026-09-10 17:16:47.740979+00:00,2026-09-10 17:16:47.741432+00:00,,,,,0.19799999999999998,30017.86,0.815,0.453,19.98,34.556000000000004,30073.047,CONFIRMED
M02,61719,2026-09-10 17:16:47.819442+00:00,2026-09-10 17:16:47.854797+00:00,2026-09-10 17:16:17.751574+00:00,2026-09-10 17:16:17.752923+00:00,2026-09-10 17:16:17.751730+00:00,2026-09-10 17:16:47.796757+00:00,2026-09-10 17:16:47.797299+00:00,,,,,0.156,30045.027000000002,1.193,0.5419999999999999,22.143,35.355,30103.222999999998,CONFIRMED
M02,61720,2026-09-10 17:16:47.885755+00:00,2026-09-10 17:16:47.921843+00:00,2026-09-10 17:16:17.780457+00:00,2026-09-10 17:16:17.782113+00:00,2026-09-10 17:16:17.780630+00:00,2026-09-10 17:16:47.855608+00:00,2026-09-10 17:16:47.856141+00:00,,,,,0.17300000000000001,30074.978000000003,1.4829999999999999,0.533,29.614,36.088,30141.386000000002,CONFIRMED
M02,61721,2026-09-10 17:16:47.947015+00:00,2026-09-10 17:16:47.984454+00:00,2026-09-10 17:16:17.809892+00:00,2026-09-10 17:16:17.811131+00:00,2026-09-10 17:16:17.810188+00:00,2026-09-10 17:16:47.922659+00:00,2026-09-10 17:16:47.923141+00:00,,,,,0.296,30112.470999999998,0.9430000000000001,0.482,23.874,37.439,30174.562,CONFIRMED
M02,61722,2026-09-10 17:16:48.014050+00:00,2026-09-10 17:16:48.053364+00:00,2026-09-10 17:16:17.838656+00:00,2026-09-10 17:16:17.841408+00:00,2026-09-10 17:16:17.838920+00:00,2026-09-10 17:16:47.985437+00:00,2026-09-10 17:16:47.985906+00:00,,,,,0.264,30146.517,2.488,0.46900000000000003,28.144,39.314,30214.708000000002,CONFIRMED
M02,61723,2026-09-10 17:16:48.081665+00:00,2026-09-10 17:16:48.134231+00:00,2026-09-10 17:16:17.870615+00:00,2026-09-10 17:16:17.872848+00:00,2026-09-10 17:16:17.870804+00:00,2026-09-10 17:16:48.054443+00:00,2026-09-10 17:16:48.054976+00:00,,,,,0.189,30183.639,2.0439999999999996,0.533,26.689,52.566,30263.615999999998,CONFIRMED
M02,61724,2026-09-10 17:16:48.169338+00:00,2026-09-10 17:16:48.218276+00:00,2026-09-10 17:16:17.906633+00:00,2026-09-10 17:16:17.908251+00:00,2026-09-10 17:16:17.906817+00:00,2026-09-10 17:16:48.134927+00:00,2026-09-10 17:16:48.135499+00:00,,,,,0.184,30228.11,1.434,0.5720000000000001,33.839,48.938,30311.643,CONFIRMED
M02,61725,2026-09-10 17:16:48.243609+00:00,2026-09-10 17:16:48.282505+00:00,2026-09-10 17:16:17.935933+00:00,2026-09-10 17:16:17.937958+00:00,2026-09-10 17:16:17.936163+00:00,2026-09-10 17:16:48.219091+00:00,2026-09-10 17:16:48.220950+00:00,,,,,0.23,30282.928,1.795,1.859,22.659,38.896,30346.572,CONFIRMED
M02,61726,2026-09-10 17:16:48.309229+00:00,2026-09-10 17:16:48.345651+00:00,2026-09-10 17:16:17.968622+00:00,2026-09-10 17:16:17.970067+00:00,2026-09-10 17:16:17.968874+00:00,2026-09-10 17:16:48.283329+00:00,2026-09-10 17:16:48.283914+00:00,,,,,0.252,30314.454999999998,1.193,0.585,25.315,36.422000000000004,30377.029,CONFIRMED
M02,61727,2026-09-10 17:16:48.376067+00:00,2026-09-10 17:16:48.413148+00:00,2026-09-10 17:16:17.999243+00:00,2026-09-10 17:16:18.000759+00:00,2026-09-10 17:16:17.999411+00:00,2026-09-10 17:16:48.346579+00:00,2026-09-10 17:16:48.347043+00:00,,,,,0.16799999999999998,30347.168,1.348,0.464,29.024,37.081,30413.905,CONFIRMED
M02,61728,2026-09-10 17:16:48.445559+00:00,2026-09-10 17:16:48.500995+00:00,2026-09-10 17:16:18.028862+00:00,2026-09-10 17:16:18.033007+00:00,2026-09-10 17:16:18.028987+00:00,2026-09-10 17:16:48.413665+00:00,2026-09-10 17:16:48.414136+00:00,,,,,0.125,30384.678,4.0200000000000005,0.47100000000000003,31.423,55.436,30472.132999999998,CONFIRMED
M02,61729,2026-09-10 17:16:48.535979+00:00,2026-09-10 17:16:48.585546+00:00,2026-09-10 17:16:18.061933+00:00,2026-09-10 17:16:18.063169+00:00,2026-09-10 17:16:18.062148+00:00,2026-09-10 17:16:48.501724+00:00,2026-09-10 17:16:48.502276+00:00,,,,,0.215,30439.575999999997,1.021,0.5519999999999999,33.702999999999996,49.567,30523.613,CONFIRMED
M02,61730,2026-09-10 17:16:48.621057+00:00,2026-09-10 17:16:48.666140+00:00,2026-09-10 17:16:18.091287+00:00,2026-09-10 17:16:18.100421+00:00,2026-09-10 17:16:18.091465+00:00,2026-09-10 17:16:48.586234+00:00,2026-09-10 17:16:48.586682+00:00,,,,,0.178,30494.769,8.956000000000001,0.448,34.375,45.083,30574.853,CONFIRMED
M02,61731,2026-09-10 17:16:48.698852+00:00,2026-09-10 17:16:48.745362+00:00,2026-09-10 17:16:18.128066+00:00,2026-09-10 17:16:18.129876+00:00,2026-09-10 17:16:18.128264+00:00,2026-09-10 17:16:48.667585+00:00,2026-09-10 17:16:48.668164+00:00,,,,,0.19799999999999998,30539.321,1.6119999999999999,0.579,30.688,46.510000000000005,30617.296,CONFIRMED
M02,61732,2026-09-10 17:16:48.770985+00:00,2026-09-10 17:16:48.821338+00:00,2026-09-10 17:16:18.157484+00:00,2026-09-10 17:16:18.158515+00:00,2026-09-10 17:16:18.157660+00:00,2026-09-10 17:16:48.746610+00:00,2026-09-10 17:16:48.747163+00:00,,,,,0.176,30588.95,0.855,0.553,23.822,50.353,30663.854,CONFIRMED
M02,61733,2026-09-10 17:16:48.850895+00:00,2026-09-10 17:16:48.895614+00:00,2026-09-10 17:16:18.186856+00:00,2026-09-10 17:16:18.188513+00:00,2026-09-10 17:16:18.187036+00:00,2026-09-10 17:16:48.821910+00:00,2026-09-10 17:16:48.822315+00:00,,,,,0.18000000000000002,30634.874,1.477,0.40499999999999997,28.580000000000002,44.719,30708.757999999998,CONFIRMED
M02,61734,2026-09-10 17:16:48.921648+00:00,2026-09-10 17:16:48.972143+00:00,2026-09-10 17:16:18.216873+00:00,2026-09-10 17:16:18.218666+00:00,2026-09-10 17:16:18.217152+00:00,2026-09-10 17:16:48.896256+00:00,2026-09-10 17:16:48.896722+00:00,,,,,0.279,30679.104,1.514,0.46599999999999997,24.926000000000002,50.495,30755.27,CONFIRMED
M02,61735,2026-09-10 17:16:49.002709+00:00,2026-09-10 17:16:49.050026+00:00,2026-09-10 17:16:18.246582+00:00,2026-09-10 17:16:18.247608+00:00,2026-09-10 17:16:18.246824+00:00,2026-09-10 17:16:48.973058+00:00,2026-09-10 17:16:48.973685+00:00,,,,,0.242,30726.234,0.784,0.627,29.024,47.317,30803.444,CONFIRMED
M02,61736,2026-09-10 17:16:49.080040+00:00,2026-09-10 17:16:49.121389+00:00,2026-09-10 17:16:18.276604+00:00,2026-09-10 17:16:18.277786+00:00,2026-09-10 17:16:18.276933+00:00,2026-09-10 17:16:49.050728+00:00,2026-09-10 17:16:49.051844+00:00,,,,,0.32899999999999996,30773.795,0.853,1.116,28.195999999999998,41.349,30844.785000000003,CONFIRMED
M02,61737,2026-09-10 17:16:49.155056+00:00,2026-09-10 17:16:49.207311+00:00,2026-09-10 17:16:18.305706+00:00,2026-09-10 17:16:18.308290+00:00,2026-09-10 17:16:18.305972+00:00,2026-09-10 17:16:49.122321+00:00,2026-09-10 17:16:49.122837+00:00,,,,,0.266,30816.349,2.318,0.516,32.218999999999994,52.255,30901.605,CONFIRMED
M02,61738,2026-09-10 17:16:49.235762+00:00,2026-09-10 17:16:49.273005+00:00,2026-09-10 17:16:18.337947+00:00,2026-09-10 17:16:18.339226+00:00,2026-09-10 17:16:18.338080+00:00,2026-09-10 17:16:49.208714+00:00,2026-09-10 17:16:49.209795+00:00,,,,,0.133,30870.634,1.1460000000000001,1.081,25.967,37.242999999999995,30935.058,CONFIRMED
M02,61739,2026-09-10 17:16:49.300439+00:00,2026-09-10 17:16:49.338364+00:00,2026-09-10 17:16:18.366666+00:00,2026-09-10 17:16:18.367442+00:00,2026-09-10 17:16:18.366841+00:00,2026-09-10 17:16:49.274035+00:00,2026-09-10 17:16:49.274743+00:00,,,,,0.175,30907.194,0.601,0.708,25.696,37.925,30971.698,CONFIRMED
M02,61740,2026-09-10 17:16:49.366661+00:00,2026-09-10 17:16:49.406270+00:00,2026-09-10 17:16:18.397072+00:00,2026-09-10 17:16:18.398279+00:00,2026-09-10 17:16:18.397253+00:00,2026-09-10 17:16:49.339127+00:00,2026-09-10 17:16:49.339665+00:00,,,,,0.18100000000000002,30941.874,1.026,0.5379999999999999,26.996,39.609,31009.198,CONFIRMED
M02,61741,2026-09-10 17:16:49.444604+00:00,2026-09-10 17:16:49.499204+00:00,2026-09-10 17:16:18.425820+00:00,2026-09-10 17:16:18.427124+00:00,2026-09-10 17:16:18.425951+00:00,2026-09-10 17:16:49.407239+00:00,2026-09-10 17:16:49.407814+00:00,,,,,0.131,30981.288,1.173,0.575,36.790000000000006,54.6,31073.384000000002,CONFIRMED
M02,61742,2026-09-10 17:16:49.534124+00:00,2026-09-10 17:16:49.587516+00:00,2026-09-10 17:16:18.454898+00:00,2026-09-10 17:16:18.456563+00:00,2026-09-10 17:16:18.455075+00:00,2026-09-10 17:16:49.499928+00:00,2026-09-10 17:16:49.500429+00:00,,,,,0.177,31044.853,1.488,0.501,33.695,53.392,31132.618000000002,CONFIRMED
M02,61743,2026-09-10 17:16:49.621033+00:00,2026-09-10 17:16:49.658599+00:00,2026-09-10 17:16:18.486223+00:00,2026-09-10 17:16:18.487516+00:00,2026-09-10 17:16:18.486422+00:00,2026-09-10 17:16:49.588379+00:00,2026-09-10 17:16:49.589551+00:00,,,,,0.199,31101.957,1.0939999999999999,1.1720000000000002,31.482000000000003,37.566,31172.376,CONFIRMED
M02,61744,2026-09-10 17:16:49.683617+00:00,2026-09-10 17:16:49.719080+00:00,2026-09-10 17:16:18.515996+00:00,2026-09-10 17:16:18.517831+00:00,2026-09-10 17:16:18.516331+00:00,2026-09-10 17:16:49.659414+00:00,2026-09-10 17:16:49.659951+00:00,,,,,0.335,31143.083000000002,1.5,0.537,23.666,35.463,31203.084,CONFIRMED
M02,61745,2026-09-10 17:16:49.750485+00:00,2026-09-10 17:16:49.820017+00:00,2026-09-10 17:16:18.545498+00:00,2026-09-10 17:16:18.547197+00:00,2026-09-10 17:16:18.545772+00:00,2026-09-10 17:16:49.719851+00:00,2026-09-10 17:16:49.720453+00:00,,,,,0.27399999999999997,31174.078999999998,1.425,0.602,30.032,69.532,31274.519,CONFIRMED
M02,61746,2026-09-10 17:16:49.847013+00:00,2026-09-10 17:16:49.881420+00:00,2026-09-10 17:16:18.577246+00:00,2026-09-10 17:16:18.578285+00:00,2026-09-10 17:16:18.577429+00:00,2026-09-10 17:16:49.821149+00:00,2026-09-10 17:16:49.821771+00:00,,,,,0.183,31243.72,0.856,0.622,25.242,34.407000000000004,31304.174,CONFIRMED
M02,61747,2026-09-10 17:16:49.909824+00:00,2026-09-10 17:16:49.944311+00:00,2026-09-10 17:16:18.605996+00:00,2026-09-10 17:16:18.607425+00:00,2026-09-10 17:16:18.606176+00:00,2026-09-10 17:16:49.882143+00:00,2026-09-10 17:16:49.882556+00:00,,,,,0.18000000000000002,31275.967,1.2489999999999999,0.41300000000000003,27.268,34.486999999999995,31338.315000000002,CONFIRMED
M02,61748,2026-09-10 17:16:49.970636+00:00,2026-09-10 17:16:50.006928+00:00,2026-09-10 17:16:18.635034+00:00,2026-09-10 17:16:18.636915+00:00,2026-09-10 17:16:18.635205+00:00,2026-09-10 17:16:49.945094+00:00,2026-09-10 17:16:49.945583+00:00,,,,,0.171,31309.889,1.71,0.48899999999999993,25.052999999999997,36.291999999999994,31371.894,CONFIRMED
M02,61749,2026-09-10 17:16:50.037758+00:00,2026-09-10 17:16:50.072633+00:00,2026-09-10 17:16:18.666767+00:00,2026-09-10 17:16:18.669173+00:00,2026-09-10 17:16:18.667273+00:00,2026-09-10 17:16:50.007635+00:00,2026-09-10 17:16:50.008093+00:00,,,,,0.506,31340.361999999997,1.9,0.458,29.665,34.875,31405.865999999998,CONFIRMED
M02,61750,2026-09-10 17:16:50.105973+00:00,2026-09-10 17:16:50.143277+00:00,2026-09-10 17:16:18.697149+00:00,2026-09-10 17:16:18.697911+00:00,2026-09-10 17:16:18.697294+00:00,2026-09-10 17:16:50.073400+00:00,2026-09-10 17:16:50.073937+00:00,,,,,0.145,31376.106,0.617,0.537,32.036,37.303999999999995,31446.128,CONFIRMED
M02,61751,2026-09-10 17:16:50.180078+00:00,2026-09-10 17:16:50.223222+00:00,2026-09-10 17:16:18.725491+00:00,2026-09-10 17:16:18.727476+00:00,2026-09-10 17:16:18.725681+00:00,2026-09-10 17:16:50.144767+00:00,2026-09-10 17:16:50.145312+00:00,,,,,0.19,31419.086,1.795,0.545,34.766,43.144,31497.731000000003,CONFIRMED
M02,61752,2026-09-10 17:16:50.247976+00:00,2026-09-10 17:16:50.289227+00:00,2026-09-10 17:16:18.757599+00:00,2026-09-10 17:16:18.759944+00:00,2026-09-10 17:16:18.757785+00:00,2026-09-10 17:16:50.223875+00:00,2026-09-10 17:16:50.224411+00:00,,,,,0.186,31466.09,2.159,0.536,23.564999999999998,41.251000000000005,31531.628,CONFIRMED
M02,61753,2026-09-10 17:16:50.318021+00:00,2026-09-10 17:16:50.355643+00:00,2026-09-10 17:16:18.787823+00:00,2026-09-10 17:16:18.788960+00:00,2026-09-10 17:16:18.788033+00:00,2026-09-10 17:16:50.290009+00:00,2026-09-10 17:16:50.290606+00:00,,,,,0.21000000000000002,31501.976,0.9269999999999999,0.597,27.415,37.622,31567.82,CONFIRMED
M02,61754,2026-09-10 17:16:50.380438+00:00,2026-09-10 17:16:50.419500+00:00,2026-09-10 17:16:18.818193+00:00,2026-09-10 17:16:18.819786+00:00,2026-09-10 17:16:18.818430+00:00,2026-09-10 17:16:50.356376+00:00,2026-09-10 17:16:50.357041+00:00,,,,,0.237,31537.946,1.356,0.665,23.397000000000002,39.062,31601.306999999997,CONFIRMED
M02,61755,2026-09-10 17:16:50.457515+00:00,2026-09-10 17:16:50.498193+00:00,2026-09-10 17:16:18.848789+00:00,2026-09-10 17:16:18.851492+00:00,2026-09-10 17:16:18.848934+00:00,2026-09-10 17:16:50.420347+00:00,2026-09-10 17:16:50.420961+00:00,,,,,0.145,31571.413,2.558,0.614,36.554,40.678,31649.404000000002,CONFIRMED
M02,61756,2026-09-10 17:16:50.522382+00:00,2026-09-10 17:16:50.559219+00:00,2026-09-10 17:16:18.886978+00:00,2026-09-10 17:16:18.888336+00:00,2026-09-10 17:16:18.887200+00:00,2026-09-10 17:16:50.498932+00:00,2026-09-10 17:16:50.499557+00:00,,,,,0.222,31611.732,1.1360000000000001,0.625,22.825000000000003,36.837,31672.240999999998,CONFIRMED
M02,61757,2026-09-10 17:16:50.586845+00:00,2026-09-10 17:16:50.623401+00:00,2026-09-10 17:16:18.922380+00:00,2026-09-10 17:16:18.923419+00:00,2026-09-10 17:16:18.922508+00:00,2026-09-10 17:16:50.560279+00:00,2026-09-10 17:16:50.560892+00:00,,,,,0.128,31637.771,0.911,0.6130000000000001,25.953,36.556,31701.021,CONFIRMED
M02,61758,2026-09-10 17:16:50.648511+00:00,2026-09-10 17:16:50.690681+00:00,2026-09-10 17:16:18.951292+00:00,2026-09-10 17:16:18.952130+00:00,2026-09-10 17:16:18.951409+00:00,2026-09-10 17:16:50.624091+00:00,2026-09-10 17:16:50.624550+00:00,,,,,0.11699999999999999,31672.682,0.721,0.45899999999999996,23.961,42.17,31739.389,CONFIRMED
M02,61759,2026-09-10 17:16:50.716101+00:00,2026-09-10 17:16:50.751884+00:00,2026-09-10 17:16:18.979416+00:00,2026-09-10 17:16:18.980446+00:00,2026-09-10 17:16:18.979663+00:00,2026-09-10 17:16:50.691536+00:00,2026-09-10 17:16:50.692083+00:00,,,,,0.247,31711.873,0.7829999999999999,0.5469999999999999,24.018,35.783,31772.468,CONFIRMED
M02,61760,2026-09-10 17:16:50.774099+00:00,2026-09-10 17:16:50.808848+00:00,2026-09-10 17:16:19.009468+00:00,2026-09-10 17:16:19.012366+00:00,2026-09-10 17:16:19.009654+00:00,2026-09-10 17:16:50.752609+00:00,2026-09-10 17:16:50.753264+00:00,,,,,0.186,31742.954999999998,2.712,0.655,20.835,34.749,31799.38,CONFIRMED
M02,61761,2026-09-10 17:16:50.831805+00:00,2026-09-10 17:16:50.866560+00:00,2026-09-10 17:16:19.040762+00:00,2026-09-10 17:16:19.041990+00:00,2026-09-10 17:16:19.040947+00:00,2026-09-10 17:16:50.809644+00:00,2026-09-10 17:16:50.810176+00:00,,,,,0.185,31768.697,1.0430000000000001,0.532,21.628999999999998,34.755,31825.798,CONFIRMED
M02,61762,2026-09-10 17:16:50.897356+00:00,2026-09-10 17:16:50.936661+00:00,2026-09-10 17:16:19.070162+00:00,2026-09-10 17:16:19.071293+00:00,2026-09-10 17:16:19.070463+00:00,2026-09-10 17:16:50.867413+00:00,2026-09-10 17:16:50.868052+00:00,,,,,0.301,31796.95,0.83,0.639,29.304,39.305,31866.499,CONFIRMED
M02,61763,2026-09-10 17:16:50.960806+00:00,2026-09-10 17:16:50.997627+00:00,2026-09-10 17:16:19.104554+00:00,2026-09-10 17:16:19.106402+00:00,2026-09-10 17:16:19.104789+00:00,2026-09-10 17:16:50.937379+00:00,2026-09-10 17:16:50.937927+00:00,,,,,0.235,31832.59,1.613,0.5479999999999999,22.879,36.821,31893.073,CONFIRMED
M02,61764,2026-09-10 17:16:51.026695+00:00,2026-09-10 17:16:51.062792+00:00,2026-09-10 17:16:19.135462+00:00,2026-09-10 17:16:19.136619+00:00,2026-09-10 17:16:19.135665+00:00,2026-09-10 17:16:50.998385+00:00,2026-09-10 17:16:50.999689+00:00,,,,,0.203,31862.72,0.954,1.304,27.006,36.096999999999994,31927.33,CONFIRMED
M02,61765,2026-09-10 17:16:51.089414+00:00,2026-09-10 17:16:51.125001+00:00,2026-09-10 17:16:19.170247+00:00,2026-09-10 17:16:19.171345+00:00,2026-09-10 17:16:19.170402+00:00,2026-09-10 17:16:51.063818+00:00,2026-09-10 17:16:51.064281+00:00,,,,,0.155,31893.415999999997,0.9430000000000001,0.46299999999999997,25.133,35.587,31954.754,CONFIRMED
M02,61766,2026-09-10 17:16:51.148822+00:00,2026-09-10 17:16:51.184528+00:00,2026-09-10 17:16:19.200248+00:00,2026-09-10 17:16:19.201163+00:00,2026-09-10 17:16:19.200438+00:00,2026-09-10 17:16:51.125794+00:00,2026-09-10 17:16:51.126163+00:00,,,,,0.19,31925.356,0.725,0.36900000000000005,22.659,35.706,31984.28,CONFIRMED
M02,61767,2026-09-10 17:16:51.214467+00:00,,2026-09-10 17:16:19.228993+00:00,2026-09-10 17:16:19.230159+00:00,2026-09-10 17:16:19.229169+00:00,2026-09-10 17:16:51.185244+00:00,2026-09-10 17:16:51.185668+00:00,,,,,0.176,31956.074999999997,0.99,0.424,28.799000000000003,,,INCOMPLETE
M02,61768,,,2026-09-10 17:16:19.258094+00:00,2026-09-10 17:16:19.260572+00:00,2026-09-10 17:16:19.258523+00:00,,,,,,,0.429,,2.049,,,,,INCOMPLETE
M02,61769,,,2026-09-10 17:16:19.288394+00:00,2026-09-10 17:16:19.289313+00:00,2026-09-10 17:16:19.288557+00:00,,,,,,,0.163,,0.756,,,,,INCOMPLETE
M02,61770,,,2026-09-10 17:16:19.316838+00:00,2026-09-10 17:16:19.318135+00:00,2026-09-10 17:16:19.317022+00:00,,,,,,,0.184,,1.113,,,,,INCOMPLETE
M02,61771,,,2026-09-10 17:16:19.345728+00:00,2026-09-10 17:16:19.346653+00:00,2026-09-10 17:16:19.345896+00:00,,,,,,,0.16799999999999998,,0.757,,,,,INCOMPLETE
M02,61772,,,2026-09-10 17:16:19.373958+00:00,2026-09-10 17:16:19.375057+00:00,2026-09-10 17:16:19.374102+00:00,,,,,,,0.14400000000000002,,0.955,,,,,INCOMPLETE
M02,61773,,,2026-09-10 17:16:19.406842+00:00,2026-09-10 17:16:19.408829+00:00,2026-09-10 17:16:19.407270+00:00,,,,,,,0.428,,1.5590000000000002,,,,,INCOMPLETE
M02,61774,,,2026-09-10 17:16:19.436385+00:00,2026-09-10 17:16:19.437834+00:00,2026-09-10 17:16:19.436618+00:00,,,,,,,0.23299999999999998,,1.216,,,,,INCOMPLETE
M02,61775,,,2026-09-10 17:16:19.465168+00:00,2026-09-10 17:16:19.465871+00:00,2026-09-10 17:16:19.465296+00:00,,,,,,,0.128,,0.575,,,,,INCOMPLETE
M02,61776,,,2026-09-10 17:16:19.493545+00:00,2026-09-10 17:16:19.494751+00:00,2026-09-10 17:16:19.493667+00:00,,,,,,,0.122,,1.0839999999999999,,,,,INCOMPLETE
M02,61777,,,2026-09-10 17:16:19.522674+00:00,2026-09-10 17:16:19.523662+00:00,2026-09-10 17:16:19.522917+00:00,,,,,,,0.243,,0.745,,,,,INCOMPLETE
M02,61778,,,2026-09-10 17:16:19.556466+00:00,2026-09-10 17:16:19.558010+00:00,2026-09-10 17:16:19.556596+00:00,,,,,,,0.12999999999999998,,1.414,,,,,INCOMPLETE
M02,61779,,,2026-09-10 17:16:19.587075+00:00,2026-09-10 17:16:19.588770+00:00,2026-09-10 17:16:19.587313+00:00,,,,,,,0.23800000000000002,,1.4569999999999999,,,,,INCOMPLETE
M02,61780,,,2026-09-10 17:16:19.619633+00:00,2026-09-10 17:16:19.621882+00:00,2026-09-10 17:16:19.619857+00:00,,,,,,,0.224,,2.025,,,,,INCOMPLETE
M02,61781,,,2026-09-10 17:16:19.649471+00:00,2026-09-10 17:16:19.650544+00:00,2026-09-10 17:16:19.649769+00:00,,,,,,,0.298,,0.775,,,,,INCOMPLETE
M02,61782,,,2026-09-10 17:16:19.677737+00:00,2026-09-10 17:16:19.679204+00:00,2026-09-10 17:16:19.677889+00:00,,,,,,,0.152,,1.315,,,,,INCOMPLETE
M02,61783,,,2026-09-10 17:16:19.707315+00:00,2026-09-10 17:16:19.708498+00:00,2026-09-10 17:16:19.707496+00:00,,,,,,,0.18100000000000002,,1.002,,,,,INCOMPLETE
M02,61784,,,2026-09-10 17:16:19.736980+00:00,2026-09-10 17:16:19.738009+00:00,2026-09-10 17:16:19.737192+00:00,,,,,,,0.212,,0.8170000000000001,,,,,INCOMPLETE
M02,61785,,,2026-09-10 17:16:19.765684+00:00,2026-09-10 17:16:19.767244+00:00,2026-09-10 17:16:19.765817+00:00,,,,,,,0.133,,1.427,,,,,INCOMPLETE
M02,61786,,,2026-09-10 17:16:19.796267+00:00,2026-09-10 17:16:19.801863+00:00,2026-09-10 17:16:19.796512+00:00,,,,,,,0.245,,5.351,,,,,INCOMPLETE
M02,61787,,,2026-09-10 17:16:19.831136+00:00,2026-09-10 17:16:19.833803+00:00,2026-09-10 17:16:19.831321+00:00,,,,,,,0.185,,2.4819999999999998,,,,,INCOMPLETE
M02,61788,,,2026-09-10 17:16:19.866788+00:00,2026-09-10 17:16:19.867827+00:00,2026-09-10 17:16:19.866998+00:00,,,,,,,0.21000000000000002,,0.829,,,,,INCOMPLETE
M02,61789,,,2026-09-10 17:16:19.899235+00:00,2026-09-10 17:16:19.900568+00:00,2026-09-10 17:16:19.899455+00:00,,,,,,,0.22,,1.113,,,,,INCOMPLETE
M02,61790,,,2026-09-10 17:16:19.929663+00:00,2026-09-10 17:16:19.931980+00:00,2026-09-10 17:16:19.929873+00:00,,,,,,,0.21000000000000002,,2.1069999999999998,,,,,INCOMPLETE
M02,61791,,,2026-09-10 17:16:19.967491+00:00,2026-09-10 17:16:19.970392+00:00,2026-09-10 17:16:19.967633+00:00,,,,,,,0.14200000000000002,,2.7590000000000003,,,,,INCOMPLETE
M02,61792,,,2026-09-10 17:16:20.003805+00:00,2026-09-10 17:16:20.004837+00:00,2026-09-10 17:16:20.003999+00:00,,,,,,,0.194,,0.838,,,,,INCOMPLETE
M02,61793,,,2026-09-10 17:16:20.032511+00:00,2026-09-10 17:16:20.034843+00:00,2026-09-10 17:16:20.032695+00:00,,,,,,,0.184,,2.148,,,,,INCOMPLETE
M02,61794,,,2026-09-10 17:16:20.062279+00:00,2026-09-10 17:16:20.063372+00:00,2026-09-10 17:16:20.062487+00:00,,,,,,,0.208,,0.885,,,,,INCOMPLETE
M02,61795,,,2026-09-10 17:16:20.092034+00:00,2026-09-10 17:16:20.093543+00:00,2026-09-10 17:16:20.092240+00:00,,,,,,,0.206,,1.303,,,,,INCOMPLETE
M02,61796,,,2026-09-10 17:16:20.121240+00:00,2026-09-10 17:16:20.123044+00:00,2026-09-10 17:16:20.121502+00:00,,,,,,,0.262,,1.542,,,,,INCOMPLETE
M02,61797,,,2026-09-10 17:16:20.150902+00:00,2026-09-10 17:16:20.153224+00:00,2026-09-10 17:16:20.151194+00:00,,,,,,,0.292,,2.0300000000000002,,,,,INCOMPLETE
M02,61798,,,2026-09-10 17:16:20.180809+00:00,2026-09-10 17:16:20.182604+00:00,2026-09-10 17:16:20.181153+00:00,,,,,,,0.34400000000000003,,1.451,,,,,INCOMPLETE
M02,61799,,,2026-09-10 17:16:20.211583+00:00,2026-09-10 17:16:20.212631+00:00,2026-09-10 17:16:20.211818+00:00,,,,,,,0.235,,0.8130000000000001,,,,,INCOMPLETE
M02,61800,,,2026-09-10 17:16:20.240686+00:00,2026-09-10 17:16:20.243296+00:00,2026-09-10 17:16:20.240923+00:00,,,,,,,0.237,,2.373,,,,,INCOMPLETE
M02,61801,,,2026-09-10 17:16:20.271641+00:00,2026-09-10 17:16:20.273388+00:00,2026-09-10 17:16:20.271958+00:00,,,,,,,0.317,,1.4300000000000002,,,,,INCOMPLETE
M02,61802,,,2026-09-10 17:16:20.302670+00:00,2026-09-10 17:16:20.304411+00:00,2026-09-10 17:16:20.302898+00:00,,,,,,,0.228,,1.5130000000000001,,,,,INCOMPLETE
M02,61803,,,2026-09-10 17:16:20.333778+00:00,2026-09-10 17:16:20.334752+00:00,2026-09-10 17:16:20.334079+00:00,,,,,,,0.301,,0.673,,,,,INCOMPLETE
M02,61804,,,2026-09-10 17:16:20.363584+00:00,2026-09-10 17:16:20.365191+00:00,2026-09-10 17:16:20.363736+00:00,,,,,,,0.152,,1.4549999999999998,,,,,INCOMPLETE
M02,61805,,,2026-09-10 17:16:20.392939+00:00,2026-09-10 17:16:20.393964+00:00,2026-09-10 17:16:20.393142+00:00,,,,,,,0.203,,0.8220000000000001,,,,,INCOMPLETE
M02,61806,,,2026-09-10 17:16:20.422444+00:00,2026-09-10 17:16:20.423419+00:00,2026-09-10 17:16:20.422632+00:00,,,,,,,0.188,,0.787,,,,,INCOMPLETE
M02,61807,,,2026-09-10 17:16:20.452783+00:00,2026-09-10 17:16:20.454105+00:00,2026-09-10 17:16:20.452992+00:00,,,,,,,0.20900000000000002,,1.113,,,,,INCOMPLETE
M02,61808,,,2026-09-10 17:16:20.481686+00:00,2026-09-10 17:16:20.483399+00:00,2026-09-10 17:16:20.482023+00:00,,,,,,,0.337,,1.3760000000000001,,,,,INCOMPLETE
M02,61809,,,2026-09-10 17:16:20.511615+00:00,2026-09-10 17:16:20.514769+00:00,2026-09-10 17:16:20.511760+00:00,,,,,,,0.145,,3.009,,,,,INCOMPLETE
M02,61810,,,2026-09-10 17:16:20.542475+00:00,2026-09-10 17:16:20.544128+00:00,2026-09-10 17:16:20.542648+00:00,,,,,,,0.17300000000000001,,1.48,,,,,INCOMPLETE
M02,61811,,,2026-09-10 17:16:20.571596+00:00,2026-09-10 17:16:20.572726+00:00,2026-09-10 17:16:20.571807+00:00,,,,,,,0.211,,0.919,,,,,INCOMPLETE
M02,61812,,,2026-09-10 17:16:20.600128+00:00,2026-09-10 17:16:20.601114+00:00,2026-09-10 17:16:20.600348+00:00,,,,,,,0.22,,0.766,,,,,INCOMPLETE
M02,61813,,,2026-09-10 17:16:20.629218+00:00,2026-09-10 17:16:20.631461+00:00,2026-09-10 17:16:20.629372+00:00,,,,,,,0.154,,2.089,,,,,INCOMPLETE
M02,61814,,,2026-09-10 17:16:20.660793+00:00,2026-09-10 17:16:20.664113+00:00,2026-09-10 17:16:20.660954+00:00,,,,,,,0.161,,3.159,,,,,INCOMPLETE
M02,61815,,,2026-09-10 17:16:20.691741+00:00,2026-09-10 17:16:20.692856+00:00,2026-09-10 17:16:20.691930+00:00,,,,,,,0.189,,0.9259999999999999,,,,,INCOMPLETE
M02,61816,,,2026-09-10 17:16:20.720868+00:00,2026-09-10 17:16:20.722816+00:00,2026-09-10 17:16:20.721089+00:00,,,,,,,0.221,,1.727,,,,,INCOMPLETE
M02,61817,,,2026-09-10 17:16:20.755723+00:00,2026-09-10 17:16:20.757101+00:00,2026-09-10 17:16:20.755983+00:00,,,,,,,0.25999999999999995,,1.118,,,,,INCOMPLETE
M02,61818,,,2026-09-10 17:16:20.785690+00:00,2026-09-10 17:16:20.788466+00:00,2026-09-10 17:16:20.785884+00:00,,,,,,,0.194,,2.5820000000000003,,,,,INCOMPLETE
M02,61819,,,2026-09-10 17:16:20.815885+00:00,2026-09-10 17:16:20.817045+00:00,2026-09-10 17:16:20.816094+00:00,,,,,,,0.20900000000000002,,0.9510000000000001,,,,,INCOMPLETE
M02,61820,,,2026-09-10 17:16:20.846836+00:00,2026-09-10 17:16:20.847951+00:00,2026-09-10 17:16:20.847185+00:00,,,,,,,0.34900000000000003,,0.766,,,,,INCOMPLETE
M02,61821,,,2026-09-10 17:16:20.875651+00:00,2026-09-10 17:16:20.876480+00:00,2026-09-10 17:16:20.875828+00:00,,,,,,,0.177,,0.652,,,,,INCOMPLETE
M02,61822,,,2026-09-10 17:16:20.903785+00:00,2026-09-10 17:16:20.905105+00:00,2026-09-10 17:16:20.903920+00:00,,,,,,,0.135,,1.185,,,,,INCOMPLETE
M02,61823,,,2026-09-10 17:16:20.939350+00:00,2026-09-10 17:16:20.943549+00:00,2026-09-10 17:16:20.939574+00:00,,,,,,,0.224,,3.975,,,,,INCOMPLETE
M02,61824,,,2026-09-10 17:16:20.970730+00:00,2026-09-10 17:16:20.971559+00:00,2026-09-10 17:16:20.970861+00:00,,,,,,,0.131,,0.6980000000000001,,,,,INCOMPLETE
M02,61825,,,2026-09-10 17:16:20.999482+00:00,2026-09-10 17:16:21.001097+00:00,2026-09-10 17:16:20.999651+00:00,,,,,,,0.16899999999999998,,1.446,,,,,INCOMPLETE
M02,61826,,,2026-09-10 17:16:21.029263+00:00,2026-09-10 17:16:21.030438+00:00,2026-09-10 17:16:21.029437+00:00,,,,,,,0.174,,1.001,,,,,INCOMPLETE
M02,61827,,,2026-09-10 17:16:21.058100+00:00,2026-09-10 17:16:21.059282+00:00,2026-09-10 17:16:21.058267+00:00,,,,,,,0.16699999999999998,,1.0150000000000001,,,,,INCOMPLETE
M02,61828,,,2026-09-10 17:16:21.086776+00:00,2026-09-10 17:16:21.088636+00:00,2026-09-10 17:16:21.087004+00:00,,,,,,,0.228,,1.632,,,,,INCOMPLETE
M02,61829,,,2026-09-10 17:16:21.121563+00:00,2026-09-10 17:16:21.122655+00:00,2026-09-10 17:16:21.121738+00:00,,,,,,,0.175,,0.9169999999999999,,,,,INCOMPLETE
M02,61830,,,2026-09-10 17:16:21.153994+00:00,2026-09-10 17:16:21.156971+00:00,2026-09-10 17:16:21.154201+00:00,,,,,,,0.207,,2.77,,,,,INCOMPLETE
M02,61831,,,2026-09-10 17:16:21.186488+00:00,2026-09-10 17:16:21.187464+00:00,2026-09-10 17:16:21.186680+00:00,,,,,,,0.192,,0.784,,,,,INCOMPLETE
M02,61832,,,2026-09-10 17:16:21.215095+00:00,2026-09-10 17:16:21.217023+00:00,2026-09-10 17:16:21.215324+00:00,,,,,,,0.229,,1.699,,,,,INCOMPLETE
M02,61833,,,2026-09-10 17:16:21.245851+00:00,2026-09-10 17:16:21.247293+00:00,2026-09-10 17:16:21.246043+00:00,,,,,,,0.192,,1.25,,,,,INCOMPLETE
M02,61834,,,2026-09-10 17:16:21.274667+00:00,2026-09-10 17:16:21.275972+00:00,2026-09-10 17:16:21.274831+00:00,,,,,,,0.164,,1.141,,,,,INCOMPLETE
M02,61835,,,2026-09-10 17:16:21.303386+00:00,2026-09-10 17:16:21.304258+00:00,2026-09-10 17:16:21.303563+00:00,,,,,,,0.177,,0.695,,,,,INCOMPLETE
M02,61836,,,2026-09-10 17:16:21.331423+00:00,2026-09-10 17:16:21.332842+00:00,2026-09-10 17:16:21.331568+00:00,,,,,,,0.145,,1.274,,,,,INCOMPLETE
M02,61837,,,2026-09-10 17:16:21.360707+00:00,2026-09-10 17:16:21.363142+00:00,2026-09-10 17:16:21.360885+00:00,,,,,,,0.178,,2.2569999999999997,,,,,INCOMPLETE
M02,61838,,,2026-09-10 17:16:21.391120+00:00,2026-09-10 17:16:21.392930+00:00,2026-09-10 17:16:21.391361+00:00,,,,,,,0.241,,1.5690000000000002,,,,,INCOMPLETE
M02,61839,,,2026-09-10 17:16:21.420429+00:00,2026-09-10 17:16:21.421911+00:00,2026-09-10 17:16:21.420606+00:00,,,,,,,0.177,,1.305,,,,,INCOMPLETE
M02,61840,,,2026-09-10 17:16:21.452008+00:00,2026-09-10 17:16:21.453004+00:00,2026-09-10 17:16:21.452198+00:00,,,,,,,0.19,,0.8059999999999999,,,,,INCOMPLETE
M02,61841,,,2026-09-10 17:16:21.480572+00:00,2026-09-10 17:16:21.481853+00:00,2026-09-10 17:16:21.480764+00:00,,,,,,,0.192,,1.089,,,,,INCOMPLETE
M02,61842,,,2026-09-10 17:16:21.509640+00:00,2026-09-10 17:16:21.510902+00:00,2026-09-10 17:16:21.509830+00:00,,,,,,,0.19,,1.072,,,,,INCOMPLETE
M02,61843,,,2026-09-10 17:16:21.540790+00:00,2026-09-10 17:16:21.541676+00:00,2026-09-10 17:16:21.541012+00:00,,,,,,,0.222,,0.664,,,,,INCOMPLETE
M02,61844,,,2026-09-10 17:16:21.569832+00:00,2026-09-10 17:16:21.571648+00:00,2026-09-10 17:16:21.570056+00:00,,,,,,,0.224,,1.592,,,,,INCOMPLETE
M02,61845,,,2026-09-10 17:16:21.600262+00:00,2026-09-10 17:16:21.601186+00:00,2026-09-10 17:16:21.600390+00:00,,,,,,,0.128,,0.796,,,,,INCOMPLETE
M02,61846,,,2026-09-10 17:16:21.629595+00:00,2026-09-10 17:16:21.630978+00:00,2026-09-10 17:16:21.629723+00:00,,,,,,,0.128,,1.2550000000000001,,,,,INCOMPLETE
M02,61847,,,2026-09-10 17:16:21.659794+00:00,2026-09-10 17:16:21.661328+00:00,2026-09-10 17:16:21.660016+00:00,,,,,,,0.222,,1.312,,,,,INCOMPLETE
M02,61848,,,2026-09-10 17:16:21.689359+00:00,2026-09-10 17:16:21.690304+00:00,2026-09-10 17:16:21.689529+00:00,,,,,,,0.17,,0.775,,,,,INCOMPLETE
M02,61849,,,2026-09-10 17:16:21.717549+00:00,2026-09-10 17:16:21.719290+00:00,2026-09-10 17:16:21.717804+00:00,,,,,,,0.255,,1.486,,,,,INCOMPLETE
M02,61850,,,2026-09-10 17:16:21.749059+00:00,2026-09-10 17:16:21.752187+00:00,2026-09-10 17:16:21.749311+00:00,,,,,,,0.252,,2.876,,,,,INCOMPLETE
M02,61851,,,2026-09-10 17:16:21.779512+00:00,2026-09-10 17:16:21.780990+00:00,2026-09-10 17:16:21.779680+00:00,,,,,,,0.16799999999999998,,1.31,,,,,INCOMPLETE
M02,61852,,,2026-09-10 17:16:21.808363+00:00,2026-09-10 17:16:21.809802+00:00,2026-09-10 17:16:21.808534+00:00,,,,,,,0.171,,1.268,,,,,INCOMPLETE
M02,61853,,,2026-09-10 17:16:21.839119+00:00,2026-09-10 17:16:21.840832+00:00,2026-09-10 17:16:21.839304+00:00,,,,,,,0.185,,1.528,,,,,INCOMPLETE
M02,61854,,,2026-09-10 17:16:21.868640+00:00,2026-09-10 17:16:21.870710+00:00,2026-09-10 17:16:21.868849+00:00,,,,,,,0.20900000000000002,,1.861,,,,,INCOMPLETE
M02,61855,,,2026-09-10 17:16:21.899036+00:00,2026-09-10 17:16:21.901247+00:00,2026-09-10 17:16:21.899254+00:00,,,,,,,0.21800000000000003,,1.9929999999999999,,,,,INCOMPLETE
M02,61856,,,2026-09-10 17:16:21.929152+00:00,2026-09-10 17:16:21.931329+00:00,2026-09-10 17:16:21.929330+00:00,,,,,,,0.178,,1.9989999999999999,,,,,INCOMPLETE
M02,61857,,,2026-09-10 17:16:21.958648+00:00,2026-09-10 17:16:21.959830+00:00,2026-09-10 17:16:21.958785+00:00,,,,,,,0.13699999999999998,,1.045,,,,,INCOMPLETE
M02,61858,,,2026-09-10 17:16:21.988531+00:00,2026-09-10 17:16:21.990142+00:00,2026-09-10 17:16:21.988757+00:00,,,,,,,0.22599999999999998,,1.385,,,,,INCOMPLETE
M02,61859,,,2026-09-10 17:16:22.018237+00:00,2026-09-10 17:16:22.019454+00:00,2026-09-10 17:16:22.018443+00:00,,,,,,,0.206,,1.011,,,,,INCOMPLETE
M02,61860,,,2026-09-10 17:16:22.048490+00:00,2026-09-10 17:16:22.050338+00:00,2026-09-10 17:16:22.048904+00:00,,,,,,,0.414,,1.434,,,,,INCOMPLETE
M02,61861,,,2026-09-10 17:16:22.082630+00:00,2026-09-10 17:16:22.084648+00:00,2026-09-10 17:16:22.082794+00:00,,,,,,,0.164,,1.8539999999999999,,,,,INCOMPLETE
M02,61862,,,2026-09-10 17:16:22.113341+00:00,2026-09-10 17:16:22.114200+00:00,2026-09-10 17:16:22.113526+00:00,,,,,,,0.185,,0.674,,,,,INCOMPLETE
M02,61863,,,2026-09-10 17:16:22.142013+00:00,2026-09-10 17:16:22.143204+00:00,2026-09-10 17:16:22.142267+00:00,,,,,,,0.254,,0.937,,,,,INCOMPLETE
M02,61864,,,2026-09-10 17:16:22.172616+00:00,2026-09-10 17:16:22.174283+00:00,2026-09-10 17:16:22.172820+00:00,,,,,,,0.204,,1.463,,,,,INCOMPLETE
M02,61865,,,2026-09-10 17:16:22.202499+00:00,2026-09-10 17:16:22.204645+00:00,2026-09-10 17:16:22.202760+00:00,,,,,,,0.261,,1.885,,,,,INCOMPLETE
M02,61866,,,2026-09-10 17:16:22.232355+00:00,2026-09-10 17:16:22.233416+00:00,2026-09-10 17:16:22.232529+00:00,,,,,,,0.174,,0.887,,,,,INCOMPLETE
M02,61867,,,2026-09-10 17:16:22.260680+00:00,2026-09-10 17:16:22.261799+00:00,2026-09-10 17:16:22.260874+00:00,,,,,,,0.194,,0.925,,,,,INCOMPLETE
M02,61868,,,2026-09-10 17:16:22.289943+00:00,2026-09-10 17:16:22.291705+00:00,2026-09-10 17:16:22.290130+00:00,,,,,,,0.187,,1.575,,,,,INCOMPLETE
M02,61869,,,2026-09-10 17:16:22.319493+00:00,2026-09-10 17:16:22.320994+00:00,2026-09-10 17:16:22.319653+00:00,,,,,,,0.16,,1.341,,,,,INCOMPLETE
M02,61870,,,2026-09-10 17:16:22.349797+00:00,2026-09-10 17:16:22.351635+00:00,2026-09-10 17:16:22.349996+00:00,,,,,,,0.199,,1.639,,,,,INCOMPLETE
M02,61871,,,2026-09-10 17:16:22.380379+00:00,2026-09-10 17:16:22.381641+00:00,2026-09-10 17:16:22.380595+00:00,,,,,,,0.216,,1.046,,,,,INCOMPLETE
M02,61872,,,2026-09-10 17:16:22.410460+00:00,2026-09-10 17:16:22.411784+00:00,2026-09-10 17:16:22.410653+00:00,,,,,,,0.193,,1.131,,,,,INCOMPLETE
M02,61873,,,2026-09-10 17:16:22.440056+00:00,2026-09-10 17:16:22.442112+00:00,2026-09-10 17:16:22.440268+00:00,,,,,,,0.212,,1.8439999999999999,,,,,INCOMPLETE
M02,61874,,,2026-09-10 17:16:22.470764+00:00,2026-09-10 17:16:22.473019+00:00,2026-09-10 17:16:22.470966+00:00,,,,,,,0.202,,2.053,,,,,INCOMPLETE
M02,61875,,,2026-09-10 17:16:22.501674+00:00,2026-09-10 17:16:22.502839+00:00,2026-09-10 17:16:22.501950+00:00,,,,,,,0.27599999999999997,,0.889,,,,,INCOMPLETE
M02,61876,,,2026-09-10 17:16:22.529839+00:00,2026-09-10 17:16:22.531687+00:00,2026-09-10 17:16:22.530036+00:00,,,,,,,0.19699999999999998,,1.6509999999999998,,,,,INCOMPLETE
M02,61877,,,2026-09-10 17:16:22.561433+00:00,2026-09-10 17:16:22.562585+00:00,2026-09-10 17:16:22.561622+00:00,,,,,,,0.189,,0.963,,,,,INCOMPLETE
M02,61878,,,2026-09-10 17:16:22.592355+00:00,2026-09-10 17:16:22.593723+00:00,2026-09-10 17:16:22.592505+00:00,,,,,,,0.15,,1.218,,,,,INCOMPLETE
M02,61879,,,2026-09-10 17:16:22.621356+00:00,2026-09-10 17:16:22.623851+00:00,2026-09-10 17:16:22.621490+00:00,,,,,,,0.134,,2.3609999999999998,,,,,INCOMPLETE
M02,61880,,,2026-09-10 17:16:22.651260+00:00,2026-09-10 17:16:22.652027+00:00,2026-09-10 17:16:22.651422+00:00,,,,,,,0.162,,0.605,,,,,INCOMPLETE
M02,61881,,,2026-09-10 17:16:22.680604+00:00,2026-09-10 17:16:22.684074+00:00,2026-09-10 17:16:22.680784+00:00,,,,,,,0.18000000000000002,,3.29,,,,,INCOMPLETE
M02,61882,,,2026-09-10 17:16:22.712019+00:00,2026-09-10 17:16:22.714888+00:00,2026-09-10 17:16:22.713739+00:00,,,,,,,1.72,,1.149,,,,,INCOMPLETE
M02,61883,,,2026-09-10 17:16:22.742618+00:00,2026-09-10 17:16:22.746981+00:00,2026-09-10 17:16:22.742807+00:00,,,,,,,0.189,,4.1739999999999995,,,,,INCOMPLETE
M02,61884,,,2026-09-10 17:16:22.776315+00:00,2026-09-10 17:16:22.777423+00:00,2026-09-10 17:16:22.776491+00:00,,,,,,,0.176,,0.9319999999999999,,,,,INCOMPLETE
M02,61885,,,2026-09-10 17:16:22.805933+00:00,2026-09-10 17:16:22.807823+00:00,2026-09-10 17:16:22.806154+00:00,,,,,,,0.221,,1.6689999999999998,,,,,INCOMPLETE
M02,61886,,,2026-09-10 17:16:22.837912+00:00,2026-09-10 17:16:22.839341+00:00,2026-09-10 17:16:22.838248+00:00,,,,,,,0.33599999999999997,,1.093,,,,,INCOMPLETE
M02,61887,,,2026-09-10 17:16:22.867604+00:00,2026-09-10 17:16:22.868693+00:00,2026-09-10 17:16:22.867743+00:00,,,,,,,0.13899999999999998,,0.95,,,,,INCOMPLETE
M02,61888,,,2026-09-10 17:16:22.895765+00:00,2026-09-10 17:16:22.896918+00:00,2026-09-10 17:16:22.895909+00:00,,,,,,,0.14400000000000002,,1.009,,,,,INCOMPLETE
M02,61889,,,2026-09-10 17:16:22.924887+00:00,2026-09-10 17:16:22.928221+00:00,2026-09-10 17:16:22.925091+00:00,,,,,,,0.204,,3.13,,,,,INCOMPLETE
M02,61890,,,2026-09-10 17:16:22.957191+00:00,2026-09-10 17:16:22.959485+00:00,2026-09-10 17:16:22.957410+00:00,,,,,,,0.219,,2.075,,,,,INCOMPLETE
M02,61891,,,2026-09-10 17:16:22.987712+00:00,2026-09-10 17:16:22.988451+00:00,2026-09-10 17:16:22.987821+00:00,,,,,,,0.10900000000000001,,0.63,,,,,INCOMPLETE
M02,61892,,,2026-09-10 17:16:23.017298+00:00,2026-09-10 17:16:23.018288+00:00,2026-09-10 17:16:23.017525+00:00,,,,,,,0.22699999999999998,,0.763,,,,,INCOMPLETE
M02,61893,,,2026-09-10 17:16:23.047655+00:00,2026-09-10 17:16:23.049178+00:00,2026-09-10 17:16:23.047784+00:00,,,,,,,0.129,,1.3940000000000001,,,,,INCOMPLETE
M02,61894,,,2026-09-10 17:16:23.078332+00:00,2026-09-10 17:16:23.079437+00:00,2026-09-10 17:16:23.078525+00:00,,,,,,,0.193,,0.912,,,,,INCOMPLETE
M02,61895,,,2026-09-10 17:16:23.107297+00:00,2026-09-10 17:16:23.108693+00:00,2026-09-10 17:16:23.107427+00:00,,,,,,,0.12999999999999998,,1.266,,,,,INCOMPLETE
M02,61896,,,2026-09-10 17:16:23.137160+00:00,2026-09-10 17:16:23.138574+00:00,2026-09-10 17:16:23.137418+00:00,,,,,,,0.258,,1.156,,,,,INCOMPLETE
M02,61897,,,2026-09-10 17:16:23.166478+00:00,2026-09-10 17:16:23.167916+00:00,2026-09-10 17:16:23.166719+00:00,,,,,,,0.241,,1.1969999999999998,,,,,INCOMPLETE
M02,61898,,,2026-09-10 17:16:23.197590+00:00,2026-09-10 17:16:23.198927+00:00,2026-09-10 17:16:23.197854+00:00,,,,,,,0.264,,1.073,,,,,INCOMPLETE
M02,61899,,,2026-09-10 17:16:23.226857+00:00,2026-09-10 17:16:23.228519+00:00,2026-09-10 17:16:23.227054+00:00,,,,,,,0.19699999999999998,,1.4649999999999999,,,,,INCOMPLETE
M02,61900,,,2026-09-10 17:16:23.255340+00:00,2026-09-10 17:16:23.256295+00:00,2026-09-10 17:16:23.255539+00:00,,,,,,,0.199,,0.756,,,,,INCOMPLETE
M02,61901,,,2026-09-10 17:16:23.284125+00:00,2026-09-10 17:16:23.285473+00:00,2026-09-10 17:16:23.284331+00:00,,,,,,,0.206,,1.142,,,,,INCOMPLETE
M02,61902,,,2026-09-10 17:16:23.312912+00:00,2026-09-10 17:16:23.314143+00:00,2026-09-10 17:16:23.313086+00:00,,,,,,,0.174,,1.057,,,,,INCOMPLETE
M02,61903,,,2026-09-10 17:16:23.343167+00:00,2026-09-10 17:16:23.344774+00:00,2026-09-10 17:16:23.343350+00:00,,,,,,,0.183,,1.424,,,,,INCOMPLETE
M02,61904,,,2026-09-10 17:16:23.371816+00:00,2026-09-10 17:16:23.372924+00:00,2026-09-10 17:16:23.371967+00:00,,,,,,,0.15100000000000002,,0.957,,,,,INCOMPLETE
M02,61905,,,2026-09-10 17:16:23.400838+00:00,2026-09-10 17:16:23.401777+00:00,2026-09-10 17:16:23.401051+00:00,,,,,,,0.213,,0.726,,,,,INCOMPLETE
M02,61906,,,2026-09-10 17:16:23.429619+00:00,2026-09-10 17:16:23.430718+00:00,2026-09-10 17:16:23.429864+00:00,,,,,,,0.245,,0.8540000000000001,,,,,INCOMPLETE
M02,61907,,,2026-09-10 17:16:23.458631+00:00,2026-09-10 17:16:23.459519+00:00,2026-09-10 17:16:23.458768+00:00,,,,,,,0.13699999999999998,,0.751,,,,,INCOMPLETE
M02,61908,,,2026-09-10 17:16:23.487641+00:00,2026-09-10 17:16:23.488784+00:00,2026-09-10 17:16:23.487864+00:00,,,,,,,0.223,,0.92,,,,,INCOMPLETE
M02,61909,,,2026-09-10 17:16:23.518974+00:00,2026-09-10 17:16:23.520871+00:00,2026-09-10 17:16:23.519172+00:00,,,,,,,0.19799999999999998,,1.699,,,,,INCOMPLETE
M02,61910,,,2026-09-10 17:16:23.551984+00:00,2026-09-10 17:16:23.552723+00:00,2026-09-10 17:16:23.552133+00:00,,,,,,,0.149,,0.5900000000000001,,,,,INCOMPLETE
M02,61911,,,2026-09-10 17:16:23.580798+00:00,2026-09-10 17:16:23.582918+00:00,2026-09-10 17:16:23.580958+00:00,,,,,,,0.16,,1.96,,,,,INCOMPLETE
M02,61912,,,2026-09-10 17:16:23.611129+00:00,2026-09-10 17:16:23.615157+00:00,2026-09-10 17:16:23.611310+00:00,,,,,,,0.18100000000000002,,3.847,,,,,INCOMPLETE
M02,61913,,,2026-09-10 17:16:23.642682+00:00,2026-09-10 17:16:23.643803+00:00,2026-09-10 17:16:23.642886+00:00,,,,,,,0.204,,0.9169999999999999,,,,,INCOMPLETE
M02,61914,,,2026-09-10 17:16:23.671707+00:00,2026-09-10 17:16:23.672880+00:00,2026-09-10 17:16:23.671918+00:00,,,,,,,0.211,,0.962,,,,,INCOMPLETE
M02,61915,,,2026-09-10 17:16:23.700420+00:00,2026-09-10 17:16:23.701281+00:00,2026-09-10 17:16:23.700555+00:00,,,,,,,0.135,,0.726,,,,,INCOMPLETE
M02,61916,,,2026-09-10 17:16:23.729501+00:00,2026-09-10 17:16:23.730346+00:00,2026-09-10 17:16:23.729628+00:00,,,,,,,0.127,,0.718,,,,,INCOMPLETE
M02,61917,,,2026-09-10 17:16:23.758429+00:00,2026-09-10 17:16:23.759392+00:00,2026-09-10 17:16:23.758624+00:00,,,,,,,0.195,,0.768,,,,,INCOMPLETE
M02,61918,,,2026-09-10 17:16:23.787224+00:00,2026-09-10 17:16:23.788343+00:00,2026-09-10 17:16:23.787424+00:00,,,,,,,0.2,,0.919,,,,,INCOMPLETE
M02,61919,,,2026-09-10 17:16:23.818789+00:00,2026-09-10 17:16:23.820872+00:00,2026-09-10 17:16:23.819019+00:00,,,,,,,0.23,,1.853,,,,,INCOMPLETE
M02,61920,,,2026-09-10 17:16:23.848459+00:00,2026-09-10 17:16:23.849504+00:00,2026-09-10 17:16:23.848676+00:00,,,,,,,0.217,,0.828,,,,,INCOMPLETE
M02,61921,,,2026-09-10 17:16:23.878509+00:00,2026-09-10 17:16:23.879519+00:00,2026-09-10 17:16:23.878708+00:00,,,,,,,0.199,,0.8109999999999999,,,,,INCOMPLETE
M02,61922,,,2026-09-10 17:16:23.909198+00:00,2026-09-10 17:16:23.910000+00:00,2026-09-10 17:16:23.909331+00:00,,,,,,,0.133,,0.669,,,,,INCOMPLETE
M02,61923,,,2026-09-10 17:16:23.937605+00:00,2026-09-10 17:16:23.939076+00:00,2026-09-10 17:16:23.937751+00:00,,,,,,,0.146,,1.325,,,,,INCOMPLETE
M02,61924,,,2026-09-10 17:16:23.966148+00:00,2026-09-10 17:16:23.969761+00:00,2026-09-10 17:16:23.966418+00:00,,,,,,,0.27,,3.343,,,,,INCOMPLETE
M02,61925,,,2026-09-10 17:16:23.997845+00:00,2026-09-10 17:16:23.999212+00:00,2026-09-10 17:16:23.997976+00:00,,,,,,,0.131,,1.236,,,,,INCOMPLETE
M02,61926,,,2026-09-10 17:16:24.027232+00:00,2026-09-10 17:16:24.030452+00:00,2026-09-10 17:16:24.027465+00:00,,,,,,,0.23299999999999998,,2.987,,,,,INCOMPLETE
M02,61927,,,2026-09-10 17:16:24.058926+00:00,2026-09-10 17:16:24.060182+00:00,2026-09-10 17:16:24.059195+00:00,,,,,,,0.26899999999999996,,0.987,,,,,INCOMPLETE
M02,61928,,,2026-09-10 17:16:24.087268+00:00,2026-09-10 17:16:24.088189+00:00,2026-09-10 17:16:24.087419+00:00,,,,,,,0.15100000000000002,,0.7699999999999999,,,,,INCOMPLETE
M02,61929,,,2026-09-10 17:16:24.116917+00:00,2026-09-10 17:16:24.118009+00:00,2026-09-10 17:16:24.117107+00:00,,,,,,,0.19,,0.902,,,,,INCOMPLETE
M02,61930,,,2026-09-10 17:16:24.145561+00:00,2026-09-10 17:16:24.147252+00:00,2026-09-10 17:16:24.145747+00:00,,,,,,,0.186,,1.5050000000000001,,,,,INCOMPLETE
M02,61931,,,2026-09-10 17:16:24.175027+00:00,2026-09-10 17:16:24.178129+00:00,2026-09-10 17:16:24.175227+00:00,,,,,,,0.2,,2.902,,,,,INCOMPLETE
M02,61932,,,2026-09-10 17:16:24.206171+00:00,2026-09-10 17:16:24.207188+00:00,2026-09-10 17:16:24.206349+00:00,,,,,,,0.178,,0.839,,,,,INCOMPLETE
M02,61933,,,2026-09-10 17:16:24.235931+00:00,2026-09-10 17:16:24.237246+00:00,2026-09-10 17:16:24.236198+00:00,,,,,,,0.26699999999999996,,1.048,,,,,INCOMPLETE
M02,61934,,,2026-09-10 17:16:24.264942+00:00,2026-09-10 17:16:24.265921+00:00,2026-09-10 17:16:24.265135+00:00,,,,,,,0.193,,0.786,,,,,INCOMPLETE
M02,61935,,,2026-09-10 17:16:24.293933+00:00,2026-09-10 17:16:24.295068+00:00,2026-09-10 17:16:24.294171+00:00,,,,,,,0.23800000000000002,,0.897,,,,,INCOMPLETE
M02,61936,,,2026-09-10 17:16:24.322681+00:00,2026-09-10 17:16:24.324196+00:00,2026-09-10 17:16:24.322837+00:00,,,,,,,0.156,,1.359,,,,,INCOMPLETE
M02,61937,,,2026-09-10 17:16:24.353320+00:00,2026-09-10 17:16:24.354013+00:00,2026-09-10 17:16:24.353436+00:00,,,,,,,0.116,,0.5770000000000001,,,,,INCOMPLETE
M02,61938,,,2026-09-10 17:16:24.381288+00:00,2026-09-10 17:16:24.382416+00:00,2026-09-10 17:16:24.381415+00:00,,,,,,,0.127,,1.001,,,,,INCOMPLETE
M02,61939,,,2026-09-10 17:16:24.422230+00:00,2026-09-10 17:16:24.424826+00:00,2026-09-10 17:16:24.422438+00:00,,,,,,,0.208,,2.388,,,,,INCOMPLETE
M02,61940,,,2026-09-10 17:16:24.452490+00:00,2026-09-10 17:16:24.453420+00:00,2026-09-10 17:16:24.452697+00:00,,,,,,,0.207,,0.723,,,,,INCOMPLETE
M02,61941,,,2026-09-10 17:16:24.481266+00:00,2026-09-10 17:16:24.482555+00:00,2026-09-10 17:16:24.481408+00:00,,,,,,,0.14200000000000002,,1.147,,,,,INCOMPLETE
M02,61942,,,2026-09-10 17:16:24.511027+00:00,2026-09-10 17:16:24.512131+00:00,2026-09-10 17:16:24.511227+00:00,,,,,,,0.2,,0.9039999999999999,,,,,INCOMPLETE
M02,61943,,,2026-09-10 17:16:24.541583+00:00,2026-09-10 17:16:24.544231+00:00,2026-09-10 17:16:24.541758+00:00,,,,,,,0.175,,2.473,,,,,INCOMPLETE
M02,61944,,,2026-09-10 17:16:24.572393+00:00,2026-09-10 17:16:24.573293+00:00,2026-09-10 17:16:24.572585+00:00,,,,,,,0.192,,0.708,,,,,INCOMPLETE
M02,61945,,,2026-09-10 17:16:24.601678+00:00,2026-09-10 17:16:24.604917+00:00,2026-09-10 17:16:24.602008+00:00,,,,,,,0.33,,2.9090000000000003,,,,,INCOMPLETE
M02,61946,,,2026-09-10 17:16:24.632768+00:00,2026-09-10 17:16:24.635678+00:00,2026-09-10 17:16:24.632989+00:00,,,,,,,0.221,,2.689,,,,,INCOMPLETE
M02,61947,,,2026-09-10 17:16:24.663050+00:00,2026-09-10 17:16:24.663940+00:00,2026-09-10 17:16:24.663226+00:00,,,,,,,0.176,,0.714,,,,,INCOMPLETE
M02,61948,,,2026-09-10 17:16:24.693252+00:00,2026-09-10 17:16:24.696567+00:00,2026-09-10 17:16:24.693582+00:00,,,,,,,0.33,,2.985,,,,,INCOMPLETE
M02,61949,,,2026-09-10 17:16:24.724452+00:00,2026-09-10 17:16:24.726157+00:00,2026-09-10 17:16:24.724737+00:00,,,,,,,0.285,,1.42,,,,,INCOMPLETE
M02,61950,,,2026-09-10 17:16:24.754145+00:00,2026-09-10 17:16:24.756089+00:00,2026-09-10 17:16:24.754289+00:00,,,,,,,0.14400000000000002,,1.8,,,,,INCOMPLETE
M02,61951,,,2026-09-10 17:16:24.788734+00:00,2026-09-10 17:16:24.789418+00:00,2026-09-10 17:16:24.788882+00:00,,,,,,,0.148,,0.536,,,,,INCOMPLETE
M02,61952,,,2026-09-10 17:16:24.818510+00:00,2026-09-10 17:16:24.820185+00:00,2026-09-10 17:16:24.818698+00:00,,,,,,,0.188,,1.487,,,,,INCOMPLETE
M02,61953,,,2026-09-10 17:16:24.848017+00:00,2026-09-10 17:16:24.849969+00:00,2026-09-10 17:16:24.848370+00:00,,,,,,,0.35300000000000004,,1.599,,,,,INCOMPLETE
M02,61954,,,2026-09-10 17:16:24.880298+00:00,2026-09-10 17:16:24.881585+00:00,2026-09-10 17:16:24.880469+00:00,,,,,,,0.171,,1.116,,,,,INCOMPLETE
M02,61955,,,2026-09-10 17:16:24.909530+00:00,2026-09-10 17:16:24.914660+00:00,2026-09-10 17:16:24.909752+00:00,,,,,,,0.222,,4.908,,,,,INCOMPLETE
M02,61956,,,2026-09-10 17:16:24.943572+00:00,2026-09-10 17:16:24.945162+00:00,2026-09-10 17:16:24.943773+00:00,,,,,,,0.201,,1.389,,,,,INCOMPLETE
M02,61957,,,2026-09-10 17:16:24.972429+00:00,2026-09-10 17:16:24.973337+00:00,2026-09-10 17:16:24.972590+00:00,,,,,,,0.161,,0.747,,,,,INCOMPLETE
M02,61958,,,2026-09-10 17:16:25.000906+00:00,2026-09-10 17:16:25.002288+00:00,2026-09-10 17:16:25.001132+00:00,,,,,,,0.22599999999999998,,1.156,,,,,INCOMPLETE
M02,61959,,,2026-09-10 17:16:25.030887+00:00,2026-09-10 17:16:25.032318+00:00,2026-09-10 17:16:25.031051+00:00,,,,,,,0.164,,1.267,,,,,INCOMPLETE
M02,61960,,,2026-09-10 17:16:25.062431+00:00,2026-09-10 17:16:25.063993+00:00,2026-09-10 17:16:25.062703+00:00,,,,,,,0.272,,1.2899999999999998,,,,,INCOMPLETE
M02,61961,,,2026-09-10 17:16:25.093334+00:00,2026-09-10 17:16:25.094690+00:00,2026-09-10 17:16:25.093536+00:00,,,,,,,0.202,,1.1540000000000001,,,,,INCOMPLETE
M02,61962,,,2026-09-10 17:16:25.125132+00:00,2026-09-10 17:16:25.127135+00:00,2026-09-10 17:16:25.125346+00:00,,,,,,,0.214,,1.789,,,,,INCOMPLETE
M02,61963,,,2026-09-10 17:16:25.155803+00:00,2026-09-10 17:16:25.157165+00:00,2026-09-10 17:16:25.156013+00:00,,,,,,,0.21000000000000002,,1.1520000000000001,,,,,INCOMPLETE
M02,61964,,,2026-09-10 17:16:25.186390+00:00,2026-09-10 17:16:25.190571+00:00,2026-09-10 17:16:25.186631+00:00,,,,,,,0.241,,3.94,,,,,INCOMPLETE
M02,61965,,,2026-09-10 17:16:25.219496+00:00,2026-09-10 17:16:25.221319+00:00,2026-09-10 17:16:25.219693+00:00,,,,,,,0.19699999999999998,,1.6260000000000001,,,,,INCOMPLETE
M02,61966,,,2026-09-10 17:16:25.249192+00:00,2026-09-10 17:16:25.251459+00:00,2026-09-10 17:16:25.249391+00:00,,,,,,,0.199,,2.068,,,,,INCOMPLETE
M02,61967,,,2026-09-10 17:16:25.281036+00:00,2026-09-10 17:16:25.283710+00:00,2026-09-10 17:16:25.282413+00:00,,,,,,,1.377,,1.297,,,,,INCOMPLETE
M02,61968,,,2026-09-10 17:16:25.311345+00:00,2026-09-10 17:16:25.312845+00:00,2026-09-10 17:16:25.311516+00:00,,,,,,,0.171,,1.3290000000000002,,,,,INCOMPLETE
M02,61969,,,2026-09-10 17:16:25.341464+00:00,2026-09-10 17:16:25.342393+00:00,2026-09-10 17:16:25.341613+00:00,,,,,,,0.149,,0.78,,,,,INCOMPLETE
M02,61970,,,2026-09-10 17:16:25.372739+00:00,2026-09-10 17:16:25.373544+00:00,2026-09-10 17:16:25.372905+00:00,,,,,,,0.166,,0.639,,,,,INCOMPLETE
M02,61971,,,2026-09-10 17:16:25.406743+00:00,2026-09-10 17:16:25.407628+00:00,2026-09-10 17:16:25.406958+00:00,,,,,,,0.215,,0.67,,,,,INCOMPLETE
M02,61972,,,2026-09-10 17:16:25.436638+00:00,2026-09-10 17:16:25.438302+00:00,2026-09-10 17:16:25.436972+00:00,,,,,,,0.33399999999999996,,1.33,,,,,INCOMPLETE
M02,61973,,,2026-09-10 17:16:25.467443+00:00,2026-09-10 17:16:25.468871+00:00,2026-09-10 17:16:25.467614+00:00,,,,,,,0.171,,1.2570000000000001,,,,,INCOMPLETE
M02,61974,,,2026-09-10 17:16:25.496336+00:00,2026-09-10 17:16:25.498257+00:00,2026-09-10 17:16:25.496534+00:00,,,,,,,0.19799999999999998,,1.7229999999999999,,,,,INCOMPLETE
M02,61975,,,2026-09-10 17:16:25.528951+00:00,2026-09-10 17:16:25.530266+00:00,2026-09-10 17:16:25.529335+00:00,,,,,,,0.384,,0.9309999999999999,,,,,INCOMPLETE
M02,61976,,,2026-09-10 17:16:25.557799+00:00,2026-09-10 17:16:25.559506+00:00,2026-09-10 17:16:25.558034+00:00,,,,,,,0.235,,1.472,,,,,INCOMPLETE
M02,61977,,,2026-09-10 17:16:25.587305+00:00,2026-09-10 17:16:25.588350+00:00,2026-09-10 17:16:25.587552+00:00,,,,,,,0.247,,0.798,,,,,INCOMPLETE
M02,61978,,,2026-09-10 17:16:25.617261+00:00,2026-09-10 17:16:25.620250+00:00,2026-09-10 17:16:25.617586+00:00,,,,,,,0.325,,2.664,,,,,INCOMPLETE
M02,61979,,,2026-09-10 17:16:25.648146+00:00,2026-09-10 17:16:25.649397+00:00,2026-09-10 17:16:25.648417+00:00,,,,,,,0.27099999999999996,,0.98,,,,,INCOMPLETE
M02,61980,,,2026-09-10 17:16:25.676702+00:00,2026-09-10 17:16:25.680072+00:00,2026-09-10 17:16:25.676945+00:00,,,,,,,0.243,,3.1270000000000002,,,,,INCOMPLETE
M02,61981,,,2026-09-10 17:16:25.707999+00:00,2026-09-10 17:16:25.708933+00:00,2026-09-10 17:16:25.708226+00:00,,,,,,,0.22699999999999998,,0.707,,,,,INCOMPLETE
M02,61982,,,2026-09-10 17:16:25.737803+00:00,2026-09-10 17:16:25.738995+00:00,2026-09-10 17:16:25.737985+00:00,,,,,,,0.182,,1.01,,,,,INCOMPLETE
M02,61983,,,2026-09-10 17:16:25.768701+00:00,2026-09-10 17:16:25.770187+00:00,2026-09-10 17:16:25.768935+00:00,,,,,,,0.23399999999999999,,1.252,,,,,INCOMPLETE
M02,61984,,,2026-09-10 17:16:25.797788+00:00,2026-09-10 17:16:25.802483+00:00,2026-09-10 17:16:25.797955+00:00,,,,,,,0.16699999999999998,,4.528,,,,,INCOMPLETE
M02,61985,,,2026-09-10 17:16:25.833144+00:00,2026-09-10 17:16:25.834993+00:00,2026-09-10 17:16:25.833681+00:00,,,,,,,0.537,,1.312,,,,,INCOMPLETE
M02,61986,,,2026-09-10 17:16:25.862448+00:00,2026-09-10 17:16:25.864002+00:00,2026-09-10 17:16:25.862626+00:00,,,,,,,0.178,,1.3760000000000001,,,,,INCOMPLETE
M02,61987,,,2026-09-10 17:16:25.897120+00:00,2026-09-10 17:16:25.898077+00:00,2026-09-10 17:16:25.897286+00:00,,,,,,,0.166,,0.791,,,,,INCOMPLETE
M02,61988,,,2026-09-10 17:16:25.928207+00:00,2026-09-10 17:16:25.930681+00:00,2026-09-10 17:16:25.929159+00:00,,,,,,,0.9520000000000001,,1.522,,,,,INCOMPLETE
M02,61989,,,2026-09-10 17:16:25.957892+00:00,2026-09-10 17:16:25.959453+00:00,2026-09-10 17:16:25.958355+00:00,,,,,,,0.46299999999999997,,1.098,,,,,INCOMPLETE
M02,61990,,,2026-09-10 17:16:25.987290+00:00,2026-09-10 17:16:25.989585+00:00,2026-09-10 17:16:25.987937+00:00,,,,,,,0.647,,1.648,,,,,INCOMPLETE
M02,61991,,,2026-09-10 17:16:26.017050+00:00,2026-09-10 17:16:26.018033+00:00,2026-09-10 17:16:26.017219+00:00,,,,,,,0.16899999999999998,,0.8140000000000001,,,,,INCOMPLETE
M02,61992,,,2026-09-10 17:16:26.045383+00:00,2026-09-10 17:16:26.047116+00:00,2026-09-10 17:16:26.045584+00:00,,,,,,,0.201,,1.532,,,,,INCOMPLETE
M02,61993,,,2026-09-10 17:16:26.075653+00:00,2026-09-10 17:16:26.077466+00:00,2026-09-10 17:16:26.076099+00:00,,,,,,,0.446,,1.367,,,,,INCOMPLETE
M02,61994,,,2026-09-10 17:16:26.105144+00:00,2026-09-10 17:16:26.106688+00:00,2026-09-10 17:16:26.105311+00:00,,,,,,,0.16699999999999998,,1.377,,,,,INCOMPLETE
M02,61995,,,2026-09-10 17:16:26.134945+00:00,2026-09-10 17:16:26.138013+00:00,2026-09-10 17:16:26.136158+00:00,,,,,,,1.213,,1.8550000000000002,,,,,INCOMPLETE
M02,61996,,,2026-09-10 17:16:26.171862+00:00,2026-09-10 17:16:26.172918+00:00,2026-09-10 17:16:26.172062+00:00,,,,,,,0.2,,0.856,,,,,INCOMPLETE
M02,61997,,,2026-09-10 17:16:26.200547+00:00,2026-09-10 17:16:26.201891+00:00,2026-09-10 17:16:26.200783+00:00,,,,,,,0.236,,1.108,,,,,INCOMPLETE
M02,61998,,,2026-09-10 17:16:26.231400+00:00,2026-09-10 17:16:26.232639+00:00,2026-09-10 17:16:26.231608+00:00,,,,,,,0.208,,1.031,,,,,INCOMPLETE
M02,61999,,,2026-09-10 17:16:26.261243+00:00,2026-09-10 17:16:26.262320+00:00,2026-09-10 17:16:26.261517+00:00,,,,,,,0.27399999999999997,,0.803,,,,,INCOMPLETE
M02,62000,,,2026-09-10 17:16:26.290473+00:00,2026-09-10 17:16:26.291660+00:00,2026-09-10 17:16:26.290697+00:00,,,,,,,0.224,,0.963,,,,,INCOMPLETE
M02,62001,,,2026-09-10 17:16:26.320401+00:00,2026-09-10 17:16:26.322808+00:00,2026-09-10 17:16:26.320679+00:00,,,,,,,0.27799999999999997,,2.129,,,,,INCOMPLETE
M02,62002,,,2026-09-10 17:16:26.353364+00:00,2026-09-10 17:16:26.357224+00:00,2026-09-10 17:16:26.353601+00:00,,,,,,,0.237,,3.6229999999999998,,,,,INCOMPLETE
M02,62003,,,2026-09-10 17:16:26.385523+00:00,2026-09-10 17:16:26.387247+00:00,2026-09-10 17:16:26.386042+00:00,,,,,,,0.519,,1.2049999999999998,,,,,INCOMPLETE
M02,62004,,,2026-09-10 17:16:26.414894+00:00,2026-09-10 17:16:26.419298+00:00,2026-09-10 17:16:26.415055+00:00,,,,,,,0.161,,4.243,,,,,INCOMPLETE
M02,62005,,,2026-09-10 17:16:26.446908+00:00,2026-09-10 17:16:26.448003+00:00,2026-09-10 17:16:26.447199+00:00,,,,,,,0.29100000000000004,,0.804,,,,,INCOMPLETE
M02,62006,,,2026-09-10 17:16:26.475616+00:00,2026-09-10 17:16:26.476656+00:00,2026-09-10 17:16:26.475795+00:00,,,,,,,0.179,,0.861,,,,,INCOMPLETE
M02,62007,,,2026-09-10 17:16:26.505801+00:00,2026-09-10 17:16:26.508514+00:00,2026-09-10 17:16:26.506067+00:00,,,,,,,0.266,,2.447,,,,,INCOMPLETE
M02,62008,,,2026-09-10 17:16:26.537140+00:00,2026-09-10 17:16:26.539238+00:00,2026-09-10 17:16:26.537341+00:00,,,,,,,0.201,,1.897,,,,,INCOMPLETE
M02,62009,,,2026-09-10 17:16:26.566739+00:00,2026-09-10 17:16:26.567847+00:00,2026-09-10 17:16:26.566893+00:00,,,,,,,0.154,,0.954,,,,,INCOMPLETE
M02,62010,,,2026-09-10 17:16:26.595642+00:00,2026-09-10 17:16:26.596793+00:00,2026-09-10 17:16:26.595900+00:00,,,,,,,0.258,,0.893,,,,,INCOMPLETE
M02,62011,,,2026-09-10 17:16:26.625987+00:00,2026-09-10 17:16:26.627454+00:00,2026-09-10 17:16:26.626134+00:00,,,,,,,0.147,,1.32,,,,,INCOMPLETE
M02,62012,,,2026-09-10 17:16:26.655494+00:00,2026-09-10 17:16:26.657022+00:00,2026-09-10 17:16:26.655618+00:00,,,,,,,0.124,,1.4040000000000001,,,,,INCOMPLETE
M02,62013,,,2026-09-10 17:16:26.685268+00:00,2026-09-10 17:16:26.686042+00:00,2026-09-10 17:16:26.685406+00:00,,,,,,,0.13799999999999998,,0.636,,,,,INCOMPLETE
M02,62014,,,2026-09-10 17:16:26.713994+00:00,2026-09-10 17:16:26.715307+00:00,2026-09-10 17:16:26.714326+00:00,,,,,,,0.332,,0.9810000000000001,,,,,INCOMPLETE
M02,62015,,,2026-09-10 17:16:26.743217+00:00,2026-09-10 17:16:26.745062+00:00,2026-09-10 17:16:26.743348+00:00,,,,,,,0.131,,1.714,,,,,INCOMPLETE
M02,62016,,,2026-09-10 17:16:26.772304+00:00,2026-09-10 17:16:26.773309+00:00,2026-09-10 17:16:26.772497+00:00,,,,,,,0.193,,0.812,,,,,INCOMPLETE
M02,62017,,,2026-09-10 17:16:26.801548+00:00,2026-09-10 17:16:26.805282+00:00,2026-09-10 17:16:26.801777+00:00,,,,,,,0.229,,3.505,,,,,INCOMPLETE
M02,62018,,,2026-09-10 17:16:26.838550+00:00,2026-09-10 17:16:26.841553+00:00,2026-09-10 17:16:26.838705+00:00,,,,,,,0.155,,2.848,,,,,INCOMPLETE
M02,62019,,,2026-09-10 17:16:26.869614+00:00,2026-09-10 17:16:26.870798+00:00,2026-09-10 17:16:26.869783+00:00,,,,,,,0.16899999999999998,,1.0150000000000001,,,,,INCOMPLETE
M02,62020,,,2026-09-10 17:16:26.900442+00:00,2026-09-10 17:16:26.903194+00:00,2026-09-10 17:16:26.900592+00:00,,,,,,,0.15,,2.6020000000000003,,,,,INCOMPLETE
M02,62021,,,2026-09-10 17:16:26.931469+00:00,2026-09-10 17:16:26.934845+00:00,2026-09-10 17:16:26.931610+00:00,,,,,,,0.14100000000000001,,3.235,,,,,INCOMPLETE
M02,62022,,,2026-09-10 17:16:26.968779+00:00,2026-09-10 17:16:26.970697+00:00,2026-09-10 17:16:26.969060+00:00,,,,,,,0.281,,1.637,,,,,INCOMPLETE
M02,62023,,,2026-09-10 17:16:27.017419+00:00,2026-09-10 17:16:27.018612+00:00,2026-09-10 17:16:27.017643+00:00,,,,,,,0.224,,0.969,,,,,INCOMPLETE
M02,62024,,,2026-09-10 17:16:27.052880+00:00,2026-09-10 17:16:27.054100+00:00,2026-09-10 17:16:27.053144+00:00,,,,,,,0.264,,0.9560000000000001,,,,,INCOMPLETE
M02,62025,,,2026-09-10 17:16:27.081656+00:00,2026-09-10 17:16:27.083299+00:00,2026-09-10 17:16:27.081918+00:00,,,,,,,0.262,,1.381,,,,,INCOMPLETE
M02,62026,,,2026-09-10 17:16:27.110982+00:00,2026-09-10 17:16:27.112348+00:00,2026-09-10 17:16:27.111148+00:00,,,,,,,0.166,,1.2,,,,,INCOMPLETE
M02,62027,,,2026-09-10 17:16:27.142975+00:00,2026-09-10 17:16:27.144045+00:00,2026-09-10 17:16:27.143203+00:00,,,,,,,0.228,,0.842,,,,,INCOMPLETE
M02,62028,,,2026-09-10 17:16:27.177502+00:00,2026-09-10 17:16:27.178455+00:00,2026-09-10 17:16:27.177684+00:00,,,,,,,0.182,,0.771,,,,,INCOMPLETE
M02,62029,,,2026-09-10 17:16:27.206420+00:00,2026-09-10 17:16:27.207781+00:00,2026-09-10 17:16:27.206592+00:00,,,,,,,0.17200000000000001,,1.189,,,,,INCOMPLETE
M02,62030,,,2026-09-10 17:16:27.236948+00:00,2026-09-10 17:16:27.237876+00:00,2026-09-10 17:16:27.237094+00:00,,,,,,,0.146,,0.782,,,,,INCOMPLETE
M02,62031,,,2026-09-10 17:16:27.265743+00:00,2026-09-10 17:16:27.266953+00:00,2026-09-10 17:16:27.266071+00:00,,,,,,,0.328,,0.882,,,,,INCOMPLETE
M02,62032,,,2026-09-10 17:16:27.296967+00:00,2026-09-10 17:16:27.298778+00:00,2026-09-10 17:16:27.297193+00:00,,,,,,,0.22599999999999998,,1.585,,,,,INCOMPLETE
M02,62033,,,2026-09-10 17:16:27.328568+00:00,2026-09-10 17:16:27.330145+00:00,2026-09-10 17:16:27.328819+00:00,,,,,,,0.251,,1.3259999999999998,,,,,INCOMPLETE
M02,62034,,,2026-09-10 17:16:27.357697+00:00,2026-09-10 17:16:27.358731+00:00,2026-09-10 17:16:27.357904+00:00,,,,,,,0.207,,0.8270000000000001,,,,,INCOMPLETE
M02,62035,,,2026-09-10 17:16:27.386445+00:00,2026-09-10 17:16:27.388301+00:00,2026-09-10 17:16:27.386648+00:00,,,,,,,0.203,,1.653,,,,,INCOMPLETE
M02,62036,,,2026-09-10 17:16:27.418083+00:00,2026-09-10 17:16:27.419575+00:00,2026-09-10 17:16:27.418253+00:00,,,,,,,0.17,,1.322,,,,,INCOMPLETE
M02,62037,,,2026-09-10 17:16:27.447493+00:00,2026-09-10 17:16:27.449458+00:00,2026-09-10 17:16:27.447600+00:00,,,,,,,0.107,,1.858,,,,,INCOMPLETE
M02,62038,,,2026-09-10 17:16:27.478360+00:00,2026-09-10 17:16:27.479924+00:00,2026-09-10 17:16:27.478644+00:00,,,,,,,0.28400000000000003,,1.28,,,,,INCOMPLETE
M02,62039,,,2026-09-10 17:16:27.507491+00:00,2026-09-10 17:16:27.509284+00:00,2026-09-10 17:16:27.507702+00:00,,,,,,,0.211,,1.582,,,,,INCOMPLETE
M02,62040,,,2026-09-10 17:16:27.537838+00:00,2026-09-10 17:16:27.538513+00:00,2026-09-10 17:16:27.537937+00:00,,,,,,,0.09899999999999999,,0.5760000000000001,,,,,INCOMPLETE
M02,62041,,,2026-09-10 17:16:27.566688+00:00,2026-09-10 17:16:27.569138+00:00,2026-09-10 17:16:27.566843+00:00,,,,,,,0.155,,2.2950000000000004,,,,,INCOMPLETE
M02,62042,,,2026-09-10 17:16:27.596381+00:00,2026-09-10 17:16:27.597138+00:00,2026-09-10 17:16:27.596541+00:00,,,,,,,0.16,,0.597,,,,,INCOMPLETE
M02,62043,,,2026-09-10 17:16:27.624627+00:00,2026-09-10 17:16:27.628428+00:00,2026-09-10 17:16:27.624805+00:00,,,,,,,0.178,,3.6229999999999998,,,,,INCOMPLETE
M02,62044,,,2026-09-10 17:16:27.655908+00:00,2026-09-10 17:16:27.657128+00:00,2026-09-10 17:16:27.656071+00:00,,,,,,,0.163,,1.057,,,,,INCOMPLETE
M02,62045,,,2026-09-10 17:16:27.685149+00:00,2026-09-10 17:16:27.686090+00:00,2026-09-10 17:16:27.685269+00:00,,,,,,,0.12000000000000001,,0.821,,,,,INCOMPLETE
M02,62046,,,2026-09-10 17:16:27.714899+00:00,2026-09-10 17:16:27.716211+00:00,2026-09-10 17:16:27.715080+00:00,,,,,,,0.18100000000000002,,1.131,,,,,INCOMPLETE
M02,62047,,,2026-09-10 17:16:27.743620+00:00,2026-09-10 17:16:27.745295+00:00,2026-09-10 17:16:27.743879+00:00,,,,,,,0.259,,1.416,,,,,INCOMPLETE
M02,62048,,,2026-09-10 17:16:27.772925+00:00,2026-09-10 17:16:27.774280+00:00,2026-09-10 17:16:27.773107+00:00,,,,,,,0.182,,1.173,,,,,INCOMPLETE
M02,62049,,,2026-09-10 17:16:27.802474+00:00,2026-09-10 17:16:27.806806+00:00,2026-09-10 17:16:27.802655+00:00,,,,,,,0.18100000000000002,,4.151,,,,,INCOMPLETE
M02,62050,,,2026-09-10 17:16:27.834623+00:00,2026-09-10 17:16:27.836678+00:00,2026-09-10 17:16:27.835120+00:00,,,,,,,0.49700000000000005,,1.5579999999999998,,,,,INCOMPLETE
M02,62051,,,2026-09-10 17:16:27.865621+00:00,2026-09-10 17:16:27.866903+00:00,2026-09-10 17:16:27.865776+00:00,,,,,,,0.155,,1.127,,,,,INCOMPLETE
M02,62052,,,2026-09-10 17:16:27.896255+00:00,2026-09-10 17:16:27.898201+00:00,2026-09-10 17:16:27.896457+00:00,,,,,,,0.202,,1.7440000000000002,,,,,INCOMPLETE
M02,62053,,,2026-09-10 17:16:27.926569+00:00,2026-09-10 17:16:27.927581+00:00,2026-09-10 17:16:27.926726+00:00,,,,,,,0.157,,0.855,,,,,INCOMPLETE
M02,62054,,,2026-09-10 17:16:27.957430+00:00,2026-09-10 17:16:27.958777+00:00,2026-09-10 17:16:27.957624+00:00,,,,,,,0.194,,1.153,,,,,INCOMPLETE
M02,62055,,,2026-09-10 17:16:27.986360+00:00,2026-09-10 17:16:27.988759+00:00,2026-09-10 17:16:27.986704+00:00,,,,,,,0.34400000000000003,,2.055,,,,,INCOMPLETE
M02,62056,,,2026-09-10 17:16:28.021075+00:00,2026-09-10 17:16:28.023605+00:00,2026-09-10 17:16:28.022941+00:00,,,,,,,1.866,,0.664,,,,,INCOMPLETE
M02,62057,,,2026-09-10 17:16:28.052587+00:00,2026-09-10 17:16:28.053424+00:00,2026-09-10 17:16:28.052734+00:00,,,,,,,0.147,,0.69,,,,,INCOMPLETE
M02,62058,,,2026-09-10 17:16:28.080785+00:00,2026-09-10 17:16:28.081966+00:00,2026-09-10 17:16:28.081004+00:00,,,,,,,0.219,,0.962,,,,,INCOMPLETE
M02,62059,,,2026-09-10 17:16:28.111207+00:00,2026-09-10 17:16:28.112255+00:00,2026-09-10 17:16:28.111491+00:00,,,,,,,0.28400000000000003,,0.764,,,,,INCOMPLETE
M02,62060,,,2026-09-10 17:16:28.145606+00:00,2026-09-10 17:16:28.147378+00:00,2026-09-10 17:16:28.145921+00:00,,,,,,,0.315,,1.4569999999999999,,,,,INCOMPLETE
M02,62061,,,2026-09-10 17:16:28.174903+00:00,2026-09-10 17:16:28.177502+00:00,2026-09-10 17:16:28.175258+00:00,,,,,,,0.355,,2.2439999999999998,,,,,INCOMPLETE
M02,62062,,,2026-09-10 17:16:28.206874+00:00,2026-09-10 17:16:28.208349+00:00,2026-09-10 17:16:28.207141+00:00,,,,,,,0.26699999999999996,,1.2080000000000002,,,,,INCOMPLETE
M02,62063,,,2026-09-10 17:16:28.239624+00:00,2026-09-10 17:16:28.241069+00:00,2026-09-10 17:16:28.239885+00:00,,,,,,,0.261,,1.184,,,,,INCOMPLETE
M02,62064,,,2026-09-10 17:16:28.268798+00:00,2026-09-10 17:16:28.269987+00:00,2026-09-10 17:16:28.268963+00:00,,,,,,,0.165,,1.024,,,,,INCOMPLETE
M02,62065,,,2026-09-10 17:16:28.298300+00:00,2026-09-10 17:16:28.301464+00:00,2026-09-10 17:16:28.298580+00:00,,,,,,,0.27999999999999997,,2.884,,,,,INCOMPLETE
M02,62066,,,2026-09-10 17:16:28.334488+00:00,2026-09-10 17:16:28.343521+00:00,2026-09-10 17:16:28.335273+00:00,,,,,,,0.785,,8.248,,,,,INCOMPLETE
M02,62067,,,2026-09-10 17:16:28.370952+00:00,2026-09-10 17:16:28.372439+00:00,2026-09-10 17:16:28.371171+00:00,,,,,,,0.219,,1.268,,,,,INCOMPLETE
M02,62068,,,2026-09-10 17:16:28.400842+00:00,2026-09-10 17:16:28.402692+00:00,2026-09-10 17:16:28.401251+00:00,,,,,,,0.40900000000000003,,1.441,,,,,INCOMPLETE
M02,62069,,,2026-09-10 17:16:28.430343+00:00,2026-09-10 17:16:28.431452+00:00,2026-09-10 17:16:28.430502+00:00,,,,,,,0.159,,0.95,,,,,INCOMPLETE
M02,62070,,,2026-09-10 17:16:28.478314+00:00,2026-09-10 17:16:28.480050+00:00,2026-09-10 17:16:28.478554+00:00,,,,,,,0.24000000000000002,,1.496,,,,,INCOMPLETE
M02,62071,,,2026-09-10 17:16:28.513691+00:00,2026-09-10 17:16:28.514799+00:00,2026-09-10 17:16:28.513912+00:00,,,,,,,0.221,,0.887,,,,,INCOMPLETE
M02,62072,,,2026-09-10 17:16:28.548079+00:00,2026-09-10 17:16:28.554001+00:00,2026-09-10 17:16:28.548209+00:00,,,,,,,0.12999999999999998,,5.792000000000001,,,,,INCOMPLETE
M02,62073,,,2026-09-10 17:16:28.581030+00:00,2026-09-10 17:16:28.582898+00:00,2026-09-10 17:16:28.581280+00:00,,,,,,,0.25,,1.618,,,,,INCOMPLETE
M02,62074,,,2026-09-10 17:16:28.611284+00:00,2026-09-10 17:16:28.612157+00:00,2026-09-10 17:16:28.611603+00:00,,,,,,,0.319,,0.554,,,,,INCOMPLETE
M02,62075,,,2026-09-10 17:16:28.640654+00:00,2026-09-10 17:16:28.642538+00:00,2026-09-10 17:16:28.640988+00:00,,,,,,,0.33399999999999996,,1.55,,,,,INCOMPLETE
M02,62076,,,2026-09-10 17:16:28.671788+00:00,2026-09-10 17:16:28.673061+00:00,2026-09-10 17:16:28.671996+00:00,,,,,,,0.208,,1.065,,,,,INCOMPLETE
M02,62077,,,2026-09-10 17:16:28.701755+00:00,2026-09-10 17:16:28.704358+00:00,2026-09-10 17:16:28.701923+00:00,,,,,,,0.16799999999999998,,2.435,,,,,INCOMPLETE
M02,62078,,,2026-09-10 17:16:28.736312+00:00,2026-09-10 17:16:28.737414+00:00,2026-09-10 17:16:28.736479+00:00,,,,,,,0.16699999999999998,,0.9349999999999999,,,,,INCOMPLETE
M02,62079,,,2026-09-10 17:16:28.765981+00:00,2026-09-10 17:16:28.766725+00:00,2026-09-10 17:16:28.766194+00:00,,,,,,,0.213,,0.531,,,,,INCOMPLETE
M02,62080,,,2026-09-10 17:16:28.795166+00:00,2026-09-10 17:16:28.798799+00:00,2026-09-10 17:16:28.795340+00:00,,,,,,,0.174,,3.4589999999999996,,,,,INCOMPLETE
M02,62081,,,2026-09-10 17:16:28.827686+00:00,2026-09-10 17:16:28.828789+00:00,2026-09-10 17:16:28.827954+00:00,,,,,,,0.268,,0.8350000000000001,,,,,INCOMPLETE
M02,62082,,,2026-09-10 17:16:28.856472+00:00,2026-09-10 17:16:28.858493+00:00,2026-09-10 17:16:28.856735+00:00,,,,,,,0.263,,1.758,,,,,INCOMPLETE
M02,62083,,,2026-09-10 17:16:28.890885+00:00,2026-09-10 17:16:28.893472+00:00,2026-09-10 17:16:28.891123+00:00,,,,,,,0.23800000000000002,,2.3489999999999998,,,,,INCOMPLETE
M02,62084,,,2026-09-10 17:16:28.923739+00:00,2026-09-10 17:16:28.924771+00:00,2026-09-10 17:16:28.924172+00:00,,,,,,,0.433,,0.599,,,,,INCOMPLETE
M02,62085,,,2026-09-10 17:16:28.951962+00:00,2026-09-10 17:16:28.952872+00:00,2026-09-10 17:16:28.952139+00:00,,,,,,,0.177,,0.733,,,,,INCOMPLETE
M02,62086,,,2026-09-10 17:16:28.980323+00:00,2026-09-10 17:16:28.984871+00:00,2026-09-10 17:16:28.980509+00:00,,,,,,,0.186,,4.362,,,,,INCOMPLETE
M02,62087,,,2026-09-10 17:16:29.014603+00:00,2026-09-10 17:16:29.016952+00:00,2026-09-10 17:16:29.014745+00:00,,,,,,,0.14200000000000002,,2.2070000000000003,,,,,INCOMPLETE
M02,62088,,,2026-09-10 17:16:29.045263+00:00,2026-09-10 17:16:29.046812+00:00,2026-09-10 17:16:29.045491+00:00,,,,,,,0.228,,1.321,,,,,INCOMPLETE
M02,62089,,,2026-09-10 17:16:29.076205+00:00,2026-09-10 17:16:29.077824+00:00,2026-09-10 17:16:29.076425+00:00,,,,,,,0.22,,1.399,,,,,INCOMPLETE
M02,62090,,,2026-09-10 17:16:29.106264+00:00,2026-09-10 17:16:29.109837+00:00,2026-09-10 17:16:29.106426+00:00,,,,,,,0.162,,3.411,,,,,INCOMPLETE
M02,62091,,,2026-09-10 17:16:29.146017+00:00,2026-09-10 17:16:29.147481+00:00,2026-09-10 17:16:29.146169+00:00,,,,,,,0.152,,1.312,,,,,INCOMPLETE
M02,62092,,,2026-09-10 17:16:29.176038+00:00,2026-09-10 17:16:29.180257+00:00,2026-09-10 17:16:29.176367+00:00,,,,,,,0.32899999999999996,,3.8899999999999997,,,,,INCOMPLETE
M02,62093,,,2026-09-10 17:16:29.214861+00:00,2026-09-10 17:16:29.216068+00:00,2026-09-10 17:16:29.215086+00:00,,,,,,,0.225,,0.982,,,,,INCOMPLETE
M02,62094,,,2026-09-10 17:16:29.246453+00:00,2026-09-10 17:16:29.247659+00:00,2026-09-10 17:16:29.246690+00:00,,,,,,,0.237,,0.969,,,,,INCOMPLETE
M02,62095,,,2026-09-10 17:16:29.280569+00:00,2026-09-10 17:16:29.283624+00:00,2026-09-10 17:16:29.280747+00:00,,,,,,,0.178,,2.877,,,,,INCOMPLETE
M02,62096,,,2026-09-10 17:16:29.312031+00:00,2026-09-10 17:16:29.318722+00:00,2026-09-10 17:16:29.312247+00:00,,,,,,,0.216,,6.475,,,,,INCOMPLETE
M02,62097,,,2026-09-10 17:16:29.346619+00:00,2026-09-10 17:16:29.349125+00:00,2026-09-10 17:16:29.346854+00:00,,,,,,,0.235,,2.271,,,,,INCOMPLETE
M02,62098,,,2026-09-10 17:16:29.378757+00:00,2026-09-10 17:16:29.379481+00:00,2026-09-10 17:16:29.378901+00:00,,,,,,,0.14400000000000002,,0.58,,,,,INCOMPLETE
M02,62099,,,2026-09-10 17:16:29.407229+00:00,2026-09-10 17:16:29.408341+00:00,2026-09-10 17:16:29.407603+00:00,,,,,,,0.374,,0.7380000000000001,,,,,INCOMPLETE
M02,62100,,,2026-09-10 17:16:29.435539+00:00,2026-09-10 17:16:29.436526+00:00,2026-09-10 17:16:29.435685+00:00,,,,,,,0.146,,0.841,,,,,INCOMPLETE
M02,62101,,,2026-09-10 17:16:29.464159+00:00,2026-09-10 17:16:29.466170+00:00,2026-09-10 17:16:29.464341+00:00,,,,,,,0.182,,1.829,,,,,INCOMPLETE
M02,62102,,,2026-09-10 17:16:29.494292+00:00,2026-09-10 17:16:29.497806+00:00,2026-09-10 17:16:29.494491+00:00,,,,,,,0.199,,3.315,,,,,INCOMPLETE
M02,62103,,,2026-09-10 17:16:29.529340+00:00,2026-09-10 17:16:29.531553+00:00,2026-09-10 17:16:29.529531+00:00,,,,,,,0.191,,2.022,,,,,INCOMPLETE
M02,62104,,,2026-09-10 17:16:29.561330+00:00,2026-09-10 17:16:29.562417+00:00,2026-09-10 17:16:29.561568+00:00,,,,,,,0.23800000000000002,,0.8490000000000001,,,,,INCOMPLETE
M02,62105,,,2026-09-10 17:16:29.589757+00:00,2026-09-10 17:16:29.591822+00:00,2026-09-10 17:16:29.590015+00:00,,,,,,,0.258,,1.807,,,,,INCOMPLETE
M02,62106,,,2026-09-10 17:16:29.623398+00:00,2026-09-10 17:16:29.625147+00:00,2026-09-10 17:16:29.623673+00:00,,,,,,,0.275,,1.474,,,,,INCOMPLETE
M02,62107,,,2026-09-10 17:16:29.655272+00:00,2026-09-10 17:16:29.657722+00:00,2026-09-10 17:16:29.655432+00:00,,,,,,,0.16,,2.29,,,,,INCOMPLETE
M02,62108,,,2026-09-10 17:16:29.685634+00:00,2026-09-10 17:16:29.686985+00:00,2026-09-10 17:16:29.686292+00:00,,,,,,,0.6579999999999999,,0.6930000000000001,,,,,INCOMPLETE
M02,62109,,,2026-09-10 17:16:29.714593+00:00,2026-09-10 17:16:29.716492+00:00,2026-09-10 17:16:29.714800+00:00,,,,,,,0.207,,1.692,,,,,INCOMPLETE
M02,62110,,,2026-09-10 17:16:29.745465+00:00,2026-09-10 17:16:29.747265+00:00,2026-09-10 17:16:29.745715+00:00,,,,,,,0.25,,1.55,,,,,INCOMPLETE
M02,62111,,,2026-09-10 17:16:29.778407+00:00,2026-09-10 17:16:29.779482+00:00,2026-09-10 17:16:29.778583+00:00,,,,,,,0.176,,0.8989999999999999,,,,,INCOMPLETE
M02,62112,,,2026-09-10 17:16:29.808040+00:00,2026-09-10 17:16:29.810764+00:00,2026-09-10 17:16:29.808308+00:00,,,,,,,0.268,,2.456,,,,,INCOMPLETE
M02,62113,,,2026-09-10 17:16:29.839205+00:00,2026-09-10 17:16:29.840958+00:00,2026-09-10 17:16:29.840087+00:00,,,,,,,0.882,,0.871,,,,,INCOMPLETE
M02,62114,,,2026-09-10 17:16:29.868328+00:00,2026-09-10 17:16:29.869591+00:00,2026-09-10 17:16:29.868477+00:00,,,,,,,0.149,,1.1139999999999999,,,,,INCOMPLETE
M02,62115,,,2026-09-10 17:16:29.901171+00:00,2026-09-10 17:16:29.902149+00:00,2026-09-10 17:16:29.901336+00:00,,,,,,,0.165,,0.8130000000000001,,,,,INCOMPLETE
M02,62116,,,2026-09-10 17:16:29.930091+00:00,2026-09-10 17:16:29.931138+00:00,2026-09-10 17:16:29.930360+00:00,,,,,,,0.26899999999999996,,0.778,,,,,INCOMPLETE
M02,62117,,,2026-09-10 17:16:29.960700+00:00,2026-09-10 17:16:29.962109+00:00,2026-09-10 17:16:29.960975+00:00,,,,,,,0.275,,1.1340000000000001,,,,,INCOMPLETE
M02,62118,,,2026-09-10 17:16:29.989943+00:00,2026-09-10 17:16:29.991550+00:00,2026-09-10 17:16:29.990162+00:00,,,,,,,0.219,,1.388,,,,,INCOMPLETE
M02,62119,,,2026-09-10 17:16:30.020554+00:00,2026-09-10 17:16:30.022638+00:00,2026-09-10 17:16:30.020835+00:00,,,,,,,0.281,,1.803,,,,,INCOMPLETE
M03,62120,,,2026-09-10 17:16:30.052146+00:00,2026-09-10 17:16:30.053039+00:00,2026-09-10 17:16:30.052390+00:00,,,,,,,0.244,,0.6489999999999999,,,,,INCOMPLETE
M03,62121,,,2026-09-10 17:16:30.083331+00:00,2026-09-10 17:16:30.084321+00:00,2026-09-10 17:16:30.083537+00:00,,,,,,,0.206,,0.784,,,,,INCOMPLETE
M03,62122,,,2026-09-10 17:16:30.112089+00:00,2026-09-10 17:16:30.113782+00:00,2026-09-10 17:16:30.112333+00:00,,,,,,,0.244,,1.449,,,,,INCOMPLETE
M03,62123,,,2026-09-10 17:16:30.141703+00:00,2026-09-10 17:16:30.143138+00:00,2026-09-10 17:16:30.141897+00:00,,,,,,,0.194,,1.2409999999999999,,,,,INCOMPLETE
M03,62124,,,2026-09-10 17:16:30.170996+00:00,2026-09-10 17:16:30.172301+00:00,2026-09-10 17:16:30.171258+00:00,,,,,,,0.262,,1.0430000000000001,,,,,INCOMPLETE
M03,62125,,,2026-09-10 17:16:30.200436+00:00,2026-09-10 17:16:30.202202+00:00,2026-09-10 17:16:30.200688+00:00,,,,,,,0.252,,1.514,,,,,INCOMPLETE
M03,62126,,,2026-09-10 17:16:30.232370+00:00,2026-09-10 17:16:30.234263+00:00,2026-09-10 17:16:30.232493+00:00,,,,,,,0.12300000000000001,,1.77,,,,,INCOMPLETE
M03,62127,,,2026-09-10 17:16:30.262405+00:00,2026-09-10 17:16:30.264519+00:00,2026-09-10 17:16:30.262621+00:00,,,,,,,0.216,,1.898,,,,,INCOMPLETE
M03,62128,,,2026-09-10 17:16:30.292981+00:00,2026-09-10 17:16:30.295317+00:00,2026-09-10 17:16:30.293207+00:00,,,,,,,0.22599999999999998,,2.11,,,,,INCOMPLETE
M03,62129,,,2026-09-10 17:16:30.322211+00:00,2026-09-10 17:16:30.323177+00:00,2026-09-10 17:16:30.322384+00:00,,,,,,,0.17300000000000001,,0.7929999999999999,,,,,INCOMPLETE
M03,62130,,,2026-09-10 17:16:30.353912+00:00,2026-09-10 17:16:30.355348+00:00,2026-09-10 17:16:30.354106+00:00,,,,,,,0.194,,1.242,,,,,INCOMPLETE
M03,62131,,,2026-09-10 17:16:30.387249+00:00,2026-09-10 17:16:30.388747+00:00,2026-09-10 17:16:30.387437+00:00,,,,,,,0.188,,1.31,,,,,INCOMPLETE
M03,62132,,,2026-09-10 17:16:30.417630+00:00,2026-09-10 17:16:30.419675+00:00,2026-09-10 17:16:30.417869+00:00,,,,,,,0.23900000000000002,,1.806,,,,,INCOMPLETE
M03,62133,,,2026-09-10 17:16:30.451565+00:00,2026-09-10 17:16:30.453836+00:00,2026-09-10 17:16:30.451707+00:00,,,,,,,0.14200000000000002,,2.129,,,,,INCOMPLETE
M03,62134,,,2026-09-10 17:16:30.485696+00:00,2026-09-10 17:16:30.486920+00:00,2026-09-10 17:16:30.485892+00:00,,,,,,,0.196,,1.028,,,,,INCOMPLETE
M03,62135,,,2026-09-10 17:16:30.515129+00:00,2026-09-10 17:16:30.516325+00:00,2026-09-10 17:16:30.515465+00:00,,,,,,,0.33599999999999997,,0.86,,,,,INCOMPLETE
M03,62136,,,2026-09-10 17:16:30.544578+00:00,2026-09-10 17:16:30.545557+00:00,2026-09-10 17:16:30.544808+00:00,,,,,,,0.23,,0.749,,,,,INCOMPLETE
M03,62137,,,2026-09-10 17:16:30.572739+00:00,2026-09-10 17:16:30.573922+00:00,2026-09-10 17:16:30.572881+00:00,,,,,,,0.14200000000000002,,1.0410000000000001,,,,,INCOMPLETE
M03,62138,,,2026-09-10 17:16:30.601495+00:00,2026-09-10 17:16:30.603769+00:00,2026-09-10 17:16:30.601683+00:00,,,,,,,0.188,,2.0860000000000003,,,,,INCOMPLETE
M03,62139,,,2026-09-10 17:16:30.637130+00:00,2026-09-10 17:16:30.638368+00:00,2026-09-10 17:16:30.637338+00:00,,,,,,,0.208,,1.03,,,,,INCOMPLETE
M03,62140,,,2026-09-10 17:16:30.666409+00:00,2026-09-10 17:16:30.667560+00:00,2026-09-10 17:16:30.666599+00:00,,,,,,,0.19,,0.9610000000000001,,,,,INCOMPLETE
M03,62141,,,2026-09-10 17:16:30.697141+00:00,2026-09-10 17:16:30.698634+00:00,2026-09-10 17:16:30.697329+00:00,,,,,,,0.188,,1.305,,,,,INCOMPLETE
M03,62142,,,2026-09-10 17:16:30.726300+00:00,2026-09-10 17:16:30.731165+00:00,2026-09-10 17:16:30.726433+00:00,,,,,,,0.133,,4.732,,,,,INCOMPLETE
M03,62143,,,2026-09-10 17:16:30.760777+00:00,2026-09-10 17:16:30.762262+00:00,2026-09-10 17:16:30.760968+00:00,,,,,,,0.191,,1.294,,,,,INCOMPLETE
M03,62144,,,2026-09-10 17:16:30.790223+00:00,2026-09-10 17:16:30.791563+00:00,2026-09-10 17:16:30.790455+00:00,,,,,,,0.232,,1.108,,,,,INCOMPLETE
M03,62145,,,2026-09-10 17:16:30.819026+00:00,2026-09-10 17:16:30.820408+00:00,2026-09-10 17:16:30.819169+00:00,,,,,,,0.14300000000000002,,1.239,,,,,INCOMPLETE
M03,62146,,,2026-09-10 17:16:30.848600+00:00,2026-09-10 17:16:30.849562+00:00,2026-09-10 17:16:30.848749+00:00,,,,,,,0.149,,0.8130000000000001,,,,,INCOMPLETE
M03,62147,,,2026-09-10 17:16:30.878572+00:00,2026-09-10 17:16:30.880572+00:00,2026-09-10 17:16:30.878894+00:00,,,,,,,0.322,,1.678,,,,,INCOMPLETE
M03,62148,,,2026-09-10 17:16:30.909071+00:00,2026-09-10 17:16:30.909871+00:00,2026-09-10 17:16:30.909227+00:00,,,,,,,0.156,,0.644,,,,,INCOMPLETE
M03,62149,,,2026-09-10 17:16:30.937867+00:00,2026-09-10 17:16:30.939568+00:00,2026-09-10 17:16:30.938115+00:00,,,,,,,0.248,,1.453,,,,,INCOMPLETE
M03,62150,,,2026-09-10 17:16:30.970749+00:00,2026-09-10 17:16:30.971687+00:00,2026-09-10 17:16:30.971033+00:00,,,,,,,0.28400000000000003,,0.6539999999999999,,,,,INCOMPLETE
M03,62151,,,2026-09-10 17:16:31.001193+00:00,2026-09-10 17:16:31.002462+00:00,2026-09-10 17:16:31.001406+00:00,,,,,,,0.213,,1.056,,,,,INCOMPLETE
M03,62152,,,2026-09-10 17:16:31.033867+00:00,2026-09-10 17:16:31.037060+00:00,2026-09-10 17:16:31.034047+00:00,,,,,,,0.18000000000000002,,3.013,,,,,INCOMPLETE
M03,62153,,,2026-09-10 17:16:31.073308+00:00,2026-09-10 17:16:31.075224+00:00,2026-09-10 17:16:31.073532+00:00,,,,,,,0.224,,1.692,,,,,INCOMPLETE
M03,62154,,,2026-09-10 17:16:31.205677+00:00,2026-09-10 17:16:31.210118+00:00,2026-09-10 17:16:31.209445+00:00,,,,,,,3.7680000000000002,,0.673,,,,,INCOMPLETE
M03,62155,,,2026-09-10 17:16:31.238925+00:00,2026-09-10 17:16:31.240735+00:00,2026-09-10 17:16:31.239162+00:00,,,,,,,0.237,,1.573,,,,,INCOMPLETE
M03,62156,,,2026-09-10 17:16:31.269926+00:00,2026-09-10 17:16:31.271495+00:00,2026-09-10 17:16:31.270189+00:00,,,,,,,0.263,,1.306,,,,,INCOMPLETE
M03,62157,,,2026-09-10 17:16:31.299336+00:00,2026-09-10 17:16:31.301018+00:00,2026-09-10 17:16:31.299601+00:00,,,,,,,0.265,,1.417,,,,,INCOMPLETE
M03,62158,,,2026-09-10 17:16:31.329556+00:00,2026-09-10 17:16:31.330958+00:00,2026-09-10 17:16:31.329713+00:00,,,,,,,0.157,,1.245,,,,,INCOMPLETE
M03,62159,,,2026-09-10 17:16:31.358616+00:00,2026-09-10 17:16:31.359631+00:00,2026-09-10 17:16:31.358796+00:00,,,,,,,0.18000000000000002,,0.8350000000000001,,,,,INCOMPLETE
M03,62160,,,2026-09-10 17:16:31.387524+00:00,2026-09-10 17:16:31.388957+00:00,2026-09-10 17:16:31.387870+00:00,,,,,,,0.34600000000000003,,1.087,,,,,INCOMPLETE
M03,62161,,,2026-09-10 17:16:31.416638+00:00,2026-09-10 17:16:31.421003+00:00,2026-09-10 17:16:31.416850+00:00,,,,,,,0.212,,4.153,,,,,INCOMPLETE
M03,62162,,,2026-09-10 17:16:31.449068+00:00,2026-09-10 17:16:31.450624+00:00,2026-09-10 17:16:31.449285+00:00,,,,,,,0.217,,1.339,,,,,INCOMPLETE
M03,62163,,,2026-09-10 17:16:31.478150+00:00,2026-09-10 17:16:31.479665+00:00,2026-09-10 17:16:31.478345+00:00,,,,,,,0.195,,1.32,,,,,INCOMPLETE
M03,62164,,,2026-09-10 17:16:31.508991+00:00,2026-09-10 17:16:31.509973+00:00,2026-09-10 17:16:31.509149+00:00,,,,,,,0.158,,0.824,,,,,INCOMPLETE
M03,62165,,,2026-09-10 17:16:31.537098+00:00,2026-09-10 17:16:31.541869+00:00,2026-09-10 17:16:31.537269+00:00,,,,,,,0.171,,4.6,,,,,INCOMPLETE
M03,62166,,,2026-09-10 17:16:31.573375+00:00,2026-09-10 17:16:31.575483+00:00,2026-09-10 17:16:31.573570+00:00,,,,,,,0.195,,1.913,,,,,INCOMPLETE
M03,62167,,,2026-09-10 17:16:31.604428+00:00,2026-09-10 17:16:31.606812+00:00,2026-09-10 17:16:31.604613+00:00,,,,,,,0.185,,2.199,,,,,INCOMPLETE
M03,62168,,,2026-09-10 17:16:31.634703+00:00,2026-09-10 17:16:31.635898+00:00,2026-09-10 17:16:31.634925+00:00,,,,,,,0.222,,0.973,,,,,INCOMPLETE
M03,62169,,,2026-09-10 17:16:31.665896+00:00,2026-09-10 17:16:31.667582+00:00,2026-09-10 17:16:31.666090+00:00,,,,,,,0.194,,1.492,,,,,INCOMPLETE
M03,62170,,,2026-09-10 17:16:31.699336+00:00,2026-09-10 17:16:31.701177+00:00,2026-09-10 17:16:31.699502+00:00,,,,,,,0.166,,1.675,,,,,INCOMPLETE
M03,62171,,,2026-09-10 17:16:31.728830+00:00,2026-09-10 17:16:31.730147+00:00,2026-09-10 17:16:31.729043+00:00,,,,,,,0.213,,1.1039999999999999,,,,,INCOMPLETE
M03,62172,,,2026-09-10 17:16:31.759686+00:00,2026-09-10 17:16:31.760530+00:00,2026-09-10 17:16:31.759857+00:00,,,,,,,0.171,,0.673,,,,,INCOMPLETE
M03,62173,,,2026-09-10 17:16:31.788144+00:00,2026-09-10 17:16:31.790472+00:00,2026-09-10 17:16:31.788377+00:00,,,,,,,0.23299999999999998,,2.095,,,,,INCOMPLETE
M03,62174,,,2026-09-10 17:16:31.818140+00:00,2026-09-10 17:16:31.819522+00:00,2026-09-10 17:16:31.818360+00:00,,,,,,,0.22,,1.1620000000000001,,,,,INCOMPLETE
M03,62175,,,2026-09-10 17:16:31.848461+00:00,2026-09-10 17:16:31.852939+00:00,2026-09-10 17:16:31.848744+00:00,,,,,,,0.283,,4.195,,,,,INCOMPLETE
M03,62176,,,2026-09-10 17:16:31.883907+00:00,2026-09-10 17:16:31.885673+00:00,2026-09-10 17:16:31.884188+00:00,,,,,,,0.281,,1.485,,,,,INCOMPLETE
M03,62177,,,2026-09-10 17:16:31.912946+00:00,2026-09-10 17:16:31.914424+00:00,2026-09-10 17:16:31.913272+00:00,,,,,,,0.326,,1.1520000000000001,,,,,INCOMPLETE
M03,62178,,,2026-09-10 17:16:31.943067+00:00,2026-09-10 17:16:31.943992+00:00,2026-09-10 17:16:31.943343+00:00,,,,,,,0.27599999999999997,,0.6489999999999999,,,,,INCOMPLETE
M03,62179,,,2026-09-10 17:16:31.975805+00:00,2026-09-10 17:16:31.976684+00:00,2026-09-10 17:16:31.975963+00:00,,,,,,,0.158,,0.721,,,,,INCOMPLETE
M03,62180,,,2026-09-10 17:16:32.005113+00:00,2026-09-10 17:16:32.006264+00:00,2026-09-10 17:16:32.005332+00:00,,,,,,,0.219,,0.9319999999999999,,,,,INCOMPLETE
M03,62181,,,2026-09-10 17:16:32.036401+00:00,2026-09-10 17:16:32.037223+00:00,2026-09-10 17:16:32.036543+00:00,,,,,,,0.14200000000000002,,0.68,,,,,INCOMPLETE
M03,62182,,,2026-09-10 17:16:32.065105+00:00,2026-09-10 17:16:32.066168+00:00,2026-09-10 17:16:32.065349+00:00,,,,,,,0.244,,0.819,,,,,INCOMPLETE
M03,62183,,,2026-09-10 17:16:32.093437+00:00,2026-09-10 17:16:32.094343+00:00,2026-09-10 17:16:32.093674+00:00,,,,,,,0.237,,0.669,,,,,INCOMPLETE
M03,62184,,,2026-09-10 17:16:32.122294+00:00,2026-09-10 17:16:32.123990+00:00,2026-09-10 17:16:32.122450+00:00,,,,,,,0.156,,1.5399999999999998,,,,,INCOMPLETE
M03,62185,,,2026-09-10 17:16:32.151330+00:00,2026-09-10 17:16:32.152795+00:00,2026-09-10 17:16:32.151448+00:00,,,,,,,0.118,,1.3470000000000002,,,,,INCOMPLETE
M03,62186,,,2026-09-10 17:16:32.182984+00:00,2026-09-10 17:16:32.184659+00:00,2026-09-10 17:16:32.183204+00:00,,,,,,,0.22,,1.4549999999999998,,,,,INCOMPLETE
M03,62187,,,2026-09-10 17:16:32.213968+00:00,2026-09-10 17:16:32.215670+00:00,2026-09-10 17:16:32.214268+00:00,,,,,,,0.3,,1.4020000000000001,,,,,INCOMPLETE
M03,62188,,,2026-09-10 17:16:32.247362+00:00,2026-09-10 17:16:32.251464+00:00,2026-09-10 17:16:32.247614+00:00,,,,,,,0.252,,3.85,,,,,INCOMPLETE
M03,62189,,,2026-09-10 17:16:32.281091+00:00,2026-09-10 17:16:32.283010+00:00,2026-09-10 17:16:32.281314+00:00,,,,,,,0.223,,1.696,,,,,INCOMPLETE
M03,62190,,,2026-09-10 17:16:32.311226+00:00,2026-09-10 17:16:32.313109+00:00,2026-09-10 17:16:32.311439+00:00,,,,,,,0.213,,1.6700000000000002,,,,,INCOMPLETE
M03,62191,,,2026-09-10 17:16:32.341386+00:00,2026-09-10 17:16:32.344620+00:00,2026-09-10 17:16:32.341564+00:00,,,,,,,0.178,,3.056,,,,,INCOMPLETE
M03,62192,,,2026-09-10 17:16:32.372412+00:00,2026-09-10 17:16:32.375970+00:00,2026-09-10 17:16:32.372607+00:00,,,,,,,0.195,,3.363,,,,,INCOMPLETE
M03,62193,,,2026-09-10 17:16:32.403051+00:00,2026-09-10 17:16:32.404176+00:00,2026-09-10 17:16:32.403182+00:00,,,,,,,0.131,,0.9940000000000001,,,,,INCOMPLETE
M03,62194,,,2026-09-10 17:16:32.433210+00:00,2026-09-10 17:16:32.434797+00:00,2026-09-10 17:16:32.433397+00:00,,,,,,,0.187,,1.4,,,,,INCOMPLETE
M03,62195,,,2026-09-10 17:16:32.466382+00:00,2026-09-10 17:16:32.467491+00:00,2026-09-10 17:16:32.466516+00:00,,,,,,,0.134,,0.975,,,,,INCOMPLETE
M03,62196,,,2026-09-10 17:16:32.495612+00:00,2026-09-10 17:16:32.496424+00:00,2026-09-10 17:16:32.495792+00:00,,,,,,,0.18000000000000002,,0.632,,,,,INCOMPLETE
M03,62197,,,2026-09-10 17:16:32.529423+00:00,2026-09-10 17:16:32.531998+00:00,2026-09-10 17:16:32.529637+00:00,,,,,,,0.214,,2.3609999999999998,,,,,INCOMPLETE
M03,62198,,,2026-09-10 17:16:32.559783+00:00,2026-09-10 17:16:32.560905+00:00,2026-09-10 17:16:32.560016+00:00,,,,,,,0.23299999999999998,,0.889,,,,,INCOMPLETE
M03,62199,,,2026-09-10 17:16:32.588296+00:00,2026-09-10 17:16:32.589976+00:00,2026-09-10 17:16:32.588510+00:00,,,,,,,0.214,,1.466,,,,,INCOMPLETE
M03,62200,,,2026-09-10 17:16:32.620000+00:00,2026-09-10 17:16:32.621668+00:00,2026-09-10 17:16:32.620316+00:00,,,,,,,0.316,,1.3519999999999999,,,,,INCOMPLETE
M03,62201,,,2026-09-10 17:16:32.652150+00:00,2026-09-10 17:16:32.654031+00:00,2026-09-10 17:16:32.652368+00:00,,,,,,,0.21800000000000003,,1.663,,,,,INCOMPLETE
M03,62202,,,2026-09-10 17:16:32.682122+00:00,2026-09-10 17:16:32.683145+00:00,2026-09-10 17:16:32.682320+00:00,,,,,,,0.19799999999999998,,0.825,,,,,INCOMPLETE
M03,62203,,,2026-09-10 17:16:32.710657+00:00,2026-09-10 17:16:32.711602+00:00,2026-09-10 17:16:32.710874+00:00,,,,,,,0.217,,0.728,,,,,INCOMPLETE
M03,62204,,,2026-09-10 17:16:32.739276+00:00,2026-09-10 17:16:32.741808+00:00,2026-09-10 17:16:32.739507+00:00,,,,,,,0.231,,2.301,,,,,INCOMPLETE
M03,62205,,,2026-09-10 17:16:32.769814+00:00,2026-09-10 17:16:32.771688+00:00,2026-09-10 17:16:32.769982+00:00,,,,,,,0.16799999999999998,,1.706,,,,,INCOMPLETE
M03,62206,,,2026-09-10 17:16:32.800616+00:00,2026-09-10 17:16:32.801983+00:00,2026-09-10 17:16:32.800822+00:00,,,,,,,0.206,,1.161,,,,,INCOMPLETE
M03,62207,,,2026-09-10 17:16:32.832223+00:00,2026-09-10 17:16:32.833056+00:00,2026-09-10 17:16:32.832363+00:00,,,,,,,0.13999999999999999,,0.6930000000000001,,,,,INCOMPLETE
M03,62208,,,2026-09-10 17:16:32.862290+00:00,2026-09-10 17:16:32.863277+00:00,2026-09-10 17:16:32.862446+00:00,,,,,,,0.156,,0.8310000000000001,,,,,INCOMPLETE
M03,62209,,,2026-09-10 17:16:32.891606+00:00,2026-09-10 17:16:32.892632+00:00,2026-09-10 17:16:32.891811+00:00,,,,,,,0.205,,0.821,,,,,INCOMPLETE
M03,62210,,,2026-09-10 17:16:32.921187+00:00,2026-09-10 17:16:32.922474+00:00,2026-09-10 17:16:32.921389+00:00,,,,,,,0.202,,1.085,,,,,INCOMPLETE
M03,62211,,,2026-09-10 17:16:32.950624+00:00,2026-09-10 17:16:32.951977+00:00,2026-09-10 17:16:32.950862+00:00,,,,,,,0.23800000000000002,,1.1150000000000002,,,,,INCOMPLETE
M03,62212,,,2026-09-10 17:16:32.981078+00:00,2026-09-10 17:16:32.982101+00:00,2026-09-10 17:16:32.981240+00:00,,,,,,,0.162,,0.861,,,,,INCOMPLETE
M03,62213,,,2026-09-10 17:16:33.009850+00:00,2026-09-10 17:16:33.014506+00:00,2026-09-10 17:16:33.010153+00:00,,,,,,,0.303,,4.353,,,,,INCOMPLETE
M03,62214,,,2026-09-10 17:16:33.042075+00:00,2026-09-10 17:16:33.043502+00:00,2026-09-10 17:16:33.042289+00:00,,,,,,,0.214,,1.213,,,,,INCOMPLETE
M03,62215,,,2026-09-10 17:16:33.072290+00:00,2026-09-10 17:16:33.073396+00:00,2026-09-10 17:16:33.072508+00:00,,,,,,,0.21800000000000003,,0.888,,,,,INCOMPLETE
M03,62216,,,2026-09-10 17:16:33.103707+00:00,2026-09-10 17:16:33.104841+00:00,2026-09-10 17:16:33.103898+00:00,,,,,,,0.191,,0.9430000000000001,,,,,INCOMPLETE
M03,62217,,,2026-09-10 17:16:33.134289+00:00,2026-09-10 17:16:33.135831+00:00,2026-09-10 17:16:33.134435+00:00,,,,,,,0.146,,1.3960000000000001,,,,,INCOMPLETE
M03,62218,,,2026-09-10 17:16:33.165077+00:00,2026-09-10 17:16:33.166752+00:00,2026-09-10 17:16:33.165277+00:00,,,,,,,0.2,,1.4749999999999999,,,,,INCOMPLETE
M03,62219,,,2026-09-10 17:16:33.210539+00:00,2026-09-10 17:16:33.211345+00:00,2026-09-10 17:16:33.210729+00:00,,,,,,,0.19,,0.616,,,,,INCOMPLETE
M03,62220,,,2026-09-10 17:16:33.238935+00:00,2026-09-10 17:16:33.245924+00:00,2026-09-10 17:16:33.239116+00:00,,,,,,,0.18100000000000002,,6.808,,,,,INCOMPLETE
M03,62221,,,2026-09-10 17:16:33.274814+00:00,2026-09-10 17:16:33.276418+00:00,2026-09-10 17:16:33.275038+00:00,,,,,,,0.224,,1.38,,,,,INCOMPLETE
M03,62222,,,2026-09-10 17:16:33.305486+00:00,2026-09-10 17:16:33.307092+00:00,2026-09-10 17:16:33.305716+00:00,,,,,,,0.23,,1.3760000000000001,,,,,INCOMPLETE
M03,62223,,,2026-09-10 17:16:33.334718+00:00,2026-09-10 17:16:33.337846+00:00,2026-09-10 17:16:33.334883+00:00,,,,,,,0.165,,2.963,,,,,INCOMPLETE
M03,62224,,,2026-09-10 17:16:33.366121+00:00,2026-09-10 17:16:33.367198+00:00,2026-09-10 17:16:33.366283+00:00,,,,,,,0.162,,0.915,,,,,INCOMPLETE
M03,62225,,,2026-09-10 17:16:33.394556+00:00,2026-09-10 17:16:33.397269+00:00,2026-09-10 17:16:33.394750+00:00,,,,,,,0.194,,2.519,,,,,INCOMPLETE
M03,62226,,,2026-09-10 17:16:33.425197+00:00,2026-09-10 17:16:33.426203+00:00,2026-09-10 17:16:33.425438+00:00,,,,,,,0.241,,0.7649999999999999,,,,,INCOMPLETE
M03,62227,,,2026-09-10 17:16:33.455290+00:00,2026-09-10 17:16:33.457942+00:00,2026-09-10 17:16:33.455490+00:00,,,,,,,0.2,,2.4520000000000004,,,,,INCOMPLETE
M03,62228,,,2026-09-10 17:16:33.485012+00:00,2026-09-10 17:16:33.485982+00:00,2026-09-10 17:16:33.485171+00:00,,,,,,,0.159,,0.8109999999999999,,,,,INCOMPLETE
M03,62229,,,2026-09-10 17:16:33.514837+00:00,2026-09-10 17:16:33.518848+00:00,2026-09-10 17:16:33.515136+00:00,,,,,,,0.299,,3.712,,,,,INCOMPLETE
M03,62230,,,2026-09-10 17:16:33.547266+00:00,2026-09-10 17:16:33.548873+00:00,2026-09-10 17:16:33.547464+00:00,,,,,,,0.19799999999999998,,1.409,,,,,INCOMPLETE
M03,62231,,,2026-09-10 17:16:33.576429+00:00,2026-09-10 17:16:33.577973+00:00,2026-09-10 17:16:33.576561+00:00,,,,,,,0.132,,1.4120000000000001,,,,,INCOMPLETE
M03,62232,,,2026-09-10 17:16:33.606807+00:00,2026-09-10 17:16:33.611890+00:00,2026-09-10 17:16:33.607094+00:00,,,,,,,0.287,,4.796,,,,,INCOMPLETE
M03,62233,,,2026-09-10 17:16:33.639329+00:00,2026-09-10 17:16:33.640993+00:00,2026-09-10 17:16:33.639560+00:00,,,,,,,0.231,,1.433,,,,,INCOMPLETE
M03,62234,,,2026-09-10 17:16:33.669009+00:00,2026-09-10 17:16:33.669965+00:00,2026-09-10 17:16:33.669224+00:00,,,,,,,0.215,,0.741,,,,,INCOMPLETE
M03,62235,,,2026-09-10 17:16:33.697987+00:00,2026-09-10 17:16:33.699333+00:00,2026-09-10 17:16:33.698289+00:00,,,,,,,0.30200000000000005,,1.044,,,,,INCOMPLETE
M03,62236,,,2026-09-10 17:16:33.727650+00:00,2026-09-10 17:16:33.729020+00:00,2026-09-10 17:16:33.727997+00:00,,,,,,,0.347,,1.0230000000000001,,,,,INCOMPLETE
M03,62237,,,2026-09-10 17:16:33.757106+00:00,2026-09-10 17:16:33.764500+00:00,2026-09-10 17:16:33.757356+00:00,,,,,,,0.25,,7.144,,,,,INCOMPLETE
M03,62238,,,2026-09-10 17:16:33.794359+00:00,2026-09-10 17:16:33.797679+00:00,2026-09-10 17:16:33.794562+00:00,,,,,,,0.203,,3.117,,,,,INCOMPLETE
M03,62239,,,2026-09-10 17:16:33.826639+00:00,2026-09-10 17:16:33.827575+00:00,2026-09-10 17:16:33.826836+00:00,,,,,,,0.19699999999999998,,0.739,,,,,INCOMPLETE
M03,62240,,,2026-09-10 17:16:33.856395+00:00,2026-09-10 17:16:33.857588+00:00,2026-09-10 17:16:33.856612+00:00,,,,,,,0.217,,0.976,,,,,INCOMPLETE
M03,62241,,,2026-09-10 17:16:33.885065+00:00,2026-09-10 17:16:33.886497+00:00,2026-09-10 17:16:33.885233+00:00,,,,,,,0.16799999999999998,,1.264,,,,,INCOMPLETE
M03,62242,,,2026-09-10 17:16:33.914145+00:00,2026-09-10 17:16:33.916442+00:00,2026-09-10 17:16:33.914429+00:00,,,,,,,0.28400000000000003,,2.013,,,,,INCOMPLETE
M03,62243,,,2026-09-10 17:16:33.945344+00:00,2026-09-10 17:16:33.949690+00:00,2026-09-10 17:16:33.945493+00:00,,,,,,,0.149,,4.197,,,,,INCOMPLETE
M03,62244,,,2026-09-10 17:16:33.977552+00:00,2026-09-10 17:16:33.978570+00:00,2026-09-10 17:16:33.977749+00:00,,,,,,,0.19699999999999998,,0.821,,,,,INCOMPLETE
M03,62245,,,2026-09-10 17:16:34.005775+00:00,2026-09-10 17:16:34.006587+00:00,2026-09-10 17:16:34.005887+00:00,,,,,,,0.112,,0.7,,,,,INCOMPLETE
M03,62246,,,2026-09-10 17:16:34.036157+00:00,2026-09-10 17:16:34.037378+00:00,2026-09-10 17:16:34.036413+00:00,,,,,,,0.256,,0.9650000000000001,,,,,INCOMPLETE
M03,62247,,,2026-09-10 17:16:34.065638+00:00,2026-09-10 17:16:34.070222+00:00,2026-09-10 17:16:34.065967+00:00,,,,,,,0.32899999999999996,,4.255,,,,,INCOMPLETE
M03,62248,,,2026-09-10 17:16:34.098321+00:00,2026-09-10 17:16:34.099456+00:00,2026-09-10 17:16:34.098474+00:00,,,,,,,0.153,,0.982,,,,,INCOMPLETE
M03,62249,,,2026-09-10 17:16:34.127393+00:00,2026-09-10 17:16:34.128759+00:00,2026-09-10 17:16:34.127615+00:00,,,,,,,0.222,,1.1440000000000001,,,,,INCOMPLETE
M03,62250,,,2026-09-10 17:16:34.157345+00:00,2026-09-10 17:16:34.159720+00:00,2026-09-10 17:16:34.157534+00:00,,,,,,,0.189,,2.186,,,,,INCOMPLETE
M03,62251,,,2026-09-10 17:16:34.189007+00:00,2026-09-10 17:16:34.190032+00:00,2026-09-10 17:16:34.189176+00:00,,,,,,,0.16899999999999998,,0.856,,,,,INCOMPLETE
M03,62252,,,2026-09-10 17:16:34.219268+00:00,2026-09-10 17:16:34.221497+00:00,2026-09-10 17:16:34.219429+00:00,,,,,,,0.161,,2.068,,,,,INCOMPLETE
M03,62253,,,2026-09-10 17:16:34.251744+00:00,2026-09-10 17:16:34.253426+00:00,2026-09-10 17:16:34.252027+00:00,,,,,,,0.283,,1.399,,,,,INCOMPLETE
M03,62254,,,2026-09-10 17:16:34.283100+00:00,2026-09-10 17:16:34.291200+00:00,2026-09-10 17:16:34.283426+00:00,,,,,,,0.326,,7.774,,,,,INCOMPLETE
M03,62255,,,2026-09-10 17:16:34.319408+00:00,2026-09-10 17:16:34.322844+00:00,2026-09-10 17:16:34.319572+00:00,,,,,,,0.164,,3.2720000000000002,,,,,INCOMPLETE
M03,62256,,,2026-09-10 17:16:34.352098+00:00,2026-09-10 17:16:34.353943+00:00,2026-09-10 17:16:34.352312+00:00,,,,,,,0.214,,1.631,,,,,INCOMPLETE
M03,62257,,,2026-09-10 17:16:34.381471+00:00,2026-09-10 17:16:34.383690+00:00,2026-09-10 17:16:34.381645+00:00,,,,,,,0.174,,2.045,,,,,INCOMPLETE
M03,62258,,,2026-09-10 17:16:34.411172+00:00,2026-09-10 17:16:34.412477+00:00,2026-09-10 17:16:34.411314+00:00,,,,,,,0.14200000000000002,,1.163,,,,,INCOMPLETE
M03,62259,,,2026-09-10 17:16:34.442664+00:00,2026-09-10 17:16:34.444012+00:00,2026-09-10 17:16:34.442859+00:00,,,,,,,0.195,,1.153,,,,,INCOMPLETE
M03,62260,,,2026-09-10 17:16:34.476097+00:00,2026-09-10 17:16:34.477577+00:00,2026-09-10 17:16:34.476321+00:00,,,,,,,0.224,,1.256,,,,,INCOMPLETE
M03,62261,,,2026-09-10 17:16:34.504960+00:00,2026-09-10 17:16:34.506155+00:00,2026-09-10 17:16:34.505155+00:00,,,,,,,0.195,,1.0,,,,,INCOMPLETE
M03,62262,,,2026-09-10 17:16:34.534181+00:00,2026-09-10 17:16:34.538699+00:00,2026-09-10 17:16:34.534439+00:00,,,,,,,0.258,,4.26,,,,,INCOMPLETE
M03,62263,,,2026-09-10 17:16:34.566587+00:00,2026-09-10 17:16:34.568334+00:00,2026-09-10 17:16:34.566937+00:00,,,,,,,0.35,,1.397,,,,,INCOMPLETE
M03,62264,,,2026-09-10 17:16:34.596197+00:00,2026-09-10 17:16:34.597891+00:00,2026-09-10 17:16:34.596637+00:00,,,,,,,0.44,,1.254,,,,,INCOMPLETE
M03,62265,,,2026-09-10 17:16:34.628601+00:00,2026-09-10 17:16:34.629439+00:00,2026-09-10 17:16:34.628775+00:00,,,,,,,0.174,,0.664,,,,,INCOMPLETE
M03,62266,,,2026-09-10 17:16:34.657610+00:00,2026-09-10 17:16:34.659822+00:00,2026-09-10 17:16:34.657915+00:00,,,,,,,0.305,,1.907,,,,,INCOMPLETE
M03,62267,,,2026-09-10 17:16:34.687187+00:00,2026-09-10 17:16:34.688525+00:00,2026-09-10 17:16:34.687401+00:00,,,,,,,0.214,,1.124,,,,,INCOMPLETE
M03,62268,,,2026-09-10 17:16:34.717248+00:00,2026-09-10 17:16:34.721653+00:00,2026-09-10 17:16:34.717385+00:00,,,,,,,0.13699999999999998,,4.268,,,,,INCOMPLETE
M03,62269,,,2026-09-10 17:16:34.750115+00:00,2026-09-10 17:16:34.752241+00:00,2026-09-10 17:16:34.750294+00:00,,,,,,,0.179,,1.9469999999999998,,,,,INCOMPLETE
M03,62270,,,2026-09-10 17:16:34.780009+00:00,2026-09-10 17:16:34.781267+00:00,2026-09-10 17:16:34.780201+00:00,,,,,,,0.192,,1.066,,,,,INCOMPLETE
M03,62271,,,2026-09-10 17:16:34.808575+00:00,2026-09-10 17:16:34.809774+00:00,2026-09-10 17:16:34.808735+00:00,,,,,,,0.16,,1.039,,,,,INCOMPLETE
M03,62272,,,2026-09-10 17:16:34.837660+00:00,2026-09-10 17:16:34.839060+00:00,2026-09-10 17:16:34.837922+00:00,,,,,,,0.262,,1.138,,,,,INCOMPLETE
M03,62273,,,2026-09-10 17:16:34.866831+00:00,2026-09-10 17:16:34.869017+00:00,2026-09-10 17:16:34.867084+00:00,,,,,,,0.253,,1.933,,,,,INCOMPLETE
M03,62274,,,2026-09-10 17:16:34.897904+00:00,2026-09-10 17:16:34.899430+00:00,2026-09-10 17:16:34.898085+00:00,,,,,,,0.18100000000000002,,1.345,,,,,INCOMPLETE
M03,62275,,,2026-09-10 17:16:34.927601+00:00,2026-09-10 17:16:34.929013+00:00,2026-09-10 17:16:34.927880+00:00,,,,,,,0.279,,1.1329999999999998,,,,,INCOMPLETE
M03,62276,,,2026-09-10 17:16:34.962207+00:00,2026-09-10 17:16:34.963525+00:00,2026-09-10 17:16:34.962509+00:00,,,,,,,0.30200000000000005,,1.016,,,,,INCOMPLETE
M03,62277,,,2026-09-10 17:16:34.991631+00:00,2026-09-10 17:16:34.992740+00:00,2026-09-10 17:16:34.991852+00:00,,,,,,,0.221,,0.888,,,,,INCOMPLETE
M03,62278,,,2026-09-10 17:16:35.024821+00:00,2026-09-10 17:16:35.027824+00:00,2026-09-10 17:16:35.025132+00:00,,,,,,,0.311,,2.692,,,,,INCOMPLETE
M03,62279,,,2026-09-10 17:16:35.056554+00:00,2026-09-10 17:16:35.057869+00:00,2026-09-10 17:16:35.056763+00:00,,,,,,,0.20900000000000002,,1.106,,,,,INCOMPLETE
M03,62280,,,2026-09-10 17:16:35.086682+00:00,2026-09-10 17:16:35.088929+00:00,2026-09-10 17:16:35.086891+00:00,,,,,,,0.20900000000000002,,2.038,,,,,INCOMPLETE
M03,62281,,,2026-09-10 17:16:35.120221+00:00,2026-09-10 17:16:35.121446+00:00,2026-09-10 17:16:35.120464+00:00,,,,,,,0.243,,0.982,,,,,INCOMPLETE
M03,62282,,,2026-09-10 17:16:35.150820+00:00,2026-09-10 17:16:35.152377+00:00,2026-09-10 17:16:35.150977+00:00,,,,,,,0.157,,1.4,,,,,INCOMPLETE
M03,62283,,,2026-09-10 17:16:35.182718+00:00,2026-09-10 17:16:35.183707+00:00,2026-09-10 17:16:35.182927+00:00,,,,,,,0.20900000000000002,,0.78,,,,,INCOMPLETE
M03,62284,,,2026-09-10 17:16:35.212623+00:00,2026-09-10 17:16:35.214059+00:00,2026-09-10 17:16:35.212846+00:00,,,,,,,0.223,,1.213,,,,,INCOMPLETE
M03,62285,,,2026-09-10 17:16:35.242240+00:00,2026-09-10 17:16:35.243310+00:00,2026-09-10 17:16:35.242423+00:00,,,,,,,0.183,,0.887,,,,,INCOMPLETE
M03,62286,,,2026-09-10 17:16:35.271927+00:00,2026-09-10 17:16:35.274438+00:00,2026-09-10 17:16:35.272130+00:00,,,,,,,0.203,,2.3080000000000003,,,,,INCOMPLETE
M03,62287,,,2026-09-10 17:16:35.302519+00:00,2026-09-10 17:16:35.304910+00:00,2026-09-10 17:16:35.302643+00:00,,,,,,,0.124,,2.267,,,,,INCOMPLETE
M03,62288,,,2026-09-10 17:16:35.335671+00:00,2026-09-10 17:16:35.337685+00:00,2026-09-10 17:16:35.335943+00:00,,,,,,,0.272,,1.742,,,,,INCOMPLETE
M03,62289,,,2026-09-10 17:16:35.366585+00:00,2026-09-10 17:16:35.367445+00:00,2026-09-10 17:16:35.366753+00:00,,,,,,,0.16799999999999998,,0.6920000000000001,,,,,INCOMPLETE
M03,62290,,,2026-09-10 17:16:35.394879+00:00,2026-09-10 17:16:35.396372+00:00,2026-09-10 17:16:35.395029+00:00,,,,,,,0.15,,1.343,,,,,INCOMPLETE
M03,62291,,,2026-09-10 17:16:35.424863+00:00,2026-09-10 17:16:35.426072+00:00,2026-09-10 17:16:35.425050+00:00,,,,,,,0.187,,1.0219999999999998,,,,,INCOMPLETE
M03,62292,,,2026-09-10 17:16:35.453654+00:00,2026-09-10 17:16:35.454787+00:00,2026-09-10 17:16:35.453861+00:00,,,,,,,0.207,,0.9259999999999999,,,,,INCOMPLETE
M03,62293,,,2026-09-10 17:16:35.484728+00:00,2026-09-10 17:16:35.486304+00:00,2026-09-10 17:16:35.484923+00:00,,,,,,,0.195,,1.381,,,,,INCOMPLETE
M03,62294,,,2026-09-10 17:16:35.520680+00:00,2026-09-10 17:16:35.522857+00:00,2026-09-10 17:16:35.520994+00:00,,,,,,,0.314,,1.863,,,,,INCOMPLETE
M03,62295,,,2026-09-10 17:16:35.551145+00:00,2026-09-10 17:16:35.552225+00:00,2026-09-10 17:16:35.551373+00:00,,,,,,,0.228,,0.852,,,,,INCOMPLETE
M03,62296,,,2026-09-10 17:16:35.580572+00:00,2026-09-10 17:16:35.583149+00:00,2026-09-10 17:16:35.580727+00:00,,,,,,,0.155,,2.422,,,,,INCOMPLETE
M03,62297,,,2026-09-10 17:16:35.611089+00:00,2026-09-10 17:16:35.616067+00:00,2026-09-10 17:16:35.611274+00:00,,,,,,,0.185,,4.793,,,,,INCOMPLETE
M03,62298,,,2026-09-10 17:16:35.644595+00:00,2026-09-10 17:16:35.647694+00:00,2026-09-10 17:16:35.644777+00:00,,,,,,,0.182,,2.917,,,,,INCOMPLETE
M03,62299,,,2026-09-10 17:16:35.676073+00:00,2026-09-10 17:16:35.677164+00:00,2026-09-10 17:16:35.676240+00:00,,,,,,,0.16699999999999998,,0.924,,,,,INCOMPLETE
M03,62300,,,2026-09-10 17:16:35.704360+00:00,2026-09-10 17:16:35.705522+00:00,2026-09-10 17:16:35.704546+00:00,,,,,,,0.186,,0.976,,,,,INCOMPLETE
M03,62301,,,2026-09-10 17:16:35.733111+00:00,2026-09-10 17:16:35.734272+00:00,2026-09-10 17:16:35.733299+00:00,,,,,,,0.188,,0.973,,,,,INCOMPLETE
M03,62302,,,2026-09-10 17:16:35.762445+00:00,2026-09-10 17:16:35.763594+00:00,2026-09-10 17:16:35.762778+00:00,,,,,,,0.333,,0.816,,,,,INCOMPLETE
M03,62303,,,2026-09-10 17:16:35.794670+00:00,2026-09-10 17:16:35.796745+00:00,2026-09-10 17:16:35.794818+00:00,,,,,,,0.148,,1.9269999999999998,,,,,INCOMPLETE
M03,62304,,,2026-09-10 17:16:35.827089+00:00,2026-09-10 17:16:35.827877+00:00,2026-09-10 17:16:35.827280+00:00,,,,,,,0.191,,0.597,,,,,INCOMPLETE
M03,62305,,,2026-09-10 17:16:35.868390+00:00,2026-09-10 17:16:35.869669+00:00,2026-09-10 17:16:35.868617+00:00,,,,,,,0.22699999999999998,,1.052,,,,,INCOMPLETE
M03,62306,,,2026-09-10 17:16:35.897487+00:00,2026-09-10 17:16:35.898925+00:00,2026-09-10 17:16:35.897628+00:00,,,,,,,0.14100000000000001,,1.297,,,,,INCOMPLETE
M03,62307,,,2026-09-10 17:16:35.928778+00:00,2026-09-10 17:16:35.930810+00:00,2026-09-10 17:16:35.929589+00:00,,,,,,,0.8109999999999999,,1.221,,,,,INCOMPLETE
M03,62308,,,2026-09-10 17:16:35.959665+00:00,2026-09-10 17:16:35.961264+00:00,2026-09-10 17:16:35.959826+00:00,,,,,,,0.161,,1.438,,,,,INCOMPLETE
M03,62309,,,2026-09-10 17:16:35.991327+00:00,2026-09-10 17:16:35.993150+00:00,2026-09-10 17:16:35.991586+00:00,,,,,,,0.259,,1.564,,,,,INCOMPLETE
