machine,sequence,BLOCKCHAIN_SUBMITTED,CONFIRMED,CREATED,MQTT_ACKNOWLEDGED,MQTT_SUBMITTED,RECEIVED,VALIDATED,MQTT_FAILED,SECURITY_REJECTED,BLOCKCHAIN_REJECTED,BLOCKCHAIN_FAILED,latency_creation_mqtt_ms,latency_mqtt_ms,latency_mqtt_ack_ms,latency_validation_ms,latency_edge_ms,latency_blockchain_ms,latency_total_ms,final_status
M01,57551,2026-09-10 17:04:25.547020+00:00,2026-09-10 17:04:25.582978+00:00,2026-09-10 17:04:25.508965+00:00,2026-09-10 17:04:25.510053+00:00,2026-09-10 17:04:25.509306+00:00,2026-09-10 17:04:25.510084+00:00,2026-09-10 17:04:25.512219+00:00,,,,,0.34099999999999997,0.778,0.747,2.1350000000000002,34.801,35.958,74.01299999999999,CONFIRMED
M01,57552,2026-09-10 17:04:25.638089+00:00,2026-09-10 17:04:25.666049+00:00,2026-09-10 17:04:25.613852+00:00,2026-09-10 17:04:25.617945+00:00,2026-09-10 17:04:25.614049+00:00,2026-09-10 17:04:25.614618+00:00,2026-09-10 17:04:25.614940+00:00,,,,,0.19699999999999998,0.569,3.8960000000000004,0.322,23.149,27.959999999999997,52.197,CONFIRMED
M01,57553,2026-09-10 17:04:25.747528+00:00,2026-09-10 17:04:25.783771+00:00,2026-09-10 17:04:25.720039+00:00,2026-09-10 17:04:25.720857+00:00,2026-09-10 17:04:25.720222+00:00,2026-09-10 17:04:25.720813+00:00,2026-09-10 17:04:25.721292+00:00,,,,,0.183,0.5910000000000001,0.635,0.479,26.236,36.242999999999995,63.732,CONFIRMED
M01,57554,2026-09-10 17:04:25.854341+00:00,2026-09-10 17:04:25.886644+00:00,2026-09-10 17:04:25.828941+00:00,2026-09-10 17:04:25.829864+00:00,2026-09-10 17:04:25.829129+00:00,2026-09-10 17:04:25.830037+00:00,2026-09-10 17:04:25.830649+00:00,,,,,0.188,0.9079999999999999,0.735,0.612,23.692,32.303,57.702999999999996,CONFIRMED
M01,57555,2026-09-10 17:04:25.957104+00:00,2026-09-10 17:04:25.985488+00:00,2026-09-10 17:04:25.934390+00:00,2026-09-10 17:04:25.938731+00:00,2026-09-10 17:04:25.934569+00:00,2026-09-10 17:04:25.935283+00:00,2026-09-10 17:04:25.935678+00:00,,,,,0.179,0.714,4.162,0.395,21.426000000000002,28.384,51.098,CONFIRMED
M01,57556,2026-09-10 17:04:26.073670+00:00,2026-09-10 17:04:26.101653+00:00,2026-09-10 17:04:26.047175+00:00,2026-09-10 17:04:26.048183+00:00,2026-09-10 17:04:26.047424+00:00,2026-09-10 17:04:26.048183+00:00,2026-09-10 17:04:26.048584+00:00,,,,,0.24899999999999997,0.759,0.759,0.40099999999999997,25.086000000000002,27.983,54.478,CONFIRMED
M01,57557,2026-09-10 17:04:26.172534+00:00,2026-09-10 17:04:26.198806+00:00,2026-09-10 17:04:26.151082+00:00,2026-09-10 17:04:26.151913+00:00,2026-09-10 17:04:26.151234+00:00,2026-09-10 17:04:26.151959+00:00,2026-09-10 17:04:26.152375+00:00,,,,,0.152,0.725,0.679,0.416,20.159,26.272,47.724000000000004,CONFIRMED
M01,57558,2026-09-10 17:04:26.283465+00:00,2026-09-10 17:04:26.315673+00:00,2026-09-10 17:04:26.254691+00:00,2026-09-10 17:04:26.255987+00:00,2026-09-10 17:04:26.254937+00:00,2026-09-10 17:04:26.255607+00:00,2026-09-10 17:04:26.256030+00:00,,,,,0.24600000000000002,0.67,1.05,0.423,27.435000000000002,32.208,60.982,CONFIRMED
M01,57559,2026-09-10 17:04:26.411335+00:00,2026-09-10 17:04:26.440320+00:00,2026-09-10 17:04:26.362134+00:00,2026-09-10 17:04:26.362948+00:00,2026-09-10 17:04:26.362294+00:00,2026-09-10 17:04:26.362860+00:00,2026-09-10 17:04:26.363226+00:00,,,,,0.16,0.566,0.6539999999999999,0.366,48.109,28.985,78.186,CONFIRMED
M01,57560,2026-09-10 17:04:26.504124+00:00,2026-09-10 17:04:26.537285+00:00,2026-09-10 17:04:26.476624+00:00,2026-09-10 17:04:26.483226+00:00,2026-09-10 17:04:26.476938+00:00,2026-09-10 17:04:26.483077+00:00,2026-09-10 17:04:26.483403+00:00,,,,,0.314,6.139,6.288,0.326,20.721,33.161,60.661,CONFIRMED
M01,57561,2026-09-10 17:04:26.612226+00:00,2026-09-10 17:04:26.639988+00:00,2026-09-10 17:04:26.588463+00:00,2026-09-10 17:04:26.589361+00:00,2026-09-10 17:04:26.588611+00:00,2026-09-10 17:04:26.589315+00:00,2026-09-10 17:04:26.589828+00:00,,,,,0.148,0.704,0.75,0.513,22.398,27.761999999999997,51.525,CONFIRMED
M01,57562,2026-09-10 17:04:26.725030+00:00,2026-09-10 17:04:26.753808+00:00,2026-09-10 17:04:26.692540+00:00,2026-09-10 17:04:26.699219+00:00,2026-09-10 17:04:26.692854+00:00,2026-09-10 17:04:26.696250+00:00,2026-09-10 17:04:26.696648+00:00,,,,,0.314,3.3960000000000004,6.365,0.398,28.382,28.778000000000002,61.268,CONFIRMED
M01,57563,2026-09-10 17:04:26.832596+00:00,2026-09-10 17:04:26.867205+00:00,2026-09-10 17:04:26.804880+00:00,2026-09-10 17:04:26.805615+00:00,2026-09-10 17:04:26.805042+00:00,2026-09-10 17:04:26.805607+00:00,2026-09-10 17:04:26.805976+00:00,,,,,0.162,0.565,0.5730000000000001,0.36900000000000005,26.62,34.609,62.324999999999996,CONFIRMED
M01,57564,2026-09-10 17:04:26.928168+00:00,2026-09-10 17:04:26.953001+00:00,2026-09-10 17:04:26.907363+00:00,2026-09-10 17:04:26.908587+00:00,2026-09-10 17:04:26.907585+00:00,2026-09-10 17:04:26.908649+00:00,2026-09-10 17:04:26.909028+00:00,,,,,0.222,1.064,1.002,0.379,19.14,24.833000000000002,45.638,CONFIRMED
M01,57565,2026-09-10 17:04:27.048077+00:00,2026-09-10 17:04:27.076174+00:00,2026-09-10 17:04:27.011397+00:00,2026-09-10 17:04:27.012618+00:00,2026-09-10 17:04:27.011569+00:00,2026-09-10 17:04:27.012759+00:00,2026-09-10 17:04:27.013141+00:00,,,,,0.17200000000000001,1.1900000000000002,1.049,0.382,34.936,28.097,64.777,CONFIRMED
M01,57566,2026-09-10 17:04:27.145397+00:00,2026-09-10 17:04:27.173103+00:00,2026-09-10 17:04:27.122369+00:00,2026-09-10 17:04:27.124126+00:00,2026-09-10 17:04:27.122586+00:00,2026-09-10 17:04:27.124077+00:00,2026-09-10 17:04:27.124460+00:00,,,,,0.217,1.4909999999999999,1.5399999999999998,0.383,20.937,27.706000000000003,50.734,CONFIRMED
M01,57567,2026-09-10 17:04:27.250960+00:00,2026-09-10 17:04:27.288387+00:00,2026-09-10 17:04:27.227192+00:00,2026-09-10 17:04:27.230422+00:00,2026-09-10 17:04:27.227371+00:00,2026-09-10 17:04:27.228223+00:00,2026-09-10 17:04:27.228959+00:00,,,,,0.179,0.852,3.0509999999999997,0.736,22.001,37.427,61.195,CONFIRMED
M01,57568,2026-09-10 17:04:27.355951+00:00,2026-09-10 17:04:27.385144+00:00,2026-09-10 17:04:27.332893+00:00,2026-09-10 17:04:27.337313+00:00,2026-09-10 17:04:27.333108+00:00,2026-09-10 17:04:27.333895+00:00,2026-09-10 17:04:27.334203+00:00,,,,,0.215,0.787,4.205,0.308,21.748,29.193,52.251,CONFIRMED
M01,57569,2026-09-10 17:04:27.471959+00:00,2026-09-10 17:04:27.501273+00:00,2026-09-10 17:04:27.442766+00:00,2026-09-10 17:04:27.445725+00:00,2026-09-10 17:04:27.442924+00:00,2026-09-10 17:04:27.444080+00:00,2026-09-10 17:04:27.444987+00:00,,,,,0.158,1.156,2.801,0.907,26.971999999999998,29.314,58.507000000000005,CONFIRMED
M01,57570,2026-09-10 17:04:27.575656+00:00,2026-09-10 17:04:27.608950+00:00,2026-09-10 17:04:27.551544+00:00,2026-09-10 17:04:27.554570+00:00,2026-09-10 17:04:27.551728+00:00,2026-09-10 17:04:27.552472+00:00,2026-09-10 17:04:27.552788+00:00,,,,,0.184,0.744,2.842,0.316,22.868,33.294,57.406,CONFIRMED
M01,57571,2026-09-10 17:04:27.678442+00:00,2026-09-10 17:04:27.705438+00:00,2026-09-10 17:04:27.656770+00:00,2026-09-10 17:04:27.658490+00:00,2026-09-10 17:04:27.656957+00:00,2026-09-10 17:04:27.657807+00:00,2026-09-10 17:04:27.658132+00:00,,,,,0.187,0.85,1.5330000000000001,0.325,20.310000000000002,26.996,48.668000000000006,CONFIRMED
M01,57572,2026-09-10 17:04:27.794312+00:00,2026-09-10 17:04:27.836724+00:00,2026-09-10 17:04:27.762407+00:00,2026-09-10 17:04:27.763694+00:00,2026-09-10 17:04:27.762569+00:00,2026-09-10 17:04:27.763769+00:00,2026-09-10 17:04:27.764296+00:00,,,,,0.162,1.2,1.125,0.527,30.016000000000002,42.412,74.317,CONFIRMED
M01,57573,2026-09-10 17:04:27.895592+00:00,2026-09-10 17:04:27.940523+00:00,2026-09-10 17:04:27.867300+00:00,2026-09-10 17:04:27.871089+00:00,2026-09-10 17:04:27.867497+00:00,2026-09-10 17:04:27.868725+00:00,2026-09-10 17:04:27.869166+00:00,,,,,0.19699999999999998,1.228,3.592,0.441,26.426000000000002,44.931,73.223,CONFIRMED
M01,57574,2026-09-10 17:04:28.001006+00:00,2026-09-10 17:04:28.029546+00:00,2026-09-10 17:04:27.974085+00:00,2026-09-10 17:04:27.975355+00:00,2026-09-10 17:04:27.974255+00:00,2026-09-10 17:04:27.975095+00:00,2026-09-10 17:04:27.975442+00:00,,,,,0.17,0.8400000000000001,1.1,0.347,25.564,28.54,55.461000000000006,CONFIRMED
M01,57575,2026-09-10 17:04:28.104382+00:00,2026-09-10 17:04:28.133663+00:00,2026-09-10 17:04:28.078285+00:00,2026-09-10 17:04:28.079780+00:00,2026-09-10 17:04:28.078553+00:00,2026-09-10 17:04:28.079522+00:00,2026-09-10 17:04:28.080062+00:00,,,,,0.268,0.969,1.227,0.54,24.32,29.281000000000002,55.378,CONFIRMED
M01,57576,2026-09-10 17:04:28.223413+00:00,2026-09-10 17:04:28.251776+00:00,2026-09-10 17:04:28.183667+00:00,2026-09-10 17:04:28.186369+00:00,2026-09-10 17:04:28.184036+00:00,2026-09-10 17:04:28.185634+00:00,2026-09-10 17:04:28.186612+00:00,,,,,0.36900000000000005,1.598,2.333,0.9779999999999999,36.801,28.363,68.10900000000001,CONFIRMED
M01,57577,2026-09-10 17:04:28.316035+00:00,2026-09-10 17:04:28.340970+00:00,2026-09-10 17:04:28.292052+00:00,2026-09-10 17:04:28.293049+00:00,2026-09-10 17:04:28.292234+00:00,2026-09-10 17:04:28.293014+00:00,2026-09-10 17:04:28.293441+00:00,,,,,0.182,0.78,0.815,0.42700000000000005,22.594,24.935,48.918000000000006,CONFIRMED
M01,57578,2026-09-10 17:04:28.416425+00:00,2026-09-10 17:04:28.443493+00:00,2026-09-10 17:04:28.397398+00:00,2026-09-10 17:04:28.398285+00:00,2026-09-10 17:04:28.397551+00:00,2026-09-10 17:04:28.398302+00:00,2026-09-10 17:04:28.398653+00:00,,,,,0.153,0.751,0.734,0.35100000000000003,17.772,27.067999999999998,46.095,CONFIRMED
M01,57579,2026-09-10 17:04:28.528592+00:00,2026-09-10 17:04:28.554089+00:00,2026-09-10 17:04:28.500809+00:00,2026-09-10 17:04:28.502489+00:00,2026-09-10 17:04:28.501199+00:00,2026-09-10 17:04:28.502845+00:00,2026-09-10 17:04:28.503761+00:00,,,,,0.39,1.646,1.2899999999999998,0.916,24.831,25.497,53.28,CONFIRMED
M01,57580,2026-09-10 17:04:28.636374+00:00,2026-09-10 17:04:28.663193+00:00,2026-09-10 17:04:28.610823+00:00,2026-09-10 17:04:28.618616+00:00,2026-09-10 17:04:28.611038+00:00,2026-09-10 17:04:28.612049+00:00,2026-09-10 17:04:28.612516+00:00,,,,,0.215,1.011,7.577999999999999,0.467,23.858,26.819,52.37,CONFIRMED
M01,57581,2026-09-10 17:04:28.747212+00:00,2026-09-10 17:04:28.776469+00:00,2026-09-10 17:04:28.721831+00:00,2026-09-10 17:04:28.722955+00:00,2026-09-10 17:04:28.722092+00:00,2026-09-10 17:04:28.722943+00:00,2026-09-10 17:04:28.723488+00:00,,,,,0.261,0.851,0.8630000000000001,0.545,23.724,29.256999999999998,54.638,CONFIRMED
M01,57582,2026-09-10 17:04:28.843765+00:00,2026-09-10 17:04:28.869078+00:00,2026-09-10 17:04:28.826573+00:00,2026-09-10 17:04:28.827321+00:00,2026-09-10 17:04:28.826738+00:00,2026-09-10 17:04:28.827271+00:00,2026-09-10 17:04:28.827531+00:00,,,,,0.165,0.533,0.583,0.25999999999999995,16.233999999999998,25.313,42.505,CONFIRMED
M01,57583,2026-09-10 17:04:28.955009+00:00,2026-09-10 17:04:28.985270+00:00,2026-09-10 17:04:28.929248+00:00,2026-09-10 17:04:28.930012+00:00,2026-09-10 17:04:28.929412+00:00,2026-09-10 17:04:28.930053+00:00,2026-09-10 17:04:28.930513+00:00,,,,,0.164,0.641,0.6,0.46,24.496,30.261,56.022000000000006,CONFIRMED
M01,57584,2026-09-10 17:04:29.059989+00:00,2026-09-10 17:04:29.087167+00:00,2026-09-10 17:04:29.039028+00:00,2026-09-10 17:04:29.040181+00:00,2026-09-10 17:04:29.039203+00:00,2026-09-10 17:04:29.041459+00:00,2026-09-10 17:04:29.041894+00:00,,,,,0.175,2.2560000000000002,0.9779999999999999,0.435,18.095,27.178,48.139,CONFIRMED
M01,57585,2026-09-10 17:04:29.160086+00:00,2026-09-10 17:04:29.184818+00:00,2026-09-10 17:04:29.142529+00:00,2026-09-10 17:04:29.143427+00:00,2026-09-10 17:04:29.142738+00:00,2026-09-10 17:04:29.143321+00:00,2026-09-10 17:04:29.143718+00:00,,,,,0.20900000000000002,0.583,0.6890000000000001,0.397,16.368000000000002,24.732,42.289,CONFIRMED
M01,57586,2026-09-10 17:04:29.271280+00:00,2026-09-10 17:04:29.307983+00:00,2026-09-10 17:04:29.246807+00:00,2026-09-10 17:04:29.248112+00:00,2026-09-10 17:04:29.247089+00:00,2026-09-10 17:04:29.248116+00:00,2026-09-10 17:04:29.248702+00:00,,,,,0.28200000000000003,1.027,1.0230000000000001,0.5860000000000001,22.578,36.703,61.176,CONFIRMED
M01,57587,2026-09-10 17:04:29.369773+00:00,2026-09-10 17:04:29.396888+00:00,2026-09-10 17:04:29.350818+00:00,2026-09-10 17:04:29.351954+00:00,2026-09-10 17:04:29.351073+00:00,2026-09-10 17:04:29.351996+00:00,2026-09-10 17:04:29.352333+00:00,,,,,0.255,0.923,0.8809999999999999,0.337,17.44,27.115000000000002,46.07,CONFIRMED
M01,57588,2026-09-10 17:04:29.473421+00:00,2026-09-10 17:04:29.499132+00:00,2026-09-10 17:04:29.454330+00:00,2026-09-10 17:04:29.455816+00:00,2026-09-10 17:04:29.454612+00:00,2026-09-10 17:04:29.455838+00:00,2026-09-10 17:04:29.456447+00:00,,,,,0.28200000000000003,1.2260000000000002,1.204,0.609,16.974,25.711000000000002,44.802,CONFIRMED
M01,57589,2026-09-10 17:04:29.581591+00:00,2026-09-10 17:04:29.606491+00:00,2026-09-10 17:04:29.560860+00:00,2026-09-10 17:04:29.562249+00:00,2026-09-10 17:04:29.561221+00:00,2026-09-10 17:04:29.562338+00:00,2026-09-10 17:04:29.563373+00:00,,,,,0.361,1.117,1.028,1.035,18.218,24.9,45.631,CONFIRMED
M01,57590,2026-09-10 17:04:29.686909+00:00,2026-09-10 17:04:29.715522+00:00,2026-09-10 17:04:29.666416+00:00,2026-09-10 17:04:29.669612+00:00,2026-09-10 17:04:29.666742+00:00,2026-09-10 17:04:29.668647+00:00,2026-09-10 17:04:29.669555+00:00,,,,,0.326,1.905,2.87,0.9079999999999999,17.354000000000003,28.613,49.105999999999995,CONFIRMED
M01,57591,2026-09-10 17:04:29.797358+00:00,2026-09-10 17:04:29.820466+00:00,2026-09-10 17:04:29.773000+00:00,2026-09-10 17:04:29.776884+00:00,2026-09-10 17:04:29.773204+00:00,2026-09-10 17:04:29.774172+00:00,2026-09-10 17:04:29.774683+00:00,,,,,0.204,0.968,3.68,0.5109999999999999,22.675,23.108,47.466,CONFIRMED
M01,57592,2026-09-10 17:04:29.907609+00:00,2026-09-10 17:04:29.933894+00:00,2026-09-10 17:04:29.886796+00:00,2026-09-10 17:04:29.888236+00:00,2026-09-10 17:04:29.887068+00:00,2026-09-10 17:04:29.889042+00:00,2026-09-10 17:04:29.889875+00:00,,,,,0.272,1.974,1.168,0.833,17.733999999999998,26.285,47.098,CONFIRMED
M01,57593,2026-09-10 17:04:30.018378+00:00,2026-09-10 17:04:30.046303+00:00,2026-09-10 17:04:29.990551+00:00,2026-09-10 17:04:29.993582+00:00,2026-09-10 17:04:29.990753+00:00,2026-09-10 17:04:29.991665+00:00,2026-09-10 17:04:29.992063+00:00,,,,,0.202,0.912,2.8289999999999997,0.398,26.315,27.924999999999997,55.752,CONFIRMED
M01,57594,2026-09-10 17:04:30.116781+00:00,2026-09-10 17:04:30.140665+00:00,2026-09-10 17:04:30.096583+00:00,2026-09-10 17:04:30.097884+00:00,2026-09-10 17:04:30.096900+00:00,2026-09-10 17:04:30.097934+00:00,2026-09-10 17:04:30.098556+00:00,,,,,0.317,1.034,0.9840000000000001,0.622,18.225,23.884,44.082,CONFIRMED
M01,57595,2026-09-10 17:04:30.224436+00:00,2026-09-10 17:04:30.251048+00:00,2026-09-10 17:04:30.200681+00:00,2026-09-10 17:04:30.202967+00:00,2026-09-10 17:04:30.201266+00:00,2026-09-10 17:04:30.202950+00:00,2026-09-10 17:04:30.203637+00:00,,,,,0.585,1.684,1.701,0.687,20.799000000000003,26.612000000000002,50.367000000000004,CONFIRMED
M01,57596,2026-09-10 17:04:30.332800+00:00,2026-09-10 17:04:30.358750+00:00,2026-09-10 17:04:30.310083+00:00,2026-09-10 17:04:30.314837+00:00,2026-09-10 17:04:30.310274+00:00,2026-09-10 17:04:30.311123+00:00,2026-09-10 17:04:30.311534+00:00,,,,,0.191,0.8490000000000001,4.563000000000001,0.41100000000000003,21.266000000000002,25.95,48.667,CONFIRMED
M01,57597,2026-09-10 17:04:30.438032+00:00,2026-09-10 17:04:30.462594+00:00,2026-09-10 17:04:30.418825+00:00,2026-09-10 17:04:30.422282+00:00,2026-09-10 17:04:30.419194+00:00,2026-09-10 17:04:30.420573+00:00,2026-09-10 17:04:30.421315+00:00,,,,,0.36900000000000005,1.379,3.088,0.742,16.717,24.562,43.769000000000005,CONFIRMED
M01,57598,2026-09-10 17:04:30.555809+00:00,2026-09-10 17:04:30.580845+00:00,2026-09-10 17:04:30.529676+00:00,2026-09-10 17:04:30.532007+00:00,2026-09-10 17:04:30.530068+00:00,2026-09-10 17:04:30.531233+00:00,2026-09-10 17:04:30.531705+00:00,,,,,0.392,1.165,1.939,0.472,24.104,25.035999999999998,51.169,CONFIRMED
M01,57599,2026-09-10 17:04:30.665866+00:00,2026-09-10 17:04:30.691342+00:00,2026-09-10 17:04:30.640944+00:00,2026-09-10 17:04:30.642213+00:00,2026-09-10 17:04:30.641309+00:00,2026-09-10 17:04:30.642417+00:00,2026-09-10 17:04:30.642992+00:00,,,,,0.365,1.108,0.9039999999999999,0.575,22.874,25.476,50.397999999999996,CONFIRMED
M01,57600,2026-09-10 17:04:30.769471+00:00,2026-09-10 17:04:30.796080+00:00,2026-09-10 17:04:30.744403+00:00,2026-09-10 17:04:30.745114+00:00,2026-09-10 17:04:30.744541+00:00,2026-09-10 17:04:30.745168+00:00,2026-09-10 17:04:30.745547+00:00,,,,,0.13799999999999998,0.627,0.5730000000000001,0.379,23.924,26.609,51.677,CONFIRMED
M01,57601,2026-09-10 17:04:30.870011+00:00,2026-09-10 17:04:30.894468+00:00,2026-09-10 17:04:30.848701+00:00,2026-09-10 17:04:30.849826+00:00,2026-09-10 17:04:30.848975+00:00,2026-09-10 17:04:30.849884+00:00,2026-09-10 17:04:30.850457+00:00,,,,,0.27399999999999997,0.909,0.851,0.5730000000000001,19.554,24.457,45.767,CONFIRMED
M01,57602,2026-09-10 17:04:30.973327+00:00,2026-09-10 17:04:31.001063+00:00,2026-09-10 17:04:30.951748+00:00,2026-09-10 17:04:30.952542+00:00,2026-09-10 17:04:30.951976+00:00,2026-09-10 17:04:30.952564+00:00,2026-09-10 17:04:30.952958+00:00,,,,,0.228,0.588,0.566,0.39399999999999996,20.369000000000003,27.736,49.315,CONFIRMED
M01,57603,2026-09-10 17:04:31.074399+00:00,2026-09-10 17:04:31.099287+00:00,2026-09-10 17:04:31.055052+00:00,2026-09-10 17:04:31.056003+00:00,2026-09-10 17:04:31.055228+00:00,2026-09-10 17:04:31.056285+00:00,2026-09-10 17:04:31.056717+00:00,,,,,0.176,1.057,0.775,0.432,17.682,24.888,44.235,CONFIRMED
M01,57604,2026-09-10 17:04:31.189848+00:00,2026-09-10 17:04:31.219713+00:00,2026-09-10 17:04:31.160023+00:00,2026-09-10 17:04:31.165985+00:00,2026-09-10 17:04:31.160295+00:00,2026-09-10 17:04:31.165112+00:00,2026-09-10 17:04:31.165558+00:00,,,,,0.272,4.817,5.6899999999999995,0.446,24.29,29.865,59.69,CONFIRMED
M01,57605,2026-09-10 17:04:31.301228+00:00,2026-09-10 17:04:31.335040+00:00,2026-09-10 17:04:31.268990+00:00,2026-09-10 17:04:31.270164+00:00,2026-09-10 17:04:31.269190+00:00,2026-09-10 17:04:31.270179+00:00,2026-09-10 17:04:31.270535+00:00,,,,,0.2,0.9890000000000001,0.9740000000000001,0.356,30.693,33.812000000000005,66.05,CONFIRMED
M01,57606,2026-09-10 17:04:31.393722+00:00,2026-09-10 17:04:31.423072+00:00,2026-09-10 17:04:31.372116+00:00,2026-09-10 17:04:31.373022+00:00,2026-09-10 17:04:31.372292+00:00,2026-09-10 17:04:31.372940+00:00,2026-09-10 17:04:31.373225+00:00,,,,,0.176,0.648,0.73,0.285,20.497,29.35,50.956,CONFIRMED
M01,57607,2026-09-10 17:04:31.497367+00:00,2026-09-10 17:04:31.524883+00:00,2026-09-10 17:04:31.475898+00:00,2026-09-10 17:04:31.476896+00:00,2026-09-10 17:04:31.476177+00:00,2026-09-10 17:04:31.477018+00:00,2026-09-10 17:04:31.477727+00:00,,,,,0.279,0.841,0.719,0.709,19.64,27.516,48.985,CONFIRMED
M01,57608,2026-09-10 17:04:31.601653+00:00,2026-09-10 17:04:31.629444+00:00,2026-09-10 17:04:31.579573+00:00,2026-09-10 17:04:31.580523+00:00,2026-09-10 17:04:31.579800+00:00,2026-09-10 17:04:31.582077+00:00,2026-09-10 17:04:31.582971+00:00,,,,,0.22699999999999998,2.277,0.723,0.894,18.682000000000002,27.791,49.870999999999995,CONFIRMED
M01,57609,2026-09-10 17:04:31.705279+00:00,2026-09-10 17:04:31.730889+00:00,2026-09-10 17:04:31.685073+00:00,2026-09-10 17:04:31.686438+00:00,2026-09-10 17:04:31.685418+00:00,2026-09-10 17:04:31.686405+00:00,2026-09-10 17:04:31.686890+00:00,,,,,0.345,0.987,1.02,0.48500000000000004,18.389,25.61,45.816,CONFIRMED
M01,57610,2026-09-10 17:04:31.809836+00:00,2026-09-10 17:04:31.835777+00:00,2026-09-10 17:04:31.790350+00:00,2026-09-10 17:04:31.792010+00:00,2026-09-10 17:04:31.790721+00:00,2026-09-10 17:04:31.792372+00:00,2026-09-10 17:04:31.792892+00:00,,,,,0.371,1.6509999999999998,1.289,0.5199999999999999,16.944,25.941,45.427,CONFIRMED
M01,57611,2026-09-10 17:04:31.924654+00:00,2026-09-10 17:04:31.950094+00:00,2026-09-10 17:04:31.895397+00:00,2026-09-10 17:04:31.896763+00:00,2026-09-10 17:04:31.895717+00:00,2026-09-10 17:04:31.896578+00:00,2026-09-10 17:04:31.897203+00:00,,,,,0.32,0.861,1.046,0.625,27.451,25.44,54.697,CONFIRMED
M01,57612,2026-09-10 17:04:32.030108+00:00,2026-09-10 17:04:32.055692+00:00,2026-09-10 17:04:32.000277+00:00,2026-09-10 17:04:32.009161+00:00,2026-09-10 17:04:32.000493+00:00,2026-09-10 17:04:32.007491+00:00,2026-09-10 17:04:32.008154+00:00,,,,,0.216,6.998,8.668000000000001,0.6629999999999999,21.954,25.584,55.415,CONFIRMED
M01,57613,2026-09-10 17:04:32.135294+00:00,2026-09-10 17:04:32.161353+00:00,2026-09-10 17:04:32.113302+00:00,2026-09-10 17:04:32.114346+00:00,2026-09-10 17:04:32.113481+00:00,2026-09-10 17:04:32.114152+00:00,2026-09-10 17:04:32.114585+00:00,,,,,0.179,0.671,0.865,0.433,20.709000000000003,26.058999999999997,48.051,CONFIRMED
M01,57614,2026-09-10 17:04:32.241622+00:00,2026-09-10 17:04:32.269197+00:00,2026-09-10 17:04:32.217452+00:00,2026-09-10 17:04:32.219689+00:00,2026-09-10 17:04:32.217801+00:00,2026-09-10 17:04:32.218673+00:00,2026-09-10 17:04:32.219035+00:00,,,,,0.34900000000000003,0.8720000000000001,1.888,0.36200000000000004,22.587,27.575,51.745,CONFIRMED
M01,57615,2026-09-10 17:04:32.354307+00:00,2026-09-10 17:04:32.382804+00:00,2026-09-10 17:04:32.329130+00:00,2026-09-10 17:04:32.334001+00:00,2026-09-10 17:04:32.329286+00:00,2026-09-10 17:04:32.330198+00:00,2026-09-10 17:04:32.330607+00:00,,,,,0.156,0.912,4.715,0.40900000000000003,23.7,28.497,53.674,CONFIRMED
M01,57616,2026-09-10 17:04:32.467588+00:00,2026-09-10 17:04:32.497034+00:00,2026-09-10 17:04:32.445582+00:00,2026-09-10 17:04:32.447284+00:00,2026-09-10 17:04:32.445974+00:00,2026-09-10 17:04:32.447235+00:00,2026-09-10 17:04:32.448178+00:00,,,,,0.392,1.261,1.31,0.9430000000000001,19.41,29.446,51.452,CONFIRMED
M01,57617,2026-09-10 17:04:32.583578+00:00,2026-09-10 17:04:32.615030+00:00,2026-09-10 17:04:32.561629+00:00,2026-09-10 17:04:32.562914+00:00,2026-09-10 17:04:32.561946+00:00,2026-09-10 17:04:32.563018+00:00,2026-09-10 17:04:32.563753+00:00,,,,,0.317,1.072,0.968,0.735,19.825,31.452,53.400999999999996,CONFIRMED
M01,57618,2026-09-10 17:04:32.686604+00:00,2026-09-10 17:04:32.714579+00:00,2026-09-10 17:04:32.666856+00:00,2026-09-10 17:04:32.667960+00:00,2026-09-10 17:04:32.667013+00:00,2026-09-10 17:04:32.667734+00:00,2026-09-10 17:04:32.668174+00:00,,,,,0.157,0.721,0.9470000000000001,0.44,18.43,27.975,47.723,CONFIRMED
M01,57619,2026-09-10 17:04:32.796690+00:00,2026-09-10 17:04:32.822410+00:00,2026-09-10 17:04:32.775308+00:00,2026-09-10 17:04:32.776000+00:00,2026-09-10 17:04:32.775456+00:00,2026-09-10 17:04:32.776247+00:00,2026-09-10 17:04:32.776725+00:00,,,,,0.148,0.791,0.544,0.47800000000000004,19.965,25.72,47.102,CONFIRMED
M01,57620,2026-09-10 17:04:32.911714+00:00,2026-09-10 17:04:32.937934+00:00,2026-09-10 17:04:32.879730+00:00,2026-09-10 17:04:32.882968+00:00,2026-09-10 17:04:32.879906+00:00,2026-09-10 17:04:32.881095+00:00,2026-09-10 17:04:32.881509+00:00,,,,,0.176,1.189,3.062,0.414,30.205,26.22,58.204,CONFIRMED
M01,57621,2026-09-10 17:04:33.006701+00:00,2026-09-10 17:04:33.033145+00:00,2026-09-10 17:04:32.987757+00:00,2026-09-10 17:04:32.989072+00:00,2026-09-10 17:04:32.987959+00:00,2026-09-10 17:04:32.988705+00:00,2026-09-10 17:04:32.989210+00:00,,,,,0.202,0.746,1.113,0.505,17.491,26.444,45.388,CONFIRMED
M01,57622,2026-09-10 17:04:33.114013+00:00,2026-09-10 17:04:33.139860+00:00,2026-09-10 17:04:33.091793+00:00,2026-09-10 17:04:33.092861+00:00,2026-09-10 17:04:33.092033+00:00,2026-09-10 17:04:33.092860+00:00,2026-09-10 17:04:33.093320+00:00,,,,,0.24000000000000002,0.8270000000000001,0.828,0.46,20.692999999999998,25.846999999999998,48.067,CONFIRMED
M01,57623,2026-09-10 17:04:33.226006+00:00,2026-09-10 17:04:33.252740+00:00,2026-09-10 17:04:33.195792+00:00,2026-09-10 17:04:33.198843+00:00,2026-09-10 17:04:33.196172+00:00,2026-09-10 17:04:33.197416+00:00,2026-09-10 17:04:33.198133+00:00,,,,,0.38,1.244,2.6710000000000003,0.717,27.872999999999998,26.734,56.948,CONFIRMED
M01,57624,2026-09-10 17:04:33.329110+00:00,2026-09-10 17:04:33.370205+00:00,2026-09-10 17:04:33.301702+00:00,2026-09-10 17:04:33.302507+00:00,2026-09-10 17:04:33.301883+00:00,2026-09-10 17:04:33.302479+00:00,2026-09-10 17:04:33.302848+00:00,,,,,0.18100000000000002,0.596,0.624,0.36900000000000005,26.262,41.095,68.503,CONFIRMED
M01,57625,2026-09-10 17:04:33.427475+00:00,2026-09-10 17:04:33.456510+00:00,2026-09-10 17:04:33.406215+00:00,2026-09-10 17:04:33.407091+00:00,2026-09-10 17:04:33.406373+00:00,2026-09-10 17:04:33.406969+00:00,2026-09-10 17:04:33.407416+00:00,,,,,0.158,0.596,0.718,0.447,20.059,29.034999999999997,50.295,CONFIRMED
M01,57626,2026-09-10 17:04:33.533440+00:00,2026-09-10 17:04:33.563115+00:00,2026-09-10 17:04:33.510147+00:00,2026-09-10 17:04:33.511396+00:00,2026-09-10 17:04:33.510313+00:00,2026-09-10 17:04:33.511427+00:00,2026-09-10 17:04:33.511751+00:00,,,,,0.166,1.1139999999999999,1.083,0.324,21.689,29.675,52.968,CONFIRMED
M01,57627,2026-09-10 17:04:33.636079+00:00,2026-09-10 17:04:33.661116+00:00,2026-09-10 17:04:33.614148+00:00,2026-09-10 17:04:33.616065+00:00,2026-09-10 17:04:33.614446+00:00,2026-09-10 17:04:33.615458+00:00,2026-09-10 17:04:33.616085+00:00,,,,,0.298,1.012,1.619,0.627,19.994,25.037,46.968,CONFIRMED
M01,57628,2026-09-10 17:04:33.761953+00:00,2026-09-10 17:04:33.790836+00:00,2026-09-10 17:04:33.719507+00:00,2026-09-10 17:04:33.738096+00:00,2026-09-10 17:04:33.719916+00:00,2026-09-10 17:04:33.738250+00:00,2026-09-10 17:04:33.738748+00:00,,,,,0.40900000000000003,18.334,18.180000000000003,0.49799999999999994,23.205,28.883,71.32900000000001,CONFIRMED
M01,57629,2026-09-10 17:04:33.857930+00:00,2026-09-10 17:04:33.887306+00:00,2026-09-10 17:04:33.840749+00:00,2026-09-10 17:04:33.841762+00:00,2026-09-10 17:04:33.840970+00:00,2026-09-10 17:04:33.841746+00:00,2026-09-10 17:04:33.842179+00:00,,,,,0.221,0.776,0.7919999999999999,0.433,15.751000000000001,29.375999999999998,46.557,CONFIRMED
M01,57630,2026-09-10 17:04:33.963868+00:00,2026-09-10 17:04:33.990229+00:00,2026-09-10 17:04:33.944081+00:00,2026-09-10 17:04:33.945084+00:00,2026-09-10 17:04:33.944275+00:00,2026-09-10 17:04:33.944925+00:00,2026-09-10 17:04:33.945428+00:00,,,,,0.194,0.65,0.809,0.503,18.44,26.361,46.148,CONFIRMED
M01,57631,2026-09-10 17:04:34.075137+00:00,2026-09-10 17:04:34.102508+00:00,2026-09-10 17:04:34.047341+00:00,2026-09-10 17:04:34.048915+00:00,2026-09-10 17:04:34.047561+00:00,2026-09-10 17:04:34.048956+00:00,2026-09-10 17:04:34.049414+00:00,,,,,0.22,1.395,1.3539999999999999,0.458,25.723,27.371,55.167,CONFIRMED
M01,57632,2026-09-10 17:04:34.180078+00:00,2026-09-10 17:04:34.213754+00:00,2026-09-10 17:04:34.151125+00:00,2026-09-10 17:04:34.152479+00:00,2026-09-10 17:04:34.151283+00:00,2026-09-10 17:04:34.152257+00:00,2026-09-10 17:04:34.152654+00:00,,,,,0.158,0.9740000000000001,1.196,0.397,27.424,33.675999999999995,62.629000000000005,CONFIRMED
M01,57633,2026-09-10 17:04:34.273083+00:00,2026-09-10 17:04:34.301202+00:00,2026-09-10 17:04:34.254274+00:00,2026-09-10 17:04:34.255328+00:00,2026-09-10 17:04:34.254421+00:00,2026-09-10 17:04:34.255232+00:00,2026-09-10 17:04:34.255502+00:00,,,,,0.147,0.8109999999999999,0.907,0.27,17.581,28.119000000000003,46.928,CONFIRMED
M01,57634,2026-09-10 17:04:34.382793+00:00,2026-09-10 17:04:34.410223+00:00,2026-09-10 17:04:34.357887+00:00,2026-09-10 17:04:34.359311+00:00,2026-09-10 17:04:34.358277+00:00,2026-09-10 17:04:34.359462+00:00,2026-09-10 17:04:34.361002+00:00,,,,,0.39,1.185,1.034,1.5399999999999998,21.791,27.43,52.336,CONFIRMED
M01,57635,2026-09-10 17:04:34.489621+00:00,2026-09-10 17:04:34.522989+00:00,2026-09-10 17:04:34.461451+00:00,2026-09-10 17:04:34.462946+00:00,2026-09-10 17:04:34.461915+00:00,2026-09-10 17:04:34.463842+00:00,2026-09-10 17:04:34.464939+00:00,,,,,0.464,1.9269999999999998,1.031,1.0970000000000002,24.682,33.368,61.538000000000004,CONFIRMED
M01,57636,2026-09-10 17:04:34.588461+00:00,2026-09-10 17:04:34.622791+00:00,2026-09-10 17:04:34.565964+00:00,2026-09-10 17:04:34.566843+00:00,2026-09-10 17:04:34.566179+00:00,2026-09-10 17:04:34.566787+00:00,2026-09-10 17:04:34.567235+00:00,,,,,0.215,0.608,0.664,0.448,21.226,34.33,56.827000000000005,CONFIRMED
M01,57637,2026-09-10 17:04:34.691126+00:00,2026-09-10 17:04:34.720227+00:00,2026-09-10 17:04:34.669117+00:00,2026-09-10 17:04:34.670232+00:00,2026-09-10 17:04:34.669319+00:00,2026-09-10 17:04:34.670206+00:00,2026-09-10 17:04:34.670525+00:00,,,,,0.202,0.887,0.9129999999999999,0.319,20.601000000000003,29.101,51.11,CONFIRMED
M01,57638,2026-09-10 17:04:34.796649+00:00,2026-09-10 17:04:34.828878+00:00,2026-09-10 17:04:34.772178+00:00,2026-09-10 17:04:34.773415+00:00,2026-09-10 17:04:34.772347+00:00,2026-09-10 17:04:34.773461+00:00,2026-09-10 17:04:34.773867+00:00,,,,,0.16899999999999998,1.1139999999999999,1.0679999999999998,0.406,22.782,32.229,56.7,CONFIRMED
M01,57639,2026-09-10 17:04:34.896345+00:00,2026-09-10 17:04:34.923693+00:00,2026-09-10 17:04:34.877489+00:00,2026-09-10 17:04:34.878399+00:00,2026-09-10 17:04:34.877694+00:00,2026-09-10 17:04:34.878330+00:00,2026-09-10 17:04:34.878766+00:00,,,,,0.205,0.636,0.705,0.43600000000000005,17.579,27.348000000000003,46.204,CONFIRMED
M01,57640,2026-09-10 17:04:35.003892+00:00,2026-09-10 17:04:35.036149+00:00,2026-09-10 17:04:34.982388+00:00,2026-09-10 17:04:34.983212+00:00,2026-09-10 17:04:34.982535+00:00,2026-09-10 17:04:34.983207+00:00,2026-09-10 17:04:34.983670+00:00,,,,,0.147,0.6719999999999999,0.6769999999999999,0.46299999999999997,20.222,32.257,53.761,CONFIRMED
M01,57641,2026-09-10 17:04:35.109301+00:00,2026-09-10 17:04:35.136014+00:00,2026-09-10 17:04:35.086043+00:00,2026-09-10 17:04:35.087338+00:00,2026-09-10 17:04:35.086297+00:00,2026-09-10 17:04:35.087594+00:00,2026-09-10 17:04:35.090395+00:00,,,,,0.254,1.297,1.0410000000000001,2.801,18.906,26.713,49.971000000000004,CONFIRMED
M01,57642,2026-09-10 17:04:35.212063+00:00,2026-09-10 17:04:35.239328+00:00,2026-09-10 17:04:35.191619+00:00,2026-09-10 17:04:35.192682+00:00,2026-09-10 17:04:35.191842+00:00,2026-09-10 17:04:35.192566+00:00,2026-09-10 17:04:35.192980+00:00,,,,,0.223,0.7240000000000001,0.8400000000000001,0.414,19.083,27.265,47.709,CONFIRMED
M01,57643,2026-09-10 17:04:35.316113+00:00,2026-09-10 17:04:35.345271+00:00,2026-09-10 17:04:35.295133+00:00,2026-09-10 17:04:35.296474+00:00,2026-09-10 17:04:35.295337+00:00,2026-09-10 17:04:35.296414+00:00,2026-09-10 17:04:35.296789+00:00,,,,,0.204,1.077,1.137,0.375,19.324,29.158,50.138000000000005,CONFIRMED
M01,57644,2026-09-10 17:04:35.420428+00:00,2026-09-10 17:04:35.446102+00:00,2026-09-10 17:04:35.398997+00:00,2026-09-10 17:04:35.400072+00:00,2026-09-10 17:04:35.399232+00:00,2026-09-10 17:04:35.400085+00:00,2026-09-10 17:04:35.400560+00:00,,,,,0.235,0.853,0.8400000000000001,0.475,19.868,25.674,47.105000000000004,CONFIRMED
M01,57645,2026-09-10 17:04:35.520105+00:00,2026-09-10 17:04:35.544446+00:00,2026-09-10 17:04:35.502474+00:00,2026-09-10 17:04:35.503612+00:00,2026-09-10 17:04:35.502765+00:00,2026-09-10 17:04:35.503677+00:00,2026-09-10 17:04:35.504088+00:00,,,,,0.29100000000000004,0.912,0.847,0.41100000000000003,16.017,24.341,41.972,CONFIRMED
M01,57646,2026-09-10 17:04:35.637495+00:00,2026-09-10 17:04:35.664638+00:00,2026-09-10 17:04:35.608553+00:00,2026-09-10 17:04:35.609478+00:00,2026-09-10 17:04:35.608797+00:00,2026-09-10 17:04:35.609481+00:00,2026-09-10 17:04:35.610010+00:00,,,,,0.244,0.684,0.6809999999999999,0.5289999999999999,27.485,27.143,56.085,CONFIRMED
M01,57647,2026-09-10 17:04:35.738475+00:00,2026-09-10 17:04:35.775190+00:00,2026-09-10 17:04:35.712860+00:00,2026-09-10 17:04:35.714792+00:00,2026-09-10 17:04:35.713107+00:00,2026-09-10 17:04:35.714006+00:00,2026-09-10 17:04:35.714585+00:00,,,,,0.247,0.8989999999999999,1.685,0.579,23.89,36.714999999999996,62.330000000000005,CONFIRMED
M01,57648,2026-09-10 17:04:35.835594+00:00,2026-09-10 17:04:35.862908+00:00,2026-09-10 17:04:35.817113+00:00,2026-09-10 17:04:35.818160+00:00,2026-09-10 17:04:35.817455+00:00,2026-09-10 17:04:35.818105+00:00,2026-09-10 17:04:35.818435+00:00,,,,,0.342,0.65,0.705,0.33,17.159,27.314,45.795,CONFIRMED
M01,57649,2026-09-10 17:04:35.944334+00:00,2026-09-10 17:04:35.973711+00:00,2026-09-10 17:04:35.921818+00:00,2026-09-10 17:04:35.923796+00:00,2026-09-10 17:04:35.922302+00:00,2026-09-10 17:04:35.923679+00:00,2026-09-10 17:04:35.924582+00:00,,,,,0.484,1.377,1.494,0.903,19.752,29.377,51.893,CONFIRMED
M01,57650,2026-09-10 17:04:36.046796+00:00,2026-09-10 17:04:36.085899+00:00,2026-09-10 17:04:36.027061+00:00,2026-09-10 17:04:36.027807+00:00,2026-09-10 17:04:36.027229+00:00,2026-09-10 17:04:36.027934+00:00,2026-09-10 17:04:36.028382+00:00,,,,,0.16799999999999998,0.705,0.578,0.448,18.414,39.103,58.838,CONFIRMED
M01,57651,2026-09-10 17:04:36.159025+00:00,2026-09-10 17:04:36.186275+00:00,2026-09-10 17:04:36.131473+00:00,2026-09-10 17:04:36.132705+00:00,2026-09-10 17:04:36.131654+00:00,2026-09-10 17:04:36.132817+00:00,2026-09-10 17:04:36.133343+00:00,,,,,0.18100000000000002,1.163,1.0510000000000002,0.526,25.682,27.25,54.802,CONFIRMED
M01,57652,2026-09-10 17:04:36.256931+00:00,2026-09-10 17:04:36.290714+00:00,2026-09-10 17:04:36.234465+00:00,2026-09-10 17:04:36.235975+00:00,2026-09-10 17:04:36.234602+00:00,2026-09-10 17:04:36.235862+00:00,2026-09-10 17:04:36.236652+00:00,,,,,0.13699999999999998,1.26,1.373,0.79,20.279,33.783,56.249,CONFIRMED
M01,57653,2026-09-10 17:04:36.358379+00:00,2026-09-10 17:04:36.393636+00:00,2026-09-10 17:04:36.337921+00:00,2026-09-10 17:04:36.338582+00:00,2026-09-10 17:04:36.338054+00:00,2026-09-10 17:04:36.338606+00:00,2026-09-10 17:04:36.338991+00:00,,,,,0.133,0.5519999999999999,0.528,0.38499999999999995,19.387999999999998,35.257,55.715,CONFIRMED
M01,57654,2026-09-10 17:04:36.469290+00:00,2026-09-10 17:04:36.495334+00:00,2026-09-10 17:04:36.441268+00:00,2026-09-10 17:04:36.442713+00:00,2026-09-10 17:04:36.441462+00:00,2026-09-10 17:04:36.442657+00:00,2026-09-10 17:04:36.443181+00:00,,,,,0.194,1.195,1.251,0.524,26.109,26.044,54.066,CONFIRMED
M01,57655,2026-09-10 17:04:36.574549+00:00,2026-09-10 17:04:36.600865+00:00,2026-09-10 17:04:36.546512+00:00,2026-09-10 17:04:36.547464+00:00,2026-09-10 17:04:36.546747+00:00,2026-09-10 17:04:36.547631+00:00,2026-09-10 17:04:36.548142+00:00,,,,,0.235,0.884,0.717,0.5109999999999999,26.407,26.316,54.353,CONFIRMED
M01,57656,2026-09-10 17:04:36.675565+00:00,2026-09-10 17:04:36.703245+00:00,2026-09-10 17:04:36.650251+00:00,2026-09-10 17:04:36.655844+00:00,2026-09-10 17:04:36.650405+00:00,2026-09-10 17:04:36.651400+00:00,2026-09-10 17:04:36.651776+00:00,,,,,0.154,0.995,5.439,0.376,23.789,27.68,52.994,CONFIRMED
M01,57657,2026-09-10 17:04:36.781996+00:00,2026-09-10 17:04:36.811991+00:00,2026-09-10 17:04:36.760295+00:00,2026-09-10 17:04:36.761541+00:00,2026-09-10 17:04:36.760470+00:00,2026-09-10 17:04:36.761189+00:00,2026-09-10 17:04:36.761537+00:00,,,,,0.175,0.719,1.071,0.348,20.459000000000003,29.995,51.696,CONFIRMED
M01,57658,2026-09-10 17:04:36.885678+00:00,2026-09-10 17:04:36.914212+00:00,2026-09-10 17:04:36.865980+00:00,2026-09-10 17:04:36.874400+00:00,2026-09-10 17:04:36.866141+00:00,2026-09-10 17:04:36.866885+00:00,2026-09-10 17:04:36.867219+00:00,,,,,0.161,0.744,8.259,0.33399999999999996,18.459,28.534,48.232,CONFIRMED
M01,57659,2026-09-10 17:04:36.998629+00:00,2026-09-10 17:04:37.033036+00:00,2026-09-10 17:04:36.977590+00:00,2026-09-10 17:04:36.981154+00:00,2026-09-10 17:04:36.977774+00:00,2026-09-10 17:04:36.978551+00:00,2026-09-10 17:04:36.978883+00:00,,,,,0.184,0.777,3.3800000000000003,0.332,19.746,34.407000000000004,55.446000000000005,CONFIRMED
M01,57660,2026-09-10 17:04:37.183978+00:00,2026-09-10 17:04:37.230616+00:00,2026-09-10 17:04:37.104340+00:00,2026-09-10 17:04:37.105087+00:00,2026-09-10 17:04:37.104545+00:00,2026-09-10 17:04:37.158835+00:00,2026-09-10 17:04:37.161562+00:00,,,,,0.205,54.29,0.5419999999999999,2.727,22.415999999999997,46.638,126.276,CONFIRMED
M01,57661,2026-09-10 17:04:37.283978+00:00,2026-09-10 17:04:37.314230+00:00,2026-09-10 17:04:37.262391+00:00,2026-09-10 17:04:37.263845+00:00,2026-09-10 17:04:37.262594+00:00,2026-09-10 17:04:37.263746+00:00,2026-09-10 17:04:37.264201+00:00,,,,,0.203,1.1520000000000001,1.251,0.455,19.777,30.252000000000002,51.839000000000006,CONFIRMED
M01,57662,2026-09-10 17:04:37.416097+00:00,2026-09-10 17:04:37.444990+00:00,2026-09-10 17:04:37.369375+00:00,2026-09-10 17:04:37.372825+00:00,2026-09-10 17:04:37.369749+00:00,2026-09-10 17:04:37.371500+00:00,2026-09-10 17:04:37.372736+00:00,,,,,0.374,1.751,3.076,1.236,43.361,28.892999999999997,75.615,CONFIRMED
M01,57663,2026-09-10 17:04:37.512064+00:00,2026-09-10 17:04:37.538225+00:00,2026-09-10 17:04:37.478179+00:00,2026-09-10 17:04:37.480081+00:00,2026-09-10 17:04:37.478440+00:00,2026-09-10 17:04:37.480067+00:00,2026-09-10 17:04:37.480851+00:00,,,,,0.261,1.627,1.641,0.784,31.213,26.161,60.046,CONFIRMED
M01,57664,2026-09-10 17:04:37.610053+00:00,2026-09-10 17:04:37.636794+00:00,2026-09-10 17:04:37.584778+00:00,2026-09-10 17:04:37.592651+00:00,2026-09-10 17:04:37.585099+00:00,2026-09-10 17:04:37.588916+00:00,2026-09-10 17:04:37.589360+00:00,,,,,0.321,3.817,7.552,0.444,20.692999999999998,26.741,52.016,CONFIRMED
M01,57665,2026-09-10 17:04:37.723874+00:00,2026-09-10 17:04:37.751521+00:00,2026-09-10 17:04:37.700498+00:00,2026-09-10 17:04:37.701399+00:00,2026-09-10 17:04:37.700698+00:00,2026-09-10 17:04:37.701447+00:00,2026-09-10 17:04:37.701814+00:00,,,,,0.2,0.749,0.7010000000000001,0.367,22.06,27.647000000000002,51.022999999999996,CONFIRMED
M01,57666,2026-09-10 17:04:37.836894+00:00,2026-09-10 17:04:37.876745+00:00,2026-09-10 17:04:37.804228+00:00,2026-09-10 17:04:37.810480+00:00,2026-09-10 17:04:37.804377+00:00,2026-09-10 17:04:37.808774+00:00,2026-09-10 17:04:37.809258+00:00,,,,,0.149,4.397,6.103,0.484,27.636,39.851,72.517,CONFIRMED
M01,57667,2026-09-10 17:04:37.938793+00:00,2026-09-10 17:04:37.967073+00:00,2026-09-10 17:04:37.915829+00:00,2026-09-10 17:04:37.917172+00:00,2026-09-10 17:04:37.915992+00:00,2026-09-10 17:04:37.916741+00:00,2026-09-10 17:04:37.917144+00:00,,,,,0.163,0.749,1.1800000000000002,0.40299999999999997,21.649,28.28,51.244,CONFIRMED
M01,57668,2026-09-10 17:04:38.041982+00:00,2026-09-10 17:04:38.067481+00:00,2026-09-10 17:04:38.021689+00:00,2026-09-10 17:04:38.022613+00:00,2026-09-10 17:04:38.021972+00:00,2026-09-10 17:04:38.022740+00:00,2026-09-10 17:04:38.023222+00:00,,,,,0.283,0.768,0.641,0.482,18.759999999999998,25.499000000000002,45.792,CONFIRMED
M01,57669,2026-09-10 17:04:38.144431+00:00,2026-09-10 17:04:38.170826+00:00,2026-09-10 17:04:38.125661+00:00,2026-09-10 17:04:38.126872+00:00,2026-09-10 17:04:38.125917+00:00,2026-09-10 17:04:38.127010+00:00,2026-09-10 17:04:38.127446+00:00,,,,,0.256,1.093,0.955,0.43600000000000005,16.985,26.395,45.165,CONFIRMED
M01,57670,2026-09-10 17:04:38.254749+00:00,2026-09-10 17:04:38.288663+00:00,2026-09-10 17:04:38.230135+00:00,2026-09-10 17:04:38.231031+00:00,2026-09-10 17:04:38.230303+00:00,2026-09-10 17:04:38.231080+00:00,2026-09-10 17:04:38.231638+00:00,,,,,0.16799999999999998,0.777,0.728,0.558,23.111,33.914,58.528,CONFIRMED
M01,57671,2026-09-10 17:04:38.354101+00:00,2026-09-10 17:04:38.381744+00:00,2026-09-10 17:04:38.333369+00:00,2026-09-10 17:04:38.334165+00:00,2026-09-10 17:04:38.333544+00:00,2026-09-10 17:04:38.334270+00:00,2026-09-10 17:04:38.334741+00:00,,,,,0.175,0.726,0.621,0.47100000000000003,19.36,27.643,48.375,CONFIRMED
M01,57672,2026-09-10 17:04:38.460093+00:00,2026-09-10 17:04:38.489149+00:00,2026-09-10 17:04:38.436711+00:00,2026-09-10 17:04:38.437823+00:00,2026-09-10 17:04:38.436906+00:00,2026-09-10 17:04:38.437528+00:00,2026-09-10 17:04:38.437979+00:00,,,,,0.195,0.622,0.9169999999999999,0.451,22.114,29.055999999999997,52.437999999999995,CONFIRMED
M01,57673,2026-09-10 17:04:38.571844+00:00,2026-09-10 17:04:38.602038+00:00,2026-09-10 17:04:38.540897+00:00,2026-09-10 17:04:38.546423+00:00,2026-09-10 17:04:38.541354+00:00,2026-09-10 17:04:38.543296+00:00,2026-09-10 17:04:38.543987+00:00,,,,,0.457,1.942,5.069,0.691,27.857,30.194,61.141,CONFIRMED
M01,57674,2026-09-10 17:04:38.671986+00:00,2026-09-10 17:04:38.703714+00:00,2026-09-10 17:04:38.651400+00:00,2026-09-10 17:04:38.652433+00:00,2026-09-10 17:04:38.651624+00:00,2026-09-10 17:04:38.652366+00:00,2026-09-10 17:04:38.652756+00:00,,,,,0.224,0.742,0.809,0.39,19.23,31.727999999999998,52.314,CONFIRMED
M01,57675,2026-09-10 17:04:38.777332+00:00,2026-09-10 17:04:38.806214+00:00,2026-09-10 17:04:38.756477+00:00,2026-09-10 17:04:38.759302+00:00,2026-09-10 17:04:38.756754+00:00,2026-09-10 17:04:38.758288+00:00,2026-09-10 17:04:38.759301+00:00,,,,,0.277,1.534,2.548,1.013,18.031,28.882,49.737,CONFIRMED
M01,57676,2026-09-10 17:04:38.895745+00:00,2026-09-10 17:04:38.924356+00:00,2026-09-10 17:04:38.870261+00:00,2026-09-10 17:04:38.873721+00:00,2026-09-10 17:04:38.870473+00:00,2026-09-10 17:04:38.873528+00:00,2026-09-10 17:04:38.873999+00:00,,,,,0.212,3.055,3.248,0.47100000000000003,21.746000000000002,28.611,54.095,CONFIRMED
M01,57677,2026-09-10 17:04:39.004541+00:00,2026-09-10 17:04:39.032785+00:00,2026-09-10 17:04:38.983166+00:00,2026-09-10 17:04:38.984376+00:00,2026-09-10 17:04:38.983422+00:00,2026-09-10 17:04:38.984302+00:00,2026-09-10 17:04:38.984803+00:00,,,,,0.256,0.88,0.954,0.501,19.738,28.244,49.61900000000001,CONFIRMED
M01,57678,2026-09-10 17:04:39.106146+00:00,2026-09-10 17:04:39.134436+00:00,2026-09-10 17:04:39.087500+00:00,2026-09-10 17:04:39.088557+00:00,2026-09-10 17:04:39.087731+00:00,2026-09-10 17:04:39.088508+00:00,2026-09-10 17:04:39.088979+00:00,,,,,0.231,0.777,0.8260000000000001,0.47100000000000003,17.167,28.29,46.936,CONFIRMED
M01,57679,2026-09-10 17:04:39.213485+00:00,2026-09-10 17:04:39.239641+00:00,2026-09-10 17:04:39.191975+00:00,2026-09-10 17:04:39.192904+00:00,2026-09-10 17:04:39.192201+00:00,2026-09-10 17:04:39.192910+00:00,2026-09-10 17:04:39.193217+00:00,,,,,0.22599999999999998,0.709,0.703,0.307,20.268,26.156,47.666,CONFIRMED
M01,57680,2026-09-10 17:04:39.319367+00:00,2026-09-10 17:04:39.347139+00:00,2026-09-10 17:04:39.294882+00:00,2026-09-10 17:04:39.297693+00:00,2026-09-10 17:04:39.295232+00:00,2026-09-10 17:04:39.296206+00:00,2026-09-10 17:04:39.296648+00:00,,,,,0.35,0.9740000000000001,2.4610000000000003,0.442,22.719,27.772000000000002,52.257,CONFIRMED
M01,57681,2026-09-10 17:04:39.427810+00:00,2026-09-10 17:04:39.460113+00:00,2026-09-10 17:04:39.403684+00:00,2026-09-10 17:04:39.405228+00:00,2026-09-10 17:04:39.403898+00:00,2026-09-10 17:04:39.405201+00:00,2026-09-10 17:04:39.405635+00:00,,,,,0.214,1.303,1.33,0.434,22.175,32.303,56.429,CONFIRMED
M01,57682,2026-09-10 17:04:39.529570+00:00,2026-09-10 17:04:39.555395+00:00,2026-09-10 17:04:39.508862+00:00,2026-09-10 17:04:39.509810+00:00,2026-09-10 17:04:39.509094+00:00,2026-09-10 17:04:39.509809+00:00,2026-09-10 17:04:39.510167+00:00,,,,,0.232,0.7150000000000001,0.716,0.358,19.403,25.825,46.533,CONFIRMED
M01,57683,2026-09-10 17:04:39.637194+00:00,2026-09-10 17:04:39.663674+00:00,2026-09-10 17:04:39.612738+00:00,2026-09-10 17:04:39.616330+00:00,2026-09-10 17:04:39.612942+00:00,2026-09-10 17:04:39.613937+00:00,2026-09-10 17:04:39.614403+00:00,,,,,0.204,0.995,3.388,0.46599999999999997,22.791,26.48,50.936,CONFIRMED
M01,57684,2026-09-10 17:04:39.739408+00:00,2026-09-10 17:04:39.770951+00:00,2026-09-10 17:04:39.718406+00:00,2026-09-10 17:04:39.724100+00:00,2026-09-10 17:04:39.718577+00:00,2026-09-10 17:04:39.724109+00:00,2026-09-10 17:04:39.724417+00:00,,,,,0.171,5.532,5.523,0.308,14.991000000000001,31.543000000000003,52.545,CONFIRMED
M01,57685,2026-09-10 17:04:39.849998+00:00,2026-09-10 17:04:39.878152+00:00,2026-09-10 17:04:39.829506+00:00,2026-09-10 17:04:39.836392+00:00,2026-09-10 17:04:39.829705+00:00,2026-09-10 17:04:39.830782+00:00,2026-09-10 17:04:39.831257+00:00,,,,,0.199,1.077,6.687,0.475,18.741,28.154,48.646,CONFIRMED
M01,57686,2026-09-10 17:04:39.960498+00:00,2026-09-10 17:04:39.993123+00:00,2026-09-10 17:04:39.940741+00:00,2026-09-10 17:04:39.941394+00:00,2026-09-10 17:04:39.940940+00:00,2026-09-10 17:04:39.941504+00:00,2026-09-10 17:04:39.941849+00:00,,,,,0.199,0.5640000000000001,0.45399999999999996,0.345,18.648999999999997,32.625,52.382,CONFIRMED
M01,57687,2026-09-10 17:04:40.073247+00:00,2026-09-10 17:04:40.103678+00:00,2026-09-10 17:04:40.044719+00:00,2026-09-10 17:04:40.046581+00:00,2026-09-10 17:04:40.044892+00:00,2026-09-10 17:04:40.046484+00:00,2026-09-10 17:04:40.047611+00:00,,,,,0.17300000000000001,1.592,1.689,1.127,25.636,30.431,58.958999999999996,CONFIRMED
M01,57688,2026-09-10 17:04:40.174680+00:00,2026-09-10 17:04:40.200379+00:00,2026-09-10 17:04:40.149495+00:00,2026-09-10 17:04:40.150600+00:00,2026-09-10 17:04:40.149774+00:00,2026-09-10 17:04:40.150464+00:00,2026-09-10 17:04:40.150856+00:00,,,,,0.279,0.69,0.8260000000000001,0.392,23.824,25.698999999999998,50.884,CONFIRMED
M01,57689,2026-09-10 17:04:40.281059+00:00,2026-09-10 17:04:40.307229+00:00,2026-09-10 17:04:40.253471+00:00,2026-09-10 17:04:40.256590+00:00,2026-09-10 17:04:40.253858+00:00,2026-09-10 17:04:40.256970+00:00,2026-09-10 17:04:40.257638+00:00,,,,,0.38699999999999996,3.112,2.732,0.6679999999999999,23.421,26.169999999999998,53.758,CONFIRMED
M01,57690,2026-09-10 17:04:40.382069+00:00,2026-09-10 17:04:40.417346+00:00,2026-09-10 17:04:40.360020+00:00,2026-09-10 17:04:40.360765+00:00,2026-09-10 17:04:40.360168+00:00,2026-09-10 17:04:40.360711+00:00,2026-09-10 17:04:40.361118+00:00,,,,,0.148,0.5429999999999999,0.597,0.40700000000000003,20.951,35.277,57.326,CONFIRMED
M01,57691,2026-09-10 17:04:40.485832+00:00,2026-09-10 17:04:40.513995+00:00,2026-09-10 17:04:40.463010+00:00,2026-09-10 17:04:40.464863+00:00,2026-09-10 17:04:40.463365+00:00,2026-09-10 17:04:40.464345+00:00,2026-09-10 17:04:40.464738+00:00,,,,,0.355,0.98,1.498,0.393,21.094,28.163,50.985,CONFIRMED
M01,57692,2026-09-10 17:04:40.586575+00:00,2026-09-10 17:04:40.612226+00:00,2026-09-10 17:04:40.567268+00:00,2026-09-10 17:04:40.568180+00:00,2026-09-10 17:04:40.567504+00:00,2026-09-10 17:04:40.568194+00:00,2026-09-10 17:04:40.568530+00:00,,,,,0.236,0.69,0.6759999999999999,0.33599999999999997,18.044999999999998,25.651,44.958,CONFIRMED
M01,57693,2026-09-10 17:04:40.694043+00:00,2026-09-10 17:04:40.719363+00:00,2026-09-10 17:04:40.670946+00:00,2026-09-10 17:04:40.673098+00:00,2026-09-10 17:04:40.671477+00:00,2026-09-10 17:04:40.672829+00:00,2026-09-10 17:04:40.673525+00:00,,,,,0.531,1.3519999999999999,1.621,0.696,20.518,25.32,48.417,CONFIRMED
M01,57694,2026-09-10 17:04:40.803904+00:00,2026-09-10 17:04:40.828947+00:00,2026-09-10 17:04:40.776279+00:00,2026-09-10 17:04:40.777916+00:00,2026-09-10 17:04:40.776549+00:00,2026-09-10 17:04:40.778128+00:00,2026-09-10 17:04:40.779096+00:00,,,,,0.27,1.5790000000000002,1.367,0.968,24.808,25.043,52.668,CONFIRMED
M01,57695,2026-09-10 17:04:40.907096+00:00,2026-09-10 17:04:40.931476+00:00,2026-09-10 17:04:40.881576+00:00,2026-09-10 17:04:40.882958+00:00,2026-09-10 17:04:40.881875+00:00,2026-09-10 17:04:40.884858+00:00,2026-09-10 17:04:40.885455+00:00,,,,,0.299,2.983,1.083,0.597,21.641000000000002,24.38,49.9,CONFIRMED
M01,57696,2026-09-10 17:04:41.010800+00:00,2026-09-10 17:04:41.035960+00:00,2026-09-10 17:04:40.987074+00:00,2026-09-10 17:04:40.988108+00:00,2026-09-10 17:04:40.987260+00:00,2026-09-10 17:04:40.990095+00:00,2026-09-10 17:04:40.990483+00:00,,,,,0.186,2.835,0.848,0.388,20.317,25.159999999999997,48.885999999999996,CONFIRMED
M01,57697,2026-09-10 17:04:41.148614+00:00,2026-09-10 17:04:41.175140+00:00,2026-09-10 17:04:41.092744+00:00,2026-09-10 17:04:41.093731+00:00,2026-09-10 17:04:41.092986+00:00,2026-09-10 17:04:41.117695+00:00,2026-09-10 17:04:41.120437+00:00,,,,,0.242,24.709,0.745,2.742,28.177,26.526,82.396,CONFIRMED
M01,57698,2026-09-10 17:04:41.242300+00:00,2026-09-10 17:04:41.270427+00:00,2026-09-10 17:04:41.222274+00:00,2026-09-10 17:04:41.223463+00:00,2026-09-10 17:04:41.222469+00:00,2026-09-10 17:04:41.223565+00:00,2026-09-10 17:04:41.224301+00:00,,,,,0.195,1.0959999999999999,0.9940000000000001,0.736,17.999000000000002,28.127,48.153,CONFIRMED
M01,57699,2026-09-10 17:04:41.353452+00:00,2026-09-10 17:04:41.384292+00:00,2026-09-10 17:04:41.326363+00:00,2026-09-10 17:04:41.330618+00:00,2026-09-10 17:04:41.326562+00:00,2026-09-10 17:04:41.328010+00:00,2026-09-10 17:04:41.328500+00:00,,,,,0.199,1.4480000000000002,4.056,0.49,24.951999999999998,30.84,57.929,CONFIRMED
M01,57700,2026-09-10 17:04:41.457870+00:00,2026-09-10 17:04:41.482741+00:00,2026-09-10 17:04:41.435831+00:00,2026-09-10 17:04:41.439427+00:00,2026-09-10 17:04:41.435998+00:00,2026-09-10 17:04:41.436616+00:00,2026-09-10 17:04:41.437044+00:00,,,,,0.16699999999999998,0.618,3.4290000000000003,0.428,20.826,24.871000000000002,46.910000000000004,CONFIRMED
M01,57701,2026-09-10 17:04:41.564941+00:00,2026-09-10 17:04:41.594791+00:00,2026-09-10 17:04:41.542289+00:00,2026-09-10 17:04:41.543353+00:00,2026-09-10 17:04:41.542479+00:00,2026-09-10 17:04:41.543348+00:00,2026-09-10 17:04:41.543724+00:00,,,,,0.19,0.869,0.874,0.376,21.217,29.85,52.502,CONFIRMED
M01,57702,2026-09-10 17:04:41.666819+00:00,2026-09-10 17:04:41.701299+00:00,2026-09-10 17:04:41.645596+00:00,2026-09-10 17:04:41.646408+00:00,2026-09-10 17:04:41.645862+00:00,2026-09-10 17:04:41.647152+00:00,2026-09-10 17:04:41.647564+00:00,,,,,0.266,1.2899999999999998,0.546,0.412,19.255000000000003,34.48,55.703,CONFIRMED
M01,57703,2026-09-10 17:04:41.769728+00:00,2026-09-10 17:04:41.800712+00:00,2026-09-10 17:04:41.751401+00:00,2026-09-10 17:04:41.754309+00:00,2026-09-10 17:04:41.751697+00:00,2026-09-10 17:04:41.753183+00:00,2026-09-10 17:04:41.753657+00:00,,,,,0.296,1.486,2.612,0.474,16.070999999999998,30.984,49.311,CONFIRMED
M01,57704,2026-09-10 17:04:41.890165+00:00,2026-09-10 17:04:41.915311+00:00,2026-09-10 17:04:41.863261+00:00,2026-09-10 17:04:41.863980+00:00,2026-09-10 17:04:41.863415+00:00,2026-09-10 17:04:41.864050+00:00,2026-09-10 17:04:41.864461+00:00,,,,,0.154,0.635,0.565,0.41100000000000003,25.704,25.146,52.05,CONFIRMED
M01,57705,2026-09-10 17:04:41.990869+00:00,2026-09-10 17:04:42.023006+00:00,2026-09-10 17:04:41.966619+00:00,2026-09-10 17:04:41.967569+00:00,2026-09-10 17:04:41.966834+00:00,2026-09-10 17:04:41.967619+00:00,2026-09-10 17:04:41.968021+00:00,,,,,0.215,0.785,0.735,0.402,22.848,32.137,56.387,CONFIRMED
M01,57706,2026-09-10 17:04:42.092796+00:00,2026-09-10 17:04:42.119759+00:00,2026-09-10 17:04:42.070433+00:00,2026-09-10 17:04:42.073112+00:00,2026-09-10 17:04:42.070592+00:00,2026-09-10 17:04:42.071377+00:00,2026-09-10 17:04:42.071791+00:00,,,,,0.159,0.785,2.52,0.414,21.005,26.963,49.326,CONFIRMED
M01,57707,2026-09-10 17:04:42.192444+00:00,2026-09-10 17:04:42.218066+00:00,2026-09-10 17:04:42.174955+00:00,2026-09-10 17:04:42.175744+00:00,2026-09-10 17:04:42.175169+00:00,2026-09-10 17:04:42.175825+00:00,2026-09-10 17:04:42.176080+00:00,,,,,0.214,0.656,0.575,0.255,16.364,25.622,43.111,CONFIRMED
M01,57708,2026-09-10 17:04:42.302908+00:00,2026-09-10 17:04:42.328883+00:00,2026-09-10 17:04:42.279327+00:00,2026-09-10 17:04:42.280384+00:00,2026-09-10 17:04:42.279496+00:00,2026-09-10 17:04:42.283497+00:00,2026-09-10 17:04:42.283903+00:00,,,,,0.16899999999999998,4.001,0.888,0.406,19.005000000000003,25.975,49.556000000000004,CONFIRMED
M01,57709,2026-09-10 17:04:42.411069+00:00,2026-09-10 17:04:42.440553+00:00,2026-09-10 17:04:42.385860+00:00,2026-09-10 17:04:42.387330+00:00,2026-09-10 17:04:42.386136+00:00,2026-09-10 17:04:42.387211+00:00,2026-09-10 17:04:42.387650+00:00,,,,,0.27599999999999997,1.075,1.194,0.439,23.419,29.483999999999998,54.693,CONFIRMED
M01,57710,2026-09-10 17:04:42.514723+00:00,2026-09-10 17:04:42.547414+00:00,2026-09-10 17:04:42.489741+00:00,2026-09-10 17:04:42.490741+00:00,2026-09-10 17:04:42.489942+00:00,2026-09-10 17:04:42.490655+00:00,2026-09-10 17:04:42.491000+00:00,,,,,0.201,0.713,0.799,0.345,23.723000000000003,32.690999999999995,57.673,CONFIRMED
M01,57711,2026-09-10 17:04:42.612833+00:00,2026-09-10 17:04:42.641084+00:00,2026-09-10 17:04:42.592821+00:00,2026-09-10 17:04:42.594203+00:00,2026-09-10 17:04:42.593027+00:00,2026-09-10 17:04:42.593745+00:00,2026-09-10 17:04:42.594173+00:00,,,,,0.206,0.718,1.176,0.428,18.66,28.250999999999998,48.263,CONFIRMED
M01,57712,2026-09-10 17:04:42.723814+00:00,2026-09-10 17:04:42.749897+00:00,2026-09-10 17:04:42.696525+00:00,2026-09-10 17:04:42.697448+00:00,2026-09-10 17:04:42.696721+00:00,2026-09-10 17:04:42.697694+00:00,2026-09-10 17:04:42.698152+00:00,,,,,0.196,0.973,0.727,0.458,25.662,26.083,53.372,CONFIRMED
M01,57713,2026-09-10 17:04:42.819899+00:00,2026-09-10 17:04:42.850932+00:00,2026-09-10 17:04:42.800712+00:00,2026-09-10 17:04:42.802609+00:00,2026-09-10 17:04:42.801093+00:00,2026-09-10 17:04:42.803564+00:00,2026-09-10 17:04:42.804373+00:00,,,,,0.381,2.471,1.516,0.809,15.526,31.033,50.22,CONFIRMED
M01,57714,2026-09-10 17:04:42.935850+00:00,2026-09-10 17:04:42.965698+00:00,2026-09-10 17:04:42.905566+00:00,2026-09-10 17:04:42.906647+00:00,2026-09-10 17:04:42.905769+00:00,2026-09-10 17:04:42.906609+00:00,2026-09-10 17:04:42.907229+00:00,,,,,0.203,0.8400000000000001,0.878,0.62,28.621000000000002,29.848,60.132,CONFIRMED
M01,57715,2026-09-10 17:04:43.034455+00:00,2026-09-10 17:04:43.061666+00:00,2026-09-10 17:04:43.010153+00:00,2026-09-10 17:04:43.011198+00:00,2026-09-10 17:04:43.010319+00:00,2026-09-10 17:04:43.011388+00:00,2026-09-10 17:04:43.011841+00:00,,,,,0.166,1.0690000000000002,0.879,0.453,22.613999999999997,27.211,51.513000000000005,CONFIRMED
M01,57716,2026-09-10 17:04:43.137343+00:00,2026-09-10 17:04:43.164742+00:00,2026-09-10 17:04:43.113238+00:00,2026-09-10 17:04:43.114235+00:00,2026-09-10 17:04:43.113437+00:00,2026-09-10 17:04:43.114378+00:00,2026-09-10 17:04:43.114963+00:00,,,,,0.199,0.941,0.798,0.585,22.38,27.399,51.504,CONFIRMED
M01,57717,2026-09-10 17:04:43.238362+00:00,2026-09-10 17:04:43.264978+00:00,2026-09-10 17:04:43.216341+00:00,2026-09-10 17:04:43.217671+00:00,2026-09-10 17:04:43.216517+00:00,2026-09-10 17:04:43.217791+00:00,2026-09-10 17:04:43.218524+00:00,,,,,0.176,1.274,1.1540000000000001,0.733,19.838,26.616,48.637,CONFIRMED
M01,57718,2026-09-10 17:04:43.340117+00:00,2026-09-10 17:04:43.368254+00:00,2026-09-10 17:04:43.321778+00:00,2026-09-10 17:04:43.323153+00:00,2026-09-10 17:04:43.321975+00:00,2026-09-10 17:04:43.322723+00:00,2026-09-10 17:04:43.323176+00:00,,,,,0.19699999999999998,0.748,1.178,0.453,16.941000000000003,28.137,46.476000000000006,CONFIRMED
M01,57719,2026-09-10 17:04:43.453489+00:00,2026-09-10 17:04:43.486444+00:00,2026-09-10 17:04:43.425067+00:00,2026-09-10 17:04:43.425875+00:00,2026-09-10 17:04:43.425233+00:00,2026-09-10 17:04:43.426171+00:00,2026-09-10 17:04:43.427168+00:00,,,,,0.166,0.9380000000000001,0.642,0.9970000000000001,26.321,32.955,61.377,CONFIRMED
M01,57720,2026-09-10 17:04:43.551394+00:00,2026-09-10 17:04:43.578900+00:00,2026-09-10 17:04:43.528331+00:00,2026-09-10 17:04:43.529053+00:00,2026-09-10 17:04:43.528490+00:00,2026-09-10 17:04:43.529249+00:00,2026-09-10 17:04:43.529679+00:00,,,,,0.159,0.759,0.5630000000000001,0.43,21.715000000000003,27.506,50.569,CONFIRMED
M01,57721,2026-09-10 17:04:43.658523+00:00,2026-09-10 17:04:43.684995+00:00,2026-09-10 17:04:43.636814+00:00,2026-09-10 17:04:43.638122+00:00,2026-09-10 17:04:43.637243+00:00,2026-09-10 17:04:43.638166+00:00,2026-09-10 17:04:43.638700+00:00,,,,,0.429,0.923,0.879,0.5339999999999999,19.823,26.471999999999998,48.181000000000004,CONFIRMED
M01,57722,2026-09-10 17:04:43.776286+00:00,2026-09-10 17:04:43.802434+00:00,2026-09-10 17:04:43.742487+00:00,2026-09-10 17:04:43.746264+00:00,2026-09-10 17:04:43.743363+00:00,2026-09-10 17:04:43.745348+00:00,2026-09-10 17:04:43.746701+00:00,,,,,0.876,1.9849999999999999,2.901,1.353,29.585,26.148,59.947,CONFIRMED
M01,57723,2026-09-10 17:04:43.876490+00:00,2026-09-10 17:04:43.905527+00:00,2026-09-10 17:04:43.852783+00:00,2026-09-10 17:04:43.855631+00:00,2026-09-10 17:04:43.853025+00:00,2026-09-10 17:04:43.855343+00:00,2026-09-10 17:04:43.855739+00:00,,,,,0.242,2.318,2.606,0.39599999999999996,20.750999999999998,29.037,52.744,CONFIRMED
M01,57724,2026-09-10 17:04:43.983602+00:00,2026-09-10 17:04:44.011868+00:00,2026-09-10 17:04:43.959945+00:00,2026-09-10 17:04:43.960719+00:00,2026-09-10 17:04:43.960096+00:00,2026-09-10 17:04:43.960750+00:00,2026-09-10 17:04:43.961085+00:00,,,,,0.15100000000000002,0.6539999999999999,0.623,0.335,22.517,28.266,51.922999999999995,CONFIRMED
M01,57725,2026-09-10 17:04:44.085315+00:00,2026-09-10 17:04:44.111585+00:00,2026-09-10 17:04:44.063350+00:00,2026-09-10 17:04:44.067193+00:00,2026-09-10 17:04:44.063485+00:00,2026-09-10 17:04:44.064196+00:00,2026-09-10 17:04:44.064731+00:00,,,,,0.135,0.7110000000000001,3.7079999999999997,0.535,20.584000000000003,26.270000000000003,48.235,CONFIRMED
M01,57726,2026-09-10 17:04:44.193175+00:00,2026-09-10 17:04:44.218757+00:00,2026-09-10 17:04:44.169559+00:00,2026-09-10 17:04:44.170736+00:00,2026-09-10 17:04:44.169832+00:00,2026-09-10 17:04:44.170448+00:00,2026-09-10 17:04:44.171668+00:00,,,,,0.273,0.616,0.9039999999999999,1.22,21.506999999999998,25.582,49.198,CONFIRMED
M01,57727,2026-09-10 17:04:44.296230+00:00,2026-09-10 17:04:44.324325+00:00,2026-09-10 17:04:44.274036+00:00,2026-09-10 17:04:44.275177+00:00,2026-09-10 17:04:44.274189+00:00,2026-09-10 17:04:44.275122+00:00,2026-09-10 17:04:44.275505+00:00,,,,,0.153,0.933,0.988,0.383,20.725,28.095,50.289,CONFIRMED
M01,57728,2026-09-10 17:04:44.402008+00:00,2026-09-10 17:04:44.434442+00:00,2026-09-10 17:04:44.377039+00:00,2026-09-10 17:04:44.381275+00:00,2026-09-10 17:04:44.377167+00:00,2026-09-10 17:04:44.377944+00:00,2026-09-10 17:04:44.378318+00:00,,,,,0.128,0.777,4.108,0.374,23.689999999999998,32.434,57.403000000000006,CONFIRMED
M01,57729,2026-09-10 17:04:44.511884+00:00,2026-09-10 17:04:44.538138+00:00,2026-09-10 17:04:44.484282+00:00,2026-09-10 17:04:44.485371+00:00,2026-09-10 17:04:44.484513+00:00,2026-09-10 17:04:44.485251+00:00,2026-09-10 17:04:44.485795+00:00,,,,,0.231,0.7380000000000001,0.858,0.544,26.089000000000002,26.253999999999998,53.856,CONFIRMED
M01,57730,2026-09-10 17:04:44.614483+00:00,2026-09-10 17:04:44.645266+00:00,2026-09-10 17:04:44.588358+00:00,2026-09-10 17:04:44.589038+00:00,2026-09-10 17:04:44.588524+00:00,2026-09-10 17:04:44.589233+00:00,2026-09-10 17:04:44.589652+00:00,,,,,0.166,0.709,0.514,0.419,24.831,30.783,56.908,CONFIRMED
M01,57731,2026-09-10 17:04:44.718144+00:00,2026-09-10 17:04:44.753366+00:00,2026-09-10 17:04:44.691858+00:00,2026-09-10 17:04:44.699433+00:00,2026-09-10 17:04:44.692219+00:00,2026-09-10 17:04:44.694678+00:00,2026-09-10 17:04:44.695326+00:00,,,,,0.361,2.4589999999999996,7.2139999999999995,0.648,22.818,35.222,61.508,CONFIRMED
M01,57732,2026-09-10 17:04:44.827297+00:00,2026-09-10 17:04:44.853413+00:00,2026-09-10 17:04:44.805509+00:00,2026-09-10 17:04:44.806701+00:00,2026-09-10 17:04:44.805696+00:00,2026-09-10 17:04:44.806349+00:00,2026-09-10 17:04:44.806757+00:00,,,,,0.187,0.653,1.0050000000000001,0.408,20.54,26.116,47.904,CONFIRMED
M01,57733,2026-09-10 17:04:44.932301+00:00,2026-09-10 17:04:44.961878+00:00,2026-09-10 17:04:44.909436+00:00,2026-09-10 17:04:44.910870+00:00,2026-09-10 17:04:44.909637+00:00,2026-09-10 17:04:44.912551+00:00,2026-09-10 17:04:44.912959+00:00,,,,,0.201,2.9139999999999997,1.2329999999999999,0.408,19.342000000000002,29.576999999999998,52.442,CONFIRMED
M01,57734,2026-09-10 17:04:45.031320+00:00,2026-09-10 17:04:45.058509+00:00,2026-09-10 17:04:45.013358+00:00,2026-09-10 17:04:45.015048+00:00,2026-09-10 17:04:45.013521+00:00,2026-09-10 17:04:45.014568+00:00,2026-09-10 17:04:45.015255+00:00,,,,,0.163,1.047,1.527,0.687,16.064999999999998,27.189,45.150999999999996,CONFIRMED
M01,57735,2026-09-10 17:04:45.143026+00:00,2026-09-10 17:04:45.172581+00:00,2026-09-10 17:04:45.118538+00:00,2026-09-10 17:04:45.120551+00:00,2026-09-10 17:04:45.118991+00:00,2026-09-10 17:04:45.120637+00:00,2026-09-10 17:04:45.121412+00:00,,,,,0.453,1.646,1.56,0.775,21.614,29.555,54.043,CONFIRMED
M01,57736,2026-09-10 17:04:45.248486+00:00,2026-09-10 17:04:45.277502+00:00,2026-09-10 17:04:45.224674+00:00,2026-09-10 17:04:45.226055+00:00,2026-09-10 17:04:45.225058+00:00,2026-09-10 17:04:45.226064+00:00,2026-09-10 17:04:45.226694+00:00,,,,,0.384,1.006,0.9970000000000001,0.63,21.791999999999998,29.016000000000002,52.828,CONFIRMED
M01,57737,2026-09-10 17:04:45.357852+00:00,2026-09-10 17:04:45.384735+00:00,2026-09-10 17:04:45.331932+00:00,2026-09-10 17:04:45.335178+00:00,2026-09-10 17:04:45.332297+00:00,2026-09-10 17:04:45.337034+00:00,2026-09-10 17:04:45.339335+00:00,,,,,0.365,4.737,2.881,2.301,18.517,26.883,52.803000000000004,CONFIRMED
M01,57738,2026-09-10 17:04:45.480612+00:00,2026-09-10 17:04:45.508109+00:00,2026-09-10 17:04:45.440762+00:00,2026-09-10 17:04:45.450911+00:00,2026-09-10 17:04:45.441399+00:00,2026-09-10 17:04:45.451039+00:00,2026-09-10 17:04:45.451359+00:00,,,,,0.637,9.639999999999999,9.512,0.32,29.253,27.497,67.34700000000001,CONFIRMED
M01,57739,2026-09-10 17:04:45.578023+00:00,2026-09-10 17:04:45.604671+00:00,2026-09-10 17:04:45.554185+00:00,2026-09-10 17:04:45.555327+00:00,2026-09-10 17:04:45.554369+00:00,2026-09-10 17:04:45.555282+00:00,2026-09-10 17:04:45.555749+00:00,,,,,0.184,0.9129999999999999,0.958,0.467,22.273999999999997,26.648000000000003,50.486000000000004,CONFIRMED
M01,57740,2026-09-10 17:04:45.681187+00:00,2026-09-10 17:04:45.706680+00:00,2026-09-10 17:04:45.657622+00:00,2026-09-10 17:04:45.659137+00:00,2026-09-10 17:04:45.657874+00:00,2026-09-10 17:04:45.659053+00:00,2026-09-10 17:04:45.659565+00:00,,,,,0.252,1.1789999999999998,1.2630000000000001,0.512,21.622,25.493,49.058,CONFIRMED
M01,57741,2026-09-10 17:04:45.802393+00:00,2026-09-10 17:04:45.830114+00:00,2026-09-10 17:04:45.768606+00:00,2026-09-10 17:04:45.797988+00:00,2026-09-10 17:04:45.768900+00:00,2026-09-10 17:04:45.770303+00:00,2026-09-10 17:04:45.770793+00:00,,,,,0.294,1.403,29.088,0.49,31.6,27.721,61.508,CONFIRMED
M01,57742,2026-09-10 17:04:45.929138+00:00,2026-09-10 17:04:45.954053+00:00,2026-09-10 17:04:45.900814+00:00,2026-09-10 17:04:45.904653+00:00,2026-09-10 17:04:45.901201+00:00,2026-09-10 17:04:45.904138+00:00,2026-09-10 17:04:45.905195+00:00,,,,,0.38699999999999996,2.937,3.4520000000000004,1.057,23.942999999999998,24.915,53.239000000000004,CONFIRMED
M01,57743,2026-09-10 17:04:46.036854+00:00,2026-09-10 17:04:46.063767+00:00,2026-09-10 17:04:46.010201+00:00,2026-09-10 17:04:46.012021+00:00,2026-09-10 17:04:46.010497+00:00,2026-09-10 17:04:46.012261+00:00,2026-09-10 17:04:46.012835+00:00,,,,,0.296,1.764,1.524,0.574,24.019,26.913,53.566,CONFIRMED
M01,57744,2026-09-10 17:04:46.136155+00:00,2026-09-10 17:04:46.161781+00:00,2026-09-10 17:04:46.115435+00:00,2026-09-10 17:04:46.116602+00:00,2026-09-10 17:04:46.115618+00:00,2026-09-10 17:04:46.116486+00:00,2026-09-10 17:04:46.117225+00:00,,,,,0.183,0.868,0.9840000000000001,0.739,18.93,25.626,46.346,CONFIRMED
M01,57745,2026-09-10 17:04:46.248577+00:00,2026-09-10 17:04:46.274426+00:00,2026-09-10 17:04:46.225435+00:00,2026-09-10 17:04:46.227118+00:00,2026-09-10 17:04:46.225850+00:00,2026-09-10 17:04:46.227455+00:00,2026-09-10 17:04:46.228703+00:00,,,,,0.415,1.605,1.268,1.248,19.874,25.849,48.991,CONFIRMED
M01,57746,2026-09-10 17:04:46.354299+00:00,2026-09-10 17:04:46.381295+00:00,2026-09-10 17:04:46.331389+00:00,2026-09-10 17:04:46.332740+00:00,2026-09-10 17:04:46.331711+00:00,2026-09-10 17:04:46.332695+00:00,2026-09-10 17:04:46.333303+00:00,,,,,0.322,0.9840000000000001,1.029,0.608,20.996000000000002,26.996,49.906,CONFIRMED
M01,57747,2026-09-10 17:04:46.458580+00:00,2026-09-10 17:04:46.493184+00:00,2026-09-10 17:04:46.435615+00:00,2026-09-10 17:04:46.437037+00:00,2026-09-10 17:04:46.435918+00:00,2026-09-10 17:04:46.437068+00:00,2026-09-10 17:04:46.437804+00:00,,,,,0.303,1.15,1.119,0.736,20.776,34.604000000000006,57.569,CONFIRMED
M01,57748,2026-09-10 17:04:46.558386+00:00,2026-09-10 17:04:46.584590+00:00,2026-09-10 17:04:46.539832+00:00,2026-09-10 17:04:46.541131+00:00,2026-09-10 17:04:46.540132+00:00,2026-09-10 17:04:46.541179+00:00,2026-09-10 17:04:46.541584+00:00,,,,,0.3,1.047,0.9990000000000001,0.40499999999999997,16.802,26.204,44.758,CONFIRMED
M01,57749,2026-09-10 17:04:46.673564+00:00,2026-09-10 17:04:46.708838+00:00,2026-09-10 17:04:46.643442+00:00,2026-09-10 17:04:46.645131+00:00,2026-09-10 17:04:46.643872+00:00,2026-09-10 17:04:46.650087+00:00,2026-09-10 17:04:46.650504+00:00,,,,,0.43,6.215,1.259,0.417,23.060000000000002,35.274,65.396,CONFIRMED
M01,57750,2026-09-10 17:04:46.777775+00:00,2026-09-10 17:04:46.809891+00:00,2026-09-10 17:04:46.754689+00:00,2026-09-10 17:04:46.755912+00:00,2026-09-10 17:04:46.754947+00:00,2026-09-10 17:04:46.755633+00:00,2026-09-10 17:04:46.756022+00:00,,,,,0.258,0.6859999999999999,0.9650000000000001,0.389,21.753,32.116,55.202,CONFIRMED
M01,57751,2026-09-10 17:04:46.884791+00:00,2026-09-10 17:04:46.913815+00:00,2026-09-10 17:04:46.858465+00:00,2026-09-10 17:04:46.860180+00:00,2026-09-10 17:04:46.858711+00:00,2026-09-10 17:04:46.859972+00:00,2026-09-10 17:04:46.860288+00:00,,,,,0.24600000000000002,1.261,1.469,0.316,24.503,29.024,55.35,CONFIRMED
M01,57752,2026-09-10 17:04:46.999473+00:00,2026-09-10 17:04:47.064649+00:00,2026-09-10 17:04:46.964464+00:00,2026-09-10 17:04:46.965942+00:00,2026-09-10 17:04:46.964792+00:00,2026-09-10 17:04:46.965946+00:00,2026-09-10 17:04:46.966590+00:00,,,,,0.328,1.1540000000000001,1.15,0.644,32.883,65.176,100.185,CONFIRMED
M01,57753,2026-09-10 17:04:47.091642+00:00,2026-09-10 17:04:47.117657+00:00,2026-09-10 17:04:47.069359+00:00,2026-09-10 17:04:47.070061+00:00,2026-09-10 17:04:47.069481+00:00,2026-09-10 17:04:47.069969+00:00,2026-09-10 17:04:47.070373+00:00,,,,,0.122,0.488,0.58,0.404,21.269,26.015,48.298,CONFIRMED
M01,57754,2026-09-10 17:04:47.198326+00:00,2026-09-10 17:04:47.224738+00:00,2026-09-10 17:04:47.174483+00:00,2026-09-10 17:04:47.176576+00:00,2026-09-10 17:04:47.174893+00:00,2026-09-10 17:04:47.176384+00:00,2026-09-10 17:04:47.177215+00:00,,,,,0.41,1.4909999999999999,1.683,0.8310000000000001,21.111,26.412000000000003,50.255,CONFIRMED
M01,57755,2026-09-10 17:04:47.308820+00:00,2026-09-10 17:04:47.335682+00:00,2026-09-10 17:04:47.281061+00:00,2026-09-10 17:04:47.287630+00:00,2026-09-10 17:04:47.281476+00:00,2026-09-10 17:04:47.283525+00:00,2026-09-10 17:04:47.284413+00:00,,,,,0.415,2.049,6.154,0.888,24.407,26.862000000000002,54.621,CONFIRMED
M01,57756,2026-09-10 17:04:47.410059+00:00,2026-09-10 17:04:47.435397+00:00,2026-09-10 17:04:47.390230+00:00,2026-09-10 17:04:47.391804+00:00,2026-09-10 17:04:47.390392+00:00,2026-09-10 17:04:47.391716+00:00,2026-09-10 17:04:47.392128+00:00,,,,,0.162,1.324,1.4120000000000001,0.412,17.930999999999997,25.338,45.167,CONFIRMED
M01,57757,2026-09-10 17:04:47.522136+00:00,2026-09-10 17:04:47.548299+00:00,2026-09-10 17:04:47.496338+00:00,2026-09-10 17:04:47.501492+00:00,2026-09-10 17:04:47.496567+00:00,2026-09-10 17:04:47.501162+00:00,2026-09-10 17:04:47.501554+00:00,,,,,0.229,4.595,4.925,0.392,20.582,26.163,51.961,CONFIRMED
M01,57758,2026-09-10 17:04:47.624890+00:00,2026-09-10 17:04:47.648676+00:00,2026-09-10 17:04:47.604629+00:00,2026-09-10 17:04:47.606412+00:00,2026-09-10 17:04:47.604967+00:00,2026-09-10 17:04:47.606530+00:00,2026-09-10 17:04:47.606943+00:00,,,,,0.33799999999999997,1.563,1.445,0.41300000000000003,17.947000000000003,23.786,44.047000000000004,CONFIRMED
M01,57759,2026-09-10 17:04:47.730143+00:00,2026-09-10 17:04:47.760118+00:00,2026-09-10 17:04:47.709269+00:00,2026-09-10 17:04:47.710464+00:00,2026-09-10 17:04:47.709481+00:00,2026-09-10 17:04:47.710520+00:00,2026-09-10 17:04:47.711244+00:00,,,,,0.212,1.039,0.983,0.7240000000000001,18.899,29.975,50.849,CONFIRMED
M01,57760,2026-09-10 17:04:47.834402+00:00,2026-09-10 17:04:47.861342+00:00,2026-09-10 17:04:47.813578+00:00,2026-09-10 17:04:47.814481+00:00,2026-09-10 17:04:47.813764+00:00,2026-09-10 17:04:47.814697+00:00,2026-09-10 17:04:47.815201+00:00,,,,,0.186,0.933,0.717,0.504,19.201,26.939999999999998,47.764,CONFIRMED
M01,57761,2026-09-10 17:04:47.943619+00:00,2026-09-10 17:04:47.968126+00:00,2026-09-10 17:04:47.917761+00:00,2026-09-10 17:04:47.924454+00:00,2026-09-10 17:04:47.918128+00:00,2026-09-10 17:04:47.920655+00:00,2026-09-10 17:04:47.921112+00:00,,,,,0.367,2.527,6.326,0.457,22.506999999999998,24.507,50.365,CONFIRMED
M01,57762,2026-09-10 17:04:48.058231+00:00,2026-09-10 17:04:48.083428+00:00,2026-09-10 17:04:48.026566+00:00,2026-09-10 17:04:48.036635+00:00,2026-09-10 17:04:48.026854+00:00,2026-09-10 17:04:48.036310+00:00,2026-09-10 17:04:48.036623+00:00,,,,,0.28800000000000003,9.456000000000001,9.781,0.313,21.607999999999997,25.197,56.862,CONFIRMED
M01,57763,2026-09-10 17:04:48.173076+00:00,2026-09-10 17:04:48.197405+00:00,2026-09-10 17:04:48.138567+00:00,2026-09-10 17:04:48.147966+00:00,2026-09-10 17:04:48.138828+00:00,2026-09-10 17:04:48.150293+00:00,2026-09-10 17:04:48.151412+00:00,,,,,0.261,11.465,9.138,1.119,21.663999999999998,24.329,58.838,CONFIRMED
M01,57764,2026-09-10 17:04:48.272890+00:00,2026-09-10 17:04:48.300400+00:00,2026-09-10 17:04:48.252863+00:00,2026-09-10 17:04:48.254452+00:00,2026-09-10 17:04:48.253155+00:00,2026-09-10 17:04:48.254502+00:00,2026-09-10 17:04:48.255198+00:00,,,,,0.292,1.3470000000000002,1.297,0.696,17.692,27.509999999999998,47.537000000000006,CONFIRMED
M01,57765,2026-09-10 17:04:48.393538+00:00,2026-09-10 17:04:48.418299+00:00,2026-09-10 17:04:48.358533+00:00,2026-09-10 17:04:48.366715+00:00,2026-09-10 17:04:48.358969+00:00,2026-09-10 17:04:48.366290+00:00,2026-09-10 17:04:48.366639+00:00,,,,,0.43600000000000005,7.321000000000001,7.746,0.34900000000000003,26.899,24.761,59.766,CONFIRMED
M01,57766,2026-09-10 17:04:48.503604+00:00,2026-09-10 17:04:48.532797+00:00,2026-09-10 17:04:48.472396+00:00,2026-09-10 17:04:48.473505+00:00,2026-09-10 17:04:48.472584+00:00,2026-09-10 17:04:48.479242+00:00,2026-09-10 17:04:48.479741+00:00,,,,,0.188,6.6579999999999995,0.921,0.499,23.863,29.193,60.401,CONFIRMED
M01,57767,2026-09-10 17:04:48.604581+00:00,2026-09-10 17:04:48.631594+00:00,2026-09-10 17:04:48.583103+00:00,2026-09-10 17:04:48.583943+00:00,2026-09-10 17:04:48.583245+00:00,2026-09-10 17:04:48.584050+00:00,2026-09-10 17:04:48.584470+00:00,,,,,0.14200000000000002,0.805,0.6980000000000001,0.42000000000000004,20.111,27.012999999999998,48.491,CONFIRMED
M01,57768,2026-09-10 17:04:48.714592+00:00,2026-09-10 17:04:48.741672+00:00,2026-09-10 17:04:48.686318+00:00,2026-09-10 17:04:48.688435+00:00,2026-09-10 17:04:48.686700+00:00,2026-09-10 17:04:48.689091+00:00,2026-09-10 17:04:48.689854+00:00,,,,,0.382,2.391,1.735,0.763,24.738,27.08,55.354,CONFIRMED
M01,57769,2026-09-10 17:04:48.817343+00:00,2026-09-10 17:04:48.848406+00:00,2026-09-10 17:04:48.791136+00:00,2026-09-10 17:04:48.791877+00:00,2026-09-10 17:04:48.791265+00:00,2026-09-10 17:04:48.791931+00:00,2026-09-10 17:04:48.792320+00:00,,,,,0.129,0.666,0.612,0.389,25.023,31.063,57.27,CONFIRMED
M01,57770,2026-09-10 17:04:48.921848+00:00,2026-09-10 17:04:48.958031+00:00,2026-09-10 17:04:48.896359+00:00,2026-09-10 17:04:48.897923+00:00,2026-09-10 17:04:48.896553+00:00,2026-09-10 17:04:48.897303+00:00,2026-09-10 17:04:48.897706+00:00,,,,,0.194,0.75,1.3699999999999999,0.40299999999999997,24.142,36.183,61.672,CONFIRMED
M01,57771,2026-09-10 17:04:49.034741+00:00,2026-09-10 17:04:49.063075+00:00,2026-09-10 17:04:49.003956+00:00,2026-09-10 17:04:49.006213+00:00,2026-09-10 17:04:49.004258+00:00,2026-09-10 17:04:49.005085+00:00,2026-09-10 17:04:49.005464+00:00,,,,,0.30200000000000005,0.8270000000000001,1.955,0.379,29.277,28.334000000000003,59.119,CONFIRMED
M01,57772,2026-09-10 17:04:49.136706+00:00,2026-09-10 17:04:49.161741+00:00,2026-09-10 17:04:49.110480+00:00,2026-09-10 17:04:49.111867+00:00,2026-09-10 17:04:49.110768+00:00,2026-09-10 17:04:49.111940+00:00,2026-09-10 17:04:49.112633+00:00,,,,,0.28800000000000003,1.1720000000000002,1.099,0.6930000000000001,24.073,25.035,51.261,CONFIRMED
M01,57773,2026-09-10 17:04:49.238153+00:00,2026-09-10 17:04:49.262867+00:00,2026-09-10 17:04:49.214796+00:00,2026-09-10 17:04:49.216283+00:00,2026-09-10 17:04:49.215109+00:00,2026-09-10 17:04:49.216118+00:00,2026-09-10 17:04:49.216850+00:00,,,,,0.313,1.009,1.174,0.732,21.302999999999997,24.714,48.071000000000005,CONFIRMED
M01,57774,2026-09-10 17:04:49.346434+00:00,2026-09-10 17:04:49.374379+00:00,2026-09-10 17:04:49.320787+00:00,2026-09-10 17:04:49.323202+00:00,2026-09-10 17:04:49.321083+00:00,2026-09-10 17:04:49.325608+00:00,2026-09-10 17:04:49.326079+00:00,,,,,0.296,4.525,2.1189999999999998,0.47100000000000003,20.355,27.945,53.592,CONFIRMED
M01,57775,2026-09-10 17:04:49.477691+00:00,2026-09-10 17:04:49.508766+00:00,2026-09-10 17:04:49.434566+00:00,2026-09-10 17:04:49.435371+00:00,2026-09-10 17:04:49.434751+00:00,2026-09-10 17:04:49.436054+00:00,2026-09-10 17:04:49.436417+00:00,,,,,0.185,1.303,0.62,0.363,41.274,31.075,74.2,CONFIRMED
M01,57776,2026-09-10 17:04:49.569713+00:00,2026-09-10 17:04:49.594941+00:00,2026-09-10 17:04:49.552850+00:00,2026-09-10 17:04:49.554029+00:00,2026-09-10 17:04:49.553010+00:00,2026-09-10 17:04:49.553989+00:00,2026-09-10 17:04:49.554360+00:00,,,,,0.16,0.9790000000000001,1.019,0.371,15.353,25.228,42.091,CONFIRMED
M01,57777,2026-09-10 17:04:49.681365+00:00,2026-09-10 17:04:49.707630+00:00,2026-09-10 17:04:49.657332+00:00,2026-09-10 17:04:49.659281+00:00,2026-09-10 17:04:49.657528+00:00,2026-09-10 17:04:49.659153+00:00,2026-09-10 17:04:49.659871+00:00,,,,,0.196,1.625,1.753,0.718,21.494,26.265,50.298,CONFIRMED
M01,57778,2026-09-10 17:04:49.783192+00:00,2026-09-10 17:04:49.816031+00:00,2026-09-10 17:04:49.762576+00:00,2026-09-10 17:04:49.766889+00:00,2026-09-10 17:04:49.762830+00:00,2026-09-10 17:04:49.764175+00:00,2026-09-10 17:04:49.764837+00:00,,,,,0.254,1.345,4.059,0.662,18.355,32.839,53.455000000000005,CONFIRMED
M01,57779,2026-09-10 17:04:49.894946+00:00,2026-09-10 17:04:49.920922+00:00,2026-09-10 17:04:49.871317+00:00,2026-09-10 17:04:49.872495+00:00,2026-09-10 17:04:49.871552+00:00,2026-09-10 17:04:49.872717+00:00,2026-09-10 17:04:49.873456+00:00,,,,,0.235,1.165,0.9430000000000001,0.739,21.49,25.976,49.605000000000004,CONFIRMED
M01,57780,2026-09-10 17:04:50.004616+00:00,2026-09-10 17:04:50.030327+00:00,2026-09-10 17:04:49.978438+00:00,2026-09-10 17:04:49.979926+00:00,2026-09-10 17:04:49.978712+00:00,2026-09-10 17:04:49.979806+00:00,2026-09-10 17:04:49.980326+00:00,,,,,0.27399999999999997,1.0939999999999999,1.214,0.5199999999999999,24.29,25.711000000000002,51.888999999999996,CONFIRMED
M01,57781,2026-09-10 17:04:50.114578+00:00,2026-09-10 17:04:50.141533+00:00,2026-09-10 17:04:50.084168+00:00,2026-09-10 17:04:50.085727+00:00,2026-09-10 17:04:50.084536+00:00,2026-09-10 17:04:50.085720+00:00,2026-09-10 17:04:50.086566+00:00,,,,,0.368,1.184,1.191,0.846,28.012,26.955,57.365,CONFIRMED
M01,57782,2026-09-10 17:04:50.211637+00:00,2026-09-10 17:04:50.238656+00:00,2026-09-10 17:04:50.189455+00:00,2026-09-10 17:04:50.193278+00:00,2026-09-10 17:04:50.189750+00:00,2026-09-10 17:04:50.192070+00:00,2026-09-10 17:04:50.192602+00:00,,,,,0.29500000000000004,2.32,3.528,0.532,19.035,27.019000000000002,49.201,CONFIRMED
M01,57783,2026-09-10 17:04:50.340969+00:00,2026-09-10 17:04:50.367432+00:00,2026-09-10 17:04:50.308468+00:00,2026-09-10 17:04:50.323127+00:00,2026-09-10 17:04:50.308807+00:00,2026-09-10 17:04:50.310213+00:00,2026-09-10 17:04:50.310915+00:00,,,,,0.339,1.406,14.32,0.7020000000000001,30.054000000000002,26.463,58.964000000000006,CONFIRMED
M01,57784,2026-09-10 17:04:50.450492+00:00,2026-09-10 17:04:50.475940+00:00,2026-09-10 17:04:50.429116+00:00,2026-09-10 17:04:50.430092+00:00,2026-09-10 17:04:50.429350+00:00,2026-09-10 17:04:50.430970+00:00,2026-09-10 17:04:50.431478+00:00,,,,,0.23399999999999999,1.6199999999999999,0.742,0.508,19.014,25.447999999999997,46.824,CONFIRMED
M01,57785,2026-09-10 17:04:50.561531+00:00,2026-09-10 17:04:50.587004+00:00,2026-09-10 17:04:50.534437+00:00,2026-09-10 17:04:50.535403+00:00,2026-09-10 17:04:50.534634+00:00,2026-09-10 17:04:50.535649+00:00,2026-09-10 17:04:50.536105+00:00,,,,,0.19699999999999998,1.0150000000000001,0.769,0.456,25.426000000000002,25.473,52.567,CONFIRMED
M01,57786,2026-09-10 17:04:50.671725+00:00,2026-09-10 17:04:50.703201+00:00,2026-09-10 17:04:50.649585+00:00,2026-09-10 17:04:50.651629+00:00,2026-09-10 17:04:50.650061+00:00,2026-09-10 17:04:50.651652+00:00,2026-09-10 17:04:50.652763+00:00,,,,,0.47600000000000003,1.591,1.568,1.111,18.962,31.475999999999996,53.616,CONFIRMED
M01,57787,2026-09-10 17:04:50.783702+00:00,2026-09-10 17:04:50.810905+00:00,2026-09-10 17:04:50.754769+00:00,2026-09-10 17:04:50.755911+00:00,2026-09-10 17:04:50.755000+00:00,2026-09-10 17:04:50.755875+00:00,2026-09-10 17:04:50.756180+00:00,,,,,0.231,0.875,0.911,0.305,27.522000000000002,27.203000000000003,56.135999999999996,CONFIRMED
M01,57788,2026-09-10 17:04:50.882658+00:00,2026-09-10 17:04:50.911673+00:00,2026-09-10 17:04:50.859501+00:00,2026-09-10 17:04:50.862315+00:00,2026-09-10 17:04:50.859730+00:00,2026-09-10 17:04:50.860909+00:00,2026-09-10 17:04:50.861364+00:00,,,,,0.229,1.1789999999999998,2.585,0.455,21.294,29.015,52.172000000000004,CONFIRMED
M01,57789,2026-09-10 17:04:50.982087+00:00,2026-09-10 17:04:51.008665+00:00,2026-09-10 17:04:50.964537+00:00,2026-09-10 17:04:50.965398+00:00,2026-09-10 17:04:50.964748+00:00,2026-09-10 17:04:50.965359+00:00,2026-09-10 17:04:50.965808+00:00,,,,,0.211,0.611,0.65,0.449,16.279,26.578,44.128,CONFIRMED
M01,57790,2026-09-10 17:04:51.088849+00:00,2026-09-10 17:04:51.120827+00:00,2026-09-10 17:04:51.068083+00:00,2026-09-10 17:04:51.069747+00:00,2026-09-10 17:04:51.068386+00:00,2026-09-10 17:04:51.069483+00:00,2026-09-10 17:04:51.070176+00:00,,,,,0.303,1.0970000000000002,1.361,0.6930000000000001,18.673,31.977999999999998,52.744,CONFIRMED
M01,57791,2026-09-10 17:04:51.201336+00:00,2026-09-10 17:04:51.234282+00:00,2026-09-10 17:04:51.172664+00:00,2026-09-10 17:04:51.178298+00:00,2026-09-10 17:04:51.172873+00:00,2026-09-10 17:04:51.174187+00:00,2026-09-10 17:04:51.174633+00:00,,,,,0.20900000000000002,1.314,5.425,0.446,26.703,32.946000000000005,61.618,CONFIRMED
M01,57792,2026-09-10 17:04:51.308792+00:00,2026-09-10 17:04:51.339653+00:00,2026-09-10 17:04:51.282660+00:00,2026-09-10 17:04:51.283724+00:00,2026-09-10 17:04:51.282863+00:00,2026-09-10 17:04:51.283720+00:00,2026-09-10 17:04:51.284180+00:00,,,,,0.203,0.857,0.861,0.46,24.612,30.861,56.993,CONFIRMED
M01,57793,2026-09-10 17:04:51.408401+00:00,2026-09-10 17:04:51.436437+00:00,2026-09-10 17:04:51.386366+00:00,2026-09-10 17:04:51.387193+00:00,2026-09-10 17:04:51.386529+00:00,2026-09-10 17:04:51.387112+00:00,2026-09-10 17:04:51.388917+00:00,,,,,0.163,0.583,0.664,1.805,19.484,28.035999999999998,50.071,CONFIRMED
M01,57794,2026-09-10 17:04:51.518164+00:00,2026-09-10 17:04:51.547338+00:00,2026-09-10 17:04:51.489499+00:00,2026-09-10 17:04:51.490692+00:00,2026-09-10 17:04:51.489772+00:00,2026-09-10 17:04:51.490673+00:00,2026-09-10 17:04:51.491316+00:00,,,,,0.273,0.901,0.92,0.643,26.848,29.174,57.839,CONFIRMED
M01,57795,2026-09-10 17:04:51.614688+00:00,2026-09-10 17:04:51.641823+00:00,2026-09-10 17:04:51.594073+00:00,2026-09-10 17:04:51.595350+00:00,2026-09-10 17:04:51.594361+00:00,2026-09-10 17:04:51.595401+00:00,2026-09-10 17:04:51.595874+00:00,,,,,0.28800000000000003,1.0399999999999998,0.9890000000000001,0.47300000000000003,18.814,27.134999999999998,47.75,CONFIRMED
M01,57796,2026-09-10 17:04:51.721611+00:00,2026-09-10 17:04:51.752318+00:00,2026-09-10 17:04:51.698123+00:00,2026-09-10 17:04:51.698943+00:00,2026-09-10 17:04:51.698309+00:00,2026-09-10 17:04:51.699292+00:00,2026-09-10 17:04:51.699748+00:00,,,,,0.186,0.983,0.634,0.456,21.863,30.707,54.195,CONFIRMED
M01,57797,2026-09-10 17:04:51.825884+00:00,2026-09-10 17:04:51.849119+00:00,2026-09-10 17:04:51.801334+00:00,2026-09-10 17:04:51.802069+00:00,2026-09-10 17:04:51.801474+00:00,2026-09-10 17:04:51.802022+00:00,2026-09-10 17:04:51.802401+00:00,,,,,0.13999999999999999,0.5479999999999999,0.5950000000000001,0.379,23.483,23.235,47.785000000000004,CONFIRMED
M01,57798,2026-09-10 17:04:51.923564+00:00,2026-09-10 17:04:51.949424+00:00,2026-09-10 17:04:51.904860+00:00,2026-09-10 17:04:51.906727+00:00,2026-09-10 17:04:51.905171+00:00,2026-09-10 17:04:51.906158+00:00,2026-09-10 17:04:51.907011+00:00,,,,,0.311,0.987,1.556,0.853,16.552999999999997,25.86,44.564,CONFIRMED
M01,57799,2026-09-10 17:04:52.033826+00:00,2026-09-10 17:04:52.060101+00:00,2026-09-10 17:04:52.010504+00:00,2026-09-10 17:04:52.013545+00:00,2026-09-10 17:04:52.010924+00:00,2026-09-10 17:04:52.013583+00:00,2026-09-10 17:04:52.014328+00:00,,,,,0.42000000000000004,2.659,2.621,0.745,19.498,26.275,49.597,CONFIRMED
M01,57800,2026-09-10 17:04:52.142610+00:00,2026-09-10 17:04:52.168585+00:00,2026-09-10 17:04:52.119499+00:00,2026-09-10 17:04:52.121637+00:00,2026-09-10 17:04:52.119828+00:00,2026-09-10 17:04:52.121564+00:00,2026-09-10 17:04:52.123263+00:00,,,,,0.32899999999999996,1.736,1.8090000000000002,1.699,19.347,25.975,49.086,CONFIRMED
M01,57801,2026-09-10 17:04:52.253449+00:00,2026-09-10 17:04:52.279802+00:00,2026-09-10 17:04:52.225529+00:00,2026-09-10 17:04:52.227125+00:00,2026-09-10 17:04:52.225834+00:00,2026-09-10 17:04:52.227050+00:00,2026-09-10 17:04:52.227779+00:00,,,,,0.305,1.216,1.2910000000000001,0.7290000000000001,25.669999999999998,26.353,54.273,CONFIRMED
M01,57802,2026-09-10 17:04:52.374158+00:00,2026-09-10 17:04:52.403564+00:00,2026-09-10 17:04:52.338766+00:00,2026-09-10 17:04:52.348512+00:00,2026-09-10 17:04:52.338921+00:00,2026-09-10 17:04:52.342867+00:00,2026-09-10 17:04:52.343326+00:00,,,,,0.155,3.9459999999999997,9.591000000000001,0.45899999999999996,30.831999999999997,29.406000000000002,64.79799999999999,CONFIRMED
M01,57803,2026-09-10 17:04:52.472807+00:00,2026-09-10 17:04:52.498162+00:00,2026-09-10 17:04:52.451601+00:00,2026-09-10 17:04:52.453031+00:00,2026-09-10 17:04:52.451895+00:00,2026-09-10 17:04:52.453097+00:00,2026-09-10 17:04:52.453772+00:00,,,,,0.294,1.202,1.1360000000000001,0.675,19.035,25.355,46.561,CONFIRMED
M01,57804,2026-09-10 17:04:52.581844+00:00,2026-09-10 17:04:52.607315+00:00,2026-09-10 17:04:52.561538+00:00,2026-09-10 17:04:52.563823+00:00,2026-09-10 17:04:52.561728+00:00,2026-09-10 17:04:52.564162+00:00,2026-09-10 17:04:52.564552+00:00,,,,,0.19,2.434,2.095,0.39,17.291999999999998,25.471,45.777,CONFIRMED
M01,57805,2026-09-10 17:04:52.695433+00:00,2026-09-10 17:04:52.725213+00:00,2026-09-10 17:04:52.667010+00:00,2026-09-10 17:04:52.669960+00:00,2026-09-10 17:04:52.667877+00:00,2026-09-10 17:04:52.670097+00:00,2026-09-10 17:04:52.671176+00:00,,,,,0.867,2.22,2.083,1.0790000000000002,24.257,29.78,58.202999999999996,CONFIRMED
M01,57806,2026-09-10 17:04:52.802138+00:00,2026-09-10 17:04:52.826191+00:00,2026-09-10 17:04:52.776273+00:00,2026-09-10 17:04:52.777054+00:00,2026-09-10 17:04:52.776443+00:00,2026-09-10 17:04:52.777271+00:00,2026-09-10 17:04:52.778515+00:00,,,,,0.17,0.828,0.611,1.244,23.623,24.053,49.918,CONFIRMED
M01,57807,2026-09-10 17:04:52.905862+00:00,2026-09-10 17:04:52.931940+00:00,2026-09-10 17:04:52.880523+00:00,2026-09-10 17:04:52.881944+00:00,2026-09-10 17:04:52.880812+00:00,2026-09-10 17:04:52.881944+00:00,2026-09-10 17:04:52.882753+00:00,,,,,0.289,1.132,1.132,0.809,23.109,26.078,51.416999999999994,CONFIRMED
M01,57808,2026-09-10 17:04:53.024412+00:00,2026-09-10 17:04:53.052572+00:00,2026-09-10 17:04:52.987388+00:00,2026-09-10 17:04:52.996097+00:00,2026-09-10 17:04:52.987562+00:00,2026-09-10 17:04:52.994631+00:00,2026-09-10 17:04:52.995021+00:00,,,,,0.174,7.069,8.534999999999998,0.39,29.391000000000002,28.16,65.18400000000001,CONFIRMED
M01,57809,2026-09-10 17:04:53.117938+00:00,2026-09-10 17:04:53.145698+00:00,2026-09-10 17:04:53.099209+00:00,2026-09-10 17:04:53.100102+00:00,2026-09-10 17:04:53.099360+00:00,2026-09-10 17:04:53.100249+00:00,2026-09-10 17:04:53.100613+00:00,,,,,0.15100000000000002,0.889,0.742,0.364,17.325,27.76,46.489000000000004,CONFIRMED
M01,57810,2026-09-10 17:04:53.226461+00:00,2026-09-10 17:04:53.252669+00:00,2026-09-10 17:04:53.202507+00:00,2026-09-10 17:04:53.204015+00:00,2026-09-10 17:04:53.202804+00:00,2026-09-10 17:04:53.203912+00:00,2026-09-10 17:04:53.204530+00:00,,,,,0.297,1.108,1.211,0.618,21.930999999999997,26.208,50.162,CONFIRMED
M01,57811,2026-09-10 17:04:53.334007+00:00,2026-09-10 17:04:53.362613+00:00,2026-09-10 17:04:53.306699+00:00,2026-09-10 17:04:53.309797+00:00,2026-09-10 17:04:53.306966+00:00,2026-09-10 17:04:53.308435+00:00,2026-09-10 17:04:53.308989+00:00,,,,,0.26699999999999996,1.469,2.8310000000000004,0.554,25.017999999999997,28.605999999999998,55.914,CONFIRMED
M01,57812,2026-09-10 17:04:53.432060+00:00,2026-09-10 17:04:53.467584+00:00,2026-09-10 17:04:53.412894+00:00,2026-09-10 17:04:53.414840+00:00,2026-09-10 17:04:53.413121+00:00,2026-09-10 17:04:53.413768+00:00,2026-09-10 17:04:53.414078+00:00,,,,,0.22699999999999998,0.647,1.719,0.31,17.982000000000003,35.524,54.690000000000005,CONFIRMED
M01,57813,2026-09-10 17:04:53.539877+00:00,2026-09-10 17:04:53.580482+00:00,2026-09-10 17:04:53.517909+00:00,2026-09-10 17:04:53.519246+00:00,2026-09-10 17:04:53.518092+00:00,2026-09-10 17:04:53.518952+00:00,2026-09-10 17:04:53.519372+00:00,,,,,0.183,0.86,1.1540000000000001,0.42000000000000004,20.505,40.605000000000004,62.573,CONFIRMED
M01,57814,2026-09-10 17:04:53.647028+00:00,2026-09-10 17:04:53.676056+00:00,2026-09-10 17:04:53.621394+00:00,2026-09-10 17:04:53.623277+00:00,2026-09-10 17:04:53.621606+00:00,2026-09-10 17:04:53.622657+00:00,2026-09-10 17:04:53.623434+00:00,,,,,0.212,1.0510000000000002,1.671,0.777,23.594,29.028000000000002,54.662,CONFIRMED
M01,57815,2026-09-10 17:04:53.758981+00:00,2026-09-10 17:04:53.784534+00:00,2026-09-10 17:04:53.726665+00:00,2026-09-10 17:04:53.738171+00:00,2026-09-10 17:04:53.726849+00:00,2026-09-10 17:04:53.735574+00:00,2026-09-10 17:04:53.736265+00:00,,,,,0.184,8.725,11.322000000000001,0.691,22.716,25.553,57.869,CONFIRMED
M01,57816,2026-09-10 17:04:53.862596+00:00,2026-09-10 17:04:53.889903+00:00,2026-09-10 17:04:53.843717+00:00,2026-09-10 17:04:53.844736+00:00,2026-09-10 17:04:53.843903+00:00,2026-09-10 17:04:53.844463+00:00,2026-09-10 17:04:53.844854+00:00,,,,,0.186,0.5599999999999999,0.833,0.391,17.742,27.307000000000002,46.186,CONFIRMED
M01,57817,2026-09-10 17:04:53.966110+00:00,2026-09-10 17:04:53.991721+00:00,2026-09-10 17:04:53.947212+00:00,2026-09-10 17:04:53.948196+00:00,2026-09-10 17:04:53.947383+00:00,2026-09-10 17:04:53.948160+00:00,2026-09-10 17:04:53.948820+00:00,,,,,0.171,0.777,0.8130000000000001,0.66,17.29,25.610999999999997,44.509,CONFIRMED
M01,57818,2026-09-10 17:04:54.075917+00:00,2026-09-10 17:04:54.100375+00:00,2026-09-10 17:04:54.053023+00:00,2026-09-10 17:04:54.055173+00:00,2026-09-10 17:04:54.053412+00:00,2026-09-10 17:04:54.054902+00:00,2026-09-10 17:04:54.056083+00:00,,,,,0.389,1.49,1.761,1.181,19.834,24.458000000000002,47.352,CONFIRMED
M01,57819,2026-09-10 17:04:54.181480+00:00,2026-09-10 17:04:54.216121+00:00,2026-09-10 17:04:54.159139+00:00,2026-09-10 17:04:54.172171+00:00,2026-09-10 17:04:54.159328+00:00,2026-09-10 17:04:54.160218+00:00,2026-09-10 17:04:54.160732+00:00,,,,,0.189,0.8899999999999999,12.843,0.514,20.747999999999998,34.641,56.982,CONFIRMED
M01,57820,2026-09-10 17:04:54.296812+00:00,2026-09-10 17:04:54.320487+00:00,2026-09-10 17:04:54.275543+00:00,2026-09-10 17:04:54.277357+00:00,2026-09-10 17:04:54.276035+00:00,2026-09-10 17:04:54.277229+00:00,2026-09-10 17:04:54.278066+00:00,,,,,0.49200000000000005,1.194,1.322,0.837,18.746,23.675,44.943999999999996,CONFIRMED
M01,57821,2026-09-10 17:04:54.409142+00:00,2026-09-10 17:04:54.437209+00:00,2026-09-10 17:04:54.382275+00:00,2026-09-10 17:04:54.393727+00:00,2026-09-10 17:04:54.382493+00:00,2026-09-10 17:04:54.391607+00:00,2026-09-10 17:04:54.391933+00:00,,,,,0.21800000000000003,9.114,11.234,0.326,17.209,28.067,54.934,CONFIRMED
M01,57822,2026-09-10 17:04:54.524726+00:00,2026-09-10 17:04:54.551329+00:00,2026-09-10 17:04:54.496134+00:00,2026-09-10 17:04:54.497384+00:00,2026-09-10 17:04:54.496429+00:00,2026-09-10 17:04:54.497351+00:00,2026-09-10 17:04:54.499044+00:00,,,,,0.29500000000000004,0.9219999999999999,0.955,1.693,25.682,26.603,55.195,CONFIRMED
M01,57823,2026-09-10 17:04:54.625785+00:00,2026-09-10 17:04:54.651365+00:00,2026-09-10 17:04:54.605549+00:00,2026-09-10 17:04:54.607188+00:00,2026-09-10 17:04:54.605780+00:00,2026-09-10 17:04:54.606641+00:00,2026-09-10 17:04:54.607234+00:00,,,,,0.231,0.861,1.408,0.593,18.551000000000002,25.58,45.816,CONFIRMED
M01,57824,2026-09-10 17:04:54.733942+00:00,2026-09-10 17:04:54.760883+00:00,2026-09-10 17:04:54.714270+00:00,2026-09-10 17:04:54.717827+00:00,2026-09-10 17:04:54.714532+00:00,2026-09-10 17:04:54.716222+00:00,2026-09-10 17:04:54.716966+00:00,,,,,0.262,1.6900000000000002,3.2950000000000004,0.744,16.976000000000003,26.941,46.613,CONFIRMED
M01,57825,2026-09-10 17:04:54.844413+00:00,2026-09-10 17:04:54.869755+00:00,2026-09-10 17:04:54.822112+00:00,2026-09-10 17:04:54.823311+00:00,2026-09-10 17:04:54.822384+00:00,2026-09-10 17:04:54.823203+00:00,2026-09-10 17:04:54.823589+00:00,,,,,0.272,0.819,0.9269999999999999,0.386,20.823999999999998,25.342,47.643,CONFIRMED
M01,57826,2026-09-10 17:04:54.945833+00:00,2026-09-10 17:04:54.970026+00:00,2026-09-10 17:04:54.925449+00:00,2026-09-10 17:04:54.926515+00:00,2026-09-10 17:04:54.925693+00:00,2026-09-10 17:04:54.926568+00:00,2026-09-10 17:04:54.927143+00:00,,,,,0.244,0.875,0.8220000000000001,0.575,18.689999999999998,24.192999999999998,44.577,CONFIRMED
M01,57827,2026-09-10 17:04:55.059140+00:00,2026-09-10 17:04:55.097028+00:00,2026-09-10 17:04:55.029515+00:00,2026-09-10 17:04:55.047119+00:00,2026-09-10 17:04:55.029697+00:00,2026-09-10 17:04:55.030659+00:00,2026-09-10 17:04:55.031215+00:00,,,,,0.182,0.962,17.422,0.5559999999999999,27.924999999999997,37.888,67.513,CONFIRMED
M01,57828,2026-09-10 17:04:55.174117+00:00,2026-09-10 17:04:55.202669+00:00,2026-09-10 17:04:55.152006+00:00,2026-09-10 17:04:55.153211+00:00,2026-09-10 17:04:55.152265+00:00,2026-09-10 17:04:55.153061+00:00,2026-09-10 17:04:55.153623+00:00,,,,,0.259,0.796,0.9460000000000001,0.562,20.494,28.552,50.663,CONFIRMED
M01,57829,2026-09-10 17:04:55.286437+00:00,2026-09-10 17:04:55.313211+00:00,2026-09-10 17:04:55.257018+00:00,2026-09-10 17:04:55.260210+00:00,2026-09-10 17:04:55.257220+00:00,2026-09-10 17:04:55.259137+00:00,2026-09-10 17:04:55.260076+00:00,,,,,0.202,1.917,2.99,0.939,26.361,26.774,56.193,CONFIRMED
M01,57830,2026-09-10 17:04:55.407852+00:00,2026-09-10 17:04:55.436277+00:00,2026-09-10 17:04:55.378948+00:00,2026-09-10 17:04:55.380855+00:00,2026-09-10 17:04:55.379290+00:00,2026-09-10 17:04:55.380726+00:00,2026-09-10 17:04:55.381425+00:00,,,,,0.342,1.436,1.565,0.699,26.427,28.424999999999997,57.329,CONFIRMED
M01,57831,2026-09-10 17:04:55.529173+00:00,2026-09-10 17:04:55.554523+00:00,2026-09-10 17:04:55.499329+00:00,2026-09-10 17:04:55.501998+00:00,2026-09-10 17:04:55.499549+00:00,2026-09-10 17:04:55.500832+00:00,2026-09-10 17:04:55.501321+00:00,,,,,0.22,1.2830000000000001,2.449,0.48899999999999993,27.851999999999997,25.35,55.194,CONFIRMED
M01,57832,2026-09-10 17:04:55.638463+00:00,2026-09-10 17:04:55.665177+00:00,2026-09-10 17:04:55.613052+00:00,2026-09-10 17:04:55.617014+00:00,2026-09-10 17:04:55.613308+00:00,2026-09-10 17:04:55.617495+00:00,2026-09-10 17:04:55.617977+00:00,,,,,0.256,4.186999999999999,3.706,0.482,20.486,26.714000000000002,52.125,CONFIRMED
M01,57833,2026-09-10 17:04:55.741944+00:00,2026-09-10 17:04:55.770346+00:00,2026-09-10 17:04:55.720281+00:00,2026-09-10 17:04:55.721546+00:00,2026-09-10 17:04:55.720605+00:00,2026-09-10 17:04:55.721582+00:00,2026-09-10 17:04:55.722005+00:00,,,,,0.324,0.977,0.941,0.423,19.939,28.402,50.065,CONFIRMED
M01,57834,2026-09-10 17:04:55.851535+00:00,2026-09-10 17:04:55.877779+00:00,2026-09-10 17:04:55.829927+00:00,2026-09-10 17:04:55.831270+00:00,2026-09-10 17:04:55.830133+00:00,2026-09-10 17:04:55.831183+00:00,2026-09-10 17:04:55.831869+00:00,,,,,0.206,1.05,1.137,0.6859999999999999,19.666,26.244,47.852,CONFIRMED
M01,57835,2026-09-10 17:04:55.959365+00:00,2026-09-10 17:04:55.984467+00:00,2026-09-10 17:04:55.935181+00:00,2026-09-10 17:04:55.936273+00:00,2026-09-10 17:04:55.935391+00:00,2026-09-10 17:04:55.936421+00:00,2026-09-10 17:04:55.936934+00:00,,,,,0.21000000000000002,1.03,0.882,0.513,22.431,25.102,49.286,CONFIRMED
M01,57836,2026-09-10 17:04:56.066078+00:00,2026-09-10 17:04:56.094117+00:00,2026-09-10 17:04:56.038827+00:00,2026-09-10 17:04:56.040425+00:00,2026-09-10 17:04:56.039141+00:00,2026-09-10 17:04:56.040355+00:00,2026-09-10 17:04:56.041202+00:00,,,,,0.314,1.214,1.284,0.847,24.875999999999998,28.039,55.29,CONFIRMED
M01,57837,2026-09-10 17:04:56.167075+00:00,2026-09-10 17:04:56.190266+00:00,2026-09-10 17:04:56.144790+00:00,2026-09-10 17:04:56.145827+00:00,2026-09-10 17:04:56.145020+00:00,2026-09-10 17:04:56.145927+00:00,2026-09-10 17:04:56.146707+00:00,,,,,0.23,0.907,0.8069999999999999,0.78,20.368000000000002,23.191,45.476,CONFIRMED
M01,57838,2026-09-10 17:04:56.268423+00:00,2026-09-10 17:04:56.294796+00:00,2026-09-10 17:04:56.249497+00:00,2026-09-10 17:04:56.251195+00:00,2026-09-10 17:04:56.249905+00:00,2026-09-10 17:04:56.251010+00:00,2026-09-10 17:04:56.251717+00:00,,,,,0.408,1.105,1.2899999999999998,0.707,16.706,26.373,45.299,CONFIRMED
M01,57839,2026-09-10 17:04:56.373886+00:00,2026-09-10 17:04:56.408877+00:00,2026-09-10 17:04:56.355178+00:00,2026-09-10 17:04:56.357291+00:00,2026-09-10 17:04:56.355448+00:00,2026-09-10 17:04:56.357231+00:00,2026-09-10 17:04:56.357688+00:00,,,,,0.27,1.7830000000000001,1.843,0.457,16.198,34.991,53.699,CONFIRMED
M01,57840,2026-09-10 17:04:56.479424+00:00,2026-09-10 17:04:56.506343+00:00,2026-09-10 17:04:56.461000+00:00,2026-09-10 17:04:56.462020+00:00,2026-09-10 17:04:56.461247+00:00,2026-09-10 17:04:56.461956+00:00,2026-09-10 17:04:56.462657+00:00,,,,,0.247,0.709,0.773,0.7010000000000001,16.767,26.918999999999997,45.343,CONFIRMED
M01,57841,2026-09-10 17:04:56.586560+00:00,2026-09-10 17:04:56.617465+00:00,2026-09-10 17:04:56.565662+00:00,2026-09-10 17:04:56.567187+00:00,2026-09-10 17:04:56.566038+00:00,2026-09-10 17:04:56.567240+00:00,2026-09-10 17:04:56.568091+00:00,,,,,0.376,1.202,1.149,0.851,18.468999999999998,30.904999999999998,51.803000000000004,CONFIRMED
M01,57842,2026-09-10 17:04:56.692730+00:00,2026-09-10 17:04:56.718161+00:00,2026-09-10 17:04:56.670916+00:00,2026-09-10 17:04:56.672247+00:00,2026-09-10 17:04:56.671221+00:00,2026-09-10 17:04:56.672266+00:00,2026-09-10 17:04:56.672916+00:00,,,,,0.305,1.045,1.026,0.65,19.814,25.430999999999997,47.245000000000005,CONFIRMED
M01,57843,2026-09-10 17:04:56.800060+00:00,2026-09-10 17:04:56.830281+00:00,2026-09-10 17:04:56.775319+00:00,2026-09-10 17:04:56.776380+00:00,2026-09-10 17:04:56.775524+00:00,2026-09-10 17:04:56.776339+00:00,2026-09-10 17:04:56.776762+00:00,,,,,0.205,0.815,0.856,0.423,23.298,30.221,54.961999999999996,CONFIRMED
M01,57844,2026-09-10 17:04:56.904847+00:00,2026-09-10 17:04:56.930707+00:00,2026-09-10 17:04:56.881289+00:00,2026-09-10 17:04:56.887056+00:00,2026-09-10 17:04:56.881534+00:00,2026-09-10 17:04:56.883435+00:00,2026-09-10 17:04:56.883948+00:00,,,,,0.245,1.9009999999999998,5.522,0.513,20.899,25.86,49.418,CONFIRMED
M01,57845,2026-09-10 17:04:57.007870+00:00,2026-09-10 17:04:57.034794+00:00,2026-09-10 17:04:56.990221+00:00,2026-09-10 17:04:56.991282+00:00,2026-09-10 17:04:56.990380+00:00,2026-09-10 17:04:56.991168+00:00,2026-09-10 17:04:56.991474+00:00,,,,,0.159,0.7879999999999999,0.902,0.306,16.396,26.924,44.573,CONFIRMED
M01,57846,2026-09-10 17:04:57.118717+00:00,2026-09-10 17:04:57.145169+00:00,2026-09-10 17:04:57.094402+00:00,2026-09-10 17:04:57.096788+00:00,2026-09-10 17:04:57.094787+00:00,2026-09-10 17:04:57.096580+00:00,2026-09-10 17:04:57.097481+00:00,,,,,0.38499999999999995,1.7930000000000001,2.0010000000000003,0.901,21.236,26.451999999999998,50.767,CONFIRMED
M01,57847,2026-09-10 17:04:57.227750+00:00,2026-09-10 17:04:57.254301+00:00,2026-09-10 17:04:57.200809+00:00,2026-09-10 17:04:57.202139+00:00,2026-09-10 17:04:57.201002+00:00,2026-09-10 17:04:57.201908+00:00,2026-09-10 17:04:57.202394+00:00,,,,,0.193,0.906,1.137,0.486,25.356,26.551000000000002,53.492,CONFIRMED
M01,57848,2026-09-10 17:04:57.326389+00:00,2026-09-10 17:04:57.352051+00:00,2026-09-10 17:04:57.304391+00:00,2026-09-10 17:04:57.305226+00:00,2026-09-10 17:04:57.304559+00:00,2026-09-10 17:04:57.305176+00:00,2026-09-10 17:04:57.305591+00:00,,,,,0.16799999999999998,0.617,0.6669999999999999,0.415,20.798000000000002,25.662,47.660000000000004,CONFIRMED
M01,57849,2026-09-10 17:04:57.427536+00:00,2026-09-10 17:04:57.458992+00:00,2026-09-10 17:04:57.407305+00:00,2026-09-10 17:04:57.409038+00:00,2026-09-10 17:04:57.407749+00:00,2026-09-10 17:04:57.408916+00:00,2026-09-10 17:04:57.410035+00:00,,,,,0.444,1.167,1.289,1.119,17.500999999999998,31.456,51.687,CONFIRMED
M01,57850,2026-09-10 17:04:57.535210+00:00,2026-09-10 17:04:57.564765+00:00,2026-09-10 17:04:57.512984+00:00,2026-09-10 17:04:57.514628+00:00,2026-09-10 17:04:57.513220+00:00,2026-09-10 17:04:57.514675+00:00,2026-09-10 17:04:57.515037+00:00,,,,,0.236,1.4549999999999998,1.408,0.36200000000000004,20.173,29.555,51.781,CONFIRMED
M01,57851,2026-09-10 17:04:57.650115+00:00,2026-09-10 17:04:57.675822+00:00,2026-09-10 17:04:57.624778+00:00,2026-09-10 17:04:57.632212+00:00,2026-09-10 17:04:57.625011+00:00,2026-09-10 17:04:57.625920+00:00,2026-09-10 17:04:57.626414+00:00,,,,,0.23299999999999998,0.909,7.201,0.494,23.701,25.707,51.044,CONFIRMED
M01,57852,2026-09-10 17:04:57.761284+00:00,2026-09-10 17:04:57.786792+00:00,2026-09-10 17:04:57.737052+00:00,2026-09-10 17:04:57.739060+00:00,2026-09-10 17:04:57.737714+00:00,2026-09-10 17:04:57.738904+00:00,2026-09-10 17:04:57.739600+00:00,,,,,0.662,1.1900000000000002,1.346,0.696,21.683999999999997,25.508,49.74,CONFIRMED
M01,57853,2026-09-10 17:04:57.871131+00:00,2026-09-10 17:04:57.904822+00:00,2026-09-10 17:04:57.842513+00:00,2026-09-10 17:04:57.846246+00:00,2026-09-10 17:04:57.842748+00:00,2026-09-10 17:04:57.843623+00:00,2026-09-10 17:04:57.844093+00:00,,,,,0.235,0.875,3.4979999999999998,0.47,27.038,33.690999999999995,62.309000000000005,CONFIRMED
M01,57854,2026-09-10 17:04:57.974851+00:00,2026-09-10 17:04:58.009696+00:00,2026-09-10 17:04:57.949984+00:00,2026-09-10 17:04:57.950969+00:00,2026-09-10 17:04:57.950160+00:00,2026-09-10 17:04:57.950935+00:00,2026-09-10 17:04:57.951431+00:00,,,,,0.176,0.775,0.809,0.496,23.419999999999998,34.845,59.712,CONFIRMED
M01,57855,2026-09-10 17:04:58.074470+00:00,2026-09-10 17:04:58.099303+00:00,2026-09-10 17:04:58.052973+00:00,2026-09-10 17:04:58.054164+00:00,2026-09-10 17:04:58.053300+00:00,2026-09-10 17:04:58.054314+00:00,2026-09-10 17:04:58.054798+00:00,,,,,0.32699999999999996,1.014,0.864,0.484,19.671999999999997,24.833000000000002,46.330000000000005,CONFIRMED
M01,57856,2026-09-10 17:04:58.180099+00:00,2026-09-10 17:04:58.204378+00:00,2026-09-10 17:04:58.158435+00:00,2026-09-10 17:04:58.160958+00:00,2026-09-10 17:04:58.158776+00:00,2026-09-10 17:04:58.160188+00:00,2026-09-10 17:04:58.160636+00:00,,,,,0.34099999999999997,1.4120000000000001,2.182,0.448,19.463,24.279,45.943,CONFIRMED
M01,57857,2026-09-10 17:04:58.291762+00:00,2026-09-10 17:04:58.317217+00:00,2026-09-10 17:04:58.267299+00:00,2026-09-10 17:04:58.268553+00:00,2026-09-10 17:04:58.267503+00:00,2026-09-10 17:04:58.268831+00:00,2026-09-10 17:04:58.269487+00:00,,,,,0.204,1.328,1.05,0.656,22.275,25.455,49.918,CONFIRMED
M01,57858,2026-09-10 17:04:58.390883+00:00,2026-09-10 17:04:58.417903+00:00,2026-09-10 17:04:58.372316+00:00,2026-09-10 17:04:58.373348+00:00,2026-09-10 17:04:58.372475+00:00,2026-09-10 17:04:58.373680+00:00,2026-09-10 17:04:58.374257+00:00,,,,,0.159,1.2049999999999998,0.873,0.5770000000000001,16.625999999999998,27.02,45.587,CONFIRMED
M01,57859,2026-09-10 17:04:58.505232+00:00,2026-09-10 17:04:58.531487+00:00,2026-09-10 17:04:58.478624+00:00,2026-09-10 17:04:58.480405+00:00,2026-09-10 17:04:58.478849+00:00,2026-09-10 17:04:58.480093+00:00,2026-09-10 17:04:58.480682+00:00,,,,,0.225,1.244,1.556,0.589,24.549999999999997,26.255,52.863,CONFIRMED
M01,57860,2026-09-10 17:04:58.621545+00:00,2026-09-10 17:04:58.648447+00:00,2026-09-10 17:04:58.583174+00:00,2026-09-10 17:04:58.585279+00:00,2026-09-10 17:04:58.583399+00:00,2026-09-10 17:04:58.598851+00:00,2026-09-10 17:04:58.599304+00:00,,,,,0.225,15.452,1.88,0.453,22.241,26.901999999999997,65.273,CONFIRMED
M01,57861,2026-09-10 17:04:58.725681+00:00,2026-09-10 17:04:58.755023+00:00,2026-09-10 17:04:58.701464+00:00,2026-09-10 17:04:58.719737+00:00,2026-09-10 17:04:58.701715+00:00,2026-09-10 17:04:58.703110+00:00,2026-09-10 17:04:58.703677+00:00,,,,,0.251,1.395,18.022,0.5670000000000001,22.003999999999998,29.342,53.559000000000005,CONFIRMED
M01,57862,2026-09-10 17:04:58.855527+00:00,2026-09-10 17:04:58.882878+00:00,2026-09-10 17:04:58.822596+00:00,2026-09-10 17:04:58.823906+00:00,2026-09-10 17:04:58.822871+00:00,2026-09-10 17:04:58.823937+00:00,2026-09-10 17:04:58.824473+00:00,,,,,0.275,1.066,1.035,0.536,31.054,27.351,60.282000000000004,CONFIRMED
M01,57863,2026-09-10 17:04:58.946389+00:00,2026-09-10 17:04:58.971905+00:00,2026-09-10 17:04:58.927484+00:00,2026-09-10 17:04:58.928685+00:00,2026-09-10 17:04:58.927737+00:00,2026-09-10 17:04:58.928740+00:00,2026-09-10 17:04:58.929139+00:00,,,,,0.253,1.003,0.948,0.399,17.25,25.516000000000002,44.421,CONFIRMED
M01,57864,2026-09-10 17:04:59.054739+00:00,2026-09-10 17:04:59.081534+00:00,2026-09-10 17:04:59.031092+00:00,2026-09-10 17:04:59.033291+00:00,2026-09-10 17:04:59.031408+00:00,2026-09-10 17:04:59.034310+00:00,2026-09-10 17:04:59.034865+00:00,,,,,0.316,2.902,1.883,0.555,19.874,26.794999999999998,50.442,CONFIRMED
M01,57865,2026-09-10 17:04:59.159161+00:00,2026-09-10 17:04:59.187875+00:00,2026-09-10 17:04:59.139160+00:00,2026-09-10 17:04:59.140653+00:00,2026-09-10 17:04:59.139374+00:00,2026-09-10 17:04:59.140228+00:00,2026-09-10 17:04:59.140817+00:00,,,,,0.214,0.8540000000000001,1.279,0.589,18.343999999999998,28.714,48.715,CONFIRMED
M01,57866,2026-09-10 17:04:59.276905+00:00,2026-09-10 17:04:59.304010+00:00,2026-09-10 17:04:59.244057+00:00,2026-09-10 17:04:59.253414+00:00,2026-09-10 17:04:59.244304+00:00,2026-09-10 17:04:59.253196+00:00,2026-09-10 17:04:59.253635+00:00,,,,,0.247,8.892000000000001,9.11,0.439,23.27,27.105,59.952999999999996,CONFIRMED
M01,57867,2026-09-10 17:04:59.374390+00:00,2026-09-10 17:04:59.401009+00:00,2026-09-10 17:04:59.355851+00:00,2026-09-10 17:04:59.356774+00:00,2026-09-10 17:04:59.356037+00:00,2026-09-10 17:04:59.356736+00:00,2026-09-10 17:04:59.357024+00:00,,,,,0.186,0.699,0.737,0.28800000000000003,17.366,26.619,45.157999999999994,CONFIRMED
M01,57868,2026-09-10 17:04:59.481751+00:00,2026-09-10 17:04:59.514259+00:00,2026-09-10 17:04:59.459567+00:00,2026-09-10 17:04:59.460894+00:00,2026-09-10 17:04:59.459702+00:00,2026-09-10 17:04:59.461610+00:00,2026-09-10 17:04:59.461978+00:00,,,,,0.135,1.908,1.192,0.368,19.773,32.508,54.692,CONFIRMED
M01,57869,2026-09-10 17:04:59.586716+00:00,2026-09-10 17:04:59.612066+00:00,2026-09-10 17:04:59.567089+00:00,2026-09-10 17:04:59.568246+00:00,2026-09-10 17:04:59.567322+00:00,2026-09-10 17:04:59.568117+00:00,2026-09-10 17:04:59.568510+00:00,,,,,0.23299999999999998,0.795,0.924,0.393,18.206,25.35,44.977000000000004,CONFIRMED
M01,57870,2026-09-10 17:04:59.688946+00:00,2026-09-10 17:04:59.715587+00:00,2026-09-10 17:04:59.670803+00:00,2026-09-10 17:04:59.671600+00:00,2026-09-10 17:04:59.670972+00:00,2026-09-10 17:04:59.671549+00:00,2026-09-10 17:04:59.672026+00:00,,,,,0.16899999999999998,0.5770000000000001,0.628,0.477,16.92,26.641000000000002,44.784,CONFIRMED
M01,57871,2026-09-10 17:04:59.801144+00:00,2026-09-10 17:04:59.825828+00:00,2026-09-10 17:04:59.775455+00:00,2026-09-10 17:04:59.777032+00:00,2026-09-10 17:04:59.776003+00:00,2026-09-10 17:04:59.777054+00:00,2026-09-10 17:04:59.777617+00:00,,,,,0.5479999999999999,1.0510000000000002,1.029,0.5630000000000001,23.527,24.684,50.373000000000005,CONFIRMED
M01,57872,2026-09-10 17:04:59.911826+00:00,2026-09-10 17:04:59.937651+00:00,2026-09-10 17:04:59.881694+00:00,2026-09-10 17:04:59.883780+00:00,2026-09-10 17:04:59.882157+00:00,2026-09-10 17:04:59.885369+00:00,2026-09-10 17:04:59.889312+00:00,,,,,0.46299999999999997,3.212,1.623,3.9430000000000005,22.514,25.825,55.957,CONFIRMED
M01,57873,2026-09-10 17:05:00.029604+00:00,2026-09-10 17:05:00.056919+00:00,2026-09-10 17:04:59.997430+00:00,2026-09-10 17:05:00.003003+00:00,2026-09-10 17:04:59.997868+00:00,2026-09-10 17:05:00.002840+00:00,2026-09-10 17:05:00.003223+00:00,,,,,0.438,4.9719999999999995,5.135,0.383,26.381,27.314999999999998,59.489,CONFIRMED
M01,57874,2026-09-10 17:05:00.134256+00:00,2026-09-10 17:05:00.165271+00:00,2026-09-10 17:05:00.110959+00:00,2026-09-10 17:05:00.111848+00:00,2026-09-10 17:05:00.111132+00:00,2026-09-10 17:05:00.111895+00:00,2026-09-10 17:05:00.112366+00:00,,,,,0.17300000000000001,0.763,0.716,0.47100000000000003,21.89,31.015,54.312,CONFIRMED
M01,57875,2026-09-10 17:05:00.235189+00:00,2026-09-10 17:05:00.261003+00:00,2026-09-10 17:05:00.215423+00:00,2026-09-10 17:05:00.217002+00:00,2026-09-10 17:05:00.215733+00:00,2026-09-10 17:05:00.216751+00:00,2026-09-10 17:05:00.217171+00:00,,,,,0.31,1.018,1.269,0.42000000000000004,18.018,25.814,45.580000000000005,CONFIRMED
M01,57876,2026-09-10 17:05:00.345444+00:00,2026-09-10 17:05:00.372745+00:00,2026-09-10 17:05:00.319666+00:00,2026-09-10 17:05:00.322013+00:00,2026-09-10 17:05:00.320145+00:00,2026-09-10 17:05:00.321918+00:00,2026-09-10 17:05:00.322956+00:00,,,,,0.479,1.7730000000000001,1.868,1.038,22.488,27.301,53.079,CONFIRMED
M01,57877,2026-09-10 17:05:00.451217+00:00,2026-09-10 17:05:00.478879+00:00,2026-09-10 17:05:00.428538+00:00,2026-09-10 17:05:00.429640+00:00,2026-09-10 17:05:00.428792+00:00,2026-09-10 17:05:00.429674+00:00,2026-09-10 17:05:00.430209+00:00,,,,,0.254,0.882,0.848,0.535,21.008,27.662,50.340999999999994,CONFIRMED
M01,57878,2026-09-10 17:05:00.551763+00:00,2026-09-10 17:05:00.579231+00:00,2026-09-10 17:05:00.532482+00:00,2026-09-10 17:05:00.533827+00:00,2026-09-10 17:05:00.532724+00:00,2026-09-10 17:05:00.533800+00:00,2026-09-10 17:05:00.534391+00:00,,,,,0.242,1.0759999999999998,1.103,0.5910000000000001,17.372,27.468,46.749,CONFIRMED
M01,57879,2026-09-10 17:05:00.663270+00:00,2026-09-10 17:05:00.695889+00:00,2026-09-10 17:05:00.641188+00:00,2026-09-10 17:05:00.642936+00:00,2026-09-10 17:05:00.641389+00:00,2026-09-10 17:05:00.642756+00:00,2026-09-10 17:05:00.643298+00:00,,,,,0.201,1.367,1.547,0.5419999999999999,19.972,32.619,54.701,CONFIRMED
M01,57880,2026-09-10 17:05:00.767452+00:00,2026-09-10 17:05:00.797917+00:00,2026-09-10 17:05:00.746420+00:00,2026-09-10 17:05:00.747841+00:00,2026-09-10 17:05:00.746703+00:00,2026-09-10 17:05:00.748036+00:00,2026-09-10 17:05:00.748606+00:00,,,,,0.283,1.333,1.138,0.57,18.846,30.465,51.497,CONFIRMED
M01,57881,2026-09-10 17:05:00.876548+00:00,2026-09-10 17:05:00.905240+00:00,2026-09-10 17:05:00.858238+00:00,2026-09-10 17:05:00.860500+00:00,2026-09-10 17:05:00.858538+00:00,2026-09-10 17:05:00.860225+00:00,2026-09-10 17:05:00.860771+00:00,,,,,0.3,1.6869999999999998,1.9620000000000002,0.546,15.777,28.692,47.002,CONFIRMED
M01,57882,2026-09-10 17:05:00.990865+00:00,2026-09-10 17:05:01.019035+00:00,2026-09-10 17:05:00.965916+00:00,2026-09-10 17:05:00.968620+00:00,2026-09-10 17:05:00.966281+00:00,2026-09-10 17:05:00.967418+00:00,2026-09-10 17:05:00.968128+00:00,,,,,0.365,1.137,2.339,0.71,22.737000000000002,28.17,53.119,CONFIRMED
M01,57883,2026-09-10 17:05:01.105642+00:00,2026-09-10 17:05:01.136919+00:00,2026-09-10 17:05:01.070942+00:00,2026-09-10 17:05:01.081095+00:00,2026-09-10 17:05:01.071328+00:00,2026-09-10 17:05:01.079666+00:00,2026-09-10 17:05:01.080041+00:00,,,,,0.386,8.338,9.767,0.375,25.601,31.277,65.97699999999999,CONFIRMED
M01,57884,2026-09-10 17:05:01.208881+00:00,2026-09-10 17:05:01.236206+00:00,2026-09-10 17:05:01.184413+00:00,2026-09-10 17:05:01.185752+00:00,2026-09-10 17:05:01.184614+00:00,2026-09-10 17:05:01.186064+00:00,2026-09-10 17:05:01.186458+00:00,,,,,0.201,1.45,1.138,0.39399999999999996,22.423,27.325,51.793,CONFIRMED
M01,57885,2026-09-10 17:05:01.316532+00:00,2026-09-10 17:05:01.346960+00:00,2026-09-10 17:05:01.291056+00:00,2026-09-10 17:05:01.298043+00:00,2026-09-10 17:05:01.291308+00:00,2026-09-10 17:05:01.297179+00:00,2026-09-10 17:05:01.297524+00:00,,,,,0.252,5.871,6.734999999999999,0.345,19.008,30.428,55.904,CONFIRMED
M01,57886,2026-09-10 17:05:01.424714+00:00,2026-09-10 17:05:01.456253+00:00,2026-09-10 17:05:01.403893+00:00,2026-09-10 17:05:01.405917+00:00,2026-09-10 17:05:01.404264+00:00,2026-09-10 17:05:01.405596+00:00,2026-09-10 17:05:01.406319+00:00,,,,,0.371,1.332,1.653,0.723,18.395000000000003,31.538999999999998,52.36,CONFIRMED
M01,57887,2026-09-10 17:05:01.529103+00:00,2026-09-10 17:05:01.555737+00:00,2026-09-10 17:05:01.509853+00:00,2026-09-10 17:05:01.511054+00:00,2026-09-10 17:05:01.510111+00:00,2026-09-10 17:05:01.510938+00:00,2026-09-10 17:05:01.511815+00:00,,,,,0.258,0.8270000000000001,0.9430000000000001,0.877,17.288,26.634,45.884,CONFIRMED
M01,57888,2026-09-10 17:05:01.638626+00:00,2026-09-10 17:05:01.666936+00:00,2026-09-10 17:05:01.612994+00:00,2026-09-10 17:05:01.621735+00:00,2026-09-10 17:05:01.613143+00:00,2026-09-10 17:05:01.616072+00:00,2026-09-10 17:05:01.616410+00:00,,,,,0.149,2.9290000000000003,8.592,0.33799999999999997,22.216,28.31,53.942,CONFIRMED
M01,57889,2026-09-10 17:05:01.749837+00:00,2026-09-10 17:05:01.778763+00:00,2026-09-10 17:05:01.727368+00:00,2026-09-10 17:05:01.728801+00:00,2026-09-10 17:05:01.727532+00:00,2026-09-10 17:05:01.729419+00:00,2026-09-10 17:05:01.730149+00:00,,,,,0.164,1.887,1.269,0.73,19.688000000000002,28.926000000000002,51.395,CONFIRMED
M01,57890,2026-09-10 17:05:01.850848+00:00,2026-09-10 17:05:01.877990+00:00,2026-09-10 17:05:01.831092+00:00,2026-09-10 17:05:01.831969+00:00,2026-09-10 17:05:01.831271+00:00,2026-09-10 17:05:01.831970+00:00,2026-09-10 17:05:01.832465+00:00,,,,,0.179,0.699,0.6980000000000001,0.495,18.383,27.142,46.898,CONFIRMED
M01,57891,2026-09-10 17:05:01.962097+00:00,2026-09-10 17:05:01.987154+00:00,2026-09-10 17:05:01.941053+00:00,2026-09-10 17:05:01.942350+00:00,2026-09-10 17:05:01.941408+00:00,2026-09-10 17:05:01.945052+00:00,2026-09-10 17:05:01.945397+00:00,,,,,0.355,3.644,0.9420000000000001,0.345,16.7,25.057,46.101000000000006,CONFIRMED
M01,57892,2026-09-10 17:05:02.077351+00:00,2026-09-10 17:05:02.104517+00:00,2026-09-10 17:05:02.049124+00:00,2026-09-10 17:05:02.053181+00:00,2026-09-10 17:05:02.049602+00:00,2026-09-10 17:05:02.053373+00:00,2026-09-10 17:05:02.054425+00:00,,,,,0.47800000000000004,3.771,3.579,1.052,22.926,27.166,55.393,CONFIRMED
M01,57893,2026-09-10 17:05:02.183613+00:00,2026-09-10 17:05:02.211543+00:00,2026-09-10 17:05:02.158174+00:00,2026-09-10 17:05:02.176579+00:00,2026-09-10 17:05:02.158406+00:00,2026-09-10 17:05:02.159471+00:00,2026-09-10 17:05:02.160075+00:00,,,,,0.232,1.065,18.173000000000002,0.6040000000000001,23.538,27.93,53.369,CONFIRMED
M01,57894,2026-09-10 17:05:02.303225+00:00,2026-09-10 17:05:02.333924+00:00,2026-09-10 17:05:02.280020+00:00,2026-09-10 17:05:02.285589+00:00,2026-09-10 17:05:02.280282+00:00,2026-09-10 17:05:02.281182+00:00,2026-09-10 17:05:02.281547+00:00,,,,,0.262,0.9,5.307,0.365,21.678,30.699,53.904,CONFIRMED
M01,57895,2026-09-10 17:05:02.414313+00:00,2026-09-10 17:05:02.443012+00:00,2026-09-10 17:05:02.388313+00:00,2026-09-10 17:05:02.389523+00:00,2026-09-10 17:05:02.388505+00:00,2026-09-10 17:05:02.389437+00:00,2026-09-10 17:05:02.389863+00:00,,,,,0.192,0.9319999999999999,1.018,0.426,24.45,28.698999999999998,54.699,CONFIRMED
M01,57896,2026-09-10 17:05:02.509426+00:00,2026-09-10 17:05:02.534605+00:00,2026-09-10 17:05:02.492115+00:00,2026-09-10 17:05:02.492934+00:00,2026-09-10 17:05:02.492306+00:00,2026-09-10 17:05:02.493021+00:00,2026-09-10 17:05:02.493374+00:00,,,,,0.191,0.7150000000000001,0.628,0.35300000000000004,16.052,25.179,42.49,CONFIRMED
M01,57897,2026-09-10 17:05:02.623188+00:00,2026-09-10 17:05:02.649802+00:00,2026-09-10 17:05:02.596833+00:00,2026-09-10 17:05:02.599187+00:00,2026-09-10 17:05:02.597318+00:00,2026-09-10 17:05:02.599130+00:00,2026-09-10 17:05:02.599998+00:00,,,,,0.48500000000000004,1.812,1.869,0.868,23.189999999999998,26.613999999999997,52.969,CONFIRMED
M01,57898,2026-09-10 17:05:02.738773+00:00,2026-09-10 17:05:02.764081+00:00,2026-09-10 17:05:02.709290+00:00,2026-09-10 17:05:02.711105+00:00,2026-09-10 17:05:02.709458+00:00,2026-09-10 17:05:02.719495+00:00,2026-09-10 17:05:02.720083+00:00,,,,,0.16799999999999998,10.037,1.647,0.588,18.689999999999998,25.308,54.791,CONFIRMED
M01,57899,2026-09-10 17:05:02.843415+00:00,2026-09-10 17:05:02.867382+00:00,2026-09-10 17:05:02.823081+00:00,2026-09-10 17:05:02.824038+00:00,2026-09-10 17:05:02.823223+00:00,2026-09-10 17:05:02.823838+00:00,2026-09-10 17:05:02.824264+00:00,,,,,0.14200000000000002,0.615,0.815,0.426,19.151,23.967,44.301,CONFIRMED
M01,57900,2026-09-10 17:05:02.950347+00:00,2026-09-10 17:05:02.974249+00:00,2026-09-10 17:05:02.929092+00:00,2026-09-10 17:05:02.930989+00:00,2026-09-10 17:05:02.929483+00:00,2026-09-10 17:05:02.930907+00:00,2026-09-10 17:05:02.931891+00:00,,,,,0.391,1.424,1.506,0.9840000000000001,18.456,23.902,45.157000000000004,CONFIRMED
M01,57901,2026-09-10 17:05:03.060920+00:00,2026-09-10 17:05:03.086417+00:00,2026-09-10 17:05:03.035116+00:00,2026-09-10 17:05:03.037597+00:00,2026-09-10 17:05:03.035364+00:00,2026-09-10 17:05:03.037747+00:00,2026-09-10 17:05:03.038097+00:00,,,,,0.248,2.383,2.233,0.35,22.823,25.497,51.301,CONFIRMED
M01,57902,2026-09-10 17:05:03.168056+00:00,2026-09-10 17:05:03.195120+00:00,2026-09-10 17:05:03.141248+00:00,2026-09-10 17:05:03.148015+00:00,2026-09-10 17:05:03.141443+00:00,2026-09-10 17:05:03.142425+00:00,2026-09-10 17:05:03.142983+00:00,,,,,0.195,0.982,6.572,0.558,25.073,27.064,53.872,CONFIRMED
M01,57903,2026-09-10 17:05:03.284904+00:00,2026-09-10 17:05:03.309018+00:00,2026-09-10 17:05:03.264833+00:00,2026-09-10 17:05:03.266094+00:00,2026-09-10 17:05:03.265078+00:00,2026-09-10 17:05:03.266044+00:00,2026-09-10 17:05:03.266694+00:00,,,,,0.245,0.966,1.016,0.65,18.21,24.114,44.185,CONFIRMED
M01,57904,2026-09-10 17:05:03.392457+00:00,2026-09-10 17:05:03.421082+00:00,2026-09-10 17:05:03.369519+00:00,2026-09-10 17:05:03.371056+00:00,2026-09-10 17:05:03.369817+00:00,2026-09-10 17:05:03.370979+00:00,2026-09-10 17:05:03.371565+00:00,,,,,0.298,1.1620000000000001,1.239,0.5860000000000001,20.892,28.625,51.562999999999995,CONFIRMED
M01,57905,2026-09-10 17:05:03.500240+00:00,2026-09-10 17:05:03.527928+00:00,2026-09-10 17:05:03.474907+00:00,2026-09-10 17:05:03.475683+00:00,2026-09-10 17:05:03.475077+00:00,2026-09-10 17:05:03.475692+00:00,2026-09-10 17:05:03.476059+00:00,,,,,0.17,0.615,0.606,0.367,24.181,27.688000000000002,53.021,CONFIRMED
M01,57906,2026-09-10 17:05:03.603914+00:00,2026-09-10 17:05:03.627029+00:00,2026-09-10 17:05:03.578844+00:00,2026-09-10 17:05:03.580326+00:00,2026-09-10 17:05:03.579200+00:00,2026-09-10 17:05:03.580352+00:00,2026-09-10 17:05:03.581035+00:00,,,,,0.356,1.1520000000000001,1.1260000000000001,0.683,22.879,23.115,48.184999999999995,CONFIRMED
M01,57907,2026-09-10 17:05:03.716076+00:00,2026-09-10 17:05:03.746561+00:00,2026-09-10 17:05:03.684219+00:00,2026-09-10 17:05:03.694812+00:00,2026-09-10 17:05:03.684386+00:00,2026-09-10 17:05:03.686221+00:00,2026-09-10 17:05:03.686614+00:00,,,,,0.16699999999999998,1.835,10.426,0.393,29.462,30.485000000000003,62.342,CONFIRMED
M01,57908,2026-09-10 17:05:03.819080+00:00,2026-09-10 17:05:03.849278+00:00,2026-09-10 17:05:03.798162+00:00,2026-09-10 17:05:03.800007+00:00,2026-09-10 17:05:03.798348+00:00,2026-09-10 17:05:03.800043+00:00,2026-09-10 17:05:03.800463+00:00,,,,,0.186,1.6949999999999998,1.659,0.42000000000000004,18.617,30.198,51.116,CONFIRMED
M01,57909,2026-09-10 17:05:03.928415+00:00,2026-09-10 17:05:03.954966+00:00,2026-09-10 17:05:03.902764+00:00,2026-09-10 17:05:03.904290+00:00,2026-09-10 17:05:03.903089+00:00,2026-09-10 17:05:03.904099+00:00,2026-09-10 17:05:03.904739+00:00,,,,,0.325,1.01,1.201,0.64,23.676,26.551000000000002,52.202,CONFIRMED
M01,57910,2026-09-10 17:05:04.038782+00:00,2026-09-10 17:05:04.066076+00:00,2026-09-10 17:05:04.008093+00:00,2026-09-10 17:05:04.010600+00:00,2026-09-10 17:05:04.008515+00:00,2026-09-10 17:05:04.010615+00:00,2026-09-10 17:05:04.011136+00:00,,,,,0.422,2.1,2.085,0.521,27.646,27.294,57.983,CONFIRMED
M01,57911,2026-09-10 17:05:04.134073+00:00,2026-09-10 17:05:04.159021+00:00,2026-09-10 17:05:04.113760+00:00,2026-09-10 17:05:04.115667+00:00,2026-09-10 17:05:04.114167+00:00,2026-09-10 17:05:04.115378+00:00,2026-09-10 17:05:04.116063+00:00,,,,,0.40700000000000003,1.211,1.5,0.6849999999999999,18.01,24.948,45.261,CONFIRMED
M01,57912,2026-09-10 17:05:04.241310+00:00,2026-09-10 17:05:04.267292+00:00,2026-09-10 17:05:04.219127+00:00,2026-09-10 17:05:04.220750+00:00,2026-09-10 17:05:04.219411+00:00,2026-09-10 17:05:04.220821+00:00,2026-09-10 17:05:04.221532+00:00,,,,,0.28400000000000003,1.41,1.339,0.7110000000000001,19.778,25.982000000000003,48.165,CONFIRMED
M01,57913,2026-09-10 17:05:04.345538+00:00,2026-09-10 17:05:04.372326+00:00,2026-09-10 17:05:04.324603+00:00,2026-09-10 17:05:04.326394+00:00,2026-09-10 17:05:04.324901+00:00,2026-09-10 17:05:04.326004+00:00,2026-09-10 17:05:04.326509+00:00,,,,,0.298,1.103,1.4929999999999999,0.505,19.029,26.788,47.723,CONFIRMED
M01,57914,2026-09-10 17:05:04.451187+00:00,2026-09-10 17:05:04.478063+00:00,2026-09-10 17:05:04.430350+00:00,2026-09-10 17:05:04.432188+00:00,2026-09-10 17:05:04.430710+00:00,2026-09-10 17:05:04.432164+00:00,2026-09-10 17:05:04.434093+00:00,,,,,0.36000000000000004,1.454,1.478,1.929,17.094,26.876,47.713,CONFIRMED
M01,57915,2026-09-10 17:05:04.562900+00:00,2026-09-10 17:05:04.591298+00:00,2026-09-10 17:05:04.536346+00:00,2026-09-10 17:05:04.537275+00:00,2026-09-10 17:05:04.536560+00:00,2026-09-10 17:05:04.537360+00:00,2026-09-10 17:05:04.538597+00:00,,,,,0.214,0.8,0.7150000000000001,1.237,24.303,28.398,54.952,CONFIRMED
M01,57916,2026-09-10 17:05:04.664871+00:00,2026-09-10 17:05:04.693575+00:00,2026-09-10 17:05:04.639658+00:00,2026-09-10 17:05:04.640796+00:00,2026-09-10 17:05:04.639883+00:00,2026-09-10 17:05:04.640820+00:00,2026-09-10 17:05:04.641317+00:00,,,,,0.225,0.937,0.9129999999999999,0.49700000000000005,23.554,28.704,53.917,CONFIRMED
M01,57917,2026-09-10 17:05:04.764319+00:00,2026-09-10 17:05:04.788852+00:00,2026-09-10 17:05:04.743831+00:00,2026-09-10 17:05:04.744797+00:00,2026-09-10 17:05:04.744088+00:00,2026-09-10 17:05:04.744784+00:00,2026-09-10 17:05:04.745194+00:00,,,,,0.257,0.696,0.709,0.41,19.125,24.532999999999998,45.021,CONFIRMED
M01,57918,2026-09-10 17:05:04.875774+00:00,2026-09-10 17:05:04.901233+00:00,2026-09-10 17:05:04.853044+00:00,2026-09-10 17:05:04.854820+00:00,2026-09-10 17:05:04.853315+00:00,2026-09-10 17:05:04.855553+00:00,2026-09-10 17:05:04.856071+00:00,,,,,0.27099999999999996,2.238,1.5050000000000001,0.518,19.703,25.459,48.189,CONFIRMED
M01,57919,2026-09-10 17:05:04.989872+00:00,2026-09-10 17:05:05.018921+00:00,2026-09-10 17:05:04.966823+00:00,2026-09-10 17:05:04.977330+00:00,2026-09-10 17:05:04.967186+00:00,2026-09-10 17:05:04.968899+00:00,2026-09-10 17:05:04.969852+00:00,,,,,0.363,1.7129999999999999,10.144,0.953,20.02,29.049,52.098,CONFIRMED
M01,57920,2026-09-10 17:05:05.099748+00:00,2026-09-10 17:05:05.125244+00:00,2026-09-10 17:05:05.081192+00:00,2026-09-10 17:05:05.082678+00:00,2026-09-10 17:05:05.081538+00:00,2026-09-10 17:05:05.082666+00:00,2026-09-10 17:05:05.083573+00:00,,,,,0.34600000000000003,1.1280000000000001,1.14,0.907,16.174999999999997,25.496000000000002,44.052,CONFIRMED
M01,57921,2026-09-10 17:05:05.210293+00:00,2026-09-10 17:05:05.235547+00:00,2026-09-10 17:05:05.186067+00:00,2026-09-10 17:05:05.187844+00:00,2026-09-10 17:05:05.186492+00:00,2026-09-10 17:05:05.187795+00:00,2026-09-10 17:05:05.188546+00:00,,,,,0.425,1.303,1.3519999999999999,0.751,21.747,25.253999999999998,49.480000000000004,CONFIRMED
M01,57922,2026-09-10 17:05:05.313850+00:00,2026-09-10 17:05:05.339145+00:00,2026-09-10 17:05:05.293094+00:00,2026-09-10 17:05:05.295964+00:00,2026-09-10 17:05:05.293548+00:00,2026-09-10 17:05:05.295138+00:00,2026-09-10 17:05:05.296152+00:00,,,,,0.45399999999999996,1.59,2.4160000000000004,1.014,17.697999999999997,25.295,46.051,CONFIRMED
M01,57923,2026-09-10 17:05:05.423057+00:00,2026-09-10 17:05:05.454545+00:00,2026-09-10 17:05:05.399087+00:00,2026-09-10 17:05:05.416486+00:00,2026-09-10 17:05:05.399293+00:00,2026-09-10 17:05:05.400289+00:00,2026-09-10 17:05:05.400744+00:00,,,,,0.206,0.9959999999999999,17.193,0.455,22.313,31.488000000000003,55.458,CONFIRMED
M01,57924,2026-09-10 17:05:05.542119+00:00,2026-09-10 17:05:05.576302+00:00,2026-09-10 17:05:05.519706+00:00,2026-09-10 17:05:05.522110+00:00,2026-09-10 17:05:05.519910+00:00,2026-09-10 17:05:05.521456+00:00,2026-09-10 17:05:05.521909+00:00,,,,,0.204,1.546,2.2,0.453,20.209999999999997,34.183,56.596000000000004,CONFIRMED
M01,57925,2026-09-10 17:05:05.644989+00:00,2026-09-10 17:05:05.673404+00:00,2026-09-10 17:05:05.625477+00:00,2026-09-10 17:05:05.626441+00:00,2026-09-10 17:05:05.625687+00:00,2026-09-10 17:05:05.626427+00:00,2026-09-10 17:05:05.626776+00:00,,,,,0.21000000000000002,0.74,0.754,0.34900000000000003,18.213,28.415,47.927,CONFIRMED
M01,57926,2026-09-10 17:05:05.755962+00:00,2026-09-10 17:05:05.781546+00:00,2026-09-10 17:05:05.729924+00:00,2026-09-10 17:05:05.732063+00:00,2026-09-10 17:05:05.730165+00:00,2026-09-10 17:05:05.731336+00:00,2026-09-10 17:05:05.731759+00:00,,,,,0.241,1.171,1.898,0.423,24.203,25.584,51.622,CONFIRMED
M01,57927,2026-09-10 17:05:05.860224+00:00,2026-09-10 17:05:05.892739+00:00,2026-09-10 17:05:05.841196+00:00,2026-09-10 17:05:05.842804+00:00,2026-09-10 17:05:05.841539+00:00,2026-09-10 17:05:05.842845+00:00,2026-09-10 17:05:05.843465+00:00,,,,,0.34299999999999997,1.306,1.2650000000000001,0.62,16.759,32.515,51.543,CONFIRMED
M01,57928,2026-09-10 17:05:05.968885+00:00,2026-09-10 17:05:05.993668+00:00,2026-09-10 17:05:05.946525+00:00,2026-09-10 17:05:05.948022+00:00,2026-09-10 17:05:05.946783+00:00,2026-09-10 17:05:05.948046+00:00,2026-09-10 17:05:05.948726+00:00,,,,,0.258,1.2630000000000001,1.239,0.68,20.159,24.783,47.143,CONFIRMED
M01,57929,2026-09-10 17:05:06.077387+00:00,2026-09-10 17:05:06.103388+00:00,2026-09-10 17:05:06.052483+00:00,2026-09-10 17:05:06.054031+00:00,2026-09-10 17:05:06.052767+00:00,2026-09-10 17:05:06.054087+00:00,2026-09-10 17:05:06.054910+00:00,,,,,0.28400000000000003,1.32,1.264,0.823,22.477,26.001,50.905,CONFIRMED
M01,57930,2026-09-10 17:05:06.183168+00:00,2026-09-10 17:05:06.209169+00:00,2026-09-10 17:05:06.158592+00:00,2026-09-10 17:05:06.159796+00:00,2026-09-10 17:05:06.158798+00:00,2026-09-10 17:05:06.160080+00:00,2026-09-10 17:05:06.160789+00:00,,,,,0.206,1.282,0.998,0.709,22.379,26.001,50.577,CONFIRMED
M01,57931,2026-09-10 17:05:06.282774+00:00,2026-09-10 17:05:06.308846+00:00,2026-09-10 17:05:06.262993+00:00,2026-09-10 17:05:06.264077+00:00,2026-09-10 17:05:06.263188+00:00,2026-09-10 17:05:06.264157+00:00,2026-09-10 17:05:06.264804+00:00,,,,,0.195,0.969,0.889,0.647,17.97,26.072000000000003,45.852999999999994,CONFIRMED
M01,57932,2026-09-10 17:05:06.400550+00:00,2026-09-10 17:05:06.426172+00:00,2026-09-10 17:05:06.373692+00:00,2026-09-10 17:05:06.376646+00:00,2026-09-10 17:05:06.374249+00:00,2026-09-10 17:05:06.375632+00:00,2026-09-10 17:05:06.376321+00:00,,,,,0.5569999999999999,1.383,2.397,0.6890000000000001,24.229,25.622,52.48,CONFIRMED
M01,57933,2026-09-10 17:05:06.500649+00:00,2026-09-10 17:05:06.533020+00:00,2026-09-10 17:05:06.479405+00:00,2026-09-10 17:05:06.482108+00:00,2026-09-10 17:05:06.479608+00:00,2026-09-10 17:05:06.480708+00:00,2026-09-10 17:05:06.481137+00:00,,,,,0.203,1.1,2.5,0.429,19.512,32.370999999999995,53.615,CONFIRMED
M01,57934,2026-09-10 17:05:06.608347+00:00,2026-09-10 17:05:06.633975+00:00,2026-09-10 17:05:06.585014+00:00,2026-09-10 17:05:06.586196+00:00,2026-09-10 17:05:06.585276+00:00,2026-09-10 17:05:06.586250+00:00,2026-09-10 17:05:06.586825+00:00,,,,,0.262,0.9740000000000001,0.92,0.575,21.522,25.628,48.961,CONFIRMED
M01,57935,2026-09-10 17:05:06.711065+00:00,2026-09-10 17:05:06.753277+00:00,2026-09-10 17:05:06.689511+00:00,2026-09-10 17:05:06.692408+00:00,2026-09-10 17:05:06.689813+00:00,2026-09-10 17:05:06.691082+00:00,2026-09-10 17:05:06.691417+00:00,,,,,0.30200000000000005,1.269,2.595,0.335,19.648,42.211999999999996,63.766000000000005,CONFIRMED
M01,57936,2026-09-10 17:05:06.815521+00:00,2026-09-10 17:05:06.848990+00:00,2026-09-10 17:05:06.794638+00:00,2026-09-10 17:05:06.796161+00:00,2026-09-10 17:05:06.794812+00:00,2026-09-10 17:05:06.795672+00:00,2026-09-10 17:05:06.796072+00:00,,,,,0.174,0.86,1.349,0.4,19.449,33.469,54.352,CONFIRMED
M01,57937,2026-09-10 17:05:06.916299+00:00,2026-09-10 17:05:06.943272+00:00,2026-09-10 17:05:06.898178+00:00,2026-09-10 17:05:06.899405+00:00,2026-09-10 17:05:06.898463+00:00,2026-09-10 17:05:06.899568+00:00,2026-09-10 17:05:06.900042+00:00,,,,,0.285,1.105,0.9420000000000001,0.474,16.257,26.973,45.094,CONFIRMED
M01,57938,2026-09-10 17:05:07.056697+00:00,2026-09-10 17:05:07.081180+00:00,2026-09-10 17:05:07.005880+00:00,2026-09-10 17:05:07.007265+00:00,2026-09-10 17:05:07.006280+00:00,2026-09-10 17:05:07.007594+00:00,2026-09-10 17:05:07.038002+00:00,,,,,0.4,1.314,0.985,30.408,18.695,24.483,75.30000000000001,CONFIRMED
M01,57939,2026-09-10 17:05:07.165715+00:00,2026-09-10 17:05:07.192971+00:00,2026-09-10 17:05:07.139975+00:00,2026-09-10 17:05:07.141179+00:00,2026-09-10 17:05:07.140140+00:00,2026-09-10 17:05:07.141508+00:00,2026-09-10 17:05:07.142144+00:00,,,,,0.165,1.368,1.039,0.636,23.571,27.256,52.996,CONFIRMED
M01,57940,2026-09-10 17:05:07.284317+00:00,2026-09-10 17:05:07.319688+00:00,2026-09-10 17:05:07.252385+00:00,2026-09-10 17:05:07.261627+00:00,2026-09-10 17:05:07.252614+00:00,2026-09-10 17:05:07.265446+00:00,2026-09-10 17:05:07.265889+00:00,,,,,0.229,12.831999999999999,9.013,0.443,18.428,35.371,67.303,CONFIRMED
M01,57941,2026-09-10 17:05:07.388270+00:00,2026-09-10 17:05:07.416979+00:00,2026-09-10 17:05:07.368407+00:00,2026-09-10 17:05:07.369155+00:00,2026-09-10 17:05:07.368557+00:00,2026-09-10 17:05:07.369218+00:00,2026-09-10 17:05:07.369595+00:00,,,,,0.15,0.661,0.598,0.377,18.675,28.709,48.571999999999996,CONFIRMED
M01,57942,2026-09-10 17:05:07.491178+00:00,2026-09-10 17:05:07.516624+00:00,2026-09-10 17:05:07.471323+00:00,2026-09-10 17:05:07.472460+00:00,2026-09-10 17:05:07.471513+00:00,2026-09-10 17:05:07.472445+00:00,2026-09-10 17:05:07.473032+00:00,,,,,0.19,0.9319999999999999,0.9470000000000001,0.587,18.145999999999997,25.446,45.301,CONFIRMED
M01,57943,2026-09-10 17:05:07.601047+00:00,2026-09-10 17:05:07.635249+00:00,2026-09-10 17:05:07.575214+00:00,2026-09-10 17:05:07.576420+00:00,2026-09-10 17:05:07.575497+00:00,2026-09-10 17:05:07.576544+00:00,2026-09-10 17:05:07.576957+00:00,,,,,0.283,1.047,0.923,0.41300000000000003,24.09,34.202000000000005,60.035,CONFIRMED
M01,57944,2026-09-10 17:05:07.697720+00:00,2026-09-10 17:05:07.733837+00:00,2026-09-10 17:05:07.679629+00:00,2026-09-10 17:05:07.680550+00:00,2026-09-10 17:05:07.679817+00:00,2026-09-10 17:05:07.680470+00:00,2026-09-10 17:05:07.680952+00:00,,,,,0.188,0.653,0.733,0.482,16.768,36.117000000000004,54.208,CONFIRMED
M01,57945,2026-09-10 17:05:07.801362+00:00,2026-09-10 17:05:07.825785+00:00,2026-09-10 17:05:07.783367+00:00,2026-09-10 17:05:07.784302+00:00,2026-09-10 17:05:07.783539+00:00,2026-09-10 17:05:07.784293+00:00,2026-09-10 17:05:07.784712+00:00,,,,,0.17200000000000001,0.754,0.763,0.419,16.650000000000002,24.423000000000002,42.418,CONFIRMED
M01,57946,2026-09-10 17:05:07.909281+00:00,2026-09-10 17:05:07.934343+00:00,2026-09-10 17:05:07.887899+00:00,2026-09-10 17:05:07.889274+00:00,2026-09-10 17:05:07.888160+00:00,2026-09-10 17:05:07.889368+00:00,2026-09-10 17:05:07.890162+00:00,,,,,0.261,1.2080000000000002,1.1139999999999999,0.794,19.119,25.062,46.444,CONFIRMED
M01,57947,2026-09-10 17:05:08.014831+00:00,2026-09-10 17:05:08.050022+00:00,2026-09-10 17:05:07.991679+00:00,2026-09-10 17:05:07.995234+00:00,2026-09-10 17:05:07.991979+00:00,2026-09-10 17:05:07.993091+00:00,2026-09-10 17:05:07.993708+00:00,,,,,0.3,1.1119999999999999,3.255,0.617,21.123,35.191,58.342999999999996,CONFIRMED
M01,57948,2026-09-10 17:05:08.139158+00:00,2026-09-10 17:05:08.165689+00:00,2026-09-10 17:05:08.110232+00:00,2026-09-10 17:05:08.111561+00:00,2026-09-10 17:05:08.110483+00:00,2026-09-10 17:05:08.111528+00:00,2026-09-10 17:05:08.112189+00:00,,,,,0.251,1.045,1.078,0.661,26.969,26.531,55.457,CONFIRMED
M01,57949,2026-09-10 17:05:08.237568+00:00,2026-09-10 17:05:08.264965+00:00,2026-09-10 17:05:08.214589+00:00,2026-09-10 17:05:08.216211+00:00,2026-09-10 17:05:08.214856+00:00,2026-09-10 17:05:08.216045+00:00,2026-09-10 17:05:08.216875+00:00,,,,,0.26699999999999996,1.189,1.355,0.83,20.692999999999998,27.397000000000002,50.376,CONFIRMED
M01,57950,2026-09-10 17:05:08.349298+00:00,2026-09-10 17:05:08.393341+00:00,2026-09-10 17:05:08.320326+00:00,2026-09-10 17:05:08.338223+00:00,2026-09-10 17:05:08.320526+00:00,2026-09-10 17:05:08.321621+00:00,2026-09-10 17:05:08.322181+00:00,,,,,0.2,1.095,17.697,0.5599999999999999,27.116999999999997,44.043,73.015,CONFIRMED
M01,57951,2026-09-10 17:05:08.463852+00:00,2026-09-10 17:05:08.490970+00:00,2026-09-10 17:05:08.445368+00:00,2026-09-10 17:05:08.446504+00:00,2026-09-10 17:05:08.445694+00:00,2026-09-10 17:05:08.446460+00:00,2026-09-10 17:05:08.447164+00:00,,,,,0.326,0.766,0.8099999999999999,0.704,16.688000000000002,27.118,45.602,CONFIRMED
M01,57952,2026-09-10 17:05:08.576303+00:00,2026-09-10 17:05:08.600301+00:00,2026-09-10 17:05:08.550411+00:00,2026-09-10 17:05:08.551438+00:00,2026-09-10 17:05:08.550610+00:00,2026-09-10 17:05:08.551598+00:00,2026-09-10 17:05:08.552104+00:00,,,,,0.199,0.988,0.828,0.506,24.198999999999998,23.997999999999998,49.88999999999999,CONFIRMED
M01,57953,2026-09-10 17:05:08.674106+00:00,2026-09-10 17:05:08.706980+00:00,2026-09-10 17:05:08.654486+00:00,2026-09-10 17:05:08.655852+00:00,2026-09-10 17:05:08.654764+00:00,2026-09-10 17:05:08.655853+00:00,2026-09-10 17:05:08.656511+00:00,,,,,0.27799999999999997,1.089,1.088,0.6579999999999999,17.595,32.874,52.494,CONFIRMED
M01,57954,2026-09-10 17:05:08.785046+00:00,2026-09-10 17:05:08.815735+00:00,2026-09-10 17:05:08.759107+00:00,2026-09-10 17:05:08.760922+00:00,2026-09-10 17:05:08.759283+00:00,2026-09-10 17:05:08.760127+00:00,2026-09-10 17:05:08.760508+00:00,,,,,0.176,0.844,1.639,0.381,24.538,30.689,56.628,CONFIRMED
M01,57955,2026-09-10 17:05:08.911742+00:00,2026-09-10 17:05:08.941383+00:00,2026-09-10 17:05:08.879768+00:00,2026-09-10 17:05:08.882667+00:00,2026-09-10 17:05:08.880224+00:00,2026-09-10 17:05:08.881996+00:00,2026-09-10 17:05:08.882993+00:00,,,,,0.456,1.772,2.443,0.9970000000000001,28.749,29.641000000000002,61.615,CONFIRMED
M01,57956,2026-09-10 17:05:09.007450+00:00,2026-09-10 17:05:09.038957+00:00,2026-09-10 17:05:08.986268+00:00,2026-09-10 17:05:08.988317+00:00,2026-09-10 17:05:08.986473+00:00,2026-09-10 17:05:08.987164+00:00,2026-09-10 17:05:08.987561+00:00,,,,,0.205,0.691,1.8439999999999999,0.397,19.889,31.507,52.689,CONFIRMED
M01,57957,2026-09-10 17:05:09.114087+00:00,2026-09-10 17:05:09.138201+00:00,2026-09-10 17:05:09.094983+00:00,2026-09-10 17:05:09.096438+00:00,2026-09-10 17:05:09.095436+00:00,2026-09-10 17:05:09.096262+00:00,2026-09-10 17:05:09.096717+00:00,,,,,0.453,0.8260000000000001,1.002,0.455,17.37,24.114,43.217999999999996,CONFIRMED
M01,57958,2026-09-10 17:05:09.229925+00:00,2026-09-10 17:05:09.255529+00:00,2026-09-10 17:05:09.200123+00:00,2026-09-10 17:05:09.202787+00:00,2026-09-10 17:05:09.200528+00:00,2026-09-10 17:05:09.202335+00:00,2026-09-10 17:05:09.202825+00:00,,,,,0.40499999999999997,1.807,2.2590000000000003,0.49,27.099999999999998,25.604,55.406,CONFIRMED
M01,57959,2026-09-10 17:05:09.329060+00:00,2026-09-10 17:05:09.356414+00:00,2026-09-10 17:05:09.306547+00:00,2026-09-10 17:05:09.307828+00:00,2026-09-10 17:05:09.306836+00:00,2026-09-10 17:05:09.307829+00:00,2026-09-10 17:05:09.308491+00:00,,,,,0.289,0.993,0.992,0.662,20.569,27.354,49.867000000000004,CONFIRMED
M01,57960,2026-09-10 17:05:09.435394+00:00,2026-09-10 17:05:09.461473+00:00,2026-09-10 17:05:09.411586+00:00,2026-09-10 17:05:09.413306+00:00,2026-09-10 17:05:09.411939+00:00,2026-09-10 17:05:09.413276+00:00,2026-09-10 17:05:09.414117+00:00,,,,,0.35300000000000004,1.3370000000000002,1.367,0.841,21.277,26.079,49.887,CONFIRMED
M01,57961,2026-09-10 17:05:09.549138+00:00,2026-09-10 17:05:09.573530+00:00,2026-09-10 17:05:09.516708+00:00,2026-09-10 17:05:09.518661+00:00,2026-09-10 17:05:09.516963+00:00,2026-09-10 17:05:09.527071+00:00,2026-09-10 17:05:09.527361+00:00,,,,,0.255,10.108,1.6980000000000002,0.29,21.777,24.392,56.821999999999996,CONFIRMED
M01,57962,2026-09-10 17:05:09.665800+00:00,2026-09-10 17:05:09.696733+00:00,2026-09-10 17:05:09.634200+00:00,2026-09-10 17:05:09.643110+00:00,2026-09-10 17:05:09.634385+00:00,2026-09-10 17:05:09.643354+00:00,2026-09-10 17:05:09.644024+00:00,,,,,0.185,8.969,8.725,0.67,21.776,30.933,62.53300000000001,CONFIRMED
M01,57963,2026-09-10 17:05:09.770580+00:00,2026-09-10 17:05:09.806724+00:00,2026-09-10 17:05:09.748372+00:00,2026-09-10 17:05:09.749832+00:00,2026-09-10 17:05:09.748604+00:00,2026-09-10 17:05:09.749679+00:00,2026-09-10 17:05:09.750293+00:00,,,,,0.232,1.075,1.228,0.614,20.287,36.144000000000005,58.352000000000004,CONFIRMED
M01,57964,2026-09-10 17:05:09.877190+00:00,2026-09-10 17:05:09.904367+00:00,2026-09-10 17:05:09.853791+00:00,2026-09-10 17:05:09.855250+00:00,2026-09-10 17:05:09.854101+00:00,2026-09-10 17:05:09.855229+00:00,2026-09-10 17:05:09.855792+00:00,,,,,0.31,1.1280000000000001,1.149,0.5630000000000001,21.398,27.177,50.576,CONFIRMED
M01,57965,2026-09-10 17:05:09.979301+00:00,2026-09-10 17:05:10.006557+00:00,2026-09-10 17:05:09.959963+00:00,2026-09-10 17:05:09.960953+00:00,2026-09-10 17:05:09.960211+00:00,2026-09-10 17:05:09.961095+00:00,2026-09-10 17:05:09.961545+00:00,,,,,0.248,0.884,0.742,0.45,17.756,27.256,46.593999999999994,CONFIRMED
M01,57966,2026-09-10 17:05:10.089277+00:00,2026-09-10 17:05:10.114246+00:00,2026-09-10 17:05:10.063431+00:00,2026-09-10 17:05:10.064778+00:00,2026-09-10 17:05:10.063727+00:00,2026-09-10 17:05:10.064839+00:00,2026-09-10 17:05:10.065801+00:00,,,,,0.296,1.1119999999999999,1.0510000000000002,0.962,23.476,24.969,50.815,CONFIRMED
M01,57967,2026-09-10 17:05:10.190272+00:00,2026-09-10 17:05:10.217551+00:00,2026-09-10 17:05:10.167274+00:00,2026-09-10 17:05:10.168693+00:00,2026-09-10 17:05:10.167545+00:00,2026-09-10 17:05:10.168812+00:00,2026-09-10 17:05:10.169641+00:00,,,,,0.27099999999999996,1.267,1.148,0.829,20.631,27.279,50.277,CONFIRMED
M01,57968,2026-09-10 17:05:10.296367+00:00,2026-09-10 17:05:10.322543+00:00,2026-09-10 17:05:10.275015+00:00,2026-09-10 17:05:10.276314+00:00,2026-09-10 17:05:10.275250+00:00,2026-09-10 17:05:10.275995+00:00,2026-09-10 17:05:10.276482+00:00,,,,,0.235,0.745,1.064,0.48700000000000004,19.885,26.176000000000002,47.528,CONFIRMED
M01,57969,2026-09-10 17:05:10.411824+00:00,2026-09-10 17:05:10.441765+00:00,2026-09-10 17:05:10.380436+00:00,2026-09-10 17:05:10.386786+00:00,2026-09-10 17:05:10.380769+00:00,2026-09-10 17:05:10.385682+00:00,2026-09-10 17:05:10.386812+00:00,,,,,0.333,4.913,6.0169999999999995,1.13,25.012,29.941,61.329,CONFIRMED
M01,57970,2026-09-10 17:05:10.509317+00:00,2026-09-10 17:05:10.543522+00:00,2026-09-10 17:05:10.489073+00:00,2026-09-10 17:05:10.492063+00:00,2026-09-10 17:05:10.489288+00:00,2026-09-10 17:05:10.490683+00:00,2026-09-10 17:05:10.491288+00:00,,,,,0.215,1.395,2.775,0.605,18.029,34.205,54.449,CONFIRMED
M01,57971,2026-09-10 17:05:10.616187+00:00,2026-09-10 17:05:10.642604+00:00,2026-09-10 17:05:10.594967+00:00,2026-09-10 17:05:10.596042+00:00,2026-09-10 17:05:10.595143+00:00,2026-09-10 17:05:10.595970+00:00,2026-09-10 17:05:10.596405+00:00,,,,,0.176,0.8270000000000001,0.8989999999999999,0.435,19.782,26.416999999999998,47.637,CONFIRMED
M01,57972,2026-09-10 17:05:10.723909+00:00,2026-09-10 17:05:10.754219+00:00,2026-09-10 17:05:10.699249+00:00,2026-09-10 17:05:10.700368+00:00,2026-09-10 17:05:10.699478+00:00,2026-09-10 17:05:10.700327+00:00,2026-09-10 17:05:10.701077+00:00,,,,,0.229,0.8490000000000001,0.8899999999999999,0.75,22.832,30.31,54.97,CONFIRMED
M01,57973,2026-09-10 17:05:10.825618+00:00,2026-09-10 17:05:10.855053+00:00,2026-09-10 17:05:10.803244+00:00,2026-09-10 17:05:10.804183+00:00,2026-09-10 17:05:10.803514+00:00,2026-09-10 17:05:10.804191+00:00,2026-09-10 17:05:10.804575+00:00,,,,,0.27,0.6769999999999999,0.669,0.384,21.043,29.435,51.809,CONFIRMED
M01,57974,2026-09-10 17:05:10.941315+00:00,2026-09-10 17:05:10.967534+00:00,2026-09-10 17:05:10.908631+00:00,2026-09-10 17:05:10.911820+00:00,2026-09-10 17:05:10.909025+00:00,2026-09-10 17:05:10.919479+00:00,2026-09-10 17:05:10.919918+00:00,,,,,0.39399999999999996,10.454,2.7950000000000004,0.439,21.397,26.218999999999998,58.903,CONFIRMED
M01,57975,2026-09-10 17:05:11.049283+00:00,2026-09-10 17:05:11.081778+00:00,2026-09-10 17:05:11.026632+00:00,2026-09-10 17:05:11.034387+00:00,2026-09-10 17:05:11.026888+00:00,2026-09-10 17:05:11.034363+00:00,2026-09-10 17:05:11.034672+00:00,,,,,0.256,7.475,7.499,0.309,14.611,32.495000000000005,55.146,CONFIRMED
M01,57976,2026-09-10 17:05:11.169003+00:00,2026-09-10 17:05:11.196537+00:00,2026-09-10 17:05:11.138300+00:00,2026-09-10 17:05:11.139442+00:00,2026-09-10 17:05:11.138555+00:00,2026-09-10 17:05:11.139398+00:00,2026-09-10 17:05:11.140028+00:00,,,,,0.255,0.843,0.887,0.63,28.975,27.534,58.236999999999995,CONFIRMED
M01,57977,2026-09-10 17:05:11.268648+00:00,2026-09-10 17:05:11.296863+00:00,2026-09-10 17:05:11.241662+00:00,2026-09-10 17:05:11.242930+00:00,2026-09-10 17:05:11.241885+00:00,2026-09-10 17:05:11.242642+00:00,2026-09-10 17:05:11.243030+00:00,,,,,0.223,0.757,1.045,0.388,25.618,28.215,55.201,CONFIRMED
M01,57978,2026-09-10 17:05:11.366369+00:00,2026-09-10 17:05:11.391734+00:00,2026-09-10 17:05:11.347547+00:00,2026-09-10 17:05:11.348445+00:00,2026-09-10 17:05:11.347769+00:00,2026-09-10 17:05:11.348410+00:00,2026-09-10 17:05:11.348679+00:00,,,,,0.222,0.641,0.6759999999999999,0.26899999999999996,17.69,25.365,44.187,CONFIRMED
M01,57979,2026-09-10 17:05:11.470823+00:00,2026-09-10 17:05:11.497420+00:00,2026-09-10 17:05:11.450917+00:00,2026-09-10 17:05:11.452484+00:00,2026-09-10 17:05:11.451254+00:00,2026-09-10 17:05:11.452361+00:00,2026-09-10 17:05:11.453167+00:00,,,,,0.337,1.107,1.23,0.8059999999999999,17.656000000000002,26.596999999999998,46.503,CONFIRMED
M01,57980,2026-09-10 17:05:11.580685+00:00,2026-09-10 17:05:11.606047+00:00,2026-09-10 17:05:11.556418+00:00,2026-09-10 17:05:11.559534+00:00,2026-09-10 17:05:11.556539+00:00,2026-09-10 17:05:11.558025+00:00,2026-09-10 17:05:11.558398+00:00,,,,,0.121,1.486,2.9949999999999997,0.373,22.287000000000003,25.362,49.629,CONFIRMED
M01,57981,2026-09-10 17:05:11.681974+00:00,2026-09-10 17:05:11.712801+00:00,2026-09-10 17:05:11.663929+00:00,2026-09-10 17:05:11.665116+00:00,2026-09-10 17:05:11.664166+00:00,2026-09-10 17:05:11.666093+00:00,2026-09-10 17:05:11.666450+00:00,,,,,0.237,1.9269999999999998,0.95,0.357,15.524,30.827,48.872,CONFIRMED
M01,57982,2026-09-10 17:05:11.790043+00:00,2026-09-10 17:05:11.825018+00:00,2026-09-10 17:05:11.768707+00:00,2026-09-10 17:05:11.769504+00:00,2026-09-10 17:05:11.768907+00:00,2026-09-10 17:05:11.769492+00:00,2026-09-10 17:05:11.769884+00:00,,,,,0.2,0.585,0.597,0.392,20.159,34.975,56.311,CONFIRMED
M01,57983,2026-09-10 17:05:11.901460+00:00,2026-09-10 17:05:11.936138+00:00,2026-09-10 17:05:11.872122+00:00,2026-09-10 17:05:11.873086+00:00,2026-09-10 17:05:11.872274+00:00,2026-09-10 17:05:11.873122+00:00,2026-09-10 17:05:11.873742+00:00,,,,,0.152,0.848,0.812,0.62,27.718,34.678,64.016,CONFIRMED
M01,57984,2026-09-10 17:05:11.999551+00:00,2026-09-10 17:05:12.031897+00:00,2026-09-10 17:05:11.975987+00:00,2026-09-10 17:05:11.977086+00:00,2026-09-10 17:05:11.976275+00:00,2026-09-10 17:05:11.977080+00:00,2026-09-10 17:05:11.977482+00:00,,,,,0.28800000000000003,0.805,0.8109999999999999,0.402,22.069,32.346,55.910000000000004,CONFIRMED
M01,57985,2026-09-10 17:05:12.100171+00:00,2026-09-10 17:05:12.134125+00:00,2026-09-10 17:05:12.080305+00:00,2026-09-10 17:05:12.085236+00:00,2026-09-10 17:05:12.080571+00:00,2026-09-10 17:05:12.081480+00:00,2026-09-10 17:05:12.081937+00:00,,,,,0.266,0.909,4.665,0.457,18.234,33.954,53.82,CONFIRMED
M01,57986,2026-09-10 17:05:12.207767+00:00,2026-09-10 17:05:12.234334+00:00,2026-09-10 17:05:12.187918+00:00,2026-09-10 17:05:12.188940+00:00,2026-09-10 17:05:12.188208+00:00,2026-09-10 17:05:12.188942+00:00,2026-09-10 17:05:12.189538+00:00,,,,,0.29,0.734,0.732,0.596,18.229,26.567,46.416,CONFIRMED
M01,57987,2026-09-10 17:05:12.312780+00:00,2026-09-10 17:05:12.342903+00:00,2026-09-10 17:05:12.291647+00:00,2026-09-10 17:05:12.294176+00:00,2026-09-10 17:05:12.292251+00:00,2026-09-10 17:05:12.293918+00:00,2026-09-10 17:05:12.294484+00:00,,,,,0.6040000000000001,1.667,1.925,0.566,18.296,30.123,51.256,CONFIRMED
M01,57988,2026-09-10 17:05:12.418495+00:00,2026-09-10 17:05:12.443032+00:00,2026-09-10 17:05:12.398369+00:00,2026-09-10 17:05:12.399448+00:00,2026-09-10 17:05:12.398542+00:00,2026-09-10 17:05:12.399271+00:00,2026-09-10 17:05:12.399846+00:00,,,,,0.17300000000000001,0.7290000000000001,0.906,0.575,18.648999999999997,24.537,44.663000000000004,CONFIRMED
M01,57989,2026-09-10 17:05:12.521359+00:00,2026-09-10 17:05:12.554039+00:00,2026-09-10 17:05:12.503146+00:00,2026-09-10 17:05:12.507630+00:00,2026-09-10 17:05:12.503480+00:00,2026-09-10 17:05:12.504725+00:00,2026-09-10 17:05:12.505189+00:00,,,,,0.33399999999999996,1.245,4.15,0.464,16.17,32.68,50.893,CONFIRMED
M01,57990,2026-09-10 17:05:12.628422+00:00,2026-09-10 17:05:12.656002+00:00,2026-09-10 17:05:12.610809+00:00,2026-09-10 17:05:12.613384+00:00,2026-09-10 17:05:12.611128+00:00,2026-09-10 17:05:12.612030+00:00,2026-09-10 17:05:12.612496+00:00,,,,,0.319,0.902,2.2560000000000002,0.46599999999999997,15.925999999999998,27.580000000000002,45.193,CONFIRMED
M01,57991,2026-09-10 17:05:12.738253+00:00,2026-09-10 17:05:12.763715+00:00,2026-09-10 17:05:12.715626+00:00,2026-09-10 17:05:12.717727+00:00,2026-09-10 17:05:12.716140+00:00,2026-09-10 17:05:12.717928+00:00,2026-09-10 17:05:12.718824+00:00,,,,,0.514,1.788,1.5870000000000002,0.896,19.429,25.462,48.089,CONFIRMED
M01,57992,2026-09-10 17:05:12.845813+00:00,2026-09-10 17:05:12.870424+00:00,2026-09-10 17:05:12.821712+00:00,2026-09-10 17:05:12.825214+00:00,2026-09-10 17:05:12.821965+00:00,2026-09-10 17:05:12.825201+00:00,2026-09-10 17:05:12.825584+00:00,,,,,0.253,3.236,3.249,0.383,20.229,24.611,48.711999999999996,CONFIRMED
M01,57993,2026-09-10 17:05:12.953634+00:00,2026-09-10 17:05:12.977734+00:00,2026-09-10 17:05:12.928687+00:00,2026-09-10 17:05:12.932271+00:00,2026-09-10 17:05:12.929239+00:00,2026-09-10 17:05:12.931758+00:00,2026-09-10 17:05:12.932363+00:00,,,,,0.5519999999999999,2.519,3.032,0.605,21.271,24.1,49.047,CONFIRMED
M01,57994,2026-09-10 17:05:13.053845+00:00,2026-09-10 17:05:13.082571+00:00,2026-09-10 17:05:13.035102+00:00,2026-09-10 17:05:13.035995+00:00,2026-09-10 17:05:13.035272+00:00,2026-09-10 17:05:13.035986+00:00,2026-09-10 17:05:13.036420+00:00,,,,,0.17,0.714,0.723,0.434,17.425,28.726000000000003,47.468999999999994,CONFIRMED
M01,57995,2026-09-10 17:05:13.161003+00:00,2026-09-10 17:05:13.185433+00:00,2026-09-10 17:05:13.138620+00:00,2026-09-10 17:05:13.146334+00:00,2026-09-10 17:05:13.138969+00:00,2026-09-10 17:05:13.140689+00:00,2026-09-10 17:05:13.141431+00:00,,,,,0.34900000000000003,1.72,7.365,0.742,19.572,24.43,46.813,CONFIRMED
M01,57996,2026-09-10 17:05:13.275752+00:00,2026-09-10 17:05:13.299998+00:00,2026-09-10 17:05:13.254145+00:00,2026-09-10 17:05:13.255868+00:00,2026-09-10 17:05:13.254508+00:00,2026-09-10 17:05:13.255880+00:00,2026-09-10 17:05:13.256340+00:00,,,,,0.363,1.3719999999999999,1.36,0.46,19.412,24.246,45.852999999999994,CONFIRMED
M01,57997,2026-09-10 17:05:13.384700+00:00,2026-09-10 17:05:13.411625+00:00,2026-09-10 17:05:13.360087+00:00,2026-09-10 17:05:13.361099+00:00,2026-09-10 17:05:13.360450+00:00,2026-09-10 17:05:13.361260+00:00,2026-09-10 17:05:13.361826+00:00,,,,,0.363,0.8099999999999999,0.6489999999999999,0.566,22.874,26.925,51.538000000000004,CONFIRMED
M01,57998,2026-09-10 17:05:13.490573+00:00,2026-09-10 17:05:13.519672+00:00,2026-09-10 17:05:13.464204+00:00,2026-09-10 17:05:13.465291+00:00,2026-09-10 17:05:13.464497+00:00,2026-09-10 17:05:13.465222+00:00,2026-09-10 17:05:13.465646+00:00,,,,,0.29300000000000004,0.725,0.794,0.424,24.927,29.099,55.468,CONFIRMED
M01,57999,2026-09-10 17:05:13.587313+00:00,2026-09-10 17:05:13.616435+00:00,2026-09-10 17:05:13.568237+00:00,2026-09-10 17:05:13.569333+00:00,2026-09-10 17:05:13.568511+00:00,2026-09-10 17:05:13.569237+00:00,2026-09-10 17:05:13.569643+00:00,,,,,0.27399999999999997,0.726,0.8220000000000001,0.406,17.67,29.122,48.198,CONFIRMED
M01,58000,2026-09-10 17:05:13.691605+00:00,2026-09-10 17:05:13.716422+00:00,2026-09-10 17:05:13.672802+00:00,2026-09-10 17:05:13.674064+00:00,2026-09-10 17:05:13.673086+00:00,2026-09-10 17:05:13.674204+00:00,2026-09-10 17:05:13.674843+00:00,,,,,0.28400000000000003,1.118,0.9779999999999999,0.639,16.762,24.817,43.62,CONFIRMED
M01,58001,2026-09-10 17:05:13.806970+00:00,2026-09-10 17:05:13.840589+00:00,2026-09-10 17:05:13.777859+00:00,2026-09-10 17:05:13.780408+00:00,2026-09-10 17:05:13.778046+00:00,2026-09-10 17:05:13.779584+00:00,2026-09-10 17:05:13.780140+00:00,,,,,0.187,1.538,2.362,0.5559999999999999,26.83,33.619,62.73,CONFIRMED
M01,58002,2026-09-10 17:05:13.903161+00:00,2026-09-10 17:05:13.931760+00:00,2026-09-10 17:05:13.884842+00:00,2026-09-10 17:05:13.885858+00:00,2026-09-10 17:05:13.885119+00:00,2026-09-10 17:05:13.885735+00:00,2026-09-10 17:05:13.885999+00:00,,,,,0.277,0.616,0.739,0.264,17.162,28.599,46.918,CONFIRMED
M01,58003,2026-09-10 17:05:14.006003+00:00,2026-09-10 17:05:14.032305+00:00,2026-09-10 17:05:13.987763+00:00,2026-09-10 17:05:13.988836+00:00,2026-09-10 17:05:13.988047+00:00,2026-09-10 17:05:13.988948+00:00,2026-09-10 17:05:13.989396+00:00,,,,,0.28400000000000003,0.901,0.789,0.448,16.607,26.302,44.542,CONFIRMED
M01,58004,2026-09-10 17:05:14.111723+00:00,2026-09-10 17:05:14.138702+00:00,2026-09-10 17:05:14.091491+00:00,2026-09-10 17:05:14.093343+00:00,2026-09-10 17:05:14.091923+00:00,2026-09-10 17:05:14.093241+00:00,2026-09-10 17:05:14.093903+00:00,,,,,0.432,1.3179999999999998,1.42,0.662,17.82,26.979,47.211000000000006,CONFIRMED
M01,58005,2026-09-10 17:05:14.221344+00:00,2026-09-10 17:05:14.246037+00:00,2026-09-10 17:05:14.196857+00:00,2026-09-10 17:05:14.198835+00:00,2026-09-10 17:05:14.197268+00:00,2026-09-10 17:05:14.198649+00:00,2026-09-10 17:05:14.199383+00:00,,,,,0.41100000000000003,1.381,1.567,0.734,21.961000000000002,24.693,49.18,CONFIRMED
M01,58006,2026-09-10 17:05:14.324856+00:00,2026-09-10 17:05:14.351503+00:00,2026-09-10 17:05:14.302233+00:00,2026-09-10 17:05:14.303594+00:00,2026-09-10 17:05:14.302440+00:00,2026-09-10 17:05:14.303408+00:00,2026-09-10 17:05:14.303962+00:00,,,,,0.207,0.968,1.1540000000000001,0.554,20.894,26.647000000000002,49.27,CONFIRMED
M01,58007,2026-09-10 17:05:14.427748+00:00,2026-09-10 17:05:14.453298+00:00,2026-09-10 17:05:14.406928+00:00,2026-09-10 17:05:14.408303+00:00,2026-09-10 17:05:14.407122+00:00,2026-09-10 17:05:14.408010+00:00,2026-09-10 17:05:14.408622+00:00,,,,,0.194,0.888,1.181,0.612,19.126,25.55,46.370000000000005,CONFIRMED
M01,58008,2026-09-10 17:05:14.531091+00:00,2026-09-10 17:05:14.559263+00:00,2026-09-10 17:05:14.511804+00:00,2026-09-10 17:05:14.517115+00:00,2026-09-10 17:05:14.512077+00:00,2026-09-10 17:05:14.513364+00:00,2026-09-10 17:05:14.514025+00:00,,,,,0.273,1.287,5.038,0.661,17.066000000000003,28.172,47.459,CONFIRMED
M01,58009,2026-09-10 17:05:14.637865+00:00,2026-09-10 17:05:14.667776+00:00,2026-09-10 17:05:14.620013+00:00,2026-09-10 17:05:14.621509+00:00,2026-09-10 17:05:14.620195+00:00,2026-09-10 17:05:14.620868+00:00,2026-09-10 17:05:14.621225+00:00,,,,,0.182,0.673,1.314,0.357,16.639999999999997,29.911,47.763,CONFIRMED
M01,58010,2026-09-10 17:05:14.747935+00:00,2026-09-10 17:05:14.774686+00:00,2026-09-10 17:05:14.724752+00:00,2026-09-10 17:05:14.726866+00:00,2026-09-10 17:05:14.725194+00:00,2026-09-10 17:05:14.726894+00:00,2026-09-10 17:05:14.727462+00:00,,,,,0.442,1.7,1.6720000000000002,0.5680000000000001,20.473000000000003,26.751,49.934,CONFIRMED
M01,58011,2026-09-10 17:05:14.860334+00:00,2026-09-10 17:05:14.887096+00:00,2026-09-10 17:05:14.829799+00:00,2026-09-10 17:05:14.831339+00:00,2026-09-10 17:05:14.830129+00:00,2026-09-10 17:05:14.831253+00:00,2026-09-10 17:05:14.831645+00:00,,,,,0.33,1.124,1.21,0.392,28.689,26.762,57.297000000000004,CONFIRMED
M01,58012,2026-09-10 17:05:14.963468+00:00,2026-09-10 17:05:14.990303+00:00,2026-09-10 17:05:14.934558+00:00,2026-09-10 17:05:14.946871+00:00,2026-09-10 17:05:14.934717+00:00,2026-09-10 17:05:14.935445+00:00,2026-09-10 17:05:14.935809+00:00,,,,,0.159,0.728,12.154,0.364,27.659,26.835,55.745000000000005,CONFIRMED
M01,58013,2026-09-10 17:05:15.076152+00:00,2026-09-10 17:05:15.101301+00:00,2026-09-10 17:05:15.051652+00:00,2026-09-10 17:05:15.053206+00:00,2026-09-10 17:05:15.051993+00:00,2026-09-10 17:05:15.052965+00:00,2026-09-10 17:05:15.053402+00:00,,,,,0.34099999999999997,0.972,1.213,0.437,22.75,25.149,49.649,CONFIRMED
M01,58014,2026-09-10 17:05:15.179528+00:00,2026-09-10 17:05:15.205997+00:00,2026-09-10 17:05:15.156506+00:00,2026-09-10 17:05:15.158224+00:00,2026-09-10 17:05:15.156889+00:00,2026-09-10 17:05:15.158256+00:00,2026-09-10 17:05:15.158930+00:00,,,,,0.383,1.367,1.335,0.674,20.598000000000003,26.469,49.491,CONFIRMED
M01,58015,2026-09-10 17:05:15.291095+00:00,2026-09-10 17:05:15.319146+00:00,2026-09-10 17:05:15.265102+00:00,2026-09-10 17:05:15.266539+00:00,2026-09-10 17:05:15.265336+00:00,2026-09-10 17:05:15.266519+00:00,2026-09-10 17:05:15.267112+00:00,,,,,0.23399999999999999,1.183,1.203,0.593,23.983,28.051,54.044000000000004,CONFIRMED
M01,58016,2026-09-10 17:05:15.391648+00:00,2026-09-10 17:05:15.416065+00:00,2026-09-10 17:05:15.370965+00:00,2026-09-10 17:05:15.372834+00:00,2026-09-10 17:05:15.371456+00:00,2026-09-10 17:05:15.372812+00:00,2026-09-10 17:05:15.373576+00:00,,,,,0.491,1.356,1.3780000000000001,0.764,18.072000000000003,24.417,45.1,CONFIRMED
M01,58017,2026-09-10 17:05:15.497172+00:00,2026-09-10 17:05:15.523176+00:00,2026-09-10 17:05:15.475509+00:00,2026-09-10 17:05:15.477566+00:00,2026-09-10 17:05:15.475941+00:00,2026-09-10 17:05:15.477957+00:00,2026-09-10 17:05:15.478935+00:00,,,,,0.432,2.016,1.625,0.9779999999999999,18.237,26.003999999999998,47.667,CONFIRMED
M01,58018,2026-09-10 17:05:15.621605+00:00,2026-09-10 17:05:15.651971+00:00,2026-09-10 17:05:15.587061+00:00,2026-09-10 17:05:15.587892+00:00,2026-09-10 17:05:15.587228+00:00,2026-09-10 17:05:15.587871+00:00,2026-09-10 17:05:15.588288+00:00,,,,,0.16699999999999998,0.643,0.664,0.417,33.317,30.366,64.91,CONFIRMED
M01,58019,2026-09-10 17:05:15.718569+00:00,2026-09-10 17:05:15.749364+00:00,2026-09-10 17:05:15.690513+00:00,2026-09-10 17:05:15.691494+00:00,2026-09-10 17:05:15.690700+00:00,2026-09-10 17:05:15.691346+00:00,2026-09-10 17:05:15.691798+00:00,,,,,0.187,0.646,0.794,0.45199999999999996,26.771,30.794999999999998,58.851,CONFIRMED
M01,58020,2026-09-10 17:05:15.812292+00:00,2026-09-10 17:05:15.838200+00:00,2026-09-10 17:05:15.794145+00:00,2026-09-10 17:05:15.794874+00:00,2026-09-10 17:05:15.794305+00:00,2026-09-10 17:05:15.794807+00:00,2026-09-10 17:05:15.795132+00:00,,,,,0.16,0.502,0.569,0.325,17.16,25.908,44.055,CONFIRMED
M01,58021,2026-09-10 17:05:15.916700+00:00,2026-09-10 17:05:15.953931+00:00,2026-09-10 17:05:15.897430+00:00,2026-09-10 17:05:15.898574+00:00,2026-09-10 17:05:15.897748+00:00,2026-09-10 17:05:15.898548+00:00,2026-09-10 17:05:15.898949+00:00,,,,,0.318,0.8,0.8260000000000001,0.40099999999999997,17.750999999999998,37.231,56.501000000000005,CONFIRMED
M01,58022,2026-09-10 17:05:16.031842+00:00,2026-09-10 17:05:16.060065+00:00,2026-09-10 17:05:16.002555+00:00,2026-09-10 17:05:16.003874+00:00,2026-09-10 17:05:16.002874+00:00,2026-09-10 17:05:16.004086+00:00,2026-09-10 17:05:16.004968+00:00,,,,,0.319,1.212,1.0,0.882,26.874,28.223000000000003,57.51,CONFIRMED
M01,58023,2026-09-10 17:05:16.139596+00:00,2026-09-10 17:05:16.166222+00:00,2026-09-10 17:05:16.106857+00:00,2026-09-10 17:05:16.113166+00:00,2026-09-10 17:05:16.107258+00:00,2026-09-10 17:05:16.108929+00:00,2026-09-10 17:05:16.113413+00:00,,,,,0.40099999999999997,1.671,5.908,4.484,26.183,26.626,59.365,CONFIRMED
M01,58024,2026-09-10 17:05:16.240658+00:00,2026-09-10 17:05:16.267764+00:00,2026-09-10 17:05:16.219241+00:00,2026-09-10 17:05:16.224432+00:00,2026-09-10 17:05:16.221535+00:00,2026-09-10 17:05:16.223231+00:00,2026-09-10 17:05:16.223549+00:00,,,,,2.294,1.696,2.897,0.318,17.108999999999998,27.106,48.522999999999996,CONFIRMED
M01,58025,2026-09-10 17:05:16.349974+00:00,2026-09-10 17:05:16.374478+00:00,2026-09-10 17:05:16.331201+00:00,2026-09-10 17:05:16.332273+00:00,2026-09-10 17:05:16.331400+00:00,2026-09-10 17:05:16.332265+00:00,2026-09-10 17:05:16.332812+00:00,,,,,0.199,0.865,0.873,0.5469999999999999,17.162,24.504,43.277,CONFIRMED
M01,58026,2026-09-10 17:05:16.466744+00:00,2026-09-10 17:05:16.492992+00:00,2026-09-10 17:05:16.435438+00:00,2026-09-10 17:05:16.436826+00:00,2026-09-10 17:05:16.435773+00:00,2026-09-10 17:05:16.437022+00:00,2026-09-10 17:05:16.437833+00:00,,,,,0.335,1.2489999999999999,1.053,0.8109999999999999,28.910999999999998,26.248,57.554,CONFIRMED
M01,58027,2026-09-10 17:05:16.561140+00:00,2026-09-10 17:05:16.591271+00:00,2026-09-10 17:05:16.541279+00:00,2026-09-10 17:05:16.542626+00:00,2026-09-10 17:05:16.541542+00:00,2026-09-10 17:05:16.542451+00:00,2026-09-10 17:05:16.543057+00:00,,,,,0.263,0.909,1.0839999999999999,0.606,18.083,30.131,49.992000000000004,CONFIRMED
M01,58028,2026-09-10 17:05:16.680859+00:00,2026-09-10 17:05:16.722686+00:00,2026-09-10 17:05:16.647311+00:00,2026-09-10 17:05:16.650492+00:00,2026-09-10 17:05:16.647519+00:00,2026-09-10 17:05:16.649634+00:00,2026-09-10 17:05:16.650108+00:00,,,,,0.208,2.115,2.973,0.474,30.751,41.827000000000005,75.375,CONFIRMED
M01,58029,2026-09-10 17:05:16.794844+00:00,2026-09-10 17:05:16.819904+00:00,2026-09-10 17:05:16.759198+00:00,2026-09-10 17:05:16.762061+00:00,2026-09-10 17:05:16.759544+00:00,2026-09-10 17:05:16.761640+00:00,2026-09-10 17:05:16.762672+00:00,,,,,0.34600000000000003,2.096,2.5170000000000003,1.032,32.172,25.06,60.706,CONFIRMED
M01,58030,2026-09-10 17:05:16.894096+00:00,2026-09-10 17:05:16.922495+00:00,2026-09-10 17:05:16.867112+00:00,2026-09-10 17:05:16.868372+00:00,2026-09-10 17:05:16.867421+00:00,2026-09-10 17:05:16.868559+00:00,2026-09-10 17:05:16.868941+00:00,,,,,0.309,1.138,0.9510000000000001,0.382,25.155,28.399,55.383,CONFIRMED
M01,58031,2026-09-10 17:05:16.990423+00:00,2026-09-10 17:05:17.017554+00:00,2026-09-10 17:05:16.972935+00:00,2026-09-10 17:05:16.974802+00:00,2026-09-10 17:05:16.973122+00:00,2026-09-10 17:05:16.974711+00:00,2026-09-10 17:05:16.975177+00:00,,,,,0.187,1.589,1.6800000000000002,0.46599999999999997,15.245999999999999,27.131,44.619,CONFIRMED
M01,58032,2026-09-10 17:05:17.098313+00:00,2026-09-10 17:05:17.123758+00:00,2026-09-10 17:05:17.081059+00:00,2026-09-10 17:05:17.081826+00:00,2026-09-10 17:05:17.081185+00:00,2026-09-10 17:05:17.081737+00:00,2026-09-10 17:05:17.082012+00:00,,,,,0.126,0.5519999999999999,0.641,0.275,16.301,25.445,42.699,CONFIRMED
M01,58033,2026-09-10 17:05:17.212359+00:00,2026-09-10 17:05:17.237721+00:00,2026-09-10 17:05:17.185292+00:00,2026-09-10 17:05:17.187243+00:00,2026-09-10 17:05:17.185691+00:00,2026-09-10 17:05:17.187176+00:00,2026-09-10 17:05:17.188137+00:00,,,,,0.399,1.485,1.552,0.9610000000000001,24.222,25.362,52.429,CONFIRMED
M01,58034,2026-09-10 17:05:17.310596+00:00,2026-09-10 17:05:17.337980+00:00,2026-09-10 17:05:17.291613+00:00,2026-09-10 17:05:17.292846+00:00,2026-09-10 17:05:17.291867+00:00,2026-09-10 17:05:17.292851+00:00,2026-09-10 17:05:17.293418+00:00,,,,,0.254,0.9840000000000001,0.9790000000000001,0.5670000000000001,17.177999999999997,27.384,46.367,CONFIRMED
M01,58035,2026-09-10 17:05:17.417073+00:00,2026-09-10 17:05:17.445053+00:00,2026-09-10 17:05:17.395695+00:00,2026-09-10 17:05:17.398408+00:00,2026-09-10 17:05:17.396181+00:00,2026-09-10 17:05:17.398228+00:00,2026-09-10 17:05:17.398680+00:00,,,,,0.486,2.047,2.227,0.45199999999999996,18.393,27.98,49.358,CONFIRMED
M01,58036,2026-09-10 17:05:17.533236+00:00,2026-09-10 17:05:17.561715+00:00,2026-09-10 17:05:17.502414+00:00,2026-09-10 17:05:17.503761+00:00,2026-09-10 17:05:17.502700+00:00,2026-09-10 17:05:17.503628+00:00,2026-09-10 17:05:17.504403+00:00,,,,,0.28600000000000003,0.928,1.0610000000000002,0.775,28.833000000000002,28.479,59.301,CONFIRMED
M01,58037,2026-09-10 17:05:17.629494+00:00,2026-09-10 17:05:17.654837+00:00,2026-09-10 17:05:17.607419+00:00,2026-09-10 17:05:17.608383+00:00,2026-09-10 17:05:17.607619+00:00,2026-09-10 17:05:17.608290+00:00,2026-09-10 17:05:17.608749+00:00,,,,,0.2,0.671,0.764,0.45899999999999996,20.745,25.343,47.418,CONFIRMED
M01,58038,2026-09-10 17:05:17.732846+00:00,2026-09-10 17:05:17.757927+00:00,2026-09-10 17:05:17.711086+00:00,2026-09-10 17:05:17.712680+00:00,2026-09-10 17:05:17.711394+00:00,2026-09-10 17:05:17.712478+00:00,2026-09-10 17:05:17.713185+00:00,,,,,0.308,1.0839999999999999,1.286,0.707,19.661,25.081,46.841,CONFIRMED
M01,58039,2026-09-10 17:05:17.838874+00:00,2026-09-10 17:05:17.872270+00:00,2026-09-10 17:05:17.815931+00:00,2026-09-10 17:05:17.816883+00:00,2026-09-10 17:05:17.816107+00:00,2026-09-10 17:05:17.816875+00:00,2026-09-10 17:05:17.817257+00:00,,,,,0.176,0.768,0.776,0.382,21.617,33.396,56.339,CONFIRMED
M01,58040,2026-09-10 17:05:17.948120+00:00,2026-09-10 17:05:17.978889+00:00,2026-09-10 17:05:17.920840+00:00,2026-09-10 17:05:17.921994+00:00,2026-09-10 17:05:17.921167+00:00,2026-09-10 17:05:17.921937+00:00,2026-09-10 17:05:17.922400+00:00,,,,,0.32699999999999996,0.7699999999999999,0.8270000000000001,0.46299999999999997,25.72,30.769000000000002,58.04900000000001,CONFIRMED
M01,58041,2026-09-10 17:05:18.051014+00:00,2026-09-10 17:05:18.086833+00:00,2026-09-10 17:05:18.024864+00:00,2026-09-10 17:05:18.025645+00:00,2026-09-10 17:05:18.025081+00:00,2026-09-10 17:05:18.025763+00:00,2026-09-10 17:05:18.026236+00:00,,,,,0.217,0.6819999999999999,0.5640000000000001,0.47300000000000003,24.778000000000002,35.818999999999996,61.969,CONFIRMED
M01,58042,2026-09-10 17:05:18.151159+00:00,2026-09-10 17:05:18.176179+00:00,2026-09-10 17:05:18.127865+00:00,2026-09-10 17:05:18.128791+00:00,2026-09-10 17:05:18.128092+00:00,2026-09-10 17:05:18.128882+00:00,2026-09-10 17:05:18.129339+00:00,,,,,0.22699999999999998,0.79,0.699,0.457,21.82,25.02,48.314,CONFIRMED
M01,58043,2026-09-10 17:05:18.256406+00:00,2026-09-10 17:05:18.284056+00:00,2026-09-10 17:05:18.236189+00:00,2026-09-10 17:05:18.242284+00:00,2026-09-10 17:05:18.236402+00:00,2026-09-10 17:05:18.237592+00:00,2026-09-10 17:05:18.238200+00:00,,,,,0.213,1.1900000000000002,5.882,0.608,18.206,27.650000000000002,47.867,CONFIRMED
M01,58044,2026-09-10 17:05:18.375815+00:00,2026-09-10 17:05:18.401806+00:00,2026-09-10 17:05:18.346812+00:00,2026-09-10 17:05:18.367883+00:00,2026-09-10 17:05:18.347192+00:00,2026-09-10 17:05:18.349198+00:00,2026-09-10 17:05:18.349879+00:00,,,,,0.38,2.006,20.691000000000003,0.6809999999999999,25.936,25.991,54.994,CONFIRMED
M01,58045,2026-09-10 17:05:18.498276+00:00,2026-09-10 17:05:18.525215+00:00,2026-09-10 17:05:18.471718+00:00,2026-09-10 17:05:18.474578+00:00,2026-09-10 17:05:18.472022+00:00,2026-09-10 17:05:18.473070+00:00,2026-09-10 17:05:18.473689+00:00,,,,,0.304,1.048,2.556,0.619,24.587,26.939,53.497,CONFIRMED
M01,58046,2026-09-10 17:05:18.606874+00:00,2026-09-10 17:05:18.632546+00:00,2026-09-10 17:05:18.578166+00:00,2026-09-10 17:05:18.579146+00:00,2026-09-10 17:05:18.578384+00:00,2026-09-10 17:05:18.579442+00:00,2026-09-10 17:05:18.580081+00:00,,,,,0.21800000000000003,1.0579999999999998,0.762,0.639,26.793,25.672,54.379999999999995,CONFIRMED
M01,58047,2026-09-10 17:05:18.708826+00:00,2026-09-10 17:05:18.734545+00:00,2026-09-10 17:05:18.684935+00:00,2026-09-10 17:05:18.692055+00:00,2026-09-10 17:05:18.685410+00:00,2026-09-10 17:05:18.690853+00:00,2026-09-10 17:05:18.691561+00:00,,,,,0.475,5.443,6.645,0.708,17.265,25.718999999999998,49.61,CONFIRMED
M01,58048,2026-09-10 17:05:18.819778+00:00,2026-09-10 17:05:18.846793+00:00,2026-09-10 17:05:18.798335+00:00,2026-09-10 17:05:18.800056+00:00,2026-09-10 17:05:18.798538+00:00,2026-09-10 17:05:18.799446+00:00,2026-09-10 17:05:18.799971+00:00,,,,,0.203,0.9079999999999999,1.518,0.525,19.807000000000002,27.015,48.458,CONFIRMED
M01,58049,2026-09-10 17:05:18.920167+00:00,2026-09-10 17:05:18.947237+00:00,2026-09-10 17:05:18.903006+00:00,2026-09-10 17:05:18.904187+00:00,2026-09-10 17:05:18.903151+00:00,2026-09-10 17:05:18.904075+00:00,2026-09-10 17:05:18.904387+00:00,,,,,0.145,0.924,1.036,0.312,15.78,27.07,44.231,CONFIRMED
M01,58050,2026-09-10 17:05:19.038808+00:00,2026-09-10 17:05:19.066370+00:00,2026-09-10 17:05:19.009298+00:00,2026-09-10 17:05:19.013500+00:00,2026-09-10 17:05:19.009594+00:00,2026-09-10 17:05:19.010863+00:00,2026-09-10 17:05:19.011442+00:00,,,,,0.296,1.269,3.906,0.579,27.366,27.562,57.071999999999996,CONFIRMED
M01,58051,2026-09-10 17:05:19.139360+00:00,2026-09-10 17:05:19.164525+00:00,2026-09-10 17:05:19.116228+00:00,2026-09-10 17:05:19.117015+00:00,2026-09-10 17:05:19.116375+00:00,2026-09-10 17:05:19.116964+00:00,2026-09-10 17:05:19.117345+00:00,,,,,0.147,0.589,0.64,0.381,22.015,25.165,48.297,CONFIRMED
M01,58052,2026-09-10 17:05:19.241492+00:00,2026-09-10 17:05:19.270295+00:00,2026-09-10 17:05:19.220340+00:00,2026-09-10 17:05:19.222032+00:00,2026-09-10 17:05:19.220689+00:00,2026-09-10 17:05:19.221733+00:00,2026-09-10 17:05:19.222515+00:00,,,,,0.34900000000000003,1.044,1.343,0.782,18.977,28.802999999999997,49.955,CONFIRMED
M01,58053,2026-09-10 17:05:19.351413+00:00,2026-09-10 17:05:19.383359+00:00,2026-09-10 17:05:19.326199+00:00,2026-09-10 17:05:19.344231+00:00,2026-09-10 17:05:19.326378+00:00,2026-09-10 17:05:19.327436+00:00,2026-09-10 17:05:19.328088+00:00,,,,,0.179,1.0579999999999998,17.853,0.652,23.325,31.946,57.160000000000004,CONFIRMED
M01,58054,2026-09-10 17:05:19.471296+00:00,2026-09-10 17:05:19.495778+00:00,2026-09-10 17:05:19.448484+00:00,2026-09-10 17:05:19.449786+00:00,2026-09-10 17:05:19.448831+00:00,2026-09-10 17:05:19.449809+00:00,2026-09-10 17:05:19.450560+00:00,,,,,0.347,0.9779999999999999,0.955,0.751,20.736,24.482,47.294000000000004,CONFIRMED
M01,58055,2026-09-10 17:05:19.574379+00:00,2026-09-10 17:05:19.604015+00:00,2026-09-10 17:05:19.553117+00:00,2026-09-10 17:05:19.555799+00:00,2026-09-10 17:05:19.553954+00:00,2026-09-10 17:05:19.555664+00:00,2026-09-10 17:05:19.556788+00:00,,,,,0.837,1.71,1.845,1.124,17.590999999999998,29.636,50.897999999999996,CONFIRMED
M01,58056,2026-09-10 17:05:19.688595+00:00,2026-09-10 17:05:19.715256+00:00,2026-09-10 17:05:19.659521+00:00,2026-09-10 17:05:19.660761+00:00,2026-09-10 17:05:19.659852+00:00,2026-09-10 17:05:19.660789+00:00,2026-09-10 17:05:19.661418+00:00,,,,,0.331,0.937,0.909,0.629,27.177,26.661,55.735,CONFIRMED
M01,58057,2026-09-10 17:05:19.784246+00:00,2026-09-10 17:05:19.814154+00:00,2026-09-10 17:05:19.763748+00:00,2026-09-10 17:05:19.768051+00:00,2026-09-10 17:05:19.764091+00:00,2026-09-10 17:05:19.765659+00:00,2026-09-10 17:05:19.766353+00:00,,,,,0.34299999999999997,1.568,3.96,0.694,17.893,29.908,50.406,CONFIRMED
M01,58058,2026-09-10 17:05:19.895142+00:00,2026-09-10 17:05:19.925079+00:00,2026-09-10 17:05:19.871468+00:00,2026-09-10 17:05:19.873282+00:00,2026-09-10 17:05:19.871758+00:00,2026-09-10 17:05:19.873199+00:00,2026-09-10 17:05:19.873894+00:00,,,,,0.29,1.441,1.524,0.695,21.248,29.936999999999998,53.611,CONFIRMED
M01,58059,2026-09-10 17:05:20.006720+00:00,2026-09-10 17:05:20.045604+00:00,2026-09-10 17:05:19.977088+00:00,2026-09-10 17:05:19.978927+00:00,2026-09-10 17:05:19.977454+00:00,2026-09-10 17:05:19.978891+00:00,2026-09-10 17:05:19.979708+00:00,,,,,0.366,1.4369999999999998,1.4729999999999999,0.8170000000000001,27.012,38.884,68.51599999999999,CONFIRMED
M01,58060,2026-09-10 17:05:20.113033+00:00,2026-09-10 17:05:20.144603+00:00,2026-09-10 17:05:20.081455+00:00,2026-09-10 17:05:20.082569+00:00,2026-09-10 17:05:20.081698+00:00,2026-09-10 17:05:20.082771+00:00,2026-09-10 17:05:20.083240+00:00,,,,,0.243,1.073,0.871,0.46900000000000003,29.793,31.57,63.147999999999996,CONFIRMED
M01,58061,2026-09-10 17:05:20.202925+00:00,2026-09-10 17:05:20.230415+00:00,2026-09-10 17:05:20.185106+00:00,2026-09-10 17:05:20.186291+00:00,2026-09-10 17:05:20.185506+00:00,2026-09-10 17:05:20.186185+00:00,2026-09-10 17:05:20.186468+00:00,,,,,0.4,0.679,0.785,0.283,16.457,27.490000000000002,45.309000000000005,CONFIRMED
M01,58062,2026-09-10 17:05:20.304961+00:00,2026-09-10 17:05:20.331762+00:00,2026-09-10 17:05:20.288460+00:00,2026-09-10 17:05:20.289358+00:00,2026-09-10 17:05:20.288695+00:00,2026-09-10 17:05:20.289374+00:00,2026-09-10 17:05:20.289833+00:00,,,,,0.235,0.679,0.6629999999999999,0.45899999999999996,15.128,26.801,43.302,CONFIRMED
M01,58063,2026-09-10 17:05:20.411316+00:00,2026-09-10 17:05:20.438017+00:00,2026-09-10 17:05:20.391811+00:00,2026-09-10 17:05:20.396319+00:00,2026-09-10 17:05:20.392168+00:00,2026-09-10 17:05:20.393950+00:00,2026-09-10 17:05:20.394643+00:00,,,,,0.357,1.782,4.151,0.6930000000000001,16.673000000000002,26.701,46.205999999999996,CONFIRMED
M01,58064,2026-09-10 17:05:20.528386+00:00,2026-09-10 17:05:20.551917+00:00,2026-09-10 17:05:20.500569+00:00,2026-09-10 17:05:20.502801+00:00,2026-09-10 17:05:20.500965+00:00,2026-09-10 17:05:20.502686+00:00,2026-09-10 17:05:20.503507+00:00,,,,,0.39599999999999996,1.721,1.8359999999999999,0.821,24.878999999999998,23.531,51.348,CONFIRMED
M01,58065,2026-09-10 17:05:20.628399+00:00,2026-09-10 17:05:20.658120+00:00,2026-09-10 17:05:20.606284+00:00,2026-09-10 17:05:20.618041+00:00,2026-09-10 17:05:20.606427+00:00,2026-09-10 17:05:20.607204+00:00,2026-09-10 17:05:20.607565+00:00,,,,,0.14300000000000002,0.777,11.613999999999999,0.361,20.834,29.721,51.836,CONFIRMED
M01,58066,2026-09-10 17:05:20.748391+00:00,2026-09-10 17:05:20.775351+00:00,2026-09-10 17:05:20.720762+00:00,2026-09-10 17:05:20.727986+00:00,2026-09-10 17:05:20.721143+00:00,2026-09-10 17:05:20.728050+00:00,2026-09-10 17:05:20.728402+00:00,,,,,0.381,6.907,6.843,0.352,19.989,26.96,54.589,CONFIRMED
M01,58067,2026-09-10 17:05:20.853271+00:00,2026-09-10 17:05:20.879982+00:00,2026-09-10 17:05:20.830613+00:00,2026-09-10 17:05:20.831833+00:00,2026-09-10 17:05:20.830900+00:00,2026-09-10 17:05:20.831830+00:00,2026-09-10 17:05:20.832397+00:00,,,,,0.287,0.93,0.933,0.5670000000000001,20.874,26.711,49.369,CONFIRMED
M01,58068,2026-09-10 17:05:20.964975+00:00,2026-09-10 17:05:20.990812+00:00,2026-09-10 17:05:20.934476+00:00,2026-09-10 17:05:20.938489+00:00,2026-09-10 17:05:20.934680+00:00,2026-09-10 17:05:20.935719+00:00,2026-09-10 17:05:20.936185+00:00,,,,,0.204,1.039,3.8089999999999997,0.46599999999999997,28.79,25.837,56.336,CONFIRMED
M01,58069,2026-09-10 17:05:21.079914+00:00,2026-09-10 17:05:21.104038+00:00,2026-09-10 17:05:21.048646+00:00,2026-09-10 17:05:21.060040+00:00,2026-09-10 17:05:21.049274+00:00,2026-09-10 17:05:21.059535+00:00,2026-09-10 17:05:21.059915+00:00,,,,,0.628,10.261,10.766,0.38,19.999,24.124,55.391999999999996,CONFIRMED
M01,58070,2026-09-10 17:05:21.191334+00:00,2026-09-10 17:05:21.216279+00:00,2026-09-10 17:05:21.162730+00:00,2026-09-10 17:05:21.163827+00:00,2026-09-10 17:05:21.162962+00:00,2026-09-10 17:05:21.163744+00:00,2026-09-10 17:05:21.164881+00:00,,,,,0.232,0.782,0.865,1.137,26.453,24.944999999999997,53.549,CONFIRMED
M01,58071,2026-09-10 17:05:21.301140+00:00,2026-09-10 17:05:21.326184+00:00,2026-09-10 17:05:21.269128+00:00,2026-09-10 17:05:21.278057+00:00,2026-09-10 17:05:21.269376+00:00,2026-09-10 17:05:21.277714+00:00,2026-09-10 17:05:21.278180+00:00,,,,,0.248,8.338,8.681,0.46599999999999997,22.96,25.044,57.056000000000004,CONFIRMED
M01,58072,2026-09-10 17:05:21.398439+00:00,2026-09-10 17:05:21.431634+00:00,2026-09-10 17:05:21.380321+00:00,2026-09-10 17:05:21.381846+00:00,2026-09-10 17:05:21.380577+00:00,2026-09-10 17:05:21.381663+00:00,2026-09-10 17:05:21.382092+00:00,,,,,0.256,1.0859999999999999,1.269,0.429,16.347,33.195,51.312999999999995,CONFIRMED
M01,58073,2026-09-10 17:05:21.506788+00:00,2026-09-10 17:05:21.531442+00:00,2026-09-10 17:05:21.487279+00:00,2026-09-10 17:05:21.488397+00:00,2026-09-10 17:05:21.487503+00:00,2026-09-10 17:05:21.488543+00:00,2026-09-10 17:05:21.489248+00:00,,,,,0.224,1.0399999999999998,0.894,0.705,17.54,24.654,44.163000000000004,CONFIRMED
M01,58074,2026-09-10 17:05:21.614515+00:00,2026-09-10 17:05:21.641464+00:00,2026-09-10 17:05:21.591640+00:00,2026-09-10 17:05:21.593467+00:00,2026-09-10 17:05:21.592046+00:00,2026-09-10 17:05:21.593292+00:00,2026-09-10 17:05:21.594042+00:00,,,,,0.406,1.246,1.421,0.75,20.473000000000003,26.949,49.824,CONFIRMED
M01,58075,2026-09-10 17:05:21.722473+00:00,2026-09-10 17:05:21.747161+00:00,2026-09-10 17:05:21.698797+00:00,2026-09-10 17:05:21.701317+00:00,2026-09-10 17:05:21.699199+00:00,2026-09-10 17:05:21.700477+00:00,2026-09-10 17:05:21.701161+00:00,,,,,0.402,1.278,2.118,0.684,21.312,24.688000000000002,48.364,CONFIRMED
M01,58076,2026-09-10 17:05:21.826431+00:00,2026-09-10 17:05:21.852804+00:00,2026-09-10 17:05:21.808758+00:00,2026-09-10 17:05:21.809528+00:00,2026-09-10 17:05:21.808926+00:00,2026-09-10 17:05:21.809536+00:00,2026-09-10 17:05:21.810049+00:00,,,,,0.16799999999999998,0.61,0.602,0.513,16.382,26.373,44.046,CONFIRMED
M01,58077,2026-09-10 17:05:21.939321+00:00,2026-09-10 17:05:21.971787+00:00,2026-09-10 17:05:21.912452+00:00,2026-09-10 17:05:21.913813+00:00,2026-09-10 17:05:21.912754+00:00,2026-09-10 17:05:21.913852+00:00,2026-09-10 17:05:21.914496+00:00,,,,,0.30200000000000005,1.098,1.059,0.644,24.825,32.466,59.335,CONFIRMED
M01,58078,2026-09-10 17:05:22.040581+00:00,2026-09-10 17:05:22.068532+00:00,2026-09-10 17:05:22.018436+00:00,2026-09-10 17:05:22.019987+00:00,2026-09-10 17:05:22.018721+00:00,2026-09-10 17:05:22.019877+00:00,2026-09-10 17:05:22.020482+00:00,,,,,0.285,1.156,1.266,0.605,20.099,27.951,50.096000000000004,CONFIRMED
M01,58079,2026-09-10 17:05:22.146771+00:00,2026-09-10 17:05:22.176294+00:00,2026-09-10 17:05:22.123515+00:00,2026-09-10 17:05:22.124529+00:00,2026-09-10 17:05:22.123737+00:00,2026-09-10 17:05:22.124464+00:00,2026-09-10 17:05:22.124972+00:00,,,,,0.222,0.727,0.7919999999999999,0.508,21.799,29.523,52.778999999999996,CONFIRMED
M01,58080,2026-09-10 17:05:22.254091+00:00,2026-09-10 17:05:22.280820+00:00,2026-09-10 17:05:22.227153+00:00,2026-09-10 17:05:22.227985+00:00,2026-09-10 17:05:22.227342+00:00,2026-09-10 17:05:22.228030+00:00,2026-09-10 17:05:22.228467+00:00,,,,,0.189,0.6880000000000001,0.643,0.437,25.624000000000002,26.729,53.667,CONFIRMED
M01,58081,2026-09-10 17:05:22.359625+00:00,2026-09-10 17:05:22.388231+00:00,2026-09-10 17:05:22.333232+00:00,2026-09-10 17:05:22.334402+00:00,2026-09-10 17:05:22.333408+00:00,2026-09-10 17:05:22.334212+00:00,2026-09-10 17:05:22.334990+00:00,,,,,0.176,0.804,0.9940000000000001,0.778,24.635,28.605999999999998,54.999,CONFIRMED
M01,58082,2026-09-10 17:05:22.468364+00:00,2026-09-10 17:05:22.501322+00:00,2026-09-10 17:05:22.438686+00:00,2026-09-10 17:05:22.441223+00:00,2026-09-10 17:05:22.439025+00:00,2026-09-10 17:05:22.440038+00:00,2026-09-10 17:05:22.440523+00:00,,,,,0.339,1.013,2.198,0.48500000000000004,27.841,32.958,62.635999999999996,CONFIRMED
M01,58083,2026-09-10 17:05:22.563236+00:00,2026-09-10 17:05:22.593263+00:00,2026-09-10 17:05:22.544976+00:00,2026-09-10 17:05:22.545955+00:00,2026-09-10 17:05:22.545139+00:00,2026-09-10 17:05:22.545693+00:00,2026-09-10 17:05:22.546082+00:00,,,,,0.163,0.554,0.816,0.389,17.154,30.027,48.287,CONFIRMED
M01,58084,2026-09-10 17:05:22.674162+00:00,2026-09-10 17:05:22.701649+00:00,2026-09-10 17:05:22.648550+00:00,2026-09-10 17:05:22.650069+00:00,2026-09-10 17:05:22.648881+00:00,2026-09-10 17:05:22.649898+00:00,2026-09-10 17:05:22.650352+00:00,,,,,0.331,1.017,1.188,0.45399999999999996,23.810000000000002,27.487000000000002,53.099000000000004,CONFIRMED
M01,58085,2026-09-10 17:05:22.773333+00:00,2026-09-10 17:05:22.797986+00:00,2026-09-10 17:05:22.752886+00:00,2026-09-10 17:05:22.754592+00:00,2026-09-10 17:05:22.753168+00:00,2026-09-10 17:05:22.754441+00:00,2026-09-10 17:05:22.755296+00:00,,,,,0.28200000000000003,1.2730000000000001,1.424,0.855,18.037000000000003,24.653000000000002,45.1,CONFIRMED
M01,58086,2026-09-10 17:05:22.880069+00:00,2026-09-10 17:05:22.904764+00:00,2026-09-10 17:05:22.858369+00:00,2026-09-10 17:05:22.860143+00:00,2026-09-10 17:05:22.858729+00:00,2026-09-10 17:05:22.860234+00:00,2026-09-10 17:05:22.861395+00:00,,,,,0.36000000000000004,1.5050000000000001,1.414,1.161,18.674,24.695,46.394999999999996,CONFIRMED
M01,58087,2026-09-10 17:05:22.991246+00:00,2026-09-10 17:05:23.018002+00:00,2026-09-10 17:05:22.966687+00:00,2026-09-10 17:05:22.968004+00:00,2026-09-10 17:05:22.966987+00:00,2026-09-10 17:05:22.968230+00:00,2026-09-10 17:05:22.968664+00:00,,,,,0.3,1.2429999999999999,1.017,0.434,22.582,26.756,51.315,CONFIRMED
M01,58088,2026-09-10 17:05:23.089167+00:00,2026-09-10 17:05:23.113685+00:00,2026-09-10 17:05:23.070733+00:00,2026-09-10 17:05:23.072470+00:00,2026-09-10 17:05:23.071076+00:00,2026-09-10 17:05:23.072495+00:00,2026-09-10 17:05:23.072912+00:00,,,,,0.34299999999999997,1.4189999999999998,1.3940000000000001,0.417,16.255,24.518,42.952,CONFIRMED
M01,58089,2026-09-10 17:05:23.197656+00:00,2026-09-10 17:05:23.221670+00:00,2026-09-10 17:05:23.176389+00:00,2026-09-10 17:05:23.178177+00:00,2026-09-10 17:05:23.176702+00:00,2026-09-10 17:05:23.179499+00:00,2026-09-10 17:05:23.180278+00:00,,,,,0.313,2.797,1.4749999999999999,0.7789999999999999,17.378,24.014,45.281,CONFIRMED
M01,58090,2026-09-10 17:05:23.312295+00:00,2026-09-10 17:05:23.338795+00:00,2026-09-10 17:05:23.286099+00:00,2026-09-10 17:05:23.287812+00:00,2026-09-10 17:05:23.286495+00:00,2026-09-10 17:05:23.287768+00:00,2026-09-10 17:05:23.288639+00:00,,,,,0.39599999999999996,1.2730000000000001,1.317,0.871,23.656,26.5,52.696,CONFIRMED
M01,58091,2026-09-10 17:05:23.414923+00:00,2026-09-10 17:05:23.444125+00:00,2026-09-10 17:05:23.393219+00:00,2026-09-10 17:05:23.394715+00:00,2026-09-10 17:05:23.393481+00:00,2026-09-10 17:05:23.395220+00:00,2026-09-10 17:05:23.399354+00:00,,,,,0.262,1.739,1.234,4.1339999999999995,15.568999999999999,29.201999999999998,50.906,CONFIRMED
M01,58092,2026-09-10 17:05:23.519413+00:00,2026-09-10 17:05:23.545157+00:00,2026-09-10 17:05:23.499823+00:00,2026-09-10 17:05:23.500831+00:00,2026-09-10 17:05:23.499975+00:00,2026-09-10 17:05:23.500863+00:00,2026-09-10 17:05:23.501325+00:00,,,,,0.152,0.888,0.856,0.462,18.088,25.744,45.333999999999996,CONFIRMED
M01,58093,2026-09-10 17:05:23.627607+00:00,2026-09-10 17:05:23.653256+00:00,2026-09-10 17:05:23.603429+00:00,2026-09-10 17:05:23.605297+00:00,2026-09-10 17:05:23.603876+00:00,2026-09-10 17:05:23.605227+00:00,2026-09-10 17:05:23.606092+00:00,,,,,0.447,1.351,1.421,0.865,21.515,25.649,49.827000000000005,CONFIRMED
M01,58094,2026-09-10 17:05:23.732084+00:00,2026-09-10 17:05:23.762697+00:00,2026-09-10 17:05:23.709663+00:00,2026-09-10 17:05:23.716471+00:00,2026-09-10 17:05:23.709991+00:00,2026-09-10 17:05:23.711278+00:00,2026-09-10 17:05:23.711845+00:00,,,,,0.328,1.287,6.4799999999999995,0.5670000000000001,20.239,30.613,53.034,CONFIRMED
M01,58095,2026-09-10 17:05:23.843082+00:00,2026-09-10 17:05:23.869602+00:00,2026-09-10 17:05:23.820300+00:00,2026-09-10 17:05:23.821346+00:00,2026-09-10 17:05:23.820468+00:00,2026-09-10 17:05:23.821254+00:00,2026-09-10 17:05:23.821982+00:00,,,,,0.16799999999999998,0.786,0.878,0.728,21.1,26.52,49.302,CONFIRMED
M01,58096,2026-09-10 17:05:23.949979+00:00,2026-09-10 17:05:23.979738+00:00,2026-09-10 17:05:23.925135+00:00,2026-09-10 17:05:23.926173+00:00,2026-09-10 17:05:23.925329+00:00,2026-09-10 17:05:23.926284+00:00,2026-09-10 17:05:23.926874+00:00,,,,,0.194,0.955,0.844,0.5900000000000001,23.105,29.759,54.603,CONFIRMED
M01,58097,2026-09-10 17:05:24.054015+00:00,2026-09-10 17:05:24.081868+00:00,2026-09-10 17:05:24.030006+00:00,2026-09-10 17:05:24.032402+00:00,2026-09-10 17:05:24.030404+00:00,2026-09-10 17:05:24.031534+00:00,2026-09-10 17:05:24.032107+00:00,,,,,0.398,1.13,1.9980000000000002,0.5730000000000001,21.908,27.852999999999998,51.862,CONFIRMED
M01,58098,2026-09-10 17:05:24.160910+00:00,2026-09-10 17:05:24.185627+00:00,2026-09-10 17:05:24.135517+00:00,2026-09-10 17:05:24.137106+00:00,2026-09-10 17:05:24.135766+00:00,2026-09-10 17:05:24.137109+00:00,2026-09-10 17:05:24.137739+00:00,,,,,0.24899999999999997,1.343,1.34,0.63,23.171,24.717,50.11,CONFIRMED
M01,58099,2026-09-10 17:05:24.268197+00:00,2026-09-10 17:05:24.295886+00:00,2026-09-10 17:05:24.240569+00:00,2026-09-10 17:05:24.245748+00:00,2026-09-10 17:05:24.240985+00:00,2026-09-10 17:05:24.246560+00:00,2026-09-10 17:05:24.246922+00:00,,,,,0.416,5.575,4.763,0.36200000000000004,21.275,27.689,55.317,CONFIRMED
M01,58100,2026-09-10 17:05:24.370099+00:00,2026-09-10 17:05:24.399508+00:00,2026-09-10 17:05:24.348570+00:00,2026-09-10 17:05:24.349533+00:00,2026-09-10 17:05:24.348796+00:00,2026-09-10 17:05:24.349537+00:00,2026-09-10 17:05:24.349938+00:00,,,,,0.22599999999999998,0.741,0.737,0.40099999999999997,20.160999999999998,29.409000000000002,50.937999999999995,CONFIRMED
M01,58101,2026-09-10 17:05:24.478984+00:00,2026-09-10 17:05:24.506024+00:00,2026-09-10 17:05:24.452963+00:00,2026-09-10 17:05:24.453944+00:00,2026-09-10 17:05:24.453153+00:00,2026-09-10 17:05:24.453983+00:00,2026-09-10 17:05:24.454370+00:00,,,,,0.19,0.83,0.791,0.38699999999999996,24.614,27.040000000000003,53.061,CONFIRMED
M01,58102,2026-09-10 17:05:24.592113+00:00,2026-09-10 17:05:24.625284+00:00,2026-09-10 17:05:24.563775+00:00,2026-09-10 17:05:24.567620+00:00,2026-09-10 17:05:24.564522+00:00,2026-09-10 17:05:24.574855+00:00,2026-09-10 17:05:24.575229+00:00,,,,,0.747,10.333,3.098,0.374,16.884,33.171,61.509,CONFIRMED
M01,58103,2026-09-10 17:05:24.706457+00:00,2026-09-10 17:05:24.738293+00:00,2026-09-10 17:05:24.680413+00:00,2026-09-10 17:05:24.681726+00:00,2026-09-10 17:05:24.680731+00:00,2026-09-10 17:05:24.685364+00:00,2026-09-10 17:05:24.686720+00:00,,,,,0.318,4.633,0.995,1.356,19.737000000000002,31.836000000000002,57.88,CONFIRMED
M01,58104,2026-09-10 17:05:24.811387+00:00,2026-09-10 17:05:24.835991+00:00,2026-09-10 17:05:24.791667+00:00,2026-09-10 17:05:24.792772+00:00,2026-09-10 17:05:24.791835+00:00,2026-09-10 17:05:24.792564+00:00,2026-09-10 17:05:24.793032+00:00,,,,,0.16799999999999998,0.7290000000000001,0.937,0.46799999999999997,18.355,24.604,44.324000000000005,CONFIRMED
M01,58105,2026-09-10 17:05:24.919759+00:00,2026-09-10 17:05:24.950838+00:00,2026-09-10 17:05:24.895373+00:00,2026-09-10 17:05:24.900811+00:00,2026-09-10 17:05:24.895537+00:00,2026-09-10 17:05:24.896830+00:00,2026-09-10 17:05:24.897243+00:00,,,,,0.164,1.2930000000000001,5.274,0.41300000000000003,22.516000000000002,31.079,55.465,CONFIRMED
M01,58106,2026-09-10 17:05:25.023543+00:00,2026-09-10 17:05:25.050484+00:00,2026-09-10 17:05:25.006079+00:00,2026-09-10 17:05:25.006889+00:00,2026-09-10 17:05:25.006229+00:00,2026-09-10 17:05:25.006902+00:00,2026-09-10 17:05:25.007365+00:00,,,,,0.15,0.673,0.66,0.46299999999999997,16.178,26.941,44.405,CONFIRMED
M01,58107,2026-09-10 17:05:25.131815+00:00,2026-09-10 17:05:25.157030+00:00,2026-09-10 17:05:25.109284+00:00,2026-09-10 17:05:25.110586+00:00,2026-09-10 17:05:25.109637+00:00,2026-09-10 17:05:25.110704+00:00,2026-09-10 17:05:25.111376+00:00,,,,,0.35300000000000004,1.067,0.949,0.6719999999999999,20.439,25.215,47.745999999999995,CONFIRMED
M01,58108,2026-09-10 17:05:25.238564+00:00,2026-09-10 17:05:25.266988+00:00,2026-09-10 17:05:25.213737+00:00,2026-09-10 17:05:25.215181+00:00,2026-09-10 17:05:25.214032+00:00,2026-09-10 17:05:25.215165+00:00,2026-09-10 17:05:25.215900+00:00,,,,,0.29500000000000004,1.1329999999999998,1.149,0.735,22.664,28.424000000000003,53.251,CONFIRMED
M01,58109,2026-09-10 17:05:25.339340+00:00,2026-09-10 17:05:25.365739+00:00,2026-09-10 17:05:25.318325+00:00,2026-09-10 17:05:25.321003+00:00,2026-09-10 17:05:25.318504+00:00,2026-09-10 17:05:25.319629+00:00,2026-09-10 17:05:25.320120+00:00,,,,,0.179,1.125,2.499,0.491,19.220000000000002,26.398999999999997,47.413999999999994,CONFIRMED
M01,58110,2026-09-10 17:05:25.454824+00:00,2026-09-10 17:05:25.481227+00:00,2026-09-10 17:05:25.429860+00:00,2026-09-10 17:05:25.434210+00:00,2026-09-10 17:05:25.430241+00:00,2026-09-10 17:05:25.431484+00:00,2026-09-10 17:05:25.432185+00:00,,,,,0.381,1.2429999999999999,3.9690000000000003,0.7010000000000001,22.639,26.403,51.367000000000004,CONFIRMED
M01,58111,2026-09-10 17:05:25.576817+00:00,2026-09-10 17:05:25.602948+00:00,2026-09-10 17:05:25.547419+00:00,2026-09-10 17:05:25.557636+00:00,2026-09-10 17:05:25.547904+00:00,2026-09-10 17:05:25.549634+00:00,2026-09-10 17:05:25.550124+00:00,,,,,0.48500000000000004,1.73,9.732,0.49,26.693,26.131,55.529,CONFIRMED
M01,58112,2026-09-10 17:05:25.680493+00:00,2026-09-10 17:05:25.709710+00:00,2026-09-10 17:05:25.660672+00:00,2026-09-10 17:05:25.661660+00:00,2026-09-10 17:05:25.660925+00:00,2026-09-10 17:05:25.661925+00:00,2026-09-10 17:05:25.662605+00:00,,,,,0.253,1.0,0.735,0.68,17.888,29.217,49.038,CONFIRMED
M01,58113,2026-09-10 17:05:25.789986+00:00,2026-09-10 17:05:25.817604+00:00,2026-09-10 17:05:25.765395+00:00,2026-09-10 17:05:25.767766+00:00,2026-09-10 17:05:25.765615+00:00,2026-09-10 17:05:25.766825+00:00,2026-09-10 17:05:25.767549+00:00,,,,,0.22,1.21,2.1510000000000002,0.7240000000000001,22.436999999999998,27.618,52.208999999999996,CONFIRMED
M01,58114,2026-09-10 17:05:25.893854+00:00,2026-09-10 17:05:25.921375+00:00,2026-09-10 17:05:25.871304+00:00,2026-09-10 17:05:25.872089+00:00,2026-09-10 17:05:25.871460+00:00,2026-09-10 17:05:25.871972+00:00,2026-09-10 17:05:25.872403+00:00,,,,,0.156,0.512,0.629,0.431,21.451,27.521,50.071,CONFIRMED
M01,58115,2026-09-10 17:05:25.997896+00:00,2026-09-10 17:05:26.024907+00:00,2026-09-10 17:05:25.974937+00:00,2026-09-10 17:05:25.979698+00:00,2026-09-10 17:05:25.975123+00:00,2026-09-10 17:05:25.978548+00:00,2026-09-10 17:05:25.978964+00:00,,,,,0.186,3.4250000000000003,4.575,0.416,18.932000000000002,27.011,49.97,CONFIRMED
M01,58116,2026-09-10 17:05:26.106444+00:00,2026-09-10 17:05:26.131494+00:00,2026-09-10 17:05:26.081712+00:00,2026-09-10 17:05:26.083298+00:00,2026-09-10 17:05:26.082038+00:00,2026-09-10 17:05:26.083269+00:00,2026-09-10 17:05:26.083777+00:00,,,,,0.326,1.231,1.26,0.508,22.666999999999998,25.05,49.782,CONFIRMED
M01,58117,2026-09-10 17:05:26.221722+00:00,2026-09-10 17:05:26.246620+00:00,2026-09-10 17:05:26.187804+00:00,2026-09-10 17:05:26.191841+00:00,2026-09-10 17:05:26.188165+00:00,2026-09-10 17:05:26.205677+00:00,2026-09-10 17:05:26.206166+00:00,,,,,0.361,17.512,3.676,0.48899999999999993,15.556000000000001,24.898,58.816,CONFIRMED
M01,58118,2026-09-10 17:05:26.328635+00:00,2026-09-10 17:05:26.359596+00:00,2026-09-10 17:05:26.308733+00:00,2026-09-10 17:05:26.311102+00:00,2026-09-10 17:05:26.309019+00:00,2026-09-10 17:05:26.311931+00:00,2026-09-10 17:05:26.312359+00:00,,,,,0.28600000000000003,2.912,2.083,0.428,16.276,30.961,50.863,CONFIRMED
M01,58119,2026-09-10 17:05:26.443967+00:00,2026-09-10 17:05:26.475074+00:00,2026-09-10 17:05:26.414245+00:00,2026-09-10 17:05:26.417819+00:00,2026-09-10 17:05:26.414440+00:00,2026-09-10 17:05:26.415325+00:00,2026-09-10 17:05:26.418653+00:00,,,,,0.195,0.885,3.379,3.328,25.314,31.107,60.829,CONFIRMED
M01,58120,2026-09-10 17:05:26.542574+00:00,2026-09-10 17:05:26.569205+00:00,2026-09-10 17:05:26.521759+00:00,2026-09-10 17:05:26.523225+00:00,2026-09-10 17:05:26.522114+00:00,2026-09-10 17:05:26.523171+00:00,2026-09-10 17:05:26.523899+00:00,,,,,0.355,1.057,1.111,0.728,18.675,26.630999999999997,47.446000000000005,CONFIRMED
M01,58121,2026-09-10 17:05:26.646445+00:00,2026-09-10 17:05:26.673387+00:00,2026-09-10 17:05:26.625695+00:00,2026-09-10 17:05:26.626508+00:00,2026-09-10 17:05:26.625862+00:00,2026-09-10 17:05:26.626647+00:00,2026-09-10 17:05:26.627204+00:00,,,,,0.16699999999999998,0.785,0.646,0.5569999999999999,19.241,26.942,47.692,CONFIRMED
M01,58122,2026-09-10 17:05:26.766455+00:00,2026-09-10 17:05:26.799408+00:00,2026-09-10 17:05:26.730489+00:00,2026-09-10 17:05:26.733698+00:00,2026-09-10 17:05:26.731035+00:00,2026-09-10 17:05:26.741227+00:00,2026-09-10 17:05:26.741531+00:00,,,,,0.546,10.192,2.663,0.304,24.924000000000003,32.953,68.919,CONFIRMED
M01,58123,2026-09-10 17:05:26.867558+00:00,2026-09-10 17:05:26.896483+00:00,2026-09-10 17:05:26.847958+00:00,2026-09-10 17:05:26.848937+00:00,2026-09-10 17:05:26.848200+00:00,2026-09-10 17:05:26.848910+00:00,2026-09-10 17:05:26.849228+00:00,,,,,0.242,0.71,0.737,0.318,18.33,28.925,48.525,CONFIRMED
M01,58124,2026-09-10 17:05:26.980168+00:00,2026-09-10 17:05:27.011982+00:00,2026-09-10 17:05:26.952341+00:00,2026-09-10 17:05:26.953379+00:00,2026-09-10 17:05:26.952665+00:00,2026-09-10 17:05:26.953483+00:00,2026-09-10 17:05:26.953937+00:00,,,,,0.324,0.8180000000000001,0.714,0.45399999999999996,26.231,31.814000000000004,59.641,CONFIRMED
M01,58125,2026-09-10 17:05:27.074961+00:00,2026-09-10 17:05:27.100730+00:00,2026-09-10 17:05:27.055480+00:00,2026-09-10 17:05:27.057193+00:00,2026-09-10 17:05:27.055810+00:00,2026-09-10 17:05:27.056926+00:00,2026-09-10 17:05:27.057668+00:00,,,,,0.33,1.116,1.383,0.742,17.293,25.769000000000002,45.25,CONFIRMED
M01,58126,2026-09-10 17:05:27.184576+00:00,2026-09-10 17:05:27.209950+00:00,2026-09-10 17:05:27.160980+00:00,2026-09-10 17:05:27.161809+00:00,2026-09-10 17:05:27.161168+00:00,2026-09-10 17:05:27.161892+00:00,2026-09-10 17:05:27.162310+00:00,,,,,0.188,0.7240000000000001,0.641,0.41800000000000004,22.266000000000002,25.374000000000002,48.97,CONFIRMED
M01,58127,2026-09-10 17:05:27.287081+00:00,2026-09-10 17:05:27.313160+00:00,2026-09-10 17:05:27.265198+00:00,2026-09-10 17:05:27.266081+00:00,2026-09-10 17:05:27.265368+00:00,2026-09-10 17:05:27.266028+00:00,2026-09-10 17:05:27.266408+00:00,,,,,0.17,0.66,0.713,0.38,20.673000000000002,26.079,47.961999999999996,CONFIRMED
M01,58128,2026-09-10 17:05:27.410456+00:00,2026-09-10 17:05:27.436757+00:00,2026-09-10 17:05:27.383370+00:00,2026-09-10 17:05:27.385236+00:00,2026-09-10 17:05:27.383636+00:00,2026-09-10 17:05:27.385154+00:00,2026-09-10 17:05:27.385668+00:00,,,,,0.266,1.518,1.6,0.514,24.788,26.301000000000002,53.387,CONFIRMED
M01,58129,2026-09-10 17:05:27.514047+00:00,2026-09-10 17:05:27.539913+00:00,2026-09-10 17:05:27.488841+00:00,2026-09-10 17:05:27.490394+00:00,2026-09-10 17:05:27.489123+00:00,2026-09-10 17:05:27.490591+00:00,2026-09-10 17:05:27.491263+00:00,,,,,0.28200000000000003,1.468,1.271,0.6719999999999999,22.784,25.866,51.072,CONFIRMED
M01,58130,2026-09-10 17:05:27.619059+00:00,2026-09-10 17:05:27.648501+00:00,2026-09-10 17:05:27.593798+00:00,2026-09-10 17:05:27.598596+00:00,2026-09-10 17:05:27.594097+00:00,2026-09-10 17:05:27.597190+00:00,2026-09-10 17:05:27.597647+00:00,,,,,0.299,3.093,4.4990000000000006,0.457,21.412,29.442,54.703,CONFIRMED
M01,58131,2026-09-10 17:05:27.721594+00:00,2026-09-10 17:05:27.747224+00:00,2026-09-10 17:05:27.701936+00:00,2026-09-10 17:05:27.704548+00:00,2026-09-10 17:05:27.702267+00:00,2026-09-10 17:05:27.703286+00:00,2026-09-10 17:05:27.703957+00:00,,,,,0.331,1.019,2.281,0.671,17.637,25.63,45.288000000000004,CONFIRMED
M01,58132,2026-09-10 17:05:27.831990+00:00,2026-09-10 17:05:27.862246+00:00,2026-09-10 17:05:27.807160+00:00,2026-09-10 17:05:27.807997+00:00,2026-09-10 17:05:27.807353+00:00,2026-09-10 17:05:27.808002+00:00,2026-09-10 17:05:27.808419+00:00,,,,,0.193,0.6489999999999999,0.644,0.417,23.571,30.256,55.086000000000006,CONFIRMED
M01,58133,2026-09-10 17:05:27.927021+00:00,2026-09-10 17:05:27.950458+00:00,2026-09-10 17:05:27.911585+00:00,2026-09-10 17:05:27.912556+00:00,2026-09-10 17:05:27.911744+00:00,2026-09-10 17:05:27.912353+00:00,2026-09-10 17:05:27.912638+00:00,,,,,0.159,0.609,0.812,0.285,14.383,23.437,38.873,CONFIRMED
M01,58134,2026-09-10 17:05:28.035390+00:00,2026-09-10 17:05:28.062133+00:00,2026-09-10 17:05:28.014601+00:00,2026-09-10 17:05:28.017104+00:00,2026-09-10 17:05:28.014824+00:00,2026-09-10 17:05:28.015829+00:00,2026-09-10 17:05:28.016237+00:00,,,,,0.223,1.0050000000000001,2.28,0.408,19.153,26.743,47.532,CONFIRMED
M01,58135,2026-09-10 17:05:28.147922+00:00,2026-09-10 17:05:28.175553+00:00,2026-09-10 17:05:28.121868+00:00,2026-09-10 17:05:28.123728+00:00,2026-09-10 17:05:28.122236+00:00,2026-09-10 17:05:28.123659+00:00,2026-09-10 17:05:28.124749+00:00,,,,,0.368,1.423,1.492,1.09,23.173,27.631,53.684999999999995,CONFIRMED
M01,58136,2026-09-10 17:05:28.249130+00:00,2026-09-10 17:05:28.277403+00:00,2026-09-10 17:05:28.228739+00:00,2026-09-10 17:05:28.230312+00:00,2026-09-10 17:05:28.229148+00:00,2026-09-10 17:05:28.230269+00:00,2026-09-10 17:05:28.230931+00:00,,,,,0.40900000000000003,1.121,1.1640000000000001,0.662,18.199,28.273,48.664,CONFIRMED
M01,58137,2026-09-10 17:05:28.353048+00:00,2026-09-10 17:05:28.378719+00:00,2026-09-10 17:05:28.334268+00:00,2026-09-10 17:05:28.335488+00:00,2026-09-10 17:05:28.334509+00:00,2026-09-10 17:05:28.335674+00:00,2026-09-10 17:05:28.336353+00:00,,,,,0.241,1.165,0.9790000000000001,0.679,16.695,25.671,44.451,CONFIRMED
M01,58138,2026-09-10 17:05:28.470993+00:00,2026-09-10 17:05:28.506930+00:00,2026-09-10 17:05:28.440166+00:00,2026-09-10 17:05:28.444628+00:00,2026-09-10 17:05:28.440384+00:00,2026-09-10 17:05:28.441330+00:00,2026-09-10 17:05:28.441705+00:00,,,,,0.21800000000000003,0.9460000000000001,4.244000000000001,0.375,29.288,35.937,66.76400000000001,CONFIRMED
M01,58139,2026-09-10 17:05:28.568201+00:00,2026-09-10 17:05:28.596078+00:00,2026-09-10 17:05:28.547926+00:00,2026-09-10 17:05:28.548894+00:00,2026-09-10 17:05:28.548180+00:00,2026-09-10 17:05:28.548925+00:00,2026-09-10 17:05:28.549373+00:00,,,,,0.254,0.745,0.714,0.448,18.828,27.877,48.152,CONFIRMED
M01,58140,2026-09-10 17:05:28.671617+00:00,2026-09-10 17:05:28.697881+00:00,2026-09-10 17:05:28.650840+00:00,2026-09-10 17:05:28.651651+00:00,2026-09-10 17:05:28.651017+00:00,2026-09-10 17:05:28.651668+00:00,2026-09-10 17:05:28.652060+00:00,,,,,0.177,0.651,0.634,0.392,19.557000000000002,26.264,47.041,CONFIRMED
M01,58141,2026-09-10 17:05:28.779617+00:00,2026-09-10 17:05:28.806728+00:00,2026-09-10 17:05:28.754788+00:00,2026-09-10 17:05:28.756282+00:00,2026-09-10 17:05:28.755132+00:00,2026-09-10 17:05:28.756440+00:00,2026-09-10 17:05:28.757200+00:00,,,,,0.34400000000000003,1.3079999999999998,1.15,0.76,22.416999999999998,27.111,51.94,CONFIRMED
M01,58142,2026-09-10 17:05:28.882569+00:00,2026-09-10 17:05:28.911934+00:00,2026-09-10 17:05:28.861857+00:00,2026-09-10 17:05:28.865808+00:00,2026-09-10 17:05:28.862201+00:00,2026-09-10 17:05:28.863855+00:00,2026-09-10 17:05:28.864425+00:00,,,,,0.34400000000000003,1.6540000000000001,3.6069999999999998,0.57,18.144000000000002,29.365,50.077000000000005,CONFIRMED
M01,58143,2026-09-10 17:05:28.996585+00:00,2026-09-10 17:05:29.030415+00:00,2026-09-10 17:05:28.969421+00:00,2026-09-10 17:05:28.970581+00:00,2026-09-10 17:05:28.969624+00:00,2026-09-10 17:05:28.970501+00:00,2026-09-10 17:05:28.970903+00:00,,,,,0.203,0.877,0.957,0.402,25.682,33.83,60.994,CONFIRMED
M01,58144,2026-09-10 17:05:29.095372+00:00,2026-09-10 17:05:29.128806+00:00,2026-09-10 17:05:29.074144+00:00,2026-09-10 17:05:29.076114+00:00,2026-09-10 17:05:29.074406+00:00,2026-09-10 17:05:29.075155+00:00,2026-09-10 17:05:29.075750+00:00,,,,,0.262,0.749,1.7080000000000002,0.5950000000000001,19.622,33.434,54.662,CONFIRMED
M01,58145,2026-09-10 17:05:29.199127+00:00,2026-09-10 17:05:29.225110+00:00,2026-09-10 17:05:29.178228+00:00,2026-09-10 17:05:29.179048+00:00,2026-09-10 17:05:29.178428+00:00,2026-09-10 17:05:29.179103+00:00,2026-09-10 17:05:29.179540+00:00,,,,,0.2,0.675,0.62,0.437,19.587,25.983,46.882,CONFIRMED
M01,58146,2026-09-10 17:05:29.308112+00:00,2026-09-10 17:05:29.338085+00:00,2026-09-10 17:05:29.282210+00:00,2026-09-10 17:05:29.283819+00:00,2026-09-10 17:05:29.282504+00:00,2026-09-10 17:05:29.283508+00:00,2026-09-10 17:05:29.284090+00:00,,,,,0.294,1.004,1.315,0.5820000000000001,24.022000000000002,29.973,55.875,CONFIRMED
M01,58147,2026-09-10 17:05:29.405557+00:00,2026-09-10 17:05:29.429051+00:00,2026-09-10 17:05:29.386530+00:00,2026-09-10 17:05:29.388203+00:00,2026-09-10 17:05:29.386852+00:00,2026-09-10 17:05:29.388170+00:00,2026-09-10 17:05:29.388848+00:00,,,,,0.322,1.3179999999999998,1.351,0.678,16.709000000000003,23.494,42.521,CONFIRMED
M01,58148,2026-09-10 17:05:29.515686+00:00,2026-09-10 17:05:29.540984+00:00,2026-09-10 17:05:29.491478+00:00,2026-09-10 17:05:29.492678+00:00,2026-09-10 17:05:29.491767+00:00,2026-09-10 17:05:29.492743+00:00,2026-09-10 17:05:29.493311+00:00,,,,,0.289,0.976,0.911,0.5680000000000001,22.375,25.298000000000002,49.506,CONFIRMED
M01,58149,2026-09-10 17:05:29.616665+00:00,2026-09-10 17:05:29.645449+00:00,2026-09-10 17:05:29.596221+00:00,2026-09-10 17:05:29.598346+00:00,2026-09-10 17:05:29.596499+00:00,2026-09-10 17:05:29.598571+00:00,2026-09-10 17:05:29.599320+00:00,,,,,0.27799999999999997,2.072,1.847,0.749,17.345,28.784,49.228,CONFIRMED
M01,58150,2026-09-10 17:05:29.725236+00:00,2026-09-10 17:05:29.752368+00:00,2026-09-10 17:05:29.704197+00:00,2026-09-10 17:05:29.705466+00:00,2026-09-10 17:05:29.704527+00:00,2026-09-10 17:05:29.705579+00:00,2026-09-10 17:05:29.706250+00:00,,,,,0.33,1.052,0.939,0.671,18.986,27.132,48.171,CONFIRMED
M02,58151,2026-09-10 17:05:29.829180+00:00,2026-09-10 17:05:29.855605+00:00,2026-09-10 17:05:29.809949+00:00,2026-09-10 17:05:29.811592+00:00,2026-09-10 17:05:29.810221+00:00,2026-09-10 17:05:29.811430+00:00,2026-09-10 17:05:29.812127+00:00,,,,,0.272,1.209,1.371,0.6970000000000001,17.052999999999997,26.425,45.656,CONFIRMED
M02,58152,2026-09-10 17:05:29.941394+00:00,2026-09-10 17:05:29.966900+00:00,2026-09-10 17:05:29.917244+00:00,2026-09-10 17:05:29.918786+00:00,2026-09-10 17:05:29.917463+00:00,2026-09-10 17:05:29.918754+00:00,2026-09-10 17:05:29.919448+00:00,,,,,0.219,1.2910000000000001,1.323,0.694,21.946,25.506,49.656,CONFIRMED
M02,58153,2026-09-10 17:05:30.046086+00:00,2026-09-10 17:05:30.072767+00:00,2026-09-10 17:05:30.021880+00:00,2026-09-10 17:05:30.022869+00:00,2026-09-10 17:05:30.022075+00:00,2026-09-10 17:05:30.022977+00:00,2026-09-10 17:05:30.023344+00:00,,,,,0.195,0.902,0.794,0.367,22.741999999999997,26.681,50.887,CONFIRMED
M02,58154,2026-09-10 17:05:30.146627+00:00,2026-09-10 17:05:30.173667+00:00,2026-09-10 17:05:30.126715+00:00,2026-09-10 17:05:30.127943+00:00,2026-09-10 17:05:30.126973+00:00,2026-09-10 17:05:30.128099+00:00,2026-09-10 17:05:30.128722+00:00,,,,,0.258,1.1260000000000001,0.9700000000000001,0.623,17.905,27.040000000000003,46.952,CONFIRMED
M02,58155,2026-09-10 17:05:30.253622+00:00,2026-09-10 17:05:30.280299+00:00,2026-09-10 17:05:30.231109+00:00,2026-09-10 17:05:30.232523+00:00,2026-09-10 17:05:30.231355+00:00,2026-09-10 17:05:30.232524+00:00,2026-09-10 17:05:30.232939+00:00,,,,,0.24600000000000002,1.1689999999999998,1.168,0.415,20.683,26.677,49.19,CONFIRMED
M02,58156,2026-09-10 17:05:30.361502+00:00,2026-09-10 17:05:30.386826+00:00,2026-09-10 17:05:30.341740+00:00,2026-09-10 17:05:30.342694+00:00,2026-09-10 17:05:30.341937+00:00,2026-09-10 17:05:30.342787+00:00,2026-09-10 17:05:30.343168+00:00,,,,,0.19699999999999998,0.85,0.757,0.381,18.334,25.323999999999998,45.086,CONFIRMED
M02,58157,2026-09-10 17:05:30.471039+00:00,2026-09-10 17:05:30.497511+00:00,2026-09-10 17:05:30.445538+00:00,2026-09-10 17:05:30.447338+00:00,2026-09-10 17:05:30.445921+00:00,2026-09-10 17:05:30.448187+00:00,2026-09-10 17:05:30.448864+00:00,,,,,0.383,2.2659999999999996,1.417,0.6769999999999999,22.175,26.471999999999998,51.973,CONFIRMED
M02,58158,2026-09-10 17:05:30.574660+00:00,2026-09-10 17:05:30.605029+00:00,2026-09-10 17:05:30.551889+00:00,2026-09-10 17:05:30.552894+00:00,2026-09-10 17:05:30.552063+00:00,2026-09-10 17:05:30.552917+00:00,2026-09-10 17:05:30.554155+00:00,,,,,0.174,0.8540000000000001,0.8310000000000001,1.238,20.505,30.369,53.14,CONFIRMED
M02,58159,2026-09-10 17:05:30.675092+00:00,2026-09-10 17:05:30.704483+00:00,2026-09-10 17:05:30.657774+00:00,2026-09-10 17:05:30.658613+00:00,2026-09-10 17:05:30.657917+00:00,2026-09-10 17:05:30.658589+00:00,2026-09-10 17:05:30.658953+00:00,,,,,0.14300000000000002,0.6719999999999999,0.696,0.364,16.139,29.391000000000002,46.709,CONFIRMED
M02,58160,2026-09-10 17:05:30.784954+00:00,2026-09-10 17:05:30.818781+00:00,2026-09-10 17:05:30.763595+00:00,2026-09-10 17:05:30.765424+00:00,2026-09-10 17:05:30.763998+00:00,2026-09-10 17:05:30.765354+00:00,2026-09-10 17:05:30.765883+00:00,,,,,0.40299999999999997,1.356,1.426,0.5289999999999999,19.071,33.827000000000005,55.186,CONFIRMED
M02,58161,2026-09-10 17:05:30.891073+00:00,2026-09-10 17:05:30.916907+00:00,2026-09-10 17:05:30.869150+00:00,2026-09-10 17:05:30.874157+00:00,2026-09-10 17:05:30.869336+00:00,2026-09-10 17:05:30.874199+00:00,2026-09-10 17:05:30.874511+00:00,,,,,0.186,4.863,4.821,0.312,16.562,25.834,47.757,CONFIRMED
M02,58162,2026-09-10 17:05:31.015140+00:00,2026-09-10 17:05:31.048861+00:00,2026-09-10 17:05:30.980414+00:00,2026-09-10 17:05:30.989625+00:00,2026-09-10 17:05:30.980732+00:00,2026-09-10 17:05:30.989319+00:00,2026-09-10 17:05:30.989978+00:00,,,,,0.318,8.587,8.893,0.6589999999999999,25.162,33.721000000000004,68.44699999999999,CONFIRMED
M02,58163,2026-09-10 17:05:31.110998+00:00,2026-09-10 17:05:31.139618+00:00,2026-09-10 17:05:31.092188+00:00,2026-09-10 17:05:31.093387+00:00,2026-09-10 17:05:31.092417+00:00,2026-09-10 17:05:31.093324+00:00,2026-09-10 17:05:31.093927+00:00,,,,,0.229,0.907,0.9700000000000001,0.603,17.070999999999998,28.62,47.43,CONFIRMED
M02,58164,2026-09-10 17:05:31.220179+00:00,2026-09-10 17:05:31.248574+00:00,2026-09-10 17:05:31.195992+00:00,2026-09-10 17:05:31.197457+00:00,2026-09-10 17:05:31.196373+00:00,2026-09-10 17:05:31.197729+00:00,2026-09-10 17:05:31.198513+00:00,,,,,0.381,1.356,1.0839999999999999,0.784,21.666,28.395,52.581999999999994,CONFIRMED
M02,58165,2026-09-10 17:05:31.319152+00:00,2026-09-10 17:05:31.347982+00:00,2026-09-10 17:05:31.300223+00:00,2026-09-10 17:05:31.301090+00:00,2026-09-10 17:05:31.300427+00:00,2026-09-10 17:05:31.301223+00:00,2026-09-10 17:05:31.302273+00:00,,,,,0.204,0.796,0.6629999999999999,1.05,16.879,28.830000000000002,47.759,CONFIRMED
M02,58166,2026-09-10 17:05:31.422861+00:00,2026-09-10 17:05:31.456673+00:00,2026-09-10 17:05:31.403366+00:00,2026-09-10 17:05:31.405181+00:00,2026-09-10 17:05:31.403757+00:00,2026-09-10 17:05:31.404634+00:00,2026-09-10 17:05:31.405149+00:00,,,,,0.391,0.877,1.424,0.515,17.712,33.812000000000005,53.307,CONFIRMED
M02,58167,2026-09-10 17:05:31.528608+00:00,2026-09-10 17:05:31.554469+00:00,2026-09-10 17:05:31.509237+00:00,2026-09-10 17:05:31.510353+00:00,2026-09-10 17:05:31.509416+00:00,2026-09-10 17:05:31.510267+00:00,2026-09-10 17:05:31.510647+00:00,,,,,0.179,0.851,0.937,0.38,17.961000000000002,25.860999999999997,45.232,CONFIRMED
M02,58168,2026-09-10 17:05:31.634292+00:00,2026-09-10 17:05:31.666437+00:00,2026-09-10 17:05:31.613728+00:00,2026-09-10 17:05:31.618264+00:00,2026-09-10 17:05:31.614093+00:00,2026-09-10 17:05:31.615430+00:00,2026-09-10 17:05:31.616066+00:00,,,,,0.365,1.3370000000000002,4.171,0.636,18.226,32.145,52.708999999999996,CONFIRMED
M02,58169,2026-09-10 17:05:31.750744+00:00,2026-09-10 17:05:31.777863+00:00,2026-09-10 17:05:31.727929+00:00,2026-09-10 17:05:31.737997+00:00,2026-09-10 17:05:31.728302+00:00,2026-09-10 17:05:31.730048+00:00,2026-09-10 17:05:31.730762+00:00,,,,,0.373,1.746,9.695,0.714,19.982,27.119,49.934,CONFIRMED
M02,58170,2026-09-10 17:05:31.864528+00:00,2026-09-10 17:05:31.890337+00:00,2026-09-10 17:05:31.842868+00:00,2026-09-10 17:05:31.844356+00:00,2026-09-10 17:05:31.843242+00:00,2026-09-10 17:05:31.844238+00:00,2026-09-10 17:05:31.844800+00:00,,,,,0.374,0.9959999999999999,1.1139999999999999,0.562,19.727999999999998,25.808999999999997,47.468999999999994,CONFIRMED
M02,58171,2026-09-10 17:05:31.966768+00:00,2026-09-10 17:05:31.993169+00:00,2026-09-10 17:05:31.946946+00:00,2026-09-10 17:05:31.948469+00:00,2026-09-10 17:05:31.947358+00:00,2026-09-10 17:05:31.948595+00:00,2026-09-10 17:05:31.949409+00:00,,,,,0.412,1.237,1.111,0.8140000000000001,17.358999999999998,26.401,46.223,CONFIRMED
M02,58172,2026-09-10 17:05:32.079188+00:00,2026-09-10 17:05:32.105600+00:00,2026-09-10 17:05:32.052843+00:00,2026-09-10 17:05:32.054014+00:00,2026-09-10 17:05:32.053001+00:00,2026-09-10 17:05:32.054068+00:00,2026-09-10 17:05:32.054414+00:00,,,,,0.158,1.067,1.013,0.34600000000000003,24.774,26.412000000000003,52.757,CONFIRMED
M02,58173,2026-09-10 17:05:32.184857+00:00,2026-09-10 17:05:32.217364+00:00,2026-09-10 17:05:32.157225+00:00,2026-09-10 17:05:32.158456+00:00,2026-09-10 17:05:32.157441+00:00,2026-09-10 17:05:32.158321+00:00,2026-09-10 17:05:32.158676+00:00,,,,,0.216,0.88,1.0150000000000001,0.355,26.181,32.507,60.138999999999996,CONFIRMED
M02,58174,2026-09-10 17:05:32.278571+00:00,2026-09-10 17:05:32.308200+00:00,2026-09-10 17:05:32.262235+00:00,2026-09-10 17:05:32.264314+00:00,2026-09-10 17:05:32.262445+00:00,2026-09-10 17:05:32.263585+00:00,2026-09-10 17:05:32.263874+00:00,,,,,0.21000000000000002,1.14,1.869,0.289,14.697,29.628999999999998,45.964999999999996,CONFIRMED
M02,58175,2026-09-10 17:05:32.388274+00:00,2026-09-10 17:05:32.411906+00:00,2026-09-10 17:05:32.366370+00:00,2026-09-10 17:05:32.367564+00:00,2026-09-10 17:05:32.366581+00:00,2026-09-10 17:05:32.367439+00:00,2026-09-10 17:05:32.367816+00:00,,,,,0.211,0.858,0.983,0.377,20.458000000000002,23.632,45.536,CONFIRMED
M02,58176,2026-09-10 17:05:32.491544+00:00,2026-09-10 17:05:32.516766+00:00,2026-09-10 17:05:32.469908+00:00,2026-09-10 17:05:32.471645+00:00,2026-09-10 17:05:32.470201+00:00,2026-09-10 17:05:32.471581+00:00,2026-09-10 17:05:32.472122+00:00,,,,,0.29300000000000004,1.38,1.444,0.541,19.421999999999997,25.222,46.858,CONFIRMED
M02,58177,2026-09-10 17:05:32.592002+00:00,2026-09-10 17:05:32.620469+00:00,2026-09-10 17:05:32.573963+00:00,2026-09-10 17:05:32.576022+00:00,2026-09-10 17:05:32.574137+00:00,2026-09-10 17:05:32.575117+00:00,2026-09-10 17:05:32.575615+00:00,,,,,0.174,0.98,1.885,0.49799999999999994,16.387,28.467,46.506,CONFIRMED
M02,58178,2026-09-10 17:05:32.699618+00:00,2026-09-10 17:05:32.731270+00:00,2026-09-10 17:05:32.679744+00:00,2026-09-10 17:05:32.680747+00:00,2026-09-10 17:05:32.679968+00:00,2026-09-10 17:05:32.680646+00:00,2026-09-10 17:05:32.681000+00:00,,,,,0.224,0.678,0.7789999999999999,0.354,18.618,31.652,51.526,CONFIRMED
M02,58179,2026-09-10 17:05:32.820626+00:00,2026-09-10 17:05:32.846097+00:00,2026-09-10 17:05:32.785911+00:00,2026-09-10 17:05:32.788209+00:00,2026-09-10 17:05:32.786256+00:00,2026-09-10 17:05:32.789605+00:00,2026-09-10 17:05:32.790199+00:00,,,,,0.345,3.349,1.953,0.594,30.427,25.471,60.186,CONFIRMED
M02,58180,2026-09-10 17:05:32.922823+00:00,2026-09-10 17:05:32.949724+00:00,2026-09-10 17:05:32.903726+00:00,2026-09-10 17:05:32.907990+00:00,2026-09-10 17:05:32.904063+00:00,2026-09-10 17:05:32.905681+00:00,2026-09-10 17:05:32.906311+00:00,,,,,0.337,1.618,3.927,0.63,16.512,26.901,45.998,CONFIRMED
M02,58181,2026-09-10 17:05:33.036141+00:00,2026-09-10 17:05:33.067938+00:00,2026-09-10 17:05:33.011728+00:00,2026-09-10 17:05:33.013611+00:00,2026-09-10 17:05:33.012144+00:00,2026-09-10 17:05:33.013314+00:00,2026-09-10 17:05:33.014271+00:00,,,,,0.416,1.17,1.467,0.957,21.87,31.797,56.21,CONFIRMED
M02,58182,2026-09-10 17:05:33.136399+00:00,2026-09-10 17:05:33.160796+00:00,2026-09-10 17:05:33.117294+00:00,2026-09-10 17:05:33.118915+00:00,2026-09-10 17:05:33.117519+00:00,2026-09-10 17:05:33.118493+00:00,2026-09-10 17:05:33.118860+00:00,,,,,0.225,0.9740000000000001,1.3960000000000001,0.367,17.538999999999998,24.397,43.502,CONFIRMED
M02,58183,2026-09-10 17:05:33.249457+00:00,2026-09-10 17:05:33.276445+00:00,2026-09-10 17:05:33.224521+00:00,2026-09-10 17:05:33.227663+00:00,2026-09-10 17:05:33.224888+00:00,2026-09-10 17:05:33.226578+00:00,2026-09-10 17:05:33.227434+00:00,,,,,0.367,1.6900000000000002,2.775,0.856,22.023,26.988000000000003,51.924,CONFIRMED
M02,58184,2026-09-10 17:05:33.356741+00:00,2026-09-10 17:05:33.383448+00:00,2026-09-10 17:05:33.333855+00:00,2026-09-10 17:05:33.335151+00:00,2026-09-10 17:05:33.334040+00:00,2026-09-10 17:05:33.335078+00:00,2026-09-10 17:05:33.335590+00:00,,,,,0.185,1.038,1.111,0.512,21.151,26.707,49.592999999999996,CONFIRMED
M02,58185,2026-09-10 17:05:33.464605+00:00,2026-09-10 17:05:33.493810+00:00,2026-09-10 17:05:33.439430+00:00,2026-09-10 17:05:33.440673+00:00,2026-09-10 17:05:33.439627+00:00,2026-09-10 17:05:33.440432+00:00,2026-09-10 17:05:33.440821+00:00,,,,,0.19699999999999998,0.805,1.046,0.389,23.784,29.205,54.379999999999995,CONFIRMED
M02,58186,2026-09-10 17:05:33.569940+00:00,2026-09-10 17:05:33.609381+00:00,2026-09-10 17:05:33.544238+00:00,2026-09-10 17:05:33.545559+00:00,2026-09-10 17:05:33.544506+00:00,2026-09-10 17:05:33.545601+00:00,2026-09-10 17:05:33.546068+00:00,,,,,0.268,1.095,1.053,0.467,23.872,39.440999999999995,65.143,CONFIRMED
M02,58187,2026-09-10 17:05:33.675100+00:00,2026-09-10 17:05:33.703625+00:00,2026-09-10 17:05:33.647803+00:00,2026-09-10 17:05:33.660178+00:00,2026-09-10 17:05:33.648196+00:00,2026-09-10 17:05:33.649485+00:00,2026-09-10 17:05:33.650252+00:00,,,,,0.393,1.289,11.982,0.767,24.848,28.525,55.821999999999996,CONFIRMED
M02,58188,2026-09-10 17:05:33.784576+00:00,2026-09-10 17:05:33.811173+00:00,2026-09-10 17:05:33.762312+00:00,2026-09-10 17:05:33.763198+00:00,2026-09-10 17:05:33.762485+00:00,2026-09-10 17:05:33.763255+00:00,2026-09-10 17:05:33.763760+00:00,,,,,0.17300000000000001,0.7699999999999999,0.713,0.505,20.816000000000003,26.596999999999998,48.861000000000004,CONFIRMED
M02,58189,2026-09-10 17:05:33.887181+00:00,2026-09-10 17:05:33.913440+00:00,2026-09-10 17:05:33.866715+00:00,2026-09-10 17:05:33.868754+00:00,2026-09-10 17:05:33.867010+00:00,2026-09-10 17:05:33.868349+00:00,2026-09-10 17:05:33.869109+00:00,,,,,0.29500000000000004,1.339,1.7440000000000002,0.76,18.072000000000003,26.259,46.725,CONFIRMED
M02,58190,2026-09-10 17:05:34.001090+00:00,2026-09-10 17:05:34.028569+00:00,2026-09-10 17:05:33.977910+00:00,2026-09-10 17:05:33.979877+00:00,2026-09-10 17:05:33.978313+00:00,2026-09-10 17:05:33.979916+00:00,2026-09-10 17:05:33.980738+00:00,,,,,0.40299999999999997,1.603,1.564,0.8220000000000001,20.352,27.479,50.659000000000006,CONFIRMED
M02,58191,2026-09-10 17:05:34.109441+00:00,2026-09-10 17:05:34.134983+00:00,2026-09-10 17:05:34.083700+00:00,2026-09-10 17:05:34.084788+00:00,2026-09-10 17:05:34.083976+00:00,2026-09-10 17:05:34.084829+00:00,2026-09-10 17:05:34.085238+00:00,,,,,0.27599999999999997,0.853,0.812,0.40900000000000003,24.203,25.541999999999998,51.283,CONFIRMED
M02,58192,2026-09-10 17:05:34.208888+00:00,2026-09-10 17:05:34.234521+00:00,2026-09-10 17:05:34.187659+00:00,2026-09-10 17:05:34.189245+00:00,2026-09-10 17:05:34.188012+00:00,2026-09-10 17:05:34.189139+00:00,2026-09-10 17:05:34.190047+00:00,,,,,0.35300000000000004,1.127,1.2329999999999999,0.9079999999999999,18.841,25.633,46.862,CONFIRMED
M02,58193,2026-09-10 17:05:34.321968+00:00,2026-09-10 17:05:34.348042+00:00,2026-09-10 17:05:34.291611+00:00,2026-09-10 17:05:34.292495+00:00,2026-09-10 17:05:34.291817+00:00,2026-09-10 17:05:34.292501+00:00,2026-09-10 17:05:34.292868+00:00,,,,,0.206,0.684,0.678,0.367,29.1,26.074,56.431000000000004,CONFIRMED
M02,58194,2026-09-10 17:05:34.417229+00:00,2026-09-10 17:05:34.442831+00:00,2026-09-10 17:05:34.395234+00:00,2026-09-10 17:05:34.396459+00:00,2026-09-10 17:05:34.395568+00:00,2026-09-10 17:05:34.396526+00:00,2026-09-10 17:05:34.396986+00:00,,,,,0.33399999999999996,0.958,0.891,0.46,20.243000000000002,25.602,47.597,CONFIRMED
M02,58195,2026-09-10 17:05:34.518709+00:00,2026-09-10 17:05:34.543546+00:00,2026-09-10 17:05:34.499454+00:00,2026-09-10 17:05:34.503356+00:00,2026-09-10 17:05:34.499777+00:00,2026-09-10 17:05:34.501331+00:00,2026-09-10 17:05:34.502157+00:00,,,,,0.323,1.554,3.579,0.8260000000000001,16.552,24.837,44.092,CONFIRMED
M02,58196,2026-09-10 17:05:34.640903+00:00,2026-09-10 17:05:34.666077+00:00,2026-09-10 17:05:34.618167+00:00,2026-09-10 17:05:34.625469+00:00,2026-09-10 17:05:34.618493+00:00,2026-09-10 17:05:34.619894+00:00,2026-09-10 17:05:34.620563+00:00,,,,,0.326,1.4009999999999998,6.976000000000001,0.669,20.34,25.174,47.910000000000004,CONFIRMED
M02,58197,2026-09-10 17:05:34.758240+00:00,2026-09-10 17:05:34.786112+00:00,2026-09-10 17:05:34.727863+00:00,2026-09-10 17:05:34.731146+00:00,2026-09-10 17:05:34.728007+00:00,2026-09-10 17:05:34.731158+00:00,2026-09-10 17:05:34.731539+00:00,,,,,0.14400000000000002,3.1510000000000002,3.139,0.381,26.701,27.872,58.249,CONFIRMED
M02,58198,2026-09-10 17:05:34.855599+00:00,2026-09-10 17:05:34.883797+00:00,2026-09-10 17:05:34.837556+00:00,2026-09-10 17:05:34.838426+00:00,2026-09-10 17:05:34.837789+00:00,2026-09-10 17:05:34.838366+00:00,2026-09-10 17:05:34.839184+00:00,,,,,0.23299999999999998,0.5770000000000001,0.637,0.8180000000000001,16.415,28.198,46.241,CONFIRMED
M02,58199,2026-09-10 17:05:34.963792+00:00,2026-09-10 17:05:34.987940+00:00,2026-09-10 17:05:34.940541+00:00,2026-09-10 17:05:34.942331+00:00,2026-09-10 17:05:34.940736+00:00,2026-09-10 17:05:34.941335+00:00,2026-09-10 17:05:34.941778+00:00,,,,,0.195,0.599,1.595,0.443,22.014,24.148,47.398999999999994,CONFIRMED
M02,58200,2026-09-10 17:05:35.079575+00:00,2026-09-10 17:05:35.108622+00:00,2026-09-10 17:05:35.045577+00:00,2026-09-10 17:05:35.047030+00:00,2026-09-10 17:05:35.045836+00:00,2026-09-10 17:05:35.057559+00:00,2026-09-10 17:05:35.058094+00:00,,,,,0.259,11.723,1.194,0.535,21.481,29.047,63.045,CONFIRMED
M02,58201,2026-09-10 17:05:35.177453+00:00,2026-09-10 17:05:35.204119+00:00,2026-09-10 17:05:35.160072+00:00,2026-09-10 17:05:35.161457+00:00,2026-09-10 17:05:35.160254+00:00,2026-09-10 17:05:35.161114+00:00,2026-09-10 17:05:35.161463+00:00,,,,,0.182,0.86,1.203,0.34900000000000003,15.99,26.666,44.047000000000004,CONFIRMED
M02,58202,2026-09-10 17:05:35.286361+00:00,2026-09-10 17:05:35.311804+00:00,2026-09-10 17:05:35.263975+00:00,2026-09-10 17:05:35.265201+00:00,2026-09-10 17:05:35.264339+00:00,2026-09-10 17:05:35.265519+00:00,2026-09-10 17:05:35.266077+00:00,,,,,0.364,1.1800000000000002,0.862,0.558,20.284,25.443,47.829,CONFIRMED
M02,58203,2026-09-10 17:05:35.391832+00:00,2026-09-10 17:05:35.419543+00:00,2026-09-10 17:05:35.370223+00:00,2026-09-10 17:05:35.375440+00:00,2026-09-10 17:05:35.370513+00:00,2026-09-10 17:05:35.373453+00:00,2026-09-10 17:05:35.374422+00:00,,,,,0.29,2.94,4.927,0.969,17.41,27.711,49.32,CONFIRMED
M02,58204,2026-09-10 17:05:35.505736+00:00,2026-09-10 17:05:35.532472+00:00,2026-09-10 17:05:35.480284+00:00,2026-09-10 17:05:35.489429+00:00,2026-09-10 17:05:35.480682+00:00,2026-09-10 17:05:35.488097+00:00,2026-09-10 17:05:35.488402+00:00,,,,,0.398,7.415,8.747,0.305,17.334,26.736,52.187999999999995,CONFIRMED
M02,58205,2026-09-10 17:05:35.621891+00:00,2026-09-10 17:05:35.652248+00:00,2026-09-10 17:05:35.592018+00:00,2026-09-10 17:05:35.593136+00:00,2026-09-10 17:05:35.592305+00:00,2026-09-10 17:05:35.593228+00:00,2026-09-10 17:05:35.593886+00:00,,,,,0.287,0.923,0.8310000000000001,0.6579999999999999,28.005,30.357,60.23,CONFIRMED
M02,58206,2026-09-10 17:05:35.722248+00:00,2026-09-10 17:05:35.748054+00:00,2026-09-10 17:05:35.696245+00:00,2026-09-10 17:05:35.697175+00:00,2026-09-10 17:05:35.696446+00:00,2026-09-10 17:05:35.697186+00:00,2026-09-10 17:05:35.697745+00:00,,,,,0.201,0.74,0.7290000000000001,0.559,24.503,25.805999999999997,51.809,CONFIRMED
M02,58207,2026-09-10 17:05:35.828091+00:00,2026-09-10 17:05:35.851542+00:00,2026-09-10 17:05:35.802637+00:00,2026-09-10 17:05:35.803522+00:00,2026-09-10 17:05:35.802812+00:00,2026-09-10 17:05:35.803437+00:00,2026-09-10 17:05:35.803871+00:00,,,,,0.175,0.625,0.71,0.434,24.22,23.451,48.904999999999994,CONFIRMED
M02,58208,2026-09-10 17:05:35.930410+00:00,2026-09-10 17:05:35.954430+00:00,2026-09-10 17:05:35.906705+00:00,2026-09-10 17:05:35.909063+00:00,2026-09-10 17:05:35.907091+00:00,2026-09-10 17:05:35.909366+00:00,2026-09-10 17:05:35.910249+00:00,,,,,0.386,2.275,1.9719999999999998,0.883,20.160999999999998,24.02,47.724999999999994,CONFIRMED
M02,58209,2026-09-10 17:05:36.043169+00:00,2026-09-10 17:05:36.068811+00:00,2026-09-10 17:05:36.013588+00:00,2026-09-10 17:05:36.014918+00:00,2026-09-10 17:05:36.013891+00:00,2026-09-10 17:05:36.014704+00:00,2026-09-10 17:05:36.015288+00:00,,,,,0.303,0.8130000000000001,1.027,0.584,27.881,25.642000000000003,55.223,CONFIRMED
M02,58210,2026-09-10 17:05:36.139195+00:00,2026-09-10 17:05:36.167375+00:00,2026-09-10 17:05:36.118131+00:00,2026-09-10 17:05:36.119145+00:00,2026-09-10 17:05:36.118350+00:00,2026-09-10 17:05:36.119195+00:00,2026-09-10 17:05:36.119617+00:00,,,,,0.219,0.8450000000000001,0.795,0.422,19.578000000000003,28.18,49.244,CONFIRMED
M02,58211,2026-09-10 17:05:36.247594+00:00,2026-09-10 17:05:36.272025+00:00,2026-09-10 17:05:36.222591+00:00,2026-09-10 17:05:36.224308+00:00,2026-09-10 17:05:36.222986+00:00,2026-09-10 17:05:36.224282+00:00,2026-09-10 17:05:36.225142+00:00,,,,,0.395,1.296,1.322,0.86,22.451999999999998,24.431,49.434,CONFIRMED
M02,58212,2026-09-10 17:05:36.356586+00:00,2026-09-10 17:05:36.382367+00:00,2026-09-10 17:05:36.328870+00:00,2026-09-10 17:05:36.338241+00:00,2026-09-10 17:05:36.329035+00:00,2026-09-10 17:05:36.336620+00:00,2026-09-10 17:05:36.336981+00:00,,,,,0.165,7.585,9.206000000000001,0.361,19.605,25.781,53.497,CONFIRMED
M02,58213,2026-09-10 17:05:36.470659+00:00,2026-09-10 17:05:36.502020+00:00,2026-09-10 17:05:36.440354+00:00,2026-09-10 17:05:36.448448+00:00,2026-09-10 17:05:36.440525+00:00,2026-09-10 17:05:36.448410+00:00,2026-09-10 17:05:36.448738+00:00,,,,,0.171,7.885,7.922999999999999,0.328,21.921,31.361,61.666,CONFIRMED
M02,58214,2026-09-10 17:05:36.572657+00:00,2026-09-10 17:05:36.602850+00:00,2026-09-10 17:05:36.550530+00:00,2026-09-10 17:05:36.552015+00:00,2026-09-10 17:05:36.550836+00:00,2026-09-10 17:05:36.551898+00:00,2026-09-10 17:05:36.552446+00:00,,,,,0.306,1.062,1.1789999999999998,0.5479999999999999,20.211,30.193,52.32,CONFIRMED
M02,58215,2026-09-10 17:05:36.678363+00:00,2026-09-10 17:05:36.708238+00:00,2026-09-10 17:05:36.654946+00:00,2026-09-10 17:05:36.657762+00:00,2026-09-10 17:05:36.655191+00:00,2026-09-10 17:05:36.656317+00:00,2026-09-10 17:05:36.656984+00:00,,,,,0.245,1.1260000000000001,2.5709999999999997,0.6669999999999999,21.378999999999998,29.875,53.292,CONFIRMED
M02,58216,2026-09-10 17:05:36.788650+00:00,2026-09-10 17:05:36.822688+00:00,2026-09-10 17:05:36.761905+00:00,2026-09-10 17:05:36.763536+00:00,2026-09-10 17:05:36.762164+00:00,2026-09-10 17:05:36.763206+00:00,2026-09-10 17:05:36.763797+00:00,,,,,0.259,1.042,1.3719999999999999,0.5910000000000001,24.853,34.038,60.782999999999994,CONFIRMED
M02,58217,2026-09-10 17:05:36.884023+00:00,2026-09-10 17:05:36.912084+00:00,2026-09-10 17:05:36.866478+00:00,2026-09-10 17:05:36.867571+00:00,2026-09-10 17:05:36.866742+00:00,2026-09-10 17:05:36.867409+00:00,2026-09-10 17:05:36.867671+00:00,,,,,0.264,0.6669999999999999,0.829,0.262,16.351999999999997,28.061,45.606,CONFIRMED
M02,58218,2026-09-10 17:05:36.987807+00:00,2026-09-10 17:05:37.012495+00:00,2026-09-10 17:05:36.969497+00:00,2026-09-10 17:05:36.970870+00:00,2026-09-10 17:05:36.969840+00:00,2026-09-10 17:05:36.970829+00:00,2026-09-10 17:05:36.971518+00:00,,,,,0.34299999999999997,0.9890000000000001,1.03,0.6890000000000001,16.289,24.688000000000002,42.998000000000005,CONFIRMED
M02,58219,2026-09-10 17:05:37.108272+00:00,2026-09-10 17:05:37.135237+00:00,2026-09-10 17:05:37.074671+00:00,2026-09-10 17:05:37.076466+00:00,2026-09-10 17:05:37.075092+00:00,2026-09-10 17:05:37.076348+00:00,2026-09-10 17:05:37.077353+00:00,,,,,0.421,1.256,1.374,1.0050000000000001,30.918999999999997,26.965,60.566,CONFIRMED
M02,58220,2026-09-10 17:05:37.205338+00:00,2026-09-10 17:05:37.231536+00:00,2026-09-10 17:05:37.180605+00:00,2026-09-10 17:05:37.182087+00:00,2026-09-10 17:05:37.180961+00:00,2026-09-10 17:05:37.182165+00:00,2026-09-10 17:05:37.182719+00:00,,,,,0.356,1.204,1.1260000000000001,0.554,22.619,26.198,50.931,CONFIRMED
M02,58221,2026-09-10 17:05:37.328513+00:00,2026-09-10 17:05:37.355331+00:00,2026-09-10 17:05:37.285367+00:00,2026-09-10 17:05:37.304358+00:00,2026-09-10 17:05:37.285537+00:00,2026-09-10 17:05:37.302057+00:00,2026-09-10 17:05:37.302498+00:00,,,,,0.17,16.52,18.821,0.441,26.015,26.818,69.964,CONFIRMED
M02,58222,2026-09-10 17:05:37.436362+00:00,2026-09-10 17:05:37.464794+00:00,2026-09-10 17:05:37.407529+00:00,2026-09-10 17:05:37.418993+00:00,2026-09-10 17:05:37.407818+00:00,2026-09-10 17:05:37.417104+00:00,2026-09-10 17:05:37.417460+00:00,,,,,0.289,9.286000000000001,11.174999999999999,0.356,18.901999999999997,28.432,57.265,CONFIRMED
M02,58223,2026-09-10 17:05:37.547618+00:00,2026-09-10 17:05:37.572475+00:00,2026-09-10 17:05:37.521413+00:00,2026-09-10 17:05:37.522463+00:00,2026-09-10 17:05:37.521602+00:00,2026-09-10 17:05:37.522638+00:00,2026-09-10 17:05:37.523290+00:00,,,,,0.189,1.036,0.861,0.652,24.328,24.857,51.062000000000005,CONFIRMED
M02,58224,2026-09-10 17:05:37.647226+00:00,2026-09-10 17:05:37.673534+00:00,2026-09-10 17:05:37.625302+00:00,2026-09-10 17:05:37.626842+00:00,2026-09-10 17:05:37.625586+00:00,2026-09-10 17:05:37.626823+00:00,2026-09-10 17:05:37.627505+00:00,,,,,0.28400000000000003,1.237,1.256,0.6819999999999999,19.721,26.308,48.232,CONFIRMED
M02,58225,2026-09-10 17:05:37.757580+00:00,2026-09-10 17:05:37.783391+00:00,2026-09-10 17:05:37.730819+00:00,2026-09-10 17:05:37.734210+00:00,2026-09-10 17:05:37.731154+00:00,2026-09-10 17:05:37.734083+00:00,2026-09-10 17:05:37.734531+00:00,,,,,0.335,2.9290000000000003,3.056,0.448,23.049,25.811,52.572,CONFIRMED
M02,58226,2026-09-10 17:05:37.861629+00:00,2026-09-10 17:05:37.889384+00:00,2026-09-10 17:05:37.836978+00:00,2026-09-10 17:05:37.837766+00:00,2026-09-10 17:05:37.837218+00:00,2026-09-10 17:05:37.837826+00:00,2026-09-10 17:05:37.838309+00:00,,,,,0.24000000000000002,0.608,0.5479999999999999,0.483,23.32,27.755,52.406,CONFIRMED
M02,58227,2026-09-10 17:05:37.960317+00:00,2026-09-10 17:05:37.992424+00:00,2026-09-10 17:05:37.940863+00:00,2026-09-10 17:05:37.941792+00:00,2026-09-10 17:05:37.941111+00:00,2026-09-10 17:05:37.941756+00:00,2026-09-10 17:05:37.942129+00:00,,,,,0.248,0.6449999999999999,0.6809999999999999,0.373,18.188,32.107,51.561,CONFIRMED
M02,58228,2026-09-10 17:05:38.063905+00:00,2026-09-10 17:05:38.090862+00:00,2026-09-10 17:05:38.044392+00:00,2026-09-10 17:05:38.045715+00:00,2026-09-10 17:05:38.044708+00:00,2026-09-10 17:05:38.045681+00:00,2026-09-10 17:05:38.046251+00:00,,,,,0.316,0.973,1.0070000000000001,0.57,17.654,26.956999999999997,46.47,CONFIRMED
M02,58229,2026-09-10 17:05:38.175541+00:00,2026-09-10 17:05:38.199742+00:00,2026-09-10 17:05:38.148471+00:00,2026-09-10 17:05:38.149496+00:00,2026-09-10 17:05:38.148693+00:00,2026-09-10 17:05:38.149451+00:00,2026-09-10 17:05:38.149840+00:00,,,,,0.222,0.758,0.803,0.389,25.701,24.201,51.270999999999994,CONFIRMED
M02,58230,2026-09-10 17:05:38.273478+00:00,2026-09-10 17:05:38.298408+00:00,2026-09-10 17:05:38.253644+00:00,2026-09-10 17:05:38.255114+00:00,2026-09-10 17:05:38.253906+00:00,2026-09-10 17:05:38.255234+00:00,2026-09-10 17:05:38.255817+00:00,,,,,0.262,1.328,1.2080000000000002,0.583,17.661,24.93,44.763999999999996,CONFIRMED
M02,58231,2026-09-10 17:05:38.378811+00:00,2026-09-10 17:05:38.403595+00:00,2026-09-10 17:05:38.358260+00:00,2026-09-10 17:05:38.359128+00:00,2026-09-10 17:05:38.358497+00:00,2026-09-10 17:05:38.359210+00:00,2026-09-10 17:05:38.359643+00:00,,,,,0.237,0.713,0.631,0.433,19.168,24.784,45.335,CONFIRMED
M02,58232,2026-09-10 17:05:38.482620+00:00,2026-09-10 17:05:38.509621+00:00,2026-09-10 17:05:38.461328+00:00,2026-09-10 17:05:38.462732+00:00,2026-09-10 17:05:38.461683+00:00,2026-09-10 17:05:38.462858+00:00,2026-09-10 17:05:38.463533+00:00,,,,,0.355,1.175,1.049,0.675,19.087,27.001,48.293,CONFIRMED
M02,58233,2026-09-10 17:05:38.593338+00:00,2026-09-10 17:05:38.620907+00:00,2026-09-10 17:05:38.566193+00:00,2026-09-10 17:05:38.568678+00:00,2026-09-10 17:05:38.566503+00:00,2026-09-10 17:05:38.568436+00:00,2026-09-10 17:05:38.569582+00:00,,,,,0.31,1.933,2.175,1.1460000000000001,23.756,27.569,54.714,CONFIRMED
M02,58234,2026-09-10 17:05:38.711915+00:00,2026-09-10 17:05:38.739042+00:00,2026-09-10 17:05:38.683514+00:00,2026-09-10 17:05:38.685441+00:00,2026-09-10 17:05:38.683901+00:00,2026-09-10 17:05:38.685279+00:00,2026-09-10 17:05:38.686110+00:00,,,,,0.38699999999999996,1.3780000000000001,1.5399999999999998,0.8310000000000001,25.805000000000003,27.127,55.528,CONFIRMED
M02,58235,2026-09-10 17:05:38.807122+00:00,2026-09-10 17:05:38.833107+00:00,2026-09-10 17:05:38.789456+00:00,2026-09-10 17:05:38.790468+00:00,2026-09-10 17:05:38.789694+00:00,2026-09-10 17:05:38.790633+00:00,2026-09-10 17:05:38.791077+00:00,,,,,0.23800000000000002,0.939,0.7739999999999999,0.444,16.045,25.985,43.651,CONFIRMED
M02,58236,2026-09-10 17:05:38.919330+00:00,2026-09-10 17:05:38.946879+00:00,2026-09-10 17:05:38.892843+00:00,2026-09-10 17:05:38.893587+00:00,2026-09-10 17:05:38.893025+00:00,2026-09-10 17:05:38.893555+00:00,2026-09-10 17:05:38.893963+00:00,,,,,0.182,0.53,0.562,0.408,25.367,27.549,54.036,CONFIRMED
M02,58237,2026-09-10 17:05:39.021109+00:00,2026-09-10 17:05:39.048968+00:00,2026-09-10 17:05:38.995763+00:00,2026-09-10 17:05:38.996817+00:00,2026-09-10 17:05:38.995999+00:00,2026-09-10 17:05:38.996717+00:00,2026-09-10 17:05:38.996995+00:00,,,,,0.236,0.718,0.8180000000000001,0.27799999999999997,24.114,27.858999999999998,53.205000000000005,CONFIRMED
M02,58238,2026-09-10 17:05:39.119733+00:00,2026-09-10 17:05:39.149675+00:00,2026-09-10 17:05:39.099742+00:00,2026-09-10 17:05:39.101705+00:00,2026-09-10 17:05:39.100185+00:00,2026-09-10 17:05:39.101595+00:00,2026-09-10 17:05:39.102504+00:00,,,,,0.443,1.41,1.52,0.909,17.229000000000003,29.942,49.933,CONFIRMED
M02,58239,2026-09-10 17:05:39.237930+00:00,2026-09-10 17:05:39.264667+00:00,2026-09-10 17:05:39.209905+00:00,2026-09-10 17:05:39.211396+00:00,2026-09-10 17:05:39.210212+00:00,2026-09-10 17:05:39.211484+00:00,2026-09-10 17:05:39.212235+00:00,,,,,0.307,1.272,1.184,0.751,25.695,26.737000000000002,54.762,CONFIRMED
M02,58240,2026-09-10 17:05:39.338442+00:00,2026-09-10 17:05:39.367453+00:00,2026-09-10 17:05:39.314795+00:00,2026-09-10 17:05:39.315621+00:00,2026-09-10 17:05:39.314987+00:00,2026-09-10 17:05:39.315650+00:00,2026-09-10 17:05:39.316054+00:00,,,,,0.192,0.6629999999999999,0.634,0.404,22.388,29.011,52.658,CONFIRMED
M02,58241,2026-09-10 17:05:39.453059+00:00,2026-09-10 17:05:39.481258+00:00,2026-09-10 17:05:39.418024+00:00,2026-09-10 17:05:39.426814+00:00,2026-09-10 17:05:39.418266+00:00,2026-09-10 17:05:39.427537+00:00,2026-09-10 17:05:39.429845+00:00,,,,,0.242,9.270999999999999,8.548,2.3080000000000003,23.214,28.198999999999998,63.234,CONFIRMED
M02,58242,2026-09-10 17:05:39.555748+00:00,2026-09-10 17:05:39.583125+00:00,2026-09-10 17:05:39.531662+00:00,2026-09-10 17:05:39.532733+00:00,2026-09-10 17:05:39.531897+00:00,2026-09-10 17:05:39.538657+00:00,2026-09-10 17:05:39.539621+00:00,,,,,0.235,6.760000000000001,0.8360000000000001,0.964,16.127,27.377,51.463,CONFIRMED
M02,58243,2026-09-10 17:05:39.664367+00:00,2026-09-10 17:05:39.689896+00:00,2026-09-10 17:05:39.641314+00:00,2026-09-10 17:05:39.642401+00:00,2026-09-10 17:05:39.641506+00:00,2026-09-10 17:05:39.642285+00:00,2026-09-10 17:05:39.642832+00:00,,,,,0.192,0.7789999999999999,0.895,0.5469999999999999,21.535,25.529,48.582,CONFIRMED
M02,58244,2026-09-10 17:05:39.769448+00:00,2026-09-10 17:05:39.797006+00:00,2026-09-10 17:05:39.745161+00:00,2026-09-10 17:05:39.747580+00:00,2026-09-10 17:05:39.745347+00:00,2026-09-10 17:05:39.746460+00:00,2026-09-10 17:05:39.747026+00:00,,,,,0.186,1.113,2.233,0.566,22.422,27.558,51.845,CONFIRMED
M02,58245,2026-09-10 17:05:39.872548+00:00,2026-09-10 17:05:39.896408+00:00,2026-09-10 17:05:39.851217+00:00,2026-09-10 17:05:39.852361+00:00,2026-09-10 17:05:39.851421+00:00,2026-09-10 17:05:39.852167+00:00,2026-09-10 17:05:39.852665+00:00,,,,,0.204,0.746,0.94,0.49799999999999994,19.883000000000003,23.86,45.191,CONFIRMED
M02,58246,2026-09-10 17:05:39.981188+00:00,2026-09-10 17:05:40.008446+00:00,2026-09-10 17:05:39.958377+00:00,2026-09-10 17:05:39.959801+00:00,2026-09-10 17:05:39.958619+00:00,2026-09-10 17:05:39.959752+00:00,2026-09-10 17:05:39.960446+00:00,,,,,0.242,1.1329999999999998,1.1820000000000002,0.694,20.742,27.258000000000003,50.069,CONFIRMED
M02,58247,2026-09-10 17:05:40.089929+00:00,2026-09-10 17:05:40.118598+00:00,2026-09-10 17:05:40.063667+00:00,2026-09-10 17:05:40.064588+00:00,2026-09-10 17:05:40.063904+00:00,2026-09-10 17:05:40.064552+00:00,2026-09-10 17:05:40.064906+00:00,,,,,0.237,0.648,0.684,0.354,25.023,28.669,54.931,CONFIRMED
M02,58248,2026-09-10 17:05:40.195349+00:00,2026-09-10 17:05:40.225881+00:00,2026-09-10 17:05:40.167663+00:00,2026-09-10 17:05:40.168532+00:00,2026-09-10 17:05:40.167854+00:00,2026-09-10 17:05:40.171973+00:00,2026-09-10 17:05:40.172503+00:00,,,,,0.191,4.119000000000001,0.678,0.53,22.846,30.532,58.217999999999996,CONFIRMED
M02,58249,2026-09-10 17:05:40.297612+00:00,2026-09-10 17:05:40.325077+00:00,2026-09-10 17:05:40.274235+00:00,2026-09-10 17:05:40.275563+00:00,2026-09-10 17:05:40.274539+00:00,2026-09-10 17:05:40.275493+00:00,2026-09-10 17:05:40.275987+00:00,,,,,0.304,0.954,1.024,0.494,21.625,27.465,50.842,CONFIRMED
M02,58250,2026-09-10 17:05:40.402637+00:00,2026-09-10 17:05:40.427539+00:00,2026-09-10 17:05:40.377735+00:00,2026-09-10 17:05:40.378777+00:00,2026-09-10 17:05:40.377949+00:00,2026-09-10 17:05:40.378855+00:00,2026-09-10 17:05:40.379735+00:00,,,,,0.214,0.906,0.828,0.88,22.901999999999997,24.902,49.804,CONFIRMED
M02,58251,2026-09-10 17:05:40.505657+00:00,2026-09-10 17:05:40.530513+00:00,2026-09-10 17:05:40.481518+00:00,2026-09-10 17:05:40.484296+00:00,2026-09-10 17:05:40.482208+00:00,2026-09-10 17:05:40.484438+00:00,2026-09-10 17:05:40.485013+00:00,,,,,0.69,2.2300000000000004,2.088,0.575,20.644,24.855999999999998,48.995,CONFIRMED
M02,58252,2026-09-10 17:05:40.617145+00:00,2026-09-10 17:05:40.644968+00:00,2026-09-10 17:05:40.588562+00:00,2026-09-10 17:05:40.594545+00:00,2026-09-10 17:05:40.588904+00:00,2026-09-10 17:05:40.593220+00:00,2026-09-10 17:05:40.593681+00:00,,,,,0.342,4.316000000000001,5.641,0.46099999999999997,23.464,27.823,56.406,CONFIRMED
M02,58253,2026-09-10 17:05:40.728216+00:00,2026-09-10 17:05:40.751883+00:00,2026-09-10 17:05:40.700349+00:00,2026-09-10 17:05:40.701370+00:00,2026-09-10 17:05:40.700612+00:00,2026-09-10 17:05:40.703414+00:00,2026-09-10 17:05:40.703778+00:00,,,,,0.263,2.8019999999999996,0.758,0.364,24.438000000000002,23.667,51.534000000000006,CONFIRMED
M02,58254,2026-09-10 17:05:40.829520+00:00,2026-09-10 17:05:40.853655+00:00,2026-09-10 17:05:40.805117+00:00,2026-09-10 17:05:40.805953+00:00,2026-09-10 17:05:40.805287+00:00,2026-09-10 17:05:40.806129+00:00,2026-09-10 17:05:40.806557+00:00,,,,,0.17,0.842,0.666,0.428,22.963,24.135,48.538,CONFIRMED
M02,58255,2026-09-10 17:05:40.931668+00:00,2026-09-10 17:05:40.969781+00:00,2026-09-10 17:05:40.908758+00:00,2026-09-10 17:05:40.909489+00:00,2026-09-10 17:05:40.908955+00:00,2026-09-10 17:05:40.909539+00:00,2026-09-10 17:05:40.910013+00:00,,,,,0.19699999999999998,0.584,0.5339999999999999,0.474,21.655,38.113,61.023,CONFIRMED
M02,58256,2026-09-10 17:05:41.031219+00:00,2026-09-10 17:05:41.056922+00:00,2026-09-10 17:05:41.012266+00:00,2026-09-10 17:05:41.013232+00:00,2026-09-10 17:05:41.012442+00:00,2026-09-10 17:05:41.013227+00:00,2026-09-10 17:05:41.013611+00:00,,,,,0.176,0.785,0.79,0.384,17.607999999999997,25.703,44.656,CONFIRMED
M02,58257,2026-09-10 17:05:41.143361+00:00,2026-09-10 17:05:41.171828+00:00,2026-09-10 17:05:41.116976+00:00,2026-09-10 17:05:41.118287+00:00,2026-09-10 17:05:41.117296+00:00,2026-09-10 17:05:41.118273+00:00,2026-09-10 17:05:41.119063+00:00,,,,,0.32,0.977,0.9909999999999999,0.79,24.298000000000002,28.467,54.852,CONFIRMED
M02,58258,2026-09-10 17:05:41.238485+00:00,2026-09-10 17:05:41.270845+00:00,2026-09-10 17:05:41.221347+00:00,2026-09-10 17:05:41.222244+00:00,2026-09-10 17:05:41.221482+00:00,2026-09-10 17:05:41.222190+00:00,2026-09-10 17:05:41.222517+00:00,,,,,0.135,0.708,0.762,0.32699999999999996,15.968,32.36,49.498,CONFIRMED
M02,58259,2026-09-10 17:05:41.349106+00:00,2026-09-10 17:05:41.379744+00:00,2026-09-10 17:05:41.324775+00:00,2026-09-10 17:05:41.326727+00:00,2026-09-10 17:05:41.325181+00:00,2026-09-10 17:05:41.327211+00:00,2026-09-10 17:05:41.328076+00:00,,,,,0.406,2.0300000000000002,1.546,0.865,21.03,30.637999999999998,54.968999999999994,CONFIRMED
M02,58260,2026-09-10 17:05:41.451470+00:00,2026-09-10 17:05:41.478083+00:00,2026-09-10 17:05:41.430776+00:00,2026-09-10 17:05:41.431837+00:00,2026-09-10 17:05:41.431040+00:00,2026-09-10 17:05:41.431875+00:00,2026-09-10 17:05:41.432271+00:00,,,,,0.264,0.8350000000000001,0.7969999999999999,0.39599999999999996,19.199,26.613,47.307,CONFIRMED
M02,58261,2026-09-10 17:05:41.565866+00:00,2026-09-10 17:05:41.592178+00:00,2026-09-10 17:05:41.540076+00:00,2026-09-10 17:05:41.545408+00:00,2026-09-10 17:05:41.540247+00:00,2026-09-10 17:05:41.541225+00:00,2026-09-10 17:05:41.541719+00:00,,,,,0.171,0.9779999999999999,5.161,0.494,24.147,26.311999999999998,52.102000000000004,CONFIRMED
M02,58262,2026-09-10 17:05:41.673195+00:00,2026-09-10 17:05:41.697491+00:00,2026-09-10 17:05:41.648725+00:00,2026-09-10 17:05:41.650601+00:00,2026-09-10 17:05:41.649035+00:00,2026-09-10 17:05:41.651227+00:00,2026-09-10 17:05:41.651707+00:00,,,,,0.31,2.1919999999999997,1.5659999999999998,0.48000000000000004,21.488,24.296000000000003,48.766,CONFIRMED
M02,58263,2026-09-10 17:05:41.782388+00:00,2026-09-10 17:05:41.809313+00:00,2026-09-10 17:05:41.753554+00:00,2026-09-10 17:05:41.769204+00:00,2026-09-10 17:05:41.753774+00:00,2026-09-10 17:05:41.754685+00:00,2026-09-10 17:05:41.755207+00:00,,,,,0.22,0.911,15.43,0.522,27.181,26.925,55.759,CONFIRMED
M02,58264,2026-09-10 17:05:41.906284+00:00,2026-09-10 17:05:41.932833+00:00,2026-09-10 17:05:41.877738+00:00,2026-09-10 17:05:41.884873+00:00,2026-09-10 17:05:41.878097+00:00,2026-09-10 17:05:41.885608+00:00,2026-09-10 17:05:41.886327+00:00,,,,,0.359,7.511,6.776,0.719,19.957,26.549,55.095,CONFIRMED
M02,58265,2026-09-10 17:05:42.009037+00:00,2026-09-10 17:05:42.039441+00:00,2026-09-10 17:05:41.987076+00:00,2026-09-10 17:05:41.989380+00:00,2026-09-10 17:05:41.987385+00:00,2026-09-10 17:05:41.989169+00:00,2026-09-10 17:05:41.990218+00:00,,,,,0.309,1.784,1.9949999999999999,1.049,18.819,30.404,52.365,CONFIRMED
M02,58266,2026-09-10 17:05:42.115718+00:00,2026-09-10 17:05:42.141514+00:00,2026-09-10 17:05:42.095830+00:00,2026-09-10 17:05:42.097116+00:00,2026-09-10 17:05:42.096060+00:00,2026-09-10 17:05:42.097127+00:00,2026-09-10 17:05:42.097564+00:00,,,,,0.23,1.067,1.056,0.437,18.154,25.796,45.684000000000005,CONFIRMED
M02,58267,2026-09-10 17:05:42.216577+00:00,2026-09-10 17:05:42.245495+00:00,2026-09-10 17:05:42.200216+00:00,2026-09-10 17:05:42.201005+00:00,2026-09-10 17:05:42.200354+00:00,2026-09-10 17:05:42.200991+00:00,2026-09-10 17:05:42.201388+00:00,,,,,0.13799999999999998,0.637,0.651,0.397,15.189,28.918,45.278999999999996,CONFIRMED
M02,58268,2026-09-10 17:05:42.334595+00:00,2026-09-10 17:05:42.372843+00:00,2026-09-10 17:05:42.303168+00:00,2026-09-10 17:05:42.304188+00:00,2026-09-10 17:05:42.303332+00:00,2026-09-10 17:05:42.304139+00:00,2026-09-10 17:05:42.304579+00:00,,,,,0.164,0.8069999999999999,0.856,0.44,30.016000000000002,38.248,69.675,CONFIRMED
M02,58269,2026-09-10 17:05:42.430512+00:00,2026-09-10 17:05:42.458466+00:00,2026-09-10 17:05:42.406821+00:00,2026-09-10 17:05:42.407888+00:00,2026-09-10 17:05:42.407041+00:00,2026-09-10 17:05:42.407948+00:00,2026-09-10 17:05:42.408360+00:00,,,,,0.22,0.907,0.847,0.412,22.152,27.954,51.645,CONFIRMED
M02,58270,2026-09-10 17:05:42.533626+00:00,2026-09-10 17:05:42.557532+00:00,2026-09-10 17:05:42.509837+00:00,2026-09-10 17:05:42.510785+00:00,2026-09-10 17:05:42.510057+00:00,2026-09-10 17:05:42.510795+00:00,2026-09-10 17:05:42.511219+00:00,,,,,0.22,0.7380000000000001,0.728,0.424,22.407,23.906,47.695,CONFIRMED
M02,58271,2026-09-10 17:05:42.645951+00:00,2026-09-10 17:05:42.672306+00:00,2026-09-10 17:05:42.612815+00:00,2026-09-10 17:05:42.614511+00:00,2026-09-10 17:05:42.613183+00:00,2026-09-10 17:05:42.614594+00:00,2026-09-10 17:05:42.615434+00:00,,,,,0.368,1.411,1.328,0.8400000000000001,30.517,26.355,59.491,CONFIRMED
M02,58272,2026-09-10 17:05:42.738983+00:00,2026-09-10 17:05:42.765068+00:00,2026-09-10 17:05:42.717157+00:00,2026-09-10 17:05:42.718139+00:00,2026-09-10 17:05:42.717345+00:00,2026-09-10 17:05:42.718113+00:00,2026-09-10 17:05:42.718563+00:00,,,,,0.188,0.768,0.794,0.45,20.42,26.085,47.911,CONFIRMED
M02,58273,2026-09-10 17:05:42.849259+00:00,2026-09-10 17:05:42.875758+00:00,2026-09-10 17:05:42.823228+00:00,2026-09-10 17:05:42.824383+00:00,2026-09-10 17:05:42.823407+00:00,2026-09-10 17:05:42.825301+00:00,2026-09-10 17:05:42.825697+00:00,,,,,0.179,1.8940000000000001,0.976,0.39599999999999996,23.562,26.499000000000002,52.53,CONFIRMED
M02,58274,2026-09-10 17:05:42.961063+00:00,2026-09-10 17:05:42.988415+00:00,2026-09-10 17:05:42.933595+00:00,2026-09-10 17:05:42.934930+00:00,2026-09-10 17:05:42.933911+00:00,2026-09-10 17:05:42.934944+00:00,2026-09-10 17:05:42.935616+00:00,,,,,0.316,1.0330000000000001,1.019,0.6719999999999999,25.447,27.352,54.82,CONFIRMED
M02,58275,2026-09-10 17:05:43.068495+00:00,2026-09-10 17:05:43.102024+00:00,2026-09-10 17:05:43.039594+00:00,2026-09-10 17:05:43.041928+00:00,2026-09-10 17:05:43.039779+00:00,2026-09-10 17:05:43.040636+00:00,2026-09-10 17:05:43.041140+00:00,,,,,0.185,0.857,2.149,0.504,27.355,33.529,62.43,CONFIRMED
M02,58276,2026-09-10 17:05:43.165639+00:00,2026-09-10 17:05:43.195948+00:00,2026-09-10 17:05:43.144985+00:00,2026-09-10 17:05:43.145800+00:00,2026-09-10 17:05:43.145129+00:00,2026-09-10 17:05:43.145818+00:00,2026-09-10 17:05:43.146178+00:00,,,,,0.14400000000000002,0.6890000000000001,0.671,0.36000000000000004,19.461,30.308999999999997,50.963,CONFIRMED
M02,58277,2026-09-10 17:05:43.266413+00:00,2026-09-10 17:05:43.291391+00:00,2026-09-10 17:05:43.248541+00:00,2026-09-10 17:05:43.249697+00:00,2026-09-10 17:05:43.248796+00:00,2026-09-10 17:05:43.249587+00:00,2026-09-10 17:05:43.249921+00:00,,,,,0.255,0.791,0.901,0.33399999999999996,16.492,24.978,42.85,CONFIRMED
M02,58278,2026-09-10 17:05:43.374767+00:00,2026-09-10 17:05:43.402655+00:00,2026-09-10 17:05:43.352234+00:00,2026-09-10 17:05:43.354023+00:00,2026-09-10 17:05:43.352533+00:00,2026-09-10 17:05:43.353863+00:00,2026-09-10 17:05:43.354802+00:00,,,,,0.299,1.33,1.49,0.939,19.965,27.887999999999998,50.421,CONFIRMED
M02,58279,2026-09-10 17:05:43.479302+00:00,2026-09-10 17:05:43.509192+00:00,2026-09-10 17:05:43.457451+00:00,2026-09-10 17:05:43.459272+00:00,2026-09-10 17:05:43.457970+00:00,2026-09-10 17:05:43.459193+00:00,2026-09-10 17:05:43.459966+00:00,,,,,0.519,1.2229999999999999,1.302,0.773,19.336,29.89,51.741,CONFIRMED
M02,58280,2026-09-10 17:05:43.587589+00:00,2026-09-10 17:05:43.612665+00:00,2026-09-10 17:05:43.564070+00:00,2026-09-10 17:05:43.565414+00:00,2026-09-10 17:05:43.564431+00:00,2026-09-10 17:05:43.565438+00:00,2026-09-10 17:05:43.566048+00:00,,,,,0.361,1.0070000000000001,0.983,0.61,21.541,25.076,48.595,CONFIRMED
M02,58281,2026-09-10 17:05:43.693952+00:00,2026-09-10 17:05:43.725117+00:00,2026-09-10 17:05:43.668003+00:00,2026-09-10 17:05:43.669152+00:00,2026-09-10 17:05:43.668232+00:00,2026-09-10 17:05:43.669251+00:00,2026-09-10 17:05:43.669816+00:00,,,,,0.229,1.019,0.92,0.565,24.136000000000003,31.165000000000003,57.114,CONFIRMED
M02,58282,2026-09-10 17:05:43.800172+00:00,2026-09-10 17:05:43.826276+00:00,2026-09-10 17:05:43.777420+00:00,2026-09-10 17:05:43.778388+00:00,2026-09-10 17:05:43.777698+00:00,2026-09-10 17:05:43.778437+00:00,2026-09-10 17:05:43.778872+00:00,,,,,0.27799999999999997,0.739,0.69,0.435,21.3,26.104,48.855999999999995,CONFIRMED
M02,58283,2026-09-10 17:05:43.902824+00:00,2026-09-10 17:05:43.932794+00:00,2026-09-10 17:05:43.881310+00:00,2026-09-10 17:05:43.883550+00:00,2026-09-10 17:05:43.881581+00:00,2026-09-10 17:05:43.883329+00:00,2026-09-10 17:05:43.883889+00:00,,,,,0.27099999999999996,1.748,1.9689999999999999,0.5599999999999999,18.935,29.97,51.484,CONFIRMED
M02,58284,2026-09-10 17:05:44.003212+00:00,2026-09-10 17:05:44.032242+00:00,2026-09-10 17:05:43.986505+00:00,2026-09-10 17:05:43.987695+00:00,2026-09-10 17:05:43.986739+00:00,2026-09-10 17:05:43.987812+00:00,2026-09-10 17:05:43.988356+00:00,,,,,0.23399999999999999,1.073,0.9560000000000001,0.544,14.856,29.03,45.737,CONFIRMED
M02,58285,2026-09-10 17:05:44.117512+00:00,2026-09-10 17:05:44.143394+00:00,2026-09-10 17:05:44.091394+00:00,2026-09-10 17:05:44.096072+00:00,2026-09-10 17:05:44.091629+00:00,2026-09-10 17:05:44.099192+00:00,2026-09-10 17:05:44.099577+00:00,,,,,0.235,7.563000000000001,4.443,0.38499999999999995,17.935,25.881999999999998,52.0,CONFIRMED
M02,58286,2026-09-10 17:05:44.228211+00:00,2026-09-10 17:05:44.255598+00:00,2026-09-10 17:05:44.202097+00:00,2026-09-10 17:05:44.202962+00:00,2026-09-10 17:05:44.202256+00:00,2026-09-10 17:05:44.203086+00:00,2026-09-10 17:05:44.203489+00:00,,,,,0.159,0.83,0.7060000000000001,0.40299999999999997,24.722,27.387,53.501,CONFIRMED
M02,58287,2026-09-10 17:05:44.333938+00:00,2026-09-10 17:05:44.361012+00:00,2026-09-10 17:05:44.309309+00:00,2026-09-10 17:05:44.310734+00:00,2026-09-10 17:05:44.309630+00:00,2026-09-10 17:05:44.310924+00:00,2026-09-10 17:05:44.311577+00:00,,,,,0.321,1.294,1.1039999999999999,0.653,22.361,27.074,51.702999999999996,CONFIRMED
M02,58288,2026-09-10 17:05:44.436983+00:00,2026-09-10 17:05:44.462219+00:00,2026-09-10 17:05:44.414127+00:00,2026-09-10 17:05:44.415768+00:00,2026-09-10 17:05:44.414452+00:00,2026-09-10 17:05:44.415782+00:00,2026-09-10 17:05:44.416766+00:00,,,,,0.325,1.33,1.3159999999999998,0.9840000000000001,20.217,25.236,48.092000000000006,CONFIRMED
M02,58289,2026-09-10 17:05:44.549618+00:00,2026-09-10 17:05:44.578775+00:00,2026-09-10 17:05:44.520972+00:00,2026-09-10 17:05:44.521948+00:00,2026-09-10 17:05:44.521243+00:00,2026-09-10 17:05:44.521932+00:00,2026-09-10 17:05:44.522350+00:00,,,,,0.27099999999999996,0.6890000000000001,0.705,0.41800000000000004,27.268,29.157,57.803,CONFIRMED
M02,58290,2026-09-10 17:05:44.653792+00:00,2026-09-10 17:05:44.681496+00:00,2026-09-10 17:05:44.625859+00:00,2026-09-10 17:05:44.626857+00:00,2026-09-10 17:05:44.626079+00:00,2026-09-10 17:05:44.627047+00:00,2026-09-10 17:05:44.627500+00:00,,,,,0.22,0.968,0.778,0.453,26.291999999999998,27.704,55.637,CONFIRMED
M02,58291,2026-09-10 17:05:44.746838+00:00,2026-09-10 17:05:44.772011+00:00,2026-09-10 17:05:44.730314+00:00,2026-09-10 17:05:44.731526+00:00,2026-09-10 17:05:44.730463+00:00,2026-09-10 17:05:44.731202+00:00,2026-09-10 17:05:44.731604+00:00,,,,,0.149,0.739,1.063,0.402,15.234,25.173000000000002,41.696999999999996,CONFIRMED
M02,58292,2026-09-10 17:05:44.857730+00:00,2026-09-10 17:05:44.884427+00:00,2026-09-10 17:05:44.835337+00:00,2026-09-10 17:05:44.836482+00:00,2026-09-10 17:05:44.835553+00:00,2026-09-10 17:05:44.836454+00:00,2026-09-10 17:05:44.836993+00:00,,,,,0.216,0.901,0.929,0.539,20.737,26.697,49.09,CONFIRMED
M02,58293,2026-09-10 17:05:44.968732+00:00,2026-09-10 17:05:44.992309+00:00,2026-09-10 17:05:44.940176+00:00,2026-09-10 17:05:44.944584+00:00,2026-09-10 17:05:44.940321+00:00,2026-09-10 17:05:44.944571+00:00,2026-09-10 17:05:44.944919+00:00,,,,,0.145,4.25,4.263,0.348,23.813000000000002,23.577,52.132999999999996,CONFIRMED
M02,58294,2026-09-10 17:05:45.082554+00:00,2026-09-10 17:05:45.117933+00:00,2026-09-10 17:05:45.049782+00:00,2026-09-10 17:05:45.058257+00:00,2026-09-10 17:05:45.050240+00:00,2026-09-10 17:05:45.056257+00:00,2026-09-10 17:05:45.056566+00:00,,,,,0.458,6.0169999999999995,8.017,0.309,25.988,35.379,68.151,CONFIRMED
M02,58295,2026-09-10 17:05:45.189398+00:00,2026-09-10 17:05:45.219359+00:00,2026-09-10 17:05:45.160798+00:00,2026-09-10 17:05:45.164051+00:00,2026-09-10 17:05:45.161023+00:00,2026-09-10 17:05:45.164128+00:00,2026-09-10 17:05:45.164505+00:00,,,,,0.225,3.105,3.028,0.377,24.892999999999997,29.961000000000002,58.561,CONFIRMED
M02,58296,2026-09-10 17:05:45.286527+00:00,2026-09-10 17:05:45.315145+00:00,2026-09-10 17:05:45.267067+00:00,2026-09-10 17:05:45.268357+00:00,2026-09-10 17:05:45.267232+00:00,2026-09-10 17:05:45.268576+00:00,2026-09-10 17:05:45.269064+00:00,,,,,0.165,1.3439999999999999,1.125,0.488,17.463,28.618000000000002,48.078,CONFIRMED
M02,58297,2026-09-10 17:05:45.395455+00:00,2026-09-10 17:05:45.418220+00:00,2026-09-10 17:05:45.370715+00:00,2026-09-10 17:05:45.371976+00:00,2026-09-10 17:05:45.371074+00:00,2026-09-10 17:05:45.371968+00:00,2026-09-10 17:05:45.372363+00:00,,,,,0.359,0.894,0.902,0.395,23.092000000000002,22.765,47.504999999999995,CONFIRMED
M02,58298,2026-09-10 17:05:45.499214+00:00,2026-09-10 17:05:45.524695+00:00,2026-09-10 17:05:45.475373+00:00,2026-09-10 17:05:45.477654+00:00,2026-09-10 17:05:45.475763+00:00,2026-09-10 17:05:45.477513+00:00,2026-09-10 17:05:45.478230+00:00,,,,,0.39,1.75,1.891,0.717,20.983999999999998,25.481,49.321999999999996,CONFIRMED
M02,58299,2026-09-10 17:05:45.610338+00:00,2026-09-10 17:05:45.637111+00:00,2026-09-10 17:05:45.587363+00:00,2026-09-10 17:05:45.590659+00:00,2026-09-10 17:05:45.588050+00:00,2026-09-10 17:05:45.589783+00:00,2026-09-10 17:05:45.590596+00:00,,,,,0.687,1.7329999999999999,2.609,0.8130000000000001,19.742,26.773000000000003,49.748,CONFIRMED
M02,58300,2026-09-10 17:05:45.719960+00:00,2026-09-10 17:05:45.747917+00:00,2026-09-10 17:05:45.694982+00:00,2026-09-10 17:05:45.696497+00:00,2026-09-10 17:05:45.695307+00:00,2026-09-10 17:05:45.696509+00:00,2026-09-10 17:05:45.697284+00:00,,,,,0.325,1.202,1.1900000000000002,0.775,22.676000000000002,27.957,52.935,CONFIRMED
M02,58301,2026-09-10 17:05:45.822394+00:00,2026-09-10 17:05:45.846815+00:00,2026-09-10 17:05:45.800619+00:00,2026-09-10 17:05:45.801874+00:00,2026-09-10 17:05:45.800866+00:00,2026-09-10 17:05:45.801782+00:00,2026-09-10 17:05:45.802198+00:00,,,,,0.247,0.916,1.008,0.416,20.195999999999998,24.421000000000003,46.196,CONFIRMED
M02,58302,2026-09-10 17:05:45.937228+00:00,2026-09-10 17:05:45.962820+00:00,2026-09-10 17:05:45.905379+00:00,2026-09-10 17:05:45.913911+00:00,2026-09-10 17:05:45.905846+00:00,2026-09-10 17:05:45.912739+00:00,2026-09-10 17:05:45.913109+00:00,,,,,0.467,6.893,8.065,0.37,24.119,25.592,57.441,CONFIRMED
M02,58303,2026-09-10 17:05:46.038154+00:00,2026-09-10 17:05:46.065244+00:00,2026-09-10 17:05:46.019604+00:00,2026-09-10 17:05:46.020639+00:00,2026-09-10 17:05:46.019862+00:00,2026-09-10 17:05:46.022647+00:00,2026-09-10 17:05:46.023285+00:00,,,,,0.258,2.785,0.777,0.638,14.869,27.09,45.64,CONFIRMED
M02,58304,2026-09-10 17:05:46.146526+00:00,2026-09-10 17:05:46.172949+00:00,2026-09-10 17:05:46.124441+00:00,2026-09-10 17:05:46.126502+00:00,2026-09-10 17:05:46.124813+00:00,2026-09-10 17:05:46.126110+00:00,2026-09-10 17:05:46.126989+00:00,,,,,0.372,1.297,1.689,0.879,19.537,26.423,48.508,CONFIRMED
M02,58305,2026-09-10 17:05:46.256147+00:00,2026-09-10 17:05:46.280420+00:00,2026-09-10 17:05:46.231829+00:00,2026-09-10 17:05:46.232927+00:00,2026-09-10 17:05:46.231987+00:00,2026-09-10 17:05:46.232810+00:00,2026-09-10 17:05:46.233221+00:00,,,,,0.158,0.823,0.94,0.41100000000000003,22.926,24.273,48.591,CONFIRMED
M02,58306,2026-09-10 17:05:46.389299+00:00,2026-09-10 17:05:46.420291+00:00,2026-09-10 17:05:46.337107+00:00,2026-09-10 17:05:46.367855+00:00,2026-09-10 17:05:46.337746+00:00,2026-09-10 17:05:46.367536+00:00,2026-09-10 17:05:46.368182+00:00,,,,,0.639,29.79,30.109,0.646,21.117,30.991999999999997,83.184,CONFIRMED
M02,58307,2026-09-10 17:05:46.491848+00:00,2026-09-10 17:05:46.523272+00:00,2026-09-10 17:05:46.471002+00:00,2026-09-10 17:05:46.476336+00:00,2026-09-10 17:05:46.471387+00:00,2026-09-10 17:05:46.473059+00:00,2026-09-10 17:05:46.473791+00:00,,,,,0.38499999999999995,1.6720000000000002,4.949,0.732,18.057,31.424,52.269999999999996,CONFIRMED
M02,58308,2026-09-10 17:05:46.608063+00:00,2026-09-10 17:05:46.633926+00:00,2026-09-10 17:05:46.579201+00:00,2026-09-10 17:05:46.591828+00:00,2026-09-10 17:05:46.579416+00:00,2026-09-10 17:05:46.580535+00:00,2026-09-10 17:05:46.580971+00:00,,,,,0.215,1.119,12.411999999999999,0.43600000000000005,27.092000000000002,25.863,54.725,CONFIRMED
M02,58309,2026-09-10 17:05:46.724556+00:00,2026-09-10 17:05:46.758195+00:00,2026-09-10 17:05:46.698276+00:00,2026-09-10 17:05:46.699490+00:00,2026-09-10 17:05:46.698548+00:00,2026-09-10 17:05:46.699616+00:00,2026-09-10 17:05:46.699931+00:00,,,,,0.272,1.0679999999999998,0.9420000000000001,0.315,24.625,33.639,59.919,CONFIRMED
M02,58310,2026-09-10 17:05:46.840258+00:00,2026-09-10 17:05:46.875615+00:00,2026-09-10 17:05:46.815578+00:00,2026-09-10 17:05:46.816902+00:00,2026-09-10 17:05:46.815895+00:00,2026-09-10 17:05:46.816901+00:00,2026-09-10 17:05:46.817423+00:00,,,,,0.317,1.006,1.0070000000000001,0.522,22.835,35.357,60.037,CONFIRMED
M02,58311,2026-09-10 17:05:46.941417+00:00,2026-09-10 17:05:46.968965+00:00,2026-09-10 17:05:46.919647+00:00,2026-09-10 17:05:46.921976+00:00,2026-09-10 17:05:46.919908+00:00,2026-09-10 17:05:46.921234+00:00,2026-09-10 17:05:46.921692+00:00,,,,,0.261,1.3259999999999998,2.068,0.458,19.724999999999998,27.548,49.318,CONFIRMED
M02,58312,2026-09-10 17:05:47.050583+00:00,2026-09-10 17:05:47.075906+00:00,2026-09-10 17:05:47.025365+00:00,2026-09-10 17:05:47.030202+00:00,2026-09-10 17:05:47.025811+00:00,2026-09-10 17:05:47.030263+00:00,2026-09-10 17:05:47.031101+00:00,,,,,0.446,4.452,4.391,0.838,19.482,25.322999999999997,50.541000000000004,CONFIRMED
M02,58313,2026-09-10 17:05:47.169274+00:00,2026-09-10 17:05:47.199757+00:00,2026-09-10 17:05:47.134029+00:00,2026-09-10 17:05:47.146146+00:00,2026-09-10 17:05:47.134271+00:00,2026-09-10 17:05:47.146110+00:00,2026-09-10 17:05:47.146516+00:00,,,,,0.242,11.839,11.875,0.406,22.758,30.483,65.728,CONFIRMED
M02,58314,2026-09-10 17:05:47.275087+00:00,2026-09-10 17:05:47.304366+00:00,2026-09-10 17:05:47.256028+00:00,2026-09-10 17:05:47.257116+00:00,2026-09-10 17:05:47.256354+00:00,2026-09-10 17:05:47.257076+00:00,2026-09-10 17:05:47.257461+00:00,,,,,0.326,0.722,0.762,0.38499999999999995,17.625999999999998,29.279,48.338,CONFIRMED
M02,58315,2026-09-10 17:05:47.386529+00:00,2026-09-10 17:05:47.410964+00:00,2026-09-10 17:05:47.362924+00:00,2026-09-10 17:05:47.366562+00:00,2026-09-10 17:05:47.363312+00:00,2026-09-10 17:05:47.366215+00:00,2026-09-10 17:05:47.366627+00:00,,,,,0.388,2.903,3.25,0.412,19.902,24.435,48.04,CONFIRMED
M02,58316,2026-09-10 17:05:47.495278+00:00,2026-09-10 17:05:47.520776+00:00,2026-09-10 17:05:47.469568+00:00,2026-09-10 17:05:47.470742+00:00,2026-09-10 17:05:47.469827+00:00,2026-09-10 17:05:47.470707+00:00,2026-09-10 17:05:47.471386+00:00,,,,,0.259,0.88,0.915,0.679,23.892,25.498,51.208,CONFIRMED
M02,58317,2026-09-10 17:05:47.592702+00:00,2026-09-10 17:05:47.618139+00:00,2026-09-10 17:05:47.573242+00:00,2026-09-10 17:05:47.575591+00:00,2026-09-10 17:05:47.573503+00:00,2026-09-10 17:05:47.574755+00:00,2026-09-10 17:05:47.575499+00:00,,,,,0.261,1.252,2.088,0.744,17.203,25.437,44.897,CONFIRMED
M02,58318,2026-09-10 17:05:47.699865+00:00,2026-09-10 17:05:47.725882+00:00,2026-09-10 17:05:47.681305+00:00,2026-09-10 17:05:47.683453+00:00,2026-09-10 17:05:47.681557+00:00,2026-09-10 17:05:47.682917+00:00,2026-09-10 17:05:47.683705+00:00,,,,,0.252,1.36,1.896,0.7879999999999999,16.16,26.017,44.577,CONFIRMED
M02,58319,2026-09-10 17:05:47.809309+00:00,2026-09-10 17:05:47.837153+00:00,2026-09-10 17:05:47.788716+00:00,2026-09-10 17:05:47.789963+00:00,2026-09-10 17:05:47.788992+00:00,2026-09-10 17:05:47.789819+00:00,2026-09-10 17:05:47.790262+00:00,,,,,0.27599999999999997,0.8270000000000001,0.971,0.443,19.047,27.844,48.437,CONFIRMED
M02,58320,2026-09-10 17:05:47.929646+00:00,2026-09-10 17:05:47.955159+00:00,2026-09-10 17:05:47.904227+00:00,2026-09-10 17:05:47.906512+00:00,2026-09-10 17:05:47.904479+00:00,2026-09-10 17:05:47.908037+00:00,2026-09-10 17:05:47.908799+00:00,,,,,0.252,3.558,2.033,0.762,20.847,25.513,50.931999999999995,CONFIRMED
M02,58321,2026-09-10 17:05:48.032919+00:00,2026-09-10 17:05:48.059376+00:00,2026-09-10 17:05:48.011024+00:00,2026-09-10 17:05:48.012553+00:00,2026-09-10 17:05:48.011276+00:00,2026-09-10 17:05:48.012189+00:00,2026-09-10 17:05:48.012994+00:00,,,,,0.252,0.9129999999999999,1.277,0.805,19.924999999999997,26.457,48.352,CONFIRMED
M02,58322,2026-09-10 17:05:48.140248+00:00,2026-09-10 17:05:48.164890+00:00,2026-09-10 17:05:48.116646+00:00,2026-09-10 17:05:48.118492+00:00,2026-09-10 17:05:48.117129+00:00,2026-09-10 17:05:48.118485+00:00,2026-09-10 17:05:48.119363+00:00,,,,,0.483,1.356,1.363,0.878,20.885,24.642,48.244,CONFIRMED
M02,58323,2026-09-10 17:05:48.255255+00:00,2026-09-10 17:05:48.282233+00:00,2026-09-10 17:05:48.222561+00:00,2026-09-10 17:05:48.224201+00:00,2026-09-10 17:05:48.222891+00:00,2026-09-10 17:05:48.224200+00:00,2026-09-10 17:05:48.224932+00:00,,,,,0.33,1.309,1.31,0.732,30.323,26.977999999999998,59.672000000000004,CONFIRMED
M02,58324,2026-09-10 17:05:48.359523+00:00,2026-09-10 17:05:48.386893+00:00,2026-09-10 17:05:48.327864+00:00,2026-09-10 17:05:48.329320+00:00,2026-09-10 17:05:48.328197+00:00,2026-09-10 17:05:48.329407+00:00,2026-09-10 17:05:48.330259+00:00,,,,,0.333,1.21,1.123,0.852,29.264,27.369999999999997,59.028999999999996,CONFIRMED
M02,58325,2026-09-10 17:05:48.456936+00:00,2026-09-10 17:05:48.482438+00:00,2026-09-10 17:05:48.433052+00:00,2026-09-10 17:05:48.433907+00:00,2026-09-10 17:05:48.433247+00:00,2026-09-10 17:05:48.433926+00:00,2026-09-10 17:05:48.434385+00:00,,,,,0.195,0.679,0.66,0.45899999999999996,22.551000000000002,25.502,49.386,CONFIRMED
M02,58326,2026-09-10 17:05:48.561767+00:00,2026-09-10 17:05:48.589181+00:00,2026-09-10 17:05:48.536333+00:00,2026-09-10 17:05:48.537271+00:00,2026-09-10 17:05:48.536526+00:00,2026-09-10 17:05:48.537218+00:00,2026-09-10 17:05:48.537689+00:00,,,,,0.193,0.6920000000000001,0.745,0.47100000000000003,24.078,27.414,52.848,CONFIRMED
M02,58327,2026-09-10 17:05:48.661370+00:00,2026-09-10 17:05:48.686654+00:00,2026-09-10 17:05:48.640511+00:00,2026-09-10 17:05:48.642046+00:00,2026-09-10 17:05:48.640856+00:00,2026-09-10 17:05:48.642050+00:00,2026-09-10 17:05:48.642812+00:00,,,,,0.345,1.194,1.1900000000000002,0.762,18.558,25.284000000000002,46.143,CONFIRMED
M02,58328,2026-09-10 17:05:48.767291+00:00,2026-09-10 17:05:48.795823+00:00,2026-09-10 17:05:48.744146+00:00,2026-09-10 17:05:48.745286+00:00,2026-09-10 17:05:48.744366+00:00,2026-09-10 17:05:48.745269+00:00,2026-09-10 17:05:48.745938+00:00,,,,,0.22,0.903,0.92,0.669,21.353,28.532,51.677,CONFIRMED
M02,58329,2026-09-10 17:05:48.872328+00:00,2026-09-10 17:05:48.901117+00:00,2026-09-10 17:05:48.848002+00:00,2026-09-10 17:05:48.849525+00:00,2026-09-10 17:05:48.848240+00:00,2026-09-10 17:05:48.849505+00:00,2026-09-10 17:05:48.850079+00:00,,,,,0.23800000000000002,1.2650000000000001,1.285,0.574,22.249000000000002,28.788999999999998,53.115,CONFIRMED
M02,58330,2026-09-10 17:05:48.980777+00:00,2026-09-10 17:05:49.011728+00:00,2026-09-10 17:05:48.954151+00:00,2026-09-10 17:05:48.955284+00:00,2026-09-10 17:05:48.954444+00:00,2026-09-10 17:05:48.955238+00:00,2026-09-10 17:05:48.955668+00:00,,,,,0.29300000000000004,0.794,0.8400000000000001,0.43,25.108999999999998,30.951,57.577000000000005,CONFIRMED
M02,58331,2026-09-10 17:05:49.082744+00:00,2026-09-10 17:05:49.107347+00:00,2026-09-10 17:05:49.061243+00:00,2026-09-10 17:05:49.063141+00:00,2026-09-10 17:05:49.061574+00:00,2026-09-10 17:05:49.063178+00:00,2026-09-10 17:05:49.063891+00:00,,,,,0.331,1.6039999999999999,1.567,0.713,18.853,24.603,46.104,CONFIRMED
M02,58332,2026-09-10 17:05:49.195118+00:00,2026-09-10 17:05:49.221744+00:00,2026-09-10 17:05:49.166296+00:00,2026-09-10 17:05:49.168464+00:00,2026-09-10 17:05:49.166691+00:00,2026-09-10 17:05:49.168602+00:00,2026-09-10 17:05:49.169579+00:00,,,,,0.395,1.911,1.7730000000000001,0.977,25.538999999999998,26.626,55.448,CONFIRMED
M02,58333,2026-09-10 17:05:49.299355+00:00,2026-09-10 17:05:49.331619+00:00,2026-09-10 17:05:49.273272+00:00,2026-09-10 17:05:49.274866+00:00,2026-09-10 17:05:49.273427+00:00,2026-09-10 17:05:49.274468+00:00,2026-09-10 17:05:49.275064+00:00,,,,,0.155,1.0410000000000001,1.439,0.596,24.291,32.264,58.347,CONFIRMED
M02,58334,2026-09-10 17:05:49.403918+00:00,2026-09-10 17:05:49.431932+00:00,2026-09-10 17:05:49.377519+00:00,2026-09-10 17:05:49.378425+00:00,2026-09-10 17:05:49.377731+00:00,2026-09-10 17:05:49.378532+00:00,2026-09-10 17:05:49.379531+00:00,,,,,0.212,0.8009999999999999,0.694,0.9990000000000001,24.387,28.014,54.413000000000004,CONFIRMED
M02,58335,2026-09-10 17:05:49.500439+00:00,2026-09-10 17:05:49.527485+00:00,2026-09-10 17:05:49.480281+00:00,2026-09-10 17:05:49.481278+00:00,2026-09-10 17:05:49.480465+00:00,2026-09-10 17:05:49.481233+00:00,2026-09-10 17:05:49.481619+00:00,,,,,0.184,0.768,0.8130000000000001,0.386,18.82,27.046,47.204,CONFIRMED
M02,58336,2026-09-10 17:05:49.612576+00:00,2026-09-10 17:05:49.637436+00:00,2026-09-10 17:05:49.585933+00:00,2026-09-10 17:05:49.588394+00:00,2026-09-10 17:05:49.586272+00:00,2026-09-10 17:05:49.590795+00:00,2026-09-10 17:05:49.591130+00:00,,,,,0.339,4.523,2.1220000000000003,0.335,21.446,24.86,51.503,CONFIRMED
M02,58337,2026-09-10 17:05:49.717967+00:00,2026-09-10 17:05:49.742831+00:00,2026-09-10 17:05:49.695081+00:00,2026-09-10 17:05:49.696523+00:00,2026-09-10 17:05:49.695368+00:00,2026-09-10 17:05:49.696455+00:00,2026-09-10 17:05:49.697120+00:00,,,,,0.287,1.087,1.155,0.665,20.847,24.864,47.75,CONFIRMED
M02,58338,2026-09-10 17:05:49.826181+00:00,2026-09-10 17:05:49.852354+00:00,2026-09-10 17:05:49.804110+00:00,2026-09-10 17:05:49.804991+00:00,2026-09-10 17:05:49.804275+00:00,2026-09-10 17:05:49.805111+00:00,2026-09-10 17:05:49.805551+00:00,,,,,0.165,0.8360000000000001,0.716,0.44,20.63,26.173,48.244,CONFIRMED
M02,58339,2026-09-10 17:05:49.936558+00:00,2026-09-10 17:05:49.961202+00:00,2026-09-10 17:05:49.908832+00:00,2026-09-10 17:05:49.914367+00:00,2026-09-10 17:05:49.909122+00:00,2026-09-10 17:05:49.914425+00:00,2026-09-10 17:05:49.914828+00:00,,,,,0.29,5.303000000000001,5.244999999999999,0.40299999999999997,21.73,24.644,52.37,CONFIRMED
M02,58340,2026-09-10 17:05:50.056662+00:00,2026-09-10 17:05:50.082311+00:00,2026-09-10 17:05:50.034986+00:00,2026-09-10 17:05:50.036244+00:00,2026-09-10 17:05:50.035274+00:00,2026-09-10 17:05:50.036233+00:00,2026-09-10 17:05:50.036833+00:00,,,,,0.28800000000000003,0.959,0.9700000000000001,0.6,19.829,25.649,47.324999999999996,CONFIRMED
M02,58341,2026-09-10 17:05:50.166073+00:00,2026-09-10 17:05:50.191248+00:00,2026-09-10 17:05:50.139429+00:00,2026-09-10 17:05:50.141489+00:00,2026-09-10 17:05:50.139821+00:00,2026-09-10 17:05:50.141551+00:00,2026-09-10 17:05:50.142332+00:00,,,,,0.392,1.73,1.668,0.781,23.741000000000003,25.175,51.818999999999996,CONFIRMED
M02,58342,2026-09-10 17:05:50.276740+00:00,2026-09-10 17:05:50.305122+00:00,2026-09-10 17:05:50.247271+00:00,2026-09-10 17:05:50.249325+00:00,2026-09-10 17:05:50.247618+00:00,2026-09-10 17:05:50.249879+00:00,2026-09-10 17:05:50.250273+00:00,,,,,0.347,2.261,1.707,0.39399999999999996,26.467000000000002,28.382,57.851,CONFIRMED
M02,58343,2026-09-10 17:05:50.372775+00:00,2026-09-10 17:05:50.398723+00:00,2026-09-10 17:05:50.353097+00:00,2026-09-10 17:05:50.354354+00:00,2026-09-10 17:05:50.353264+00:00,2026-09-10 17:05:50.354211+00:00,2026-09-10 17:05:50.354655+00:00,,,,,0.16699999999999998,0.9470000000000001,1.09,0.444,18.12,25.948,45.626,CONFIRMED
M02,58344,2026-09-10 17:05:50.486095+00:00,2026-09-10 17:05:50.512901+00:00,2026-09-10 17:05:50.460458+00:00,2026-09-10 17:05:50.461927+00:00,2026-09-10 17:05:50.460770+00:00,2026-09-10 17:05:50.461857+00:00,2026-09-10 17:05:50.462617+00:00,,,,,0.312,1.087,1.157,0.76,23.477999999999998,26.806,52.443,CONFIRMED
M02,58345,2026-09-10 17:05:50.586708+00:00,2026-09-10 17:05:50.613949+00:00,2026-09-10 17:05:50.565989+00:00,2026-09-10 17:05:50.566766+00:00,2026-09-10 17:05:50.566165+00:00,2026-09-10 17:05:50.566765+00:00,2026-09-10 17:05:50.567132+00:00,,,,,0.176,0.6,0.601,0.367,19.576,27.241,47.96,CONFIRMED
M02,58346,2026-09-10 17:05:50.694727+00:00,2026-09-10 17:05:50.719281+00:00,2026-09-10 17:05:50.673842+00:00,2026-09-10 17:05:50.675000+00:00,2026-09-10 17:05:50.674126+00:00,2026-09-10 17:05:50.674921+00:00,2026-09-10 17:05:50.675634+00:00,,,,,0.28400000000000003,0.795,0.874,0.713,19.093,24.554,45.439,CONFIRMED
M02,58347,2026-09-10 17:05:50.801316+00:00,2026-09-10 17:05:50.827005+00:00,2026-09-10 17:05:50.778731+00:00,2026-09-10 17:05:50.780153+00:00,2026-09-10 17:05:50.778997+00:00,2026-09-10 17:05:50.780237+00:00,2026-09-10 17:05:50.780730+00:00,,,,,0.266,1.24,1.156,0.49299999999999994,20.586,25.689,48.274,CONFIRMED
M02,58348,2026-09-10 17:05:50.908525+00:00,2026-09-10 17:05:50.935607+00:00,2026-09-10 17:05:50.883055+00:00,2026-09-10 17:05:50.884211+00:00,2026-09-10 17:05:50.883311+00:00,2026-09-10 17:05:50.884339+00:00,2026-09-10 17:05:50.884864+00:00,,,,,0.256,1.028,0.9,0.525,23.661,27.081999999999997,52.552,CONFIRMED
M02,58349,2026-09-10 17:05:51.018742+00:00,2026-09-10 17:05:51.045557+00:00,2026-09-10 17:05:50.998955+00:00,2026-09-10 17:05:51.000486+00:00,2026-09-10 17:05:50.999328+00:00,2026-09-10 17:05:51.000242+00:00,2026-09-10 17:05:51.001095+00:00,,,,,0.373,0.914,1.158,0.853,17.647,26.814999999999998,46.602,CONFIRMED
M02,58350,2026-09-10 17:05:51.138381+00:00,2026-09-10 17:05:51.172713+00:00,2026-09-10 17:05:51.104820+00:00,2026-09-10 17:05:51.108772+00:00,2026-09-10 17:05:51.105084+00:00,2026-09-10 17:05:51.108333+00:00,2026-09-10 17:05:51.108768+00:00,,,,,0.264,3.249,3.6879999999999997,0.435,29.613,34.332,67.893,CONFIRMED
M02,58351,2026-09-10 17:05:51.240361+00:00,2026-09-10 17:05:51.267999+00:00,2026-09-10 17:05:51.212122+00:00,2026-09-10 17:05:51.215800+00:00,2026-09-10 17:05:51.212324+00:00,2026-09-10 17:05:51.214204+00:00,2026-09-10 17:05:51.214721+00:00,,,,,0.202,1.88,3.476,0.517,25.64,27.637999999999998,55.877,CONFIRMED
M02,58352,2026-09-10 17:05:51.334964+00:00,2026-09-10 17:05:51.360041+00:00,2026-09-10 17:05:51.318043+00:00,2026-09-10 17:05:51.318830+00:00,2026-09-10 17:05:51.318197+00:00,2026-09-10 17:05:51.318822+00:00,2026-09-10 17:05:51.319116+00:00,,,,,0.154,0.625,0.633,0.294,15.848,25.076999999999998,41.998,CONFIRMED
M02,58353,2026-09-10 17:05:51.450555+00:00,2026-09-10 17:05:51.480275+00:00,2026-09-10 17:05:51.421964+00:00,2026-09-10 17:05:51.425022+00:00,2026-09-10 17:05:51.422153+00:00,2026-09-10 17:05:51.425981+00:00,2026-09-10 17:05:51.426597+00:00,,,,,0.189,3.828,2.869,0.616,23.958,29.72,58.311,CONFIRMED
M02,58354,2026-09-10 17:05:51.558185+00:00,2026-09-10 17:05:51.584059+00:00,2026-09-10 17:05:51.529493+00:00,2026-09-10 17:05:51.531614+00:00,2026-09-10 17:05:51.530274+00:00,2026-09-10 17:05:51.531761+00:00,2026-09-10 17:05:51.532365+00:00,,,,,0.781,1.487,1.34,0.6040000000000001,25.82,25.874000000000002,54.566,CONFIRMED
M02,58355,2026-09-10 17:05:51.669645+00:00,2026-09-10 17:05:51.698260+00:00,2026-09-10 17:05:51.649366+00:00,2026-09-10 17:05:51.652076+00:00,2026-09-10 17:05:51.649709+00:00,2026-09-10 17:05:51.651931+00:00,2026-09-10 17:05:51.652569+00:00,,,,,0.34299999999999997,2.222,2.367,0.638,17.076,28.615000000000002,48.894,CONFIRMED
M02,58356,2026-09-10 17:05:51.779356+00:00,2026-09-10 17:05:51.805130+00:00,2026-09-10 17:05:51.758583+00:00,2026-09-10 17:05:51.759653+00:00,2026-09-10 17:05:51.758747+00:00,2026-09-10 17:05:51.759643+00:00,2026-09-10 17:05:51.760073+00:00,,,,,0.164,0.896,0.906,0.43,19.283,25.773999999999997,46.547,CONFIRMED
M02,58357,2026-09-10 17:05:51.886519+00:00,2026-09-10 17:05:51.912566+00:00,2026-09-10 17:05:51.865000+00:00,2026-09-10 17:05:51.868981+00:00,2026-09-10 17:05:51.865208+00:00,2026-09-10 17:05:51.866573+00:00,2026-09-10 17:05:51.867186+00:00,,,,,0.208,1.365,3.7729999999999997,0.6130000000000001,19.333,26.047,47.565999999999995,CONFIRMED
M02,58358,2026-09-10 17:05:51.998684+00:00,2026-09-10 17:05:52.023565+00:00,2026-09-10 17:05:51.971785+00:00,2026-09-10 17:05:51.973582+00:00,2026-09-10 17:05:51.972135+00:00,2026-09-10 17:05:51.973569+00:00,2026-09-10 17:05:51.974567+00:00,,,,,0.35,1.434,1.4469999999999998,0.998,24.117,24.881,51.78,CONFIRMED
M02,58359,2026-09-10 17:05:52.108787+00:00,2026-09-10 17:05:52.136077+00:00,2026-09-10 17:05:52.078522+00:00,2026-09-10 17:05:52.083805+00:00,2026-09-10 17:05:52.078885+00:00,2026-09-10 17:05:52.083812+00:00,2026-09-10 17:05:52.084526+00:00,,,,,0.363,4.927,4.92,0.714,24.261000000000003,27.29,57.555,CONFIRMED
M02,58360,2026-09-10 17:05:52.210738+00:00,2026-09-10 17:05:52.236720+00:00,2026-09-10 17:05:52.187012+00:00,2026-09-10 17:05:52.189532+00:00,2026-09-10 17:05:52.187227+00:00,2026-09-10 17:05:52.189378+00:00,2026-09-10 17:05:52.189882+00:00,,,,,0.215,2.1510000000000002,2.305,0.504,20.855999999999998,25.982000000000003,49.708000000000006,CONFIRMED
M02,58361,2026-09-10 17:05:52.342007+00:00,2026-09-10 17:05:52.366985+00:00,2026-09-10 17:05:52.308012+00:00,2026-09-10 17:05:52.309621+00:00,2026-09-10 17:05:52.308246+00:00,2026-09-10 17:05:52.309222+00:00,2026-09-10 17:05:52.309807+00:00,,,,,0.23399999999999999,0.976,1.375,0.585,32.2,24.978,58.973,CONFIRMED
M02,58362,2026-09-10 17:05:52.455758+00:00,2026-09-10 17:05:52.491377+00:00,2026-09-10 17:05:52.428235+00:00,2026-09-10 17:05:52.429969+00:00,2026-09-10 17:05:52.428674+00:00,2026-09-10 17:05:52.429740+00:00,2026-09-10 17:05:52.430267+00:00,,,,,0.439,1.066,1.295,0.527,25.491,35.619,63.142,CONFIRMED
M02,58363,2026-09-10 17:05:52.557492+00:00,2026-09-10 17:05:52.584436+00:00,2026-09-10 17:05:52.533338+00:00,2026-09-10 17:05:52.534260+00:00,2026-09-10 17:05:52.533570+00:00,2026-09-10 17:05:52.534284+00:00,2026-09-10 17:05:52.534688+00:00,,,,,0.232,0.714,0.69,0.404,22.804000000000002,26.944,51.098,CONFIRMED
M02,58364,2026-09-10 17:05:52.654346+00:00,2026-09-10 17:05:52.682348+00:00,2026-09-10 17:05:52.636475+00:00,2026-09-10 17:05:52.637790+00:00,2026-09-10 17:05:52.636677+00:00,2026-09-10 17:05:52.637760+00:00,2026-09-10 17:05:52.638420+00:00,,,,,0.202,1.083,1.113,0.66,15.925999999999998,28.002,45.873,CONFIRMED
M02,58365,2026-09-10 17:05:52.761211+00:00,2026-09-10 17:05:52.787998+00:00,2026-09-10 17:05:52.740674+00:00,2026-09-10 17:05:52.741426+00:00,2026-09-10 17:05:52.740833+00:00,2026-09-10 17:05:52.741425+00:00,2026-09-10 17:05:52.741850+00:00,,,,,0.159,0.592,0.593,0.425,19.361,26.787,47.324,CONFIRMED
M02,58366,2026-09-10 17:05:52.865033+00:00,2026-09-10 17:05:52.888223+00:00,2026-09-10 17:05:52.844058+00:00,2026-09-10 17:05:52.844969+00:00,2026-09-10 17:05:52.844220+00:00,2026-09-10 17:05:52.844861+00:00,2026-09-10 17:05:52.845328+00:00,,,,,0.162,0.641,0.749,0.467,19.705000000000002,23.189999999999998,44.165000000000006,CONFIRMED
M02,58367,2026-09-10 17:05:52.968675+00:00,2026-09-10 17:05:52.993953+00:00,2026-09-10 17:05:52.947059+00:00,2026-09-10 17:05:52.948483+00:00,2026-09-10 17:05:52.947242+00:00,2026-09-10 17:05:52.948421+00:00,2026-09-10 17:05:52.948995+00:00,,,,,0.183,1.1789999999999998,1.2409999999999999,0.574,19.68,25.278,46.894,CONFIRMED
M02,58368,2026-09-10 17:05:53.073903+00:00,2026-09-10 17:05:53.101820+00:00,2026-09-10 17:05:53.053140+00:00,2026-09-10 17:05:53.054736+00:00,2026-09-10 17:05:53.053430+00:00,2026-09-10 17:05:53.054734+00:00,2026-09-10 17:05:53.055347+00:00,,,,,0.29,1.304,1.306,0.6130000000000001,18.556,27.917,48.68,CONFIRMED
M02,58369,2026-09-10 17:05:53.182290+00:00,2026-09-10 17:05:53.208884+00:00,2026-09-10 17:05:53.160510+00:00,2026-09-10 17:05:53.162201+00:00,2026-09-10 17:05:53.160766+00:00,2026-09-10 17:05:53.162281+00:00,2026-09-10 17:05:53.162911+00:00,,,,,0.256,1.5150000000000001,1.435,0.63,19.379,26.594,48.374,CONFIRMED
M02,58370,2026-09-10 17:05:53.303100+00:00,2026-09-10 17:05:53.329924+00:00,2026-09-10 17:05:53.266548+00:00,2026-09-10 17:05:53.267990+00:00,2026-09-10 17:05:53.266829+00:00,2026-09-10 17:05:53.268043+00:00,2026-09-10 17:05:53.268482+00:00,,,,,0.281,1.214,1.161,0.439,34.618,26.824,63.376000000000005,CONFIRMED
M02,58371,2026-09-10 17:05:53.398799+00:00,2026-09-10 17:05:53.429399+00:00,2026-09-10 17:05:53.371983+00:00,2026-09-10 17:05:53.373167+00:00,2026-09-10 17:05:53.372282+00:00,2026-09-10 17:05:53.373115+00:00,2026-09-10 17:05:53.373573+00:00,,,,,0.299,0.833,0.885,0.458,25.226,30.599999999999998,57.416000000000004,CONFIRMED
M02,58372,2026-09-10 17:05:53.505931+00:00,2026-09-10 17:05:53.539250+00:00,2026-09-10 17:05:53.482213+00:00,2026-09-10 17:05:53.483203+00:00,2026-09-10 17:05:53.482449+00:00,2026-09-10 17:05:53.483231+00:00,2026-09-10 17:05:53.483687+00:00,,,,,0.236,0.782,0.754,0.456,22.244,33.319,57.037,CONFIRMED
M02,58373,2026-09-10 17:05:53.605752+00:00,2026-09-10 17:05:53.636636+00:00,2026-09-10 17:05:53.586022+00:00,2026-09-10 17:05:53.586991+00:00,2026-09-10 17:05:53.586221+00:00,2026-09-10 17:05:53.586984+00:00,2026-09-10 17:05:53.587386+00:00,,,,,0.199,0.763,0.7699999999999999,0.402,18.366,30.884,50.614,CONFIRMED
M02,58374,2026-09-10 17:05:53.723872+00:00,2026-09-10 17:05:53.752054+00:00,2026-09-10 17:05:53.688923+00:00,2026-09-10 17:05:53.691298+00:00,2026-09-10 17:05:53.689160+00:00,2026-09-10 17:05:53.690541+00:00,2026-09-10 17:05:53.691292+00:00,,,,,0.237,1.381,2.1380000000000003,0.751,32.58,28.182,63.13100000000001,CONFIRMED
M02,58375,2026-09-10 17:05:53.818318+00:00,2026-09-10 17:05:53.841937+00:00,2026-09-10 17:05:53.799525+00:00,2026-09-10 17:05:53.800451+00:00,2026-09-10 17:05:53.799752+00:00,2026-09-10 17:05:53.800439+00:00,2026-09-10 17:05:53.800717+00:00,,,,,0.22699999999999998,0.687,0.699,0.27799999999999997,17.601,23.619,42.412,CONFIRMED
M02,58376,2026-09-10 17:05:53.928300+00:00,2026-09-10 17:05:53.951949+00:00,2026-09-10 17:05:53.902143+00:00,2026-09-10 17:05:53.906420+00:00,2026-09-10 17:05:53.902311+00:00,2026-09-10 17:05:53.907718+00:00,2026-09-10 17:05:53.908569+00:00,,,,,0.16799999999999998,5.407,4.109,0.851,19.730999999999998,23.649,49.806000000000004,CONFIRMED
M02,58377,2026-09-10 17:05:54.040730+00:00,2026-09-10 17:05:54.067052+00:00,2026-09-10 17:05:54.010623+00:00,2026-09-10 17:05:54.012449+00:00,2026-09-10 17:05:54.011068+00:00,2026-09-10 17:05:54.012382+00:00,2026-09-10 17:05:54.013148+00:00,,,,,0.44499999999999995,1.314,1.381,0.766,27.581999999999997,26.322000000000003,56.429,CONFIRMED
M02,58378,2026-09-10 17:05:54.136263+00:00,2026-09-10 17:05:54.162903+00:00,2026-09-10 17:05:54.114903+00:00,2026-09-10 17:05:54.116032+00:00,2026-09-10 17:05:54.115170+00:00,2026-09-10 17:05:54.116041+00:00,2026-09-10 17:05:54.116818+00:00,,,,,0.26699999999999996,0.871,0.862,0.777,19.445,26.64,48.0,CONFIRMED
M02,58379,2026-09-10 17:05:54.242826+00:00,2026-09-10 17:05:54.267916+00:00,2026-09-10 17:05:54.219278+00:00,2026-09-10 17:05:54.221029+00:00,2026-09-10 17:05:54.219514+00:00,2026-09-10 17:05:54.220847+00:00,2026-09-10 17:05:54.221597+00:00,,,,,0.236,1.333,1.5150000000000001,0.75,21.229000000000003,25.09,48.638,CONFIRMED
M02,58380,2026-09-10 17:05:54.359241+00:00,2026-09-10 17:05:54.385312+00:00,2026-09-10 17:05:54.329024+00:00,2026-09-10 17:05:54.331084+00:00,2026-09-10 17:05:54.329417+00:00,2026-09-10 17:05:54.337128+00:00,2026-09-10 17:05:54.337507+00:00,,,,,0.393,7.711,1.667,0.379,21.733999999999998,26.071,56.288,CONFIRMED
M02,58381,2026-09-10 17:05:54.470883+00:00,2026-09-10 17:05:54.496116+00:00,2026-09-10 17:05:54.446303+00:00,2026-09-10 17:05:54.453081+00:00,2026-09-10 17:05:54.446625+00:00,2026-09-10 17:05:54.448471+00:00,2026-09-10 17:05:54.449370+00:00,,,,,0.322,1.846,6.4559999999999995,0.8989999999999999,21.513,25.232999999999997,49.813,CONFIRMED
M02,58382,2026-09-10 17:05:54.591130+00:00,2026-09-10 17:05:54.617623+00:00,2026-09-10 17:05:54.561052+00:00,2026-09-10 17:05:54.569923+00:00,2026-09-10 17:05:54.561433+00:00,2026-09-10 17:05:54.564395+00:00,2026-09-10 17:05:54.564889+00:00,,,,,0.381,2.9619999999999997,8.489999999999998,0.494,26.241,26.493,56.571000000000005,CONFIRMED
M02,58383,2026-09-10 17:05:54.693653+00:00,2026-09-10 17:05:54.720650+00:00,2026-09-10 17:05:54.675178+00:00,2026-09-10 17:05:54.679384+00:00,2026-09-10 17:05:54.675382+00:00,2026-09-10 17:05:54.676822+00:00,2026-09-10 17:05:54.677454+00:00,,,,,0.204,1.4400000000000002,4.002000000000001,0.632,16.199,26.997,45.472,CONFIRMED
M02,58384,2026-09-10 17:05:54.804504+00:00,2026-09-10 17:05:54.829655+00:00,2026-09-10 17:05:54.782843+00:00,2026-09-10 17:05:54.784170+00:00,2026-09-10 17:05:54.783059+00:00,2026-09-10 17:05:54.783975+00:00,2026-09-10 17:05:54.784380+00:00,,,,,0.216,0.916,1.111,0.40499999999999997,20.124,25.151,46.812,CONFIRMED
M02,58385,2026-09-10 17:05:54.906848+00:00,2026-09-10 17:05:54.938042+00:00,2026-09-10 17:05:54.887227+00:00,2026-09-10 17:05:54.889261+00:00,2026-09-10 17:05:54.887508+00:00,2026-09-10 17:05:54.888974+00:00,2026-09-10 17:05:54.889559+00:00,,,,,0.281,1.466,1.753,0.585,17.288999999999998,31.194,50.815,CONFIRMED
M02,58386,2026-09-10 17:05:55.022320+00:00,2026-09-10 17:05:55.047009+00:00,2026-09-10 17:05:54.995531+00:00,2026-09-10 17:05:54.997174+00:00,2026-09-10 17:05:54.995937+00:00,2026-09-10 17:05:54.997251+00:00,2026-09-10 17:05:54.998158+00:00,,,,,0.406,1.314,1.237,0.907,24.162,24.689,51.478,CONFIRMED
M02,58387,2026-09-10 17:05:55.125985+00:00,2026-09-10 17:05:55.155877+00:00,2026-09-10 17:05:55.100617+00:00,2026-09-10 17:05:55.102172+00:00,2026-09-10 17:05:55.100924+00:00,2026-09-10 17:05:55.102058+00:00,2026-09-10 17:05:55.102603+00:00,,,,,0.307,1.1340000000000001,1.248,0.545,23.382,29.892,55.26,CONFIRMED
M02,58388,2026-09-10 17:05:55.223704+00:00,2026-09-10 17:05:55.253178+00:00,2026-09-10 17:05:55.205937+00:00,2026-09-10 17:05:55.207252+00:00,2026-09-10 17:05:55.206313+00:00,2026-09-10 17:05:55.207092+00:00,2026-09-10 17:05:55.207723+00:00,,,,,0.376,0.7789999999999999,0.939,0.631,15.980999999999998,29.474,47.241,CONFIRMED
M02,58389,2026-09-10 17:05:55.336400+00:00,2026-09-10 17:05:55.363346+00:00,2026-09-10 17:05:55.311787+00:00,2026-09-10 17:05:55.313135+00:00,2026-09-10 17:05:55.312035+00:00,2026-09-10 17:05:55.313138+00:00,2026-09-10 17:05:55.313603+00:00,,,,,0.248,1.103,1.1,0.465,22.797,26.946,51.559,CONFIRMED
M02,58390,2026-09-10 17:05:55.444037+00:00,2026-09-10 17:05:55.469658+00:00,2026-09-10 17:05:55.422914+00:00,2026-09-10 17:05:55.424559+00:00,2026-09-10 17:05:55.423236+00:00,2026-09-10 17:05:55.424852+00:00,2026-09-10 17:05:55.425570+00:00,,,,,0.322,1.616,1.323,0.718,18.467000000000002,25.621000000000002,46.744,CONFIRMED
M02,58391,2026-09-10 17:05:55.557375+00:00,2026-09-10 17:05:55.588487+00:00,2026-09-10 17:05:55.527834+00:00,2026-09-10 17:05:55.533638+00:00,2026-09-10 17:05:55.528025+00:00,2026-09-10 17:05:55.533342+00:00,2026-09-10 17:05:55.533763+00:00,,,,,0.191,5.316999999999999,5.6129999999999995,0.421,23.612000000000002,31.112000000000002,60.653,CONFIRMED
M02,58392,2026-09-10 17:05:55.665152+00:00,2026-09-10 17:05:55.698053+00:00,2026-09-10 17:05:55.636552+00:00,2026-09-10 17:05:55.638339+00:00,2026-09-10 17:05:55.636787+00:00,2026-09-10 17:05:55.638276+00:00,2026-09-10 17:05:55.638996+00:00,,,,,0.235,1.489,1.552,0.7200000000000001,26.156,32.900999999999996,61.501,CONFIRMED
M02,58393,2026-09-10 17:05:55.765137+00:00,2026-09-10 17:05:55.794565+00:00,2026-09-10 17:05:55.743270+00:00,2026-09-10 17:05:55.744117+00:00,2026-09-10 17:05:55.743512+00:00,2026-09-10 17:05:55.744274+00:00,2026-09-10 17:05:55.744647+00:00,,,,,0.242,0.762,0.605,0.373,20.490000000000002,29.428,51.295,CONFIRMED
M02,58394,2026-09-10 17:05:55.874044+00:00,2026-09-10 17:05:55.900716+00:00,2026-09-10 17:05:55.846985+00:00,2026-09-10 17:05:55.848953+00:00,2026-09-10 17:05:55.847324+00:00,2026-09-10 17:05:55.849526+00:00,2026-09-10 17:05:55.852175+00:00,,,,,0.339,2.202,1.629,2.649,21.869,26.672,53.731,CONFIRMED
M02,58395,2026-09-10 17:05:55.977383+00:00,2026-09-10 17:05:56.002197+00:00,2026-09-10 17:05:55.954184+00:00,2026-09-10 17:05:55.955667+00:00,2026-09-10 17:05:55.954530+00:00,2026-09-10 17:05:55.955667+00:00,2026-09-10 17:05:55.956453+00:00,,,,,0.34600000000000003,1.137,1.137,0.786,20.93,24.814,48.013,CONFIRMED
M02,58396,2026-09-10 17:05:56.086504+00:00,2026-09-10 17:05:56.112030+00:00,2026-09-10 17:05:56.058845+00:00,2026-09-10 17:05:56.060125+00:00,2026-09-10 17:05:56.059116+00:00,2026-09-10 17:05:56.060056+00:00,2026-09-10 17:05:56.060646+00:00,,,,,0.27099999999999996,0.94,1.009,0.5900000000000001,25.858,25.526,53.185,CONFIRMED
M02,58397,2026-09-10 17:05:56.186289+00:00,2026-09-10 17:05:56.214408+00:00,2026-09-10 17:05:56.164110+00:00,2026-09-10 17:05:56.165667+00:00,2026-09-10 17:05:56.164398+00:00,2026-09-10 17:05:56.165462+00:00,2026-09-10 17:05:56.166133+00:00,,,,,0.28800000000000003,1.064,1.269,0.671,20.156,28.119000000000003,50.298,CONFIRMED
M02,58398,2026-09-10 17:05:56.299717+00:00,2026-09-10 17:05:56.336135+00:00,2026-09-10 17:05:56.269920+00:00,2026-09-10 17:05:56.279785+00:00,2026-09-10 17:05:56.270102+00:00,2026-09-10 17:05:56.278540+00:00,2026-09-10 17:05:56.278852+00:00,,,,,0.182,8.437999999999999,9.683,0.312,20.865000000000002,36.418,66.21499999999999,CONFIRMED
M02,58399,2026-09-10 17:05:56.402335+00:00,2026-09-10 17:05:56.427975+00:00,2026-09-10 17:05:56.382069+00:00,2026-09-10 17:05:56.383371+00:00,2026-09-10 17:05:56.382232+00:00,2026-09-10 17:05:56.383391+00:00,2026-09-10 17:05:56.384000+00:00,,,,,0.163,1.159,1.139,0.609,18.335,25.64,45.906000000000006,CONFIRMED
M02,58400,2026-09-10 17:05:56.512176+00:00,2026-09-10 17:05:56.538166+00:00,2026-09-10 17:05:56.486625+00:00,2026-09-10 17:05:56.488673+00:00,2026-09-10 17:05:56.487063+00:00,2026-09-10 17:05:56.488718+00:00,2026-09-10 17:05:56.489569+00:00,,,,,0.438,1.655,1.61,0.851,22.607,25.99,51.541,CONFIRMED
M02,58401,2026-09-10 17:05:56.616191+00:00,2026-09-10 17:05:56.642220+00:00,2026-09-10 17:05:56.593094+00:00,2026-09-10 17:05:56.596303+00:00,2026-09-10 17:05:56.593631+00:00,2026-09-10 17:05:56.595170+00:00,2026-09-10 17:05:56.596430+00:00,,,,,0.537,1.539,2.6719999999999997,1.26,19.761,26.029,49.126000000000005,CONFIRMED
M02,58402,2026-09-10 17:05:56.722909+00:00,2026-09-10 17:05:56.752375+00:00,2026-09-10 17:05:56.701064+00:00,2026-09-10 17:05:56.717465+00:00,2026-09-10 17:05:56.701428+00:00,2026-09-10 17:05:56.702923+00:00,2026-09-10 17:05:56.703569+00:00,,,,,0.364,1.495,16.037,0.646,19.34,29.465999999999998,51.311,CONFIRMED
M02,58403,2026-09-10 17:05:56.843060+00:00,2026-09-10 17:05:56.869974+00:00,2026-09-10 17:05:56.821220+00:00,2026-09-10 17:05:56.822287+00:00,2026-09-10 17:05:56.821381+00:00,2026-09-10 17:05:56.822294+00:00,2026-09-10 17:05:56.822749+00:00,,,,,0.161,0.9129999999999999,0.906,0.455,20.311,26.914,48.754,CONFIRMED
M02,58404,2026-09-10 17:05:56.954707+00:00,2026-09-10 17:05:56.980061+00:00,2026-09-10 17:05:56.927328+00:00,2026-09-10 17:05:56.930154+00:00,2026-09-10 17:05:56.927726+00:00,2026-09-10 17:05:56.930106+00:00,2026-09-10 17:05:56.930829+00:00,,,,,0.398,2.3800000000000003,2.428,0.723,23.878,25.354000000000003,52.733000000000004,CONFIRMED
M02,58405,2026-09-10 17:05:57.058539+00:00,2026-09-10 17:05:57.086126+00:00,2026-09-10 17:05:57.033302+00:00,2026-09-10 17:05:57.034762+00:00,2026-09-10 17:05:57.033516+00:00,2026-09-10 17:05:57.034539+00:00,2026-09-10 17:05:57.036261+00:00,,,,,0.214,1.0230000000000001,1.246,1.722,22.278,27.587,52.824000000000005,CONFIRMED
M02,58406,2026-09-10 17:05:57.169120+00:00,2026-09-10 17:05:57.195484+00:00,2026-09-10 17:05:57.138248+00:00,2026-09-10 17:05:57.138982+00:00,2026-09-10 17:05:57.138465+00:00,2026-09-10 17:05:57.139896+00:00,2026-09-10 17:05:57.140210+00:00,,,,,0.217,1.431,0.517,0.314,28.91,26.363999999999997,57.236000000000004,CONFIRMED
M02,58407,2026-09-10 17:05:57.292038+00:00,2026-09-10 17:05:57.319923+00:00,2026-09-10 17:05:57.270146+00:00,2026-09-10 17:05:57.284383+00:00,2026-09-10 17:05:57.270393+00:00,2026-09-10 17:05:57.272647+00:00,2026-09-10 17:05:57.273205+00:00,,,,,0.247,2.254,13.99,0.558,18.833,27.885,49.777,CONFIRMED
M02,58408,2026-09-10 17:05:57.405707+00:00,2026-09-10 17:05:57.432817+00:00,2026-09-10 17:05:57.388647+00:00,2026-09-10 17:05:57.389800+00:00,2026-09-10 17:05:57.388834+00:00,2026-09-10 17:05:57.389709+00:00,2026-09-10 17:05:57.390244+00:00,,,,,0.187,0.875,0.966,0.535,15.463,27.11,44.17,CONFIRMED
M02,58409,2026-09-10 17:05:57.519233+00:00,2026-09-10 17:05:57.547093+00:00,2026-09-10 17:05:57.497419+00:00,2026-09-10 17:05:57.499646+00:00,2026-09-10 17:05:57.497832+00:00,2026-09-10 17:05:57.499431+00:00,2026-09-10 17:05:57.499874+00:00,,,,,0.41300000000000003,1.599,1.814,0.443,19.359,27.86,49.674,CONFIRMED
M02,58410,2026-09-10 17:05:57.629407+00:00,2026-09-10 17:05:57.658686+00:00,2026-09-10 17:05:57.602246+00:00,2026-09-10 17:05:57.603134+00:00,2026-09-10 17:05:57.602405+00:00,2026-09-10 17:05:57.608126+00:00,2026-09-10 17:05:57.608446+00:00,,,,,0.159,5.721,0.7290000000000001,0.32,20.961000000000002,29.279,56.44,CONFIRMED
M02,58411,2026-09-10 17:05:57.731866+00:00,2026-09-10 17:05:57.761781+00:00,2026-09-10 17:05:57.711708+00:00,2026-09-10 17:05:57.712550+00:00,2026-09-10 17:05:57.711884+00:00,2026-09-10 17:05:57.712517+00:00,2026-09-10 17:05:57.712927+00:00,,,,,0.176,0.633,0.666,0.41,18.939,29.915,50.073,CONFIRMED
M02,58412,2026-09-10 17:05:57.835247+00:00,2026-09-10 17:05:57.864470+00:00,2026-09-10 17:05:57.814720+00:00,2026-09-10 17:05:57.815697+00:00,2026-09-10 17:05:57.814938+00:00,2026-09-10 17:05:57.815708+00:00,2026-09-10 17:05:57.816093+00:00,,,,,0.21800000000000003,0.7699999999999999,0.759,0.38499999999999995,19.154,29.223,49.75,CONFIRMED
M02,58413,2026-09-10 17:05:57.957765+00:00,2026-09-10 17:05:57.989460+00:00,2026-09-10 17:05:57.921347+00:00,2026-09-10 17:05:57.932987+00:00,2026-09-10 17:05:57.921544+00:00,2026-09-10 17:05:57.933915+00:00,2026-09-10 17:05:57.934295+00:00,,,,,0.19699999999999998,12.371,11.443,0.38,23.470000000000002,31.695,68.11300000000001,CONFIRMED
M02,58414,2026-09-10 17:05:58.059857+00:00,2026-09-10 17:05:58.090658+00:00,2026-09-10 17:05:58.036691+00:00,2026-09-10 17:05:58.037723+00:00,2026-09-10 17:05:58.036958+00:00,2026-09-10 17:05:58.040522+00:00,2026-09-10 17:05:58.041223+00:00,,,,,0.26699999999999996,3.564,0.7649999999999999,0.7010000000000001,18.634,30.801,53.967,CONFIRMED
M02,58415,2026-09-10 17:05:58.160155+00:00,2026-09-10 17:05:58.186622+00:00,2026-09-10 17:05:58.142305+00:00,2026-09-10 17:05:58.143395+00:00,2026-09-10 17:05:58.142573+00:00,2026-09-10 17:05:58.143534+00:00,2026-09-10 17:05:58.143993+00:00,,,,,0.268,0.9610000000000001,0.8220000000000001,0.45899999999999996,16.162,26.467000000000002,44.317,CONFIRMED
M02,58416,2026-09-10 17:05:58.285313+00:00,2026-09-10 17:05:58.313005+00:00,2026-09-10 17:05:58.246509+00:00,2026-09-10 17:05:58.250097+00:00,2026-09-10 17:05:58.246881+00:00,2026-09-10 17:05:58.248423+00:00,2026-09-10 17:05:58.249243+00:00,,,,,0.372,1.542,3.216,0.82,36.07,27.692,66.496,CONFIRMED
M02,58417,2026-09-10 17:05:58.377277+00:00,2026-09-10 17:05:58.401310+00:00,2026-09-10 17:05:58.353408+00:00,2026-09-10 17:05:58.354263+00:00,2026-09-10 17:05:58.353597+00:00,2026-09-10 17:05:58.354345+00:00,2026-09-10 17:05:58.354700+00:00,,,,,0.189,0.748,0.666,0.355,22.576999999999998,24.032999999999998,47.902,CONFIRMED
M02,58418,2026-09-10 17:05:58.480599+00:00,2026-09-10 17:05:58.505662+00:00,2026-09-10 17:05:58.458050+00:00,2026-09-10 17:05:58.459763+00:00,2026-09-10 17:05:58.458419+00:00,2026-09-10 17:05:58.459687+00:00,2026-09-10 17:05:58.460710+00:00,,,,,0.36900000000000005,1.268,1.3439999999999999,1.0230000000000001,19.889,25.063,47.612,CONFIRMED
M02,58419,2026-09-10 17:05:58.584141+00:00,2026-09-10 17:05:58.610529+00:00,2026-09-10 17:05:58.563746+00:00,2026-09-10 17:05:58.564820+00:00,2026-09-10 17:05:58.564020+00:00,2026-09-10 17:05:58.564855+00:00,2026-09-10 17:05:58.565194+00:00,,,,,0.27399999999999997,0.8350000000000001,0.8,0.339,18.947,26.388,46.783,CONFIRMED
M02,58420,2026-09-10 17:05:58.708872+00:00,2026-09-10 17:05:58.731485+00:00,2026-09-10 17:05:58.669957+00:00,2026-09-10 17:05:58.672974+00:00,2026-09-10 17:05:58.670234+00:00,2026-09-10 17:05:58.671358+00:00,2026-09-10 17:05:58.671917+00:00,,,,,0.277,1.124,2.7399999999999998,0.559,36.955,22.613,61.528,CONFIRMED
M02,58421,2026-09-10 17:05:58.800469+00:00,2026-09-10 17:05:58.829160+00:00,2026-09-10 17:05:58.775471+00:00,2026-09-10 17:05:58.777974+00:00,2026-09-10 17:05:58.775725+00:00,2026-09-10 17:05:58.776991+00:00,2026-09-10 17:05:58.777505+00:00,,,,,0.254,1.266,2.249,0.514,22.964,28.691000000000003,53.689,CONFIRMED
M02,58422,2026-09-10 17:05:58.902030+00:00,2026-09-10 17:05:58.929313+00:00,2026-09-10 17:05:58.881719+00:00,2026-09-10 17:05:58.883687+00:00,2026-09-10 17:05:58.882141+00:00,2026-09-10 17:05:58.883294+00:00,2026-09-10 17:05:58.883903+00:00,,,,,0.422,1.153,1.546,0.609,18.127000000000002,27.283,47.593999999999994,CONFIRMED
M02,58423,2026-09-10 17:05:59.007262+00:00,2026-09-10 17:05:59.035684+00:00,2026-09-10 17:05:58.987081+00:00,2026-09-10 17:05:58.988244+00:00,2026-09-10 17:05:58.987280+00:00,2026-09-10 17:05:58.988273+00:00,2026-09-10 17:05:58.988735+00:00,,,,,0.199,0.993,0.964,0.462,18.526999999999997,28.422,48.603,CONFIRMED
M02,58424,2026-09-10 17:05:59.109336+00:00,2026-09-10 17:05:59.137487+00:00,2026-09-10 17:05:59.090752+00:00,2026-09-10 17:05:59.091760+00:00,2026-09-10 17:05:59.090978+00:00,2026-09-10 17:05:59.091795+00:00,2026-09-10 17:05:59.092309+00:00,,,,,0.22599999999999998,0.8170000000000001,0.782,0.514,17.027,28.151,46.735,CONFIRMED
M02,58425,2026-09-10 17:05:59.214082+00:00,2026-09-10 17:05:59.238972+00:00,2026-09-10 17:05:59.194866+00:00,2026-09-10 17:05:59.197922+00:00,2026-09-10 17:05:59.195128+00:00,2026-09-10 17:05:59.196531+00:00,2026-09-10 17:05:59.197060+00:00,,,,,0.262,1.403,2.794,0.5289999999999999,17.022,24.89,44.106,CONFIRMED
M02,58426,2026-09-10 17:05:59.321543+00:00,2026-09-10 17:05:59.352237+00:00,2026-09-10 17:05:59.300932+00:00,2026-09-10 17:05:59.301948+00:00,2026-09-10 17:05:59.301055+00:00,2026-09-10 17:05:59.303073+00:00,2026-09-10 17:05:59.303547+00:00,,,,,0.12300000000000001,2.018,0.893,0.474,17.996000000000002,30.694,51.30500000000001,CONFIRMED
M02,58427,2026-09-10 17:05:59.422296+00:00,2026-09-10 17:05:59.447286+00:00,2026-09-10 17:05:59.404600+00:00,2026-09-10 17:05:59.405622+00:00,2026-09-10 17:05:59.404783+00:00,2026-09-10 17:05:59.405843+00:00,2026-09-10 17:05:59.406322+00:00,,,,,0.183,1.06,0.839,0.479,15.973999999999998,24.99,42.686,CONFIRMED
M02,58428,2026-09-10 17:05:59.531828+00:00,2026-09-10 17:05:59.556786+00:00,2026-09-10 17:05:59.508890+00:00,2026-09-10 17:05:59.510367+00:00,2026-09-10 17:05:59.509283+00:00,2026-09-10 17:05:59.510432+00:00,2026-09-10 17:05:59.511131+00:00,,,,,0.393,1.149,1.0839999999999999,0.699,20.697,24.958000000000002,47.896,CONFIRMED
M02,58429,2026-09-10 17:05:59.645710+00:00,2026-09-10 17:05:59.670501+00:00,2026-09-10 17:05:59.612887+00:00,2026-09-10 17:05:59.614960+00:00,2026-09-10 17:05:59.613187+00:00,2026-09-10 17:05:59.615017+00:00,2026-09-10 17:05:59.622426+00:00,,,,,0.3,1.83,1.7730000000000001,7.409,23.284,24.791,57.614,CONFIRMED
M02,58430,2026-09-10 17:05:59.748415+00:00,2026-09-10 17:05:59.784339+00:00,2026-09-10 17:05:59.724755+00:00,2026-09-10 17:05:59.725786+00:00,2026-09-10 17:05:59.725056+00:00,2026-09-10 17:05:59.725815+00:00,2026-09-10 17:05:59.726240+00:00,,,,,0.301,0.759,0.73,0.425,22.175,35.924,59.583999999999996,CONFIRMED
M02,58431,2026-09-10 17:05:59.847874+00:00,2026-09-10 17:05:59.874040+00:00,2026-09-10 17:05:59.830243+00:00,2026-09-10 17:05:59.831254+00:00,2026-09-10 17:05:59.830432+00:00,2026-09-10 17:05:59.831244+00:00,2026-09-10 17:05:59.831585+00:00,,,,,0.189,0.812,0.8220000000000001,0.34099999999999997,16.289,26.165999999999997,43.797000000000004,CONFIRMED
M02,58432,2026-09-10 17:05:59.955831+00:00,2026-09-10 17:05:59.984817+00:00,2026-09-10 17:05:59.933706+00:00,2026-09-10 17:05:59.935383+00:00,2026-09-10 17:05:59.934082+00:00,2026-09-10 17:05:59.935186+00:00,2026-09-10 17:05:59.935600+00:00,,,,,0.376,1.1039999999999999,1.3010000000000002,0.414,20.230999999999998,28.986,51.111,CONFIRMED
M02,58433,2026-09-10 17:06:00.059274+00:00,2026-09-10 17:06:00.087936+00:00,2026-09-10 17:06:00.037476+00:00,2026-09-10 17:06:00.039344+00:00,2026-09-10 17:06:00.037717+00:00,2026-09-10 17:06:00.039637+00:00,2026-09-10 17:06:00.040091+00:00,,,,,0.241,1.9200000000000002,1.627,0.45399999999999996,19.183,28.662,50.46,CONFIRMED
M02,58434,2026-09-10 17:06:00.165568+00:00,2026-09-10 17:06:00.195959+00:00,2026-09-10 17:06:00.142956+00:00,2026-09-10 17:06:00.144466+00:00,2026-09-10 17:06:00.143305+00:00,2026-09-10 17:06:00.144511+00:00,2026-09-10 17:06:00.144968+00:00,,,,,0.34900000000000003,1.206,1.161,0.457,20.6,30.391000000000002,53.003,CONFIRMED
M02,58435,2026-09-10 17:06:00.271609+00:00,2026-09-10 17:06:00.298565+00:00,2026-09-10 17:06:00.247133+00:00,2026-09-10 17:06:00.250308+00:00,2026-09-10 17:06:00.247402+00:00,2026-09-10 17:06:00.248743+00:00,2026-09-10 17:06:00.249456+00:00,,,,,0.26899999999999996,1.341,2.906,0.713,22.153,26.956,51.431999999999995,CONFIRMED
M02,58436,2026-09-10 17:06:00.386932+00:00,2026-09-10 17:06:00.417089+00:00,2026-09-10 17:06:00.354726+00:00,2026-09-10 17:06:00.359691+00:00,2026-09-10 17:06:00.355083+00:00,2026-09-10 17:06:00.358690+00:00,2026-09-10 17:06:00.359393+00:00,,,,,0.357,3.6069999999999998,4.6080000000000005,0.703,27.539,30.157,62.363,CONFIRMED
M02,58437,2026-09-10 17:06:00.482300+00:00,2026-09-10 17:06:00.508681+00:00,2026-09-10 17:06:00.463166+00:00,2026-09-10 17:06:00.464323+00:00,2026-09-10 17:06:00.463381+00:00,2026-09-10 17:06:00.464340+00:00,2026-09-10 17:06:00.464795+00:00,,,,,0.215,0.959,0.9420000000000001,0.455,17.505,26.381,45.515,CONFIRMED
M02,58438,2026-09-10 17:06:00.590014+00:00,2026-09-10 17:06:00.617826+00:00,2026-09-10 17:06:00.568606+00:00,2026-09-10 17:06:00.570735+00:00,2026-09-10 17:06:00.569154+00:00,2026-09-10 17:06:00.570952+00:00,2026-09-10 17:06:00.571547+00:00,,,,,0.5479999999999999,1.7979999999999998,1.581,0.5950000000000001,18.467000000000002,27.812,49.22,CONFIRMED
M02,58439,2026-09-10 17:06:00.697286+00:00,2026-09-10 17:06:00.724364+00:00,2026-09-10 17:06:00.673991+00:00,2026-09-10 17:06:00.677040+00:00,2026-09-10 17:06:00.674274+00:00,2026-09-10 17:06:00.675798+00:00,2026-09-10 17:06:00.676390+00:00,,,,,0.283,1.524,2.766,0.592,20.896,27.078000000000003,50.373000000000005,CONFIRMED
M02,58440,2026-09-10 17:06:00.801810+00:00,2026-09-10 17:06:00.835210+00:00,2026-09-10 17:06:00.781380+00:00,2026-09-10 17:06:00.783555+00:00,2026-09-10 17:06:00.781702+00:00,2026-09-10 17:06:00.782660+00:00,2026-09-10 17:06:00.783081+00:00,,,,,0.322,0.958,1.853,0.421,18.729,33.4,53.830000000000005,CONFIRMED
M02,58441,2026-09-10 17:06:00.918043+00:00,2026-09-10 17:06:00.943043+00:00,2026-09-10 17:06:00.889989+00:00,2026-09-10 17:06:00.891117+00:00,2026-09-10 17:06:00.890236+00:00,2026-09-10 17:06:00.892752+00:00,2026-09-10 17:06:00.893178+00:00,,,,,0.247,2.516,0.8809999999999999,0.426,24.865000000000002,25.0,53.053999999999995,CONFIRMED
M02,58442,2026-09-10 17:06:01.015389+00:00,2026-09-10 17:06:01.043064+00:00,2026-09-10 17:06:00.995262+00:00,2026-09-10 17:06:00.996353+00:00,2026-09-10 17:06:00.995466+00:00,2026-09-10 17:06:00.996341+00:00,2026-09-10 17:06:00.997035+00:00,,,,,0.204,0.875,0.887,0.694,18.354,27.675,47.802,CONFIRMED
M02,58443,2026-09-10 17:06:01.120974+00:00,2026-09-10 17:06:01.147203+00:00,2026-09-10 17:06:01.100340+00:00,2026-09-10 17:06:01.101648+00:00,2026-09-10 17:06:01.100563+00:00,2026-09-10 17:06:01.101351+00:00,2026-09-10 17:06:01.101724+00:00,,,,,0.223,0.7879999999999999,1.085,0.373,19.25,26.229,46.863,CONFIRMED
M02,58444,2026-09-10 17:06:01.233625+00:00,2026-09-10 17:06:01.258924+00:00,2026-09-10 17:06:01.211597+00:00,2026-09-10 17:06:01.214765+00:00,2026-09-10 17:06:01.211816+00:00,2026-09-10 17:06:01.212817+00:00,2026-09-10 17:06:01.213247+00:00,,,,,0.219,1.001,2.949,0.43,20.378,25.299,47.327,CONFIRMED
M02,58445,2026-09-10 17:06:01.349738+00:00,2026-09-10 17:06:01.374358+00:00,2026-09-10 17:06:01.321071+00:00,2026-09-10 17:06:01.324386+00:00,2026-09-10 17:06:01.321253+00:00,2026-09-10 17:06:01.324448+00:00,2026-09-10 17:06:01.324781+00:00,,,,,0.182,3.195,3.133,0.333,24.957,24.62,53.287,CONFIRMED
M02,58446,2026-09-10 17:06:01.454435+00:00,2026-09-10 17:06:01.486508+00:00,2026-09-10 17:06:01.428443+00:00,2026-09-10 17:06:01.429473+00:00,2026-09-10 17:06:01.428694+00:00,2026-09-10 17:06:01.429581+00:00,2026-09-10 17:06:01.429989+00:00,,,,,0.251,0.887,0.7789999999999999,0.408,24.445999999999998,32.073,58.065,CONFIRMED
M02,58447,2026-09-10 17:06:01.551179+00:00,2026-09-10 17:06:01.577467+00:00,2026-09-10 17:06:01.531761+00:00,2026-09-10 17:06:01.532871+00:00,2026-09-10 17:06:01.531982+00:00,2026-09-10 17:06:01.532927+00:00,2026-09-10 17:06:01.533457+00:00,,,,,0.221,0.945,0.889,0.53,17.722,26.288,45.705999999999996,CONFIRMED
M02,58448,2026-09-10 17:06:01.658104+00:00,2026-09-10 17:06:01.683062+00:00,2026-09-10 17:06:01.637554+00:00,2026-09-10 17:06:01.641434+00:00,2026-09-10 17:06:01.638097+00:00,2026-09-10 17:06:01.639637+00:00,2026-09-10 17:06:01.640294+00:00,,,,,0.5429999999999999,1.5399999999999998,3.337,0.657,17.81,24.958000000000002,45.508,CONFIRMED
M02,58449,2026-09-10 17:06:01.770882+00:00,2026-09-10 17:06:01.802643+00:00,2026-09-10 17:06:01.749329+00:00,2026-09-10 17:06:01.751549+00:00,2026-09-10 17:06:01.749718+00:00,2026-09-10 17:06:01.751508+00:00,2026-09-10 17:06:01.751962+00:00,,,,,0.389,1.79,1.831,0.45399999999999996,18.919999999999998,31.761,53.314,CONFIRMED
M02,58450,2026-09-10 17:06:01.884066+00:00,2026-09-10 17:06:01.912100+00:00,2026-09-10 17:06:01.856468+00:00,2026-09-10 17:06:01.857268+00:00,2026-09-10 17:06:01.856622+00:00,2026-09-10 17:06:01.857359+00:00,2026-09-10 17:06:01.857935+00:00,,,,,0.154,0.737,0.646,0.5760000000000001,26.131,28.034,55.632,CONFIRMED
M02,58451,2026-09-10 17:06:01.984959+00:00,2026-09-10 17:06:02.009074+00:00,2026-09-10 17:06:01.964840+00:00,2026-09-10 17:06:01.966117+00:00,2026-09-10 17:06:01.965202+00:00,2026-09-10 17:06:01.966138+00:00,2026-09-10 17:06:01.966451+00:00,,,,,0.36200000000000004,0.9359999999999999,0.915,0.313,18.508,24.115000000000002,44.234,CONFIRMED
M02,58452,2026-09-10 17:06:02.086897+00:00,2026-09-10 17:06:02.111446+00:00,2026-09-10 17:06:02.068294+00:00,2026-09-10 17:06:02.069109+00:00,2026-09-10 17:06:02.068474+00:00,2026-09-10 17:06:02.069292+00:00,2026-09-10 17:06:02.069684+00:00,,,,,0.18000000000000002,0.8180000000000001,0.635,0.392,17.212999999999997,24.549000000000003,43.152,CONFIRMED
M02,58453,2026-09-10 17:06:02.193970+00:00,2026-09-10 17:06:02.219890+00:00,2026-09-10 17:06:02.172575+00:00,2026-09-10 17:06:02.174370+00:00,2026-09-10 17:06:02.172961+00:00,2026-09-10 17:06:02.174257+00:00,2026-09-10 17:06:02.175432+00:00,,,,,0.386,1.296,1.409,1.175,18.538,25.919999999999998,47.315000000000005,CONFIRMED
M02,58454,2026-09-10 17:06:02.310458+00:00,2026-09-10 17:06:02.342174+00:00,2026-09-10 17:06:02.278610+00:00,2026-09-10 17:06:02.288034+00:00,2026-09-10 17:06:02.278842+00:00,2026-09-10 17:06:02.288387+00:00,2026-09-10 17:06:02.288845+00:00,,,,,0.232,9.545,9.192,0.458,21.613,31.716,63.56399999999999,CONFIRMED
M02,58455,2026-09-10 17:06:02.422730+00:00,2026-09-10 17:06:02.450649+00:00,2026-09-10 17:06:02.399566+00:00,2026-09-10 17:06:02.400736+00:00,2026-09-10 17:06:02.399921+00:00,2026-09-10 17:06:02.400534+00:00,2026-09-10 17:06:02.401089+00:00,,,,,0.355,0.6130000000000001,0.815,0.555,21.641000000000002,27.919,51.083000000000006,CONFIRMED
M02,58456,2026-09-10 17:06:02.533643+00:00,2026-09-10 17:06:02.560302+00:00,2026-09-10 17:06:02.504348+00:00,2026-09-10 17:06:02.506213+00:00,2026-09-10 17:06:02.504724+00:00,2026-09-10 17:06:02.506065+00:00,2026-09-10 17:06:02.506627+00:00,,,,,0.376,1.341,1.489,0.562,27.016,26.659,55.95399999999999,CONFIRMED
M02,58457,2026-09-10 17:06:02.633419+00:00,2026-09-10 17:06:02.661300+00:00,2026-09-10 17:06:02.609213+00:00,2026-09-10 17:06:02.611078+00:00,2026-09-10 17:06:02.609391+00:00,2026-09-10 17:06:02.610983+00:00,2026-09-10 17:06:02.612042+00:00,,,,,0.178,1.592,1.6869999999999998,1.059,21.377,27.881,52.087,CONFIRMED
M02,58458,2026-09-10 17:06:02.733103+00:00,2026-09-10 17:06:02.761946+00:00,2026-09-10 17:06:02.714324+00:00,2026-09-10 17:06:02.717112+00:00,2026-09-10 17:06:02.714577+00:00,2026-09-10 17:06:02.715317+00:00,2026-09-10 17:06:02.715655+00:00,,,,,0.253,0.74,2.535,0.33799999999999997,17.448,28.843,47.622,CONFIRMED
M02,58459,2026-09-10 17:06:02.840104+00:00,2026-09-10 17:06:02.864903+00:00,2026-09-10 17:06:02.819198+00:00,2026-09-10 17:06:02.819987+00:00,2026-09-10 17:06:02.819370+00:00,2026-09-10 17:06:02.820071+00:00,2026-09-10 17:06:02.820464+00:00,,,,,0.17200000000000001,0.7010000000000001,0.617,0.393,19.64,24.799000000000003,45.705000000000005,CONFIRMED
M02,58460,2026-09-10 17:06:02.942627+00:00,2026-09-10 17:06:02.966385+00:00,2026-09-10 17:06:02.923134+00:00,2026-09-10 17:06:02.924124+00:00,2026-09-10 17:06:02.923322+00:00,2026-09-10 17:06:02.924198+00:00,2026-09-10 17:06:02.924607+00:00,,,,,0.188,0.876,0.8019999999999999,0.40900000000000003,18.02,23.758000000000003,43.251,CONFIRMED
M02,58461,2026-09-10 17:06:03.045338+00:00,2026-09-10 17:06:03.071472+00:00,2026-09-10 17:06:03.027646+00:00,2026-09-10 17:06:03.029174+00:00,2026-09-10 17:06:03.028035+00:00,2026-09-10 17:06:03.028943+00:00,2026-09-10 17:06:03.029364+00:00,,,,,0.389,0.9079999999999999,1.139,0.421,15.973999999999998,26.134,43.82599999999999,CONFIRMED
M02,58462,2026-09-10 17:06:03.153997+00:00,2026-09-10 17:06:03.179953+00:00,2026-09-10 17:06:03.131313+00:00,2026-09-10 17:06:03.138086+00:00,2026-09-10 17:06:03.131560+00:00,2026-09-10 17:06:03.134063+00:00,2026-09-10 17:06:03.134546+00:00,,,,,0.247,2.503,6.526,0.483,19.451,25.956,48.64,CONFIRMED
M02,58463,2026-09-10 17:06:03.260296+00:00,2026-09-10 17:06:03.287022+00:00,2026-09-10 17:06:03.241010+00:00,2026-09-10 17:06:03.242567+00:00,2026-09-10 17:06:03.241280+00:00,2026-09-10 17:06:03.242815+00:00,2026-09-10 17:06:03.245911+00:00,,,,,0.27,1.535,1.287,3.0959999999999996,14.385,26.726,46.012,CONFIRMED
M02,58464,2026-09-10 17:06:03.372433+00:00,2026-09-10 17:06:03.406968+00:00,2026-09-10 17:06:03.348450+00:00,2026-09-10 17:06:03.351176+00:00,2026-09-10 17:06:03.348762+00:00,2026-09-10 17:06:03.350066+00:00,2026-09-10 17:06:03.350641+00:00,,,,,0.312,1.304,2.4139999999999997,0.575,21.791999999999998,34.535000000000004,58.518,CONFIRMED
M02,58465,2026-09-10 17:06:03.481582+00:00,2026-09-10 17:06:03.507538+00:00,2026-09-10 17:06:03.462006+00:00,2026-09-10 17:06:03.463628+00:00,2026-09-10 17:06:03.462226+00:00,2026-09-10 17:06:03.463461+00:00,2026-09-10 17:06:03.463849+00:00,,,,,0.22,1.2349999999999999,1.4020000000000001,0.388,17.732999999999997,25.956,45.532000000000004,CONFIRMED
M02,58466,2026-09-10 17:06:03.594645+00:00,2026-09-10 17:06:03.620564+00:00,2026-09-10 17:06:03.567945+00:00,2026-09-10 17:06:03.571072+00:00,2026-09-10 17:06:03.568406+00:00,2026-09-10 17:06:03.569950+00:00,2026-09-10 17:06:03.570975+00:00,,,,,0.46099999999999997,1.544,2.666,1.0250000000000001,23.67,25.919,52.619,CONFIRMED
M02,58467,2026-09-10 17:06:03.696223+00:00,2026-09-10 17:06:03.722723+00:00,2026-09-10 17:06:03.675291+00:00,2026-09-10 17:06:03.676620+00:00,2026-09-10 17:06:03.675603+00:00,2026-09-10 17:06:03.676573+00:00,2026-09-10 17:06:03.677299+00:00,,,,,0.312,0.9700000000000001,1.017,0.726,18.924,26.5,47.432,CONFIRMED
M02,58468,2026-09-10 17:06:03.815434+00:00,2026-09-10 17:06:03.845159+00:00,2026-09-10 17:06:03.782602+00:00,2026-09-10 17:06:03.802250+00:00,2026-09-10 17:06:03.783045+00:00,2026-09-10 17:06:03.784738+00:00,2026-09-10 17:06:03.790582+00:00,,,,,0.443,1.693,19.205,5.844,24.852,29.725,62.557,CONFIRMED
M02,58469,2026-09-10 17:06:03.930853+00:00,2026-09-10 17:06:03.963004+00:00,2026-09-10 17:06:03.909756+00:00,2026-09-10 17:06:03.911179+00:00,2026-09-10 17:06:03.909983+00:00,2026-09-10 17:06:03.911150+00:00,2026-09-10 17:06:03.911521+00:00,,,,,0.22699999999999998,1.167,1.196,0.371,19.331999999999997,32.150999999999996,53.248,CONFIRMED
M02,58470,2026-09-10 17:06:04.032594+00:00,2026-09-10 17:06:04.059211+00:00,2026-09-10 17:06:04.014749+00:00,2026-09-10 17:06:04.015689+00:00,2026-09-10 17:06:04.014962+00:00,2026-09-10 17:06:04.015696+00:00,2026-09-10 17:06:04.016243+00:00,,,,,0.213,0.734,0.727,0.5469999999999999,16.351000000000003,26.616999999999997,44.462,CONFIRMED
M02,58471,2026-09-10 17:06:04.143027+00:00,2026-09-10 17:06:04.170158+00:00,2026-09-10 17:06:04.118206+00:00,2026-09-10 17:06:04.119865+00:00,2026-09-10 17:06:04.118600+00:00,2026-09-10 17:06:04.119853+00:00,2026-09-10 17:06:04.120472+00:00,,,,,0.39399999999999996,1.253,1.2650000000000001,0.619,22.555,27.131,51.952,CONFIRMED
M02,58472,2026-09-10 17:06:04.240654+00:00,2026-09-10 17:06:04.272940+00:00,2026-09-10 17:06:04.223324+00:00,2026-09-10 17:06:04.224792+00:00,2026-09-10 17:06:04.223566+00:00,2026-09-10 17:06:04.224393+00:00,2026-09-10 17:06:04.224739+00:00,,,,,0.242,0.8270000000000001,1.2260000000000002,0.34600000000000003,15.915,32.286,49.616,CONFIRMED
M02,58473,2026-09-10 17:06:04.358748+00:00,2026-09-10 17:06:04.398566+00:00,2026-09-10 17:06:04.329343+00:00,2026-09-10 17:06:04.330999+00:00,2026-09-10 17:06:04.329568+00:00,2026-09-10 17:06:04.330292+00:00,2026-09-10 17:06:04.330710+00:00,,,,,0.225,0.7240000000000001,1.431,0.41800000000000004,28.038,39.818,69.22300000000001,CONFIRMED
M02,58474,2026-09-10 17:06:04.471608+00:00,2026-09-10 17:06:04.500935+00:00,2026-09-10 17:06:04.433231+00:00,2026-09-10 17:06:04.436049+00:00,2026-09-10 17:06:04.433410+00:00,2026-09-10 17:06:04.434298+00:00,2026-09-10 17:06:04.435409+00:00,,,,,0.179,0.888,2.639,1.111,36.199000000000005,29.326999999999998,67.704,CONFIRMED
M02,58475,2026-09-10 17:06:04.571284+00:00,2026-09-10 17:06:04.601474+00:00,2026-09-10 17:06:04.547218+00:00,2026-09-10 17:06:04.549189+00:00,2026-09-10 17:06:04.547423+00:00,2026-09-10 17:06:04.548167+00:00,2026-09-10 17:06:04.548490+00:00,,,,,0.205,0.744,1.766,0.323,22.793999999999997,30.19,54.256,CONFIRMED
M02,58476,2026-09-10 17:06:04.674828+00:00,2026-09-10 17:06:04.704793+00:00,2026-09-10 17:06:04.652986+00:00,2026-09-10 17:06:04.653964+00:00,2026-09-10 17:06:04.653207+00:00,2026-09-10 17:06:04.653949+00:00,2026-09-10 17:06:04.654331+00:00,,,,,0.221,0.742,0.757,0.382,20.497,29.965,51.807,CONFIRMED
M02,58477,2026-09-10 17:06:04.795473+00:00,2026-09-10 17:06:04.824825+00:00,2026-09-10 17:06:04.756351+00:00,2026-09-10 17:06:04.757799+00:00,2026-09-10 17:06:04.756602+00:00,2026-09-10 17:06:04.757825+00:00,2026-09-10 17:06:04.758627+00:00,,,,,0.251,1.2229999999999999,1.1969999999999998,0.8019999999999999,36.846,29.352,68.47399999999999,CONFIRMED
M02,58478,2026-09-10 17:06:04.884978+00:00,2026-09-10 17:06:04.913913+00:00,2026-09-10 17:06:04.861297+00:00,2026-09-10 17:06:04.862114+00:00,2026-09-10 17:06:04.861471+00:00,2026-09-10 17:06:04.862142+00:00,2026-09-10 17:06:04.862469+00:00,,,,,0.174,0.671,0.643,0.32699999999999996,22.509,28.935,52.616,CONFIRMED
M02,58479,2026-09-10 17:06:04.997569+00:00,2026-09-10 17:06:05.028013+00:00,2026-09-10 17:06:04.964618+00:00,2026-09-10 17:06:04.970116+00:00,2026-09-10 17:06:04.964963+00:00,2026-09-10 17:06:04.966815+00:00,2026-09-10 17:06:04.967939+00:00,,,,,0.345,1.8519999999999999,5.153,1.124,29.63,30.444,63.39500000000001,CONFIRMED
M02,58480,2026-09-10 17:06:05.094875+00:00,2026-09-10 17:06:05.124139+00:00,2026-09-10 17:06:05.072837+00:00,2026-09-10 17:06:05.073615+00:00,2026-09-10 17:06:05.073029+00:00,2026-09-10 17:06:05.073801+00:00,2026-09-10 17:06:05.074243+00:00,,,,,0.192,0.772,0.5860000000000001,0.442,20.632,29.264,51.302,CONFIRMED
M02,58481,2026-09-10 17:06:05.200488+00:00,2026-09-10 17:06:05.229243+00:00,2026-09-10 17:06:05.176183+00:00,2026-09-10 17:06:05.177269+00:00,2026-09-10 17:06:05.176364+00:00,2026-09-10 17:06:05.177229+00:00,2026-09-10 17:06:05.177704+00:00,,,,,0.18100000000000002,0.865,0.905,0.475,22.784,28.755,53.06,CONFIRMED
M02,58482,2026-09-10 17:06:05.299689+00:00,2026-09-10 17:06:05.331774+00:00,2026-09-10 17:06:05.279496+00:00,2026-09-10 17:06:05.280758+00:00,2026-09-10 17:06:05.279760+00:00,2026-09-10 17:06:05.280645+00:00,2026-09-10 17:06:05.281324+00:00,,,,,0.264,0.885,0.998,0.679,18.365,32.085,52.278,CONFIRMED
M02,58483,2026-09-10 17:06:05.402163+00:00,2026-09-10 17:06:05.429219+00:00,2026-09-10 17:06:05.384913+00:00,2026-09-10 17:06:05.385938+00:00,2026-09-10 17:06:05.385175+00:00,2026-09-10 17:06:05.385938+00:00,2026-09-10 17:06:05.386217+00:00,,,,,0.262,0.763,0.763,0.279,15.945999999999998,27.056,44.306,CONFIRMED
M02,58484,2026-09-10 17:06:05.509489+00:00,2026-09-10 17:06:05.536654+00:00,2026-09-10 17:06:05.489005+00:00,2026-09-10 17:06:05.490884+00:00,2026-09-10 17:06:05.489348+00:00,2026-09-10 17:06:05.490992+00:00,2026-09-10 17:06:05.492187+00:00,,,,,0.34299999999999997,1.6440000000000001,1.536,1.195,17.302000000000003,27.165000000000003,47.648999999999994,CONFIRMED
M02,58485,2026-09-10 17:06:05.613596+00:00,2026-09-10 17:06:05.639368+00:00,2026-09-10 17:06:05.594972+00:00,2026-09-10 17:06:05.596699+00:00,2026-09-10 17:06:05.595152+00:00,2026-09-10 17:06:05.595942+00:00,2026-09-10 17:06:05.596574+00:00,,,,,0.18000000000000002,0.79,1.547,0.632,17.022,25.772,44.396,CONFIRMED
M02,58486,2026-09-10 17:06:05.721759+00:00,2026-09-10 17:06:05.750037+00:00,2026-09-10 17:06:05.699877+00:00,2026-09-10 17:06:05.708169+00:00,2026-09-10 17:06:05.700184+00:00,2026-09-10 17:06:05.701463+00:00,2026-09-10 17:06:05.701971+00:00,,,,,0.307,1.279,7.985000000000001,0.508,19.788,28.278000000000002,50.160000000000004,CONFIRMED
M02,58487,2026-09-10 17:06:05.837215+00:00,2026-09-10 17:06:05.866414+00:00,2026-09-10 17:06:05.815380+00:00,2026-09-10 17:06:05.816423+00:00,2026-09-10 17:06:05.815561+00:00,2026-09-10 17:06:05.816713+00:00,2026-09-10 17:06:05.817162+00:00,,,,,0.18100000000000002,1.1520000000000001,0.862,0.449,20.053,29.198999999999998,51.034000000000006,CONFIRMED
M02,58488,2026-09-10 17:06:05.945543+00:00,2026-09-10 17:06:05.972053+00:00,2026-09-10 17:06:05.922600+00:00,2026-09-10 17:06:05.923593+00:00,2026-09-10 17:06:05.922852+00:00,2026-09-10 17:06:05.923626+00:00,2026-09-10 17:06:05.924200+00:00,,,,,0.252,0.7739999999999999,0.741,0.574,21.343,26.509999999999998,49.452999999999996,CONFIRMED
M02,58489,2026-09-10 17:06:06.056348+00:00,2026-09-10 17:06:06.083744+00:00,2026-09-10 17:06:06.026850+00:00,2026-09-10 17:06:06.028326+00:00,2026-09-10 17:06:06.027177+00:00,2026-09-10 17:06:06.030221+00:00,2026-09-10 17:06:06.030594+00:00,,,,,0.32699999999999996,3.044,1.149,0.373,25.753999999999998,27.396,56.894,CONFIRMED
M02,58490,2026-09-10 17:06:06.151628+00:00,2026-09-10 17:06:06.180621+00:00,2026-09-10 17:06:06.133355+00:00,2026-09-10 17:06:06.134586+00:00,2026-09-10 17:06:06.133610+00:00,2026-09-10 17:06:06.134422+00:00,2026-09-10 17:06:06.134816+00:00,,,,,0.255,0.812,0.976,0.39399999999999996,16.812,28.993000000000002,47.266000000000005,CONFIRMED
M02,58491,2026-09-10 17:06:06.266451+00:00,2026-09-10 17:06:06.292445+00:00,2026-09-10 17:06:06.236872+00:00,2026-09-10 17:06:06.247976+00:00,2026-09-10 17:06:06.237264+00:00,2026-09-10 17:06:06.243863+00:00,2026-09-10 17:06:06.244240+00:00,,,,,0.392,6.599,10.712,0.377,22.211000000000002,25.994,55.573,CONFIRMED
M02,58492,2026-09-10 17:06:06.387928+00:00,2026-09-10 17:06:06.416247+00:00,2026-09-10 17:06:06.350540+00:00,2026-09-10 17:06:06.351780+00:00,2026-09-10 17:06:06.350789+00:00,2026-09-10 17:06:06.351855+00:00,2026-09-10 17:06:06.352388+00:00,,,,,0.24899999999999997,1.066,0.9909999999999999,0.533,35.54,28.319,65.70700000000001,CONFIRMED
M02,58493,2026-09-10 17:06:06.487798+00:00,2026-09-10 17:06:06.512484+00:00,2026-09-10 17:06:06.470394+00:00,2026-09-10 17:06:06.471335+00:00,2026-09-10 17:06:06.470542+00:00,2026-09-10 17:06:06.471362+00:00,2026-09-10 17:06:06.471726+00:00,,,,,0.148,0.82,0.7929999999999999,0.364,16.072,24.686,42.09,CONFIRMED
M02,58494,2026-09-10 17:06:06.597331+00:00,2026-09-10 17:06:06.622445+00:00,2026-09-10 17:06:06.574881+00:00,2026-09-10 17:06:06.577045+00:00,2026-09-10 17:06:06.575300+00:00,2026-09-10 17:06:06.577238+00:00,2026-09-10 17:06:06.577847+00:00,,,,,0.419,1.938,1.745,0.609,19.484,25.114,47.564,CONFIRMED
M02,58495,2026-09-10 17:06:06.704804+00:00,2026-09-10 17:06:06.735432+00:00,2026-09-10 17:06:06.682567+00:00,2026-09-10 17:06:06.688005+00:00,2026-09-10 17:06:06.682981+00:00,2026-09-10 17:06:06.688035+00:00,2026-09-10 17:06:06.688447+00:00,,,,,0.414,5.054,5.024,0.412,16.357,30.628,52.865,CONFIRMED
M02,58496,2026-09-10 17:06:06.820482+00:00,2026-09-10 17:06:06.849978+00:00,2026-09-10 17:06:06.790540+00:00,2026-09-10 17:06:06.791445+00:00,2026-09-10 17:06:06.790758+00:00,2026-09-10 17:06:06.791485+00:00,2026-09-10 17:06:06.791854+00:00,,,,,0.21800000000000003,0.727,0.687,0.36900000000000005,28.628,29.496000000000002,59.437999999999995,CONFIRMED
M02,58497,2026-09-10 17:06:06.911141+00:00,2026-09-10 17:06:06.937281+00:00,2026-09-10 17:06:06.894401+00:00,2026-09-10 17:06:06.895464+00:00,2026-09-10 17:06:06.894563+00:00,2026-09-10 17:06:06.895356+00:00,2026-09-10 17:06:06.895665+00:00,,,,,0.162,0.7929999999999999,0.901,0.309,15.476,26.14,42.88,CONFIRMED
M02,58498,2026-09-10 17:06:07.018693+00:00,2026-09-10 17:06:07.043766+00:00,2026-09-10 17:06:06.997719+00:00,2026-09-10 17:06:06.999003+00:00,2026-09-10 17:06:06.997947+00:00,2026-09-10 17:06:06.999020+00:00,2026-09-10 17:06:06.999532+00:00,,,,,0.228,1.073,1.056,0.512,19.161,25.073,46.047,CONFIRMED
M02,58499,2026-09-10 17:06:07.129202+00:00,2026-09-10 17:06:07.157765+00:00,2026-09-10 17:06:07.102545+00:00,2026-09-10 17:06:07.106094+00:00,2026-09-10 17:06:07.102950+00:00,2026-09-10 17:06:07.105185+00:00,2026-09-10 17:06:07.105870+00:00,,,,,0.40499999999999997,2.235,3.144,0.6849999999999999,23.331999999999997,28.563000000000002,55.22,CONFIRMED
M02,58500,2026-09-10 17:06:07.234015+00:00,2026-09-10 17:06:07.259495+00:00,2026-09-10 17:06:07.212693+00:00,2026-09-10 17:06:07.214627+00:00,2026-09-10 17:06:07.213166+00:00,2026-09-10 17:06:07.214693+00:00,2026-09-10 17:06:07.215407+00:00,,,,,0.47300000000000003,1.527,1.461,0.714,18.608,25.48,46.80200000000001,CONFIRMED
M02,58501,2026-09-10 17:06:07.338434+00:00,2026-09-10 17:06:07.363987+00:00,2026-09-10 17:06:07.318157+00:00,2026-09-10 17:06:07.319766+00:00,2026-09-10 17:06:07.318392+00:00,2026-09-10 17:06:07.319573+00:00,2026-09-10 17:06:07.320131+00:00,,,,,0.235,1.181,1.374,0.558,18.303,25.553,45.830000000000005,CONFIRMED
M02,58502,2026-09-10 17:06:07.448204+00:00,2026-09-10 17:06:07.481696+00:00,2026-09-10 17:06:07.422906+00:00,2026-09-10 17:06:07.424757+00:00,2026-09-10 17:06:07.423221+00:00,2026-09-10 17:06:07.424360+00:00,2026-09-10 17:06:07.424889+00:00,,,,,0.315,1.139,1.536,0.5289999999999999,23.314999999999998,33.492000000000004,58.79,CONFIRMED
M02,58503,2026-09-10 17:06:07.552904+00:00,2026-09-10 17:06:07.581330+00:00,2026-09-10 17:06:07.529201+00:00,2026-09-10 17:06:07.530084+00:00,2026-09-10 17:06:07.529425+00:00,2026-09-10 17:06:07.530223+00:00,2026-09-10 17:06:07.530971+00:00,,,,,0.224,0.798,0.6589999999999999,0.748,21.933,28.426,52.129000000000005,CONFIRMED
M02,58504,2026-09-10 17:06:07.659735+00:00,2026-09-10 17:06:07.684393+00:00,2026-09-10 17:06:07.634584+00:00,2026-09-10 17:06:07.635600+00:00,2026-09-10 17:06:07.634877+00:00,2026-09-10 17:06:07.635738+00:00,2026-09-10 17:06:07.636081+00:00,,,,,0.29300000000000004,0.861,0.723,0.34299999999999997,23.654,24.657999999999998,49.809,CONFIRMED
M02,58505,2026-09-10 17:06:07.769337+00:00,2026-09-10 17:06:07.794130+00:00,2026-09-10 17:06:07.739566+00:00,2026-09-10 17:06:07.740371+00:00,2026-09-10 17:06:07.739791+00:00,2026-09-10 17:06:07.741974+00:00,2026-09-10 17:06:07.745400+00:00,,,,,0.225,2.183,0.58,3.4259999999999997,23.937,24.793,54.564,CONFIRMED
M02,58506,2026-09-10 17:06:07.865065+00:00,2026-09-10 17:06:07.889247+00:00,2026-09-10 17:06:07.845481+00:00,2026-09-10 17:06:07.846574+00:00,2026-09-10 17:06:07.845668+00:00,2026-09-10 17:06:07.847198+00:00,2026-09-10 17:06:07.847994+00:00,,,,,0.187,1.5299999999999998,0.906,0.796,17.070999999999998,24.182,43.766,CONFIRMED
M02,58507,2026-09-10 17:06:07.980838+00:00,2026-09-10 17:06:08.008256+00:00,2026-09-10 17:06:07.948969+00:00,2026-09-10 17:06:07.958478+00:00,2026-09-10 17:06:07.949238+00:00,2026-09-10 17:06:07.958702+00:00,2026-09-10 17:06:07.959010+00:00,,,,,0.26899999999999996,9.464,9.24,0.308,21.828,27.418000000000003,59.287,CONFIRMED
M02,58508,2026-09-10 17:06:08.086379+00:00,2026-09-10 17:06:08.125473+00:00,2026-09-10 17:06:08.061095+00:00,2026-09-10 17:06:08.064620+00:00,2026-09-10 17:06:08.061415+00:00,2026-09-10 17:06:08.062894+00:00,2026-09-10 17:06:08.063286+00:00,,,,,0.32,1.479,3.205,0.392,23.093,39.093999999999994,64.378,CONFIRMED
M02,58509,2026-09-10 17:06:08.187993+00:00,2026-09-10 17:06:08.215307+00:00,2026-09-10 17:06:08.167816+00:00,2026-09-10 17:06:08.169149+00:00,2026-09-10 17:06:08.168032+00:00,2026-09-10 17:06:08.169200+00:00,2026-09-10 17:06:08.169767+00:00,,,,,0.216,1.168,1.117,0.5670000000000001,18.226,27.314,47.491,CONFIRMED
M02,58510,2026-09-10 17:06:08.296965+00:00,2026-09-10 17:06:08.321748+00:00,2026-09-10 17:06:08.272172+00:00,2026-09-10 17:06:08.276435+00:00,2026-09-10 17:06:08.272505+00:00,2026-09-10 17:06:08.274581+00:00,2026-09-10 17:06:08.275342+00:00,,,,,0.333,2.076,3.93,0.761,21.623,24.783,49.576,CONFIRMED
M02,58511,2026-09-10 17:06:08.403505+00:00,2026-09-10 17:06:08.429908+00:00,2026-09-10 17:06:08.379474+00:00,2026-09-10 17:06:08.380571+00:00,2026-09-10 17:06:08.379724+00:00,2026-09-10 17:06:08.380594+00:00,2026-09-10 17:06:08.381157+00:00,,,,,0.25,0.87,0.847,0.5630000000000001,22.348,26.403,50.434,CONFIRMED
M02,58512,2026-09-10 17:06:08.502748+00:00,2026-09-10 17:06:08.529029+00:00,2026-09-10 17:06:08.483702+00:00,2026-09-10 17:06:08.484526+00:00,2026-09-10 17:06:08.483944+00:00,2026-09-10 17:06:08.484541+00:00,2026-09-10 17:06:08.484932+00:00,,,,,0.242,0.597,0.5820000000000001,0.391,17.816,26.281,45.327,CONFIRMED
M02,58513,2026-09-10 17:06:08.614372+00:00,2026-09-10 17:06:08.640713+00:00,2026-09-10 17:06:08.588159+00:00,2026-09-10 17:06:08.590160+00:00,2026-09-10 17:06:08.588536+00:00,2026-09-10 17:06:08.590434+00:00,2026-09-10 17:06:08.591427+00:00,,,,,0.377,1.898,1.624,0.993,22.945,26.341,52.553999999999995,CONFIRMED
M02,58514,2026-09-10 17:06:08.714726+00:00,2026-09-10 17:06:08.745029+00:00,2026-09-10 17:06:08.695418+00:00,2026-09-10 17:06:08.697508+00:00,2026-09-10 17:06:08.695800+00:00,2026-09-10 17:06:08.697450+00:00,2026-09-10 17:06:08.698117+00:00,,,,,0.382,1.65,1.7080000000000002,0.6669999999999999,16.608999999999998,30.303,49.611000000000004,CONFIRMED
M02,58515,2026-09-10 17:06:08.821496+00:00,2026-09-10 17:06:08.848376+00:00,2026-09-10 17:06:08.800951+00:00,2026-09-10 17:06:08.801946+00:00,2026-09-10 17:06:08.801164+00:00,2026-09-10 17:06:08.801808+00:00,2026-09-10 17:06:08.802302+00:00,,,,,0.213,0.644,0.782,0.494,19.194,26.880000000000003,47.425000000000004,CONFIRMED
M02,58516,2026-09-10 17:06:08.936922+00:00,2026-09-10 17:06:08.976935+00:00,2026-09-10 17:06:08.904816+00:00,2026-09-10 17:06:08.912166+00:00,2026-09-10 17:06:08.905042+00:00,2026-09-10 17:06:08.911963+00:00,2026-09-10 17:06:08.912363+00:00,,,,,0.22599999999999998,6.921,7.1240000000000006,0.4,24.559,40.013,72.119,CONFIRMED
M02,58517,2026-09-10 17:06:09.043175+00:00,2026-09-10 17:06:09.079940+00:00,2026-09-10 17:06:09.015730+00:00,2026-09-10 17:06:09.016716+00:00,2026-09-10 17:06:09.015920+00:00,2026-09-10 17:06:09.016770+00:00,2026-09-10 17:06:09.017246+00:00,,,,,0.19,0.85,0.796,0.47600000000000003,25.929000000000002,36.765,64.21000000000001,CONFIRMED
M02,58518,2026-09-10 17:06:09.142829+00:00,2026-09-10 17:06:09.167139+00:00,2026-09-10 17:06:09.120781+00:00,2026-09-10 17:06:09.122246+00:00,2026-09-10 17:06:09.121081+00:00,2026-09-10 17:06:09.122379+00:00,2026-09-10 17:06:09.122727+00:00,,,,,0.3,1.2979999999999998,1.165,0.348,20.101999999999997,24.31,46.358000000000004,CONFIRMED
M02,58519,2026-09-10 17:06:09.247372+00:00,2026-09-10 17:06:09.274413+00:00,2026-09-10 17:06:09.228108+00:00,2026-09-10 17:06:09.229562+00:00,2026-09-10 17:06:09.228435+00:00,2026-09-10 17:06:09.229811+00:00,2026-09-10 17:06:09.230782+00:00,,,,,0.32699999999999996,1.3760000000000001,1.127,0.971,16.59,27.041,46.305,CONFIRMED
M02,58520,2026-09-10 17:06:09.357272+00:00,2026-09-10 17:06:09.383590+00:00,2026-09-10 17:06:09.334049+00:00,2026-09-10 17:06:09.336562+00:00,2026-09-10 17:06:09.334261+00:00,2026-09-10 17:06:09.336667+00:00,2026-09-10 17:06:09.337125+00:00,,,,,0.212,2.406,2.301,0.458,20.147000000000002,26.318,49.541000000000004,CONFIRMED
M02,58521,2026-09-10 17:06:09.470354+00:00,2026-09-10 17:06:09.497407+00:00,2026-09-10 17:06:09.439228+00:00,2026-09-10 17:06:09.440192+00:00,2026-09-10 17:06:09.439435+00:00,2026-09-10 17:06:09.440260+00:00,2026-09-10 17:06:09.441020+00:00,,,,,0.207,0.825,0.757,0.76,29.334,27.053,58.179,CONFIRMED
M02,58522,2026-09-10 17:06:09.567040+00:00,2026-09-10 17:06:09.592571+00:00,2026-09-10 17:06:09.545203+00:00,2026-09-10 17:06:09.546271+00:00,2026-09-10 17:06:09.545375+00:00,2026-09-10 17:06:09.546499+00:00,2026-09-10 17:06:09.546998+00:00,,,,,0.17200000000000001,1.124,0.896,0.499,20.042,25.531000000000002,47.368,CONFIRMED
M02,58523,2026-09-10 17:06:09.673408+00:00,2026-09-10 17:06:09.704206+00:00,2026-09-10 17:06:09.648456+00:00,2026-09-10 17:06:09.649335+00:00,2026-09-10 17:06:09.648632+00:00,2026-09-10 17:06:09.649341+00:00,2026-09-10 17:06:09.649765+00:00,,,,,0.176,0.709,0.703,0.424,23.643,30.798,55.75,CONFIRMED
M02,58524,2026-09-10 17:06:09.777957+00:00,2026-09-10 17:06:09.805636+00:00,2026-09-10 17:06:09.752298+00:00,2026-09-10 17:06:09.757990+00:00,2026-09-10 17:06:09.752500+00:00,2026-09-10 17:06:09.753586+00:00,2026-09-10 17:06:09.754074+00:00,,,,,0.202,1.0859999999999999,5.49,0.488,23.883000000000003,27.679,53.338,CONFIRMED
M02,58525,2026-09-10 17:06:09.893341+00:00,2026-09-10 17:06:09.923035+00:00,2026-09-10 17:06:09.863652+00:00,2026-09-10 17:06:09.874201+00:00,2026-09-10 17:06:09.863840+00:00,2026-09-10 17:06:09.864555+00:00,2026-09-10 17:06:09.864907+00:00,,,,,0.188,0.7150000000000001,10.361,0.352,28.434,29.694000000000003,59.382999999999996,CONFIRMED
M02,58526,2026-09-10 17:06:10.008847+00:00,2026-09-10 17:06:10.037420+00:00,2026-09-10 17:06:09.988366+00:00,2026-09-10 17:06:09.994531+00:00,2026-09-10 17:06:09.988683+00:00,2026-09-10 17:06:09.990444+00:00,2026-09-10 17:06:09.991082+00:00,,,,,0.317,1.761,5.848,0.638,17.765,28.573,49.054,CONFIRMED
M02,58527,2026-09-10 17:06:10.127768+00:00,2026-09-10 17:06:10.156830+00:00,2026-09-10 17:06:10.100207+00:00,2026-09-10 17:06:10.102027+00:00,2026-09-10 17:06:10.100507+00:00,2026-09-10 17:06:10.102057+00:00,2026-09-10 17:06:10.102756+00:00,,,,,0.3,1.55,1.52,0.699,25.012,29.062,56.623,CONFIRMED
M02,58528,2026-09-10 17:06:10.233990+00:00,2026-09-10 17:06:10.262663+00:00,2026-09-10 17:06:10.205749+00:00,2026-09-10 17:06:10.206824+00:00,2026-09-10 17:06:10.206044+00:00,2026-09-10 17:06:10.206850+00:00,2026-09-10 17:06:10.207331+00:00,,,,,0.29500000000000004,0.8059999999999999,0.78,0.481,26.659,28.673000000000002,56.914,CONFIRMED
M02,58529,2026-09-10 17:06:10.331210+00:00,2026-09-10 17:06:10.358615+00:00,2026-09-10 17:06:10.309738+00:00,2026-09-10 17:06:10.310827+00:00,2026-09-10 17:06:10.309908+00:00,2026-09-10 17:06:10.310622+00:00,2026-09-10 17:06:10.311027+00:00,,,,,0.17,0.714,0.919,0.40499999999999997,20.183,27.404999999999998,48.876999999999995,CONFIRMED
M02,58530,2026-09-10 17:06:10.439323+00:00,2026-09-10 17:06:10.470270+00:00,2026-09-10 17:06:10.414087+00:00,2026-09-10 17:06:10.415052+00:00,2026-09-10 17:06:10.414239+00:00,2026-09-10 17:06:10.419808+00:00,2026-09-10 17:06:10.421389+00:00,,,,,0.152,5.569,0.8130000000000001,1.581,17.933999999999997,30.947,56.183,CONFIRMED
M02,58531,2026-09-10 17:06:10.548419+00:00,2026-09-10 17:06:10.573783+00:00,2026-09-10 17:06:10.522735+00:00,2026-09-10 17:06:10.523423+00:00,2026-09-10 17:06:10.522898+00:00,2026-09-10 17:06:10.524366+00:00,2026-09-10 17:06:10.524807+00:00,,,,,0.163,1.468,0.525,0.441,23.612000000000002,25.364,51.048,CONFIRMED
M02,58532,2026-09-10 17:06:10.654914+00:00,2026-09-10 17:06:10.678926+00:00,2026-09-10 17:06:10.631639+00:00,2026-09-10 17:06:10.633717+00:00,2026-09-10 17:06:10.631984+00:00,2026-09-10 17:06:10.633504+00:00,2026-09-10 17:06:10.634429+00:00,,,,,0.345,1.52,1.7329999999999999,0.925,20.485,24.011999999999997,47.287000000000006,CONFIRMED
M02,58533,2026-09-10 17:06:10.770931+00:00,2026-09-10 17:06:10.797429+00:00,2026-09-10 17:06:10.738915+00:00,2026-09-10 17:06:10.751323+00:00,2026-09-10 17:06:10.739087+00:00,2026-09-10 17:06:10.750916+00:00,2026-09-10 17:06:10.751287+00:00,,,,,0.17200000000000001,11.828999999999999,12.236,0.371,19.644,26.498,58.513999999999996,CONFIRMED
M02,58534,2026-09-10 17:06:10.893138+00:00,2026-09-10 17:06:10.920919+00:00,2026-09-10 17:06:10.853440+00:00,2026-09-10 17:06:10.856023+00:00,2026-09-10 17:06:10.853627+00:00,2026-09-10 17:06:10.854452+00:00,2026-09-10 17:06:10.854853+00:00,,,,,0.187,0.825,2.396,0.40099999999999997,38.285,27.781,67.479,CONFIRMED
M02,58535,2026-09-10 17:06:10.983284+00:00,2026-09-10 17:06:11.008258+00:00,2026-09-10 17:06:10.964791+00:00,2026-09-10 17:06:10.965987+00:00,2026-09-10 17:06:10.965009+00:00,2026-09-10 17:06:10.965938+00:00,2026-09-10 17:06:10.966607+00:00,,,,,0.21800000000000003,0.929,0.9779999999999999,0.669,16.677,24.974,43.467,CONFIRMED
M02,58536,2026-09-10 17:06:11.087985+00:00,2026-09-10 17:06:11.120026+00:00,2026-09-10 17:06:11.069022+00:00,2026-09-10 17:06:11.070032+00:00,2026-09-10 17:06:11.069242+00:00,2026-09-10 17:06:11.069902+00:00,2026-09-10 17:06:11.070363+00:00,,,,,0.22,0.66,0.79,0.46099999999999997,17.622,32.041,51.004,CONFIRMED
M02,58537,2026-09-10 17:06:11.197337+00:00,2026-09-10 17:06:11.224273+00:00,2026-09-10 17:06:11.172264+00:00,2026-09-10 17:06:11.173161+00:00,2026-09-10 17:06:11.172451+00:00,2026-09-10 17:06:11.174176+00:00,2026-09-10 17:06:11.174567+00:00,,,,,0.187,1.7249999999999999,0.71,0.391,22.77,26.936,52.009,CONFIRMED
M02,58538,2026-09-10 17:06:11.301625+00:00,2026-09-10 17:06:11.328006+00:00,2026-09-10 17:06:11.276825+00:00,2026-09-10 17:06:11.278779+00:00,2026-09-10 17:06:11.277195+00:00,2026-09-10 17:06:11.278602+00:00,2026-09-10 17:06:11.279332+00:00,,,,,0.37,1.407,1.5839999999999999,0.73,22.293,26.381,51.181,CONFIRMED
M02,58539,2026-09-10 17:06:11.400536+00:00,2026-09-10 17:06:11.425965+00:00,2026-09-10 17:06:11.381257+00:00,2026-09-10 17:06:11.383033+00:00,2026-09-10 17:06:11.381521+00:00,2026-09-10 17:06:11.382840+00:00,2026-09-10 17:06:11.383438+00:00,,,,,0.264,1.3190000000000002,1.512,0.598,17.098,25.429,44.708,CONFIRMED
M02,58540,2026-09-10 17:06:11.509596+00:00,2026-09-10 17:06:11.537476+00:00,2026-09-10 17:06:11.485957+00:00,2026-09-10 17:06:11.489281+00:00,2026-09-10 17:06:11.487053+00:00,2026-09-10 17:06:11.489074+00:00,2026-09-10 17:06:11.489543+00:00,,,,,1.0959999999999999,2.021,2.2279999999999998,0.46900000000000003,20.053,27.88,51.519000000000005,CONFIRMED
M02,58541,2026-09-10 17:06:11.611777+00:00,2026-09-10 17:06:11.636610+00:00,2026-09-10 17:06:11.593087+00:00,2026-09-10 17:06:11.594259+00:00,2026-09-10 17:06:11.593411+00:00,2026-09-10 17:06:11.594484+00:00,2026-09-10 17:06:11.595138+00:00,,,,,0.324,1.073,0.848,0.6539999999999999,16.639,24.833000000000002,43.522999999999996,CONFIRMED
M02,58542,2026-09-10 17:06:11.721887+00:00,2026-09-10 17:06:11.748761+00:00,2026-09-10 17:06:11.697867+00:00,2026-09-10 17:06:11.699710+00:00,2026-09-10 17:06:11.698249+00:00,2026-09-10 17:06:11.699945+00:00,2026-09-10 17:06:11.701126+00:00,,,,,0.382,1.696,1.461,1.181,20.761000000000003,26.874,50.894,CONFIRMED
M02,58543,2026-09-10 17:06:11.826352+00:00,2026-09-10 17:06:11.851595+00:00,2026-09-10 17:06:11.803109+00:00,2026-09-10 17:06:11.804249+00:00,2026-09-10 17:06:11.803283+00:00,2026-09-10 17:06:11.804146+00:00,2026-09-10 17:06:11.804696+00:00,,,,,0.174,0.8630000000000001,0.966,0.55,21.656000000000002,25.243000000000002,48.486000000000004,CONFIRMED
M02,58544,2026-09-10 17:06:11.925231+00:00,2026-09-10 17:06:11.954518+00:00,2026-09-10 17:06:11.907770+00:00,2026-09-10 17:06:11.908943+00:00,2026-09-10 17:06:11.908116+00:00,2026-09-10 17:06:11.909008+00:00,2026-09-10 17:06:11.909405+00:00,,,,,0.34600000000000003,0.892,0.8270000000000001,0.397,15.826,29.287,46.748,CONFIRMED
M02,58545,2026-09-10 17:06:12.041935+00:00,2026-09-10 17:06:12.070373+00:00,2026-09-10 17:06:12.014208+00:00,2026-09-10 17:06:12.016175+00:00,2026-09-10 17:06:12.014577+00:00,2026-09-10 17:06:12.015878+00:00,2026-09-10 17:06:12.016664+00:00,,,,,0.36900000000000005,1.3010000000000002,1.598,0.786,25.270999999999997,28.438000000000002,56.165,CONFIRMED
M02,58546,2026-09-10 17:06:12.141782+00:00,2026-09-10 17:06:12.167676+00:00,2026-09-10 17:06:12.120350+00:00,2026-09-10 17:06:12.122006+00:00,2026-09-10 17:06:12.120589+00:00,2026-09-10 17:06:12.121661+00:00,2026-09-10 17:06:12.122168+00:00,,,,,0.23900000000000002,1.072,1.417,0.507,19.614,25.894000000000002,47.326,CONFIRMED
M02,58547,2026-09-10 17:06:12.253195+00:00,2026-09-10 17:06:12.285997+00:00,2026-09-10 17:06:12.225065+00:00,2026-09-10 17:06:12.226082+00:00,2026-09-10 17:06:12.225273+00:00,2026-09-10 17:06:12.226065+00:00,2026-09-10 17:06:12.226452+00:00,,,,,0.208,0.7919999999999999,0.809,0.38699999999999996,26.743,32.802,60.932,CONFIRMED
M02,58548,2026-09-10 17:06:12.352813+00:00,2026-09-10 17:06:12.384976+00:00,2026-09-10 17:06:12.329889+00:00,2026-09-10 17:06:12.331351+00:00,2026-09-10 17:06:12.330060+00:00,2026-09-10 17:06:12.331028+00:00,2026-09-10 17:06:12.331513+00:00,,,,,0.171,0.968,1.2910000000000001,0.48500000000000004,21.3,32.163,55.086999999999996,CONFIRMED
M02,58549,2026-09-10 17:06:12.456447+00:00,2026-09-10 17:06:12.483881+00:00,2026-09-10 17:06:12.433205+00:00,2026-09-10 17:06:12.434671+00:00,2026-09-10 17:06:12.433504+00:00,2026-09-10 17:06:12.434627+00:00,2026-09-10 17:06:12.435168+00:00,,,,,0.299,1.123,1.167,0.541,21.279,27.434,50.676,CONFIRMED
M02,58550,2026-09-10 17:06:12.561481+00:00,2026-09-10 17:06:12.588516+00:00,2026-09-10 17:06:12.537216+00:00,2026-09-10 17:06:12.538154+00:00,2026-09-10 17:06:12.537381+00:00,2026-09-10 17:06:12.538097+00:00,2026-09-10 17:06:12.538698+00:00,,,,,0.165,0.716,0.773,0.601,22.783,27.035,51.3,CONFIRMED
M02,58551,2026-09-10 17:06:12.664744+00:00,2026-09-10 17:06:12.695441+00:00,2026-09-10 17:06:12.640613+00:00,2026-09-10 17:06:12.642283+00:00,2026-09-10 17:06:12.640980+00:00,2026-09-10 17:06:12.642204+00:00,2026-09-10 17:06:12.642917+00:00,,,,,0.367,1.224,1.303,0.713,21.826999999999998,30.697,54.828,CONFIRMED
M02,58552,2026-09-10 17:06:12.772990+00:00,2026-09-10 17:06:12.801110+00:00,2026-09-10 17:06:12.745388+00:00,2026-09-10 17:06:12.746277+00:00,2026-09-10 17:06:12.745567+00:00,2026-09-10 17:06:12.746366+00:00,2026-09-10 17:06:12.746752+00:00,,,,,0.179,0.799,0.71,0.386,26.238,28.119999999999997,55.722,CONFIRMED
M02,58553,2026-09-10 17:06:12.869635+00:00,2026-09-10 17:06:12.898264+00:00,2026-09-10 17:06:12.848623+00:00,2026-09-10 17:06:12.849916+00:00,2026-09-10 17:06:12.848901+00:00,2026-09-10 17:06:12.849933+00:00,2026-09-10 17:06:12.850259+00:00,,,,,0.27799999999999997,1.032,1.0150000000000001,0.326,19.376,28.629,49.641,CONFIRMED
M02,58554,2026-09-10 17:06:12.976995+00:00,2026-09-10 17:06:13.001062+00:00,2026-09-10 17:06:12.952408+00:00,2026-09-10 17:06:12.953481+00:00,2026-09-10 17:06:12.952595+00:00,2026-09-10 17:06:12.953419+00:00,2026-09-10 17:06:12.953865+00:00,,,,,0.187,0.824,0.886,0.446,23.130000000000003,24.067,48.654,CONFIRMED
M02,58555,2026-09-10 17:06:13.081828+00:00,2026-09-10 17:06:13.111689+00:00,2026-09-10 17:06:13.058569+00:00,2026-09-10 17:06:13.060497+00:00,2026-09-10 17:06:13.058958+00:00,2026-09-10 17:06:13.060286+00:00,2026-09-10 17:06:13.061058+00:00,,,,,0.389,1.328,1.539,0.772,20.77,29.860999999999997,53.12,CONFIRMED
M02,58556,2026-09-10 17:06:13.194784+00:00,2026-09-10 17:06:13.219132+00:00,2026-09-10 17:06:13.165855+00:00,2026-09-10 17:06:13.167903+00:00,2026-09-10 17:06:13.166198+00:00,2026-09-10 17:06:13.170505+00:00,2026-09-10 17:06:13.171242+00:00,,,,,0.34299999999999997,4.307,1.7049999999999998,0.737,23.542,24.348000000000003,53.277,CONFIRMED
M02,58557,2026-09-10 17:06:13.288434+00:00,2026-09-10 17:06:13.315709+00:00,2026-09-10 17:06:13.270955+00:00,2026-09-10 17:06:13.272722+00:00,2026-09-10 17:06:13.271290+00:00,2026-09-10 17:06:13.272297+00:00,2026-09-10 17:06:13.272959+00:00,,,,,0.335,1.0070000000000001,1.432,0.662,15.475,27.275000000000002,44.754000000000005,CONFIRMED
M02,58558,2026-09-10 17:06:13.401664+00:00,2026-09-10 17:06:13.437500+00:00,2026-09-10 17:06:13.375702+00:00,2026-09-10 17:06:13.385904+00:00,2026-09-10 17:06:13.375906+00:00,2026-09-10 17:06:13.376892+00:00,2026-09-10 17:06:13.377260+00:00,,,,,0.204,0.9859999999999999,9.998,0.368,24.404,35.836,61.798,CONFIRMED
M02,58559,2026-09-10 17:06:13.518192+00:00,2026-09-10 17:06:13.550334+00:00,2026-09-10 17:06:13.490306+00:00,2026-09-10 17:06:13.491315+00:00,2026-09-10 17:06:13.490616+00:00,2026-09-10 17:06:13.491301+00:00,2026-09-10 17:06:13.491698+00:00,,,,,0.31,0.6849999999999999,0.699,0.397,26.494,32.141999999999996,60.028,CONFIRMED
M02,58560,2026-09-10 17:06:13.617927+00:00,2026-09-10 17:06:13.644920+00:00,2026-09-10 17:06:13.595595+00:00,2026-09-10 17:06:13.596616+00:00,2026-09-10 17:06:13.595828+00:00,2026-09-10 17:06:13.596726+00:00,2026-09-10 17:06:13.597179+00:00,,,,,0.23299999999999998,0.898,0.7879999999999999,0.453,20.747999999999998,26.993,49.325,CONFIRMED
M02,58561,2026-09-10 17:06:13.726261+00:00,2026-09-10 17:06:13.750891+00:00,2026-09-10 17:06:13.702524+00:00,2026-09-10 17:06:13.706347+00:00,2026-09-10 17:06:13.702849+00:00,2026-09-10 17:06:13.704015+00:00,2026-09-10 17:06:13.704580+00:00,,,,,0.325,1.166,3.4979999999999998,0.565,21.680999999999997,24.63,48.367,CONFIRMED
M02,58562,2026-09-10 17:06:13.827136+00:00,2026-09-10 17:06:13.853090+00:00,2026-09-10 17:06:13.809392+00:00,2026-09-10 17:06:13.810421+00:00,2026-09-10 17:06:13.809577+00:00,2026-09-10 17:06:13.810352+00:00,2026-09-10 17:06:13.810910+00:00,,,,,0.185,0.775,0.844,0.558,16.226,25.954,43.698,CONFIRMED
M02,58563,2026-09-10 17:06:13.939387+00:00,2026-09-10 17:06:13.965273+00:00,2026-09-10 17:06:13.913563+00:00,2026-09-10 17:06:13.915552+00:00,2026-09-10 17:06:13.914018+00:00,2026-09-10 17:06:13.915733+00:00,2026-09-10 17:06:13.917035+00:00,,,,,0.455,1.7149999999999999,1.534,1.302,22.352,25.886,51.71,CONFIRMED
M02,58564,2026-09-10 17:06:14.045877+00:00,2026-09-10 17:06:14.073224+00:00,2026-09-10 17:06:14.019278+00:00,2026-09-10 17:06:14.021033+00:00,2026-09-10 17:06:14.019535+00:00,2026-09-10 17:06:14.020914+00:00,2026-09-10 17:06:14.021690+00:00,,,,,0.257,1.379,1.498,0.776,24.187,27.347,53.946,CONFIRMED
M02,58565,2026-09-10 17:06:14.147915+00:00,2026-09-10 17:06:14.180830+00:00,2026-09-10 17:06:14.125136+00:00,2026-09-10 17:06:14.126256+00:00,2026-09-10 17:06:14.125480+00:00,2026-09-10 17:06:14.126192+00:00,2026-09-10 17:06:14.126571+00:00,,,,,0.34400000000000003,0.712,0.776,0.379,21.343999999999998,32.915,55.694,CONFIRMED
M02,58566,2026-09-10 17:06:14.246051+00:00,2026-09-10 17:06:14.271682+00:00,2026-09-10 17:06:14.228755+00:00,2026-09-10 17:06:14.230002+00:00,2026-09-10 17:06:14.229019+00:00,2026-09-10 17:06:14.229872+00:00,2026-09-10 17:06:14.230269+00:00,,,,,0.264,0.853,0.983,0.397,15.782,25.631,42.927,CONFIRMED
M02,58567,2026-09-10 17:06:14.359514+00:00,2026-09-10 17:06:14.387457+00:00,2026-09-10 17:06:14.332016+00:00,2026-09-10 17:06:14.332971+00:00,2026-09-10 17:06:14.332198+00:00,2026-09-10 17:06:14.332943+00:00,2026-09-10 17:06:14.333308+00:00,,,,,0.182,0.745,0.773,0.365,26.206,27.942999999999998,55.440999999999995,CONFIRMED
M02,58568,2026-09-10 17:06:14.459932+00:00,2026-09-10 17:06:14.486320+00:00,2026-09-10 17:06:14.438481+00:00,2026-09-10 17:06:14.439464+00:00,2026-09-10 17:06:14.438763+00:00,2026-09-10 17:06:14.439604+00:00,2026-09-10 17:06:14.440044+00:00,,,,,0.28200000000000003,0.841,0.7010000000000001,0.44,19.887999999999998,26.388,47.839,CONFIRMED
M02,58569,2026-09-10 17:06:14.568219+00:00,2026-09-10 17:06:14.601846+00:00,2026-09-10 17:06:14.541706+00:00,2026-09-10 17:06:14.542921+00:00,2026-09-10 17:06:14.541940+00:00,2026-09-10 17:06:14.543681+00:00,2026-09-10 17:06:14.544250+00:00,,,,,0.23399999999999999,1.7409999999999999,0.9810000000000001,0.569,23.969,33.626999999999995,60.14,CONFIRMED
M02,58570,2026-09-10 17:06:14.669070+00:00,2026-09-10 17:06:14.699807+00:00,2026-09-10 17:06:14.645782+00:00,2026-09-10 17:06:14.646954+00:00,2026-09-10 17:06:14.646000+00:00,2026-09-10 17:06:14.646855+00:00,2026-09-10 17:06:14.647301+00:00,,,,,0.21800000000000003,0.855,0.954,0.446,21.769000000000002,30.737000000000002,54.025,CONFIRMED
M02,58571,2026-09-10 17:06:14.775282+00:00,2026-09-10 17:06:14.804223+00:00,2026-09-10 17:06:14.750227+00:00,2026-09-10 17:06:14.751271+00:00,2026-09-10 17:06:14.750470+00:00,2026-09-10 17:06:14.751248+00:00,2026-09-10 17:06:14.751661+00:00,,,,,0.243,0.778,0.8009999999999999,0.41300000000000003,23.621,28.941000000000003,53.996,CONFIRMED
M02,58572,2026-09-10 17:06:14.875329+00:00,2026-09-10 17:06:14.900924+00:00,2026-09-10 17:06:14.854211+00:00,2026-09-10 17:06:14.855228+00:00,2026-09-10 17:06:14.854396+00:00,2026-09-10 17:06:14.855268+00:00,2026-09-10 17:06:14.855840+00:00,,,,,0.185,0.8720000000000001,0.832,0.5720000000000001,19.489,25.595,46.713,CONFIRMED
M02,58573,2026-09-10 17:06:14.978011+00:00,2026-09-10 17:06:15.002318+00:00,2026-09-10 17:06:14.957468+00:00,2026-09-10 17:06:14.958518+00:00,2026-09-10 17:06:14.957686+00:00,2026-09-10 17:06:14.958720+00:00,2026-09-10 17:06:14.959209+00:00,,,,,0.21800000000000003,1.034,0.832,0.48899999999999993,18.802,24.307,44.85,CONFIRMED
M02,58574,2026-09-10 17:06:15.080989+00:00,2026-09-10 17:06:15.106401+00:00,2026-09-10 17:06:15.060661+00:00,2026-09-10 17:06:15.061539+00:00,2026-09-10 17:06:15.060910+00:00,2026-09-10 17:06:15.061595+00:00,2026-09-10 17:06:15.061974+00:00,,,,,0.24899999999999997,0.6849999999999999,0.629,0.379,19.015,25.412,45.74,CONFIRMED
M02,58575,2026-09-10 17:06:15.185520+00:00,2026-09-10 17:06:15.210271+00:00,2026-09-10 17:06:15.164753+00:00,2026-09-10 17:06:15.165970+00:00,2026-09-10 17:06:15.164931+00:00,2026-09-10 17:06:15.165864+00:00,2026-09-10 17:06:15.166324+00:00,,,,,0.178,0.933,1.039,0.46,19.196,24.750999999999998,45.518,CONFIRMED
M02,58576,2026-09-10 17:06:15.285673+00:00,2026-09-10 17:06:15.318930+00:00,2026-09-10 17:06:15.268138+00:00,2026-09-10 17:06:15.269166+00:00,2026-09-10 17:06:15.268420+00:00,2026-09-10 17:06:15.269161+00:00,2026-09-10 17:06:15.269431+00:00,,,,,0.28200000000000003,0.741,0.746,0.27,16.242,33.257000000000005,50.791999999999994,CONFIRMED
M02,58577,2026-09-10 17:06:15.392807+00:00,2026-09-10 17:06:15.419620+00:00,2026-09-10 17:06:15.372046+00:00,2026-09-10 17:06:15.373074+00:00,2026-09-10 17:06:15.372209+00:00,2026-09-10 17:06:15.373119+00:00,2026-09-10 17:06:15.373490+00:00,,,,,0.163,0.91,0.865,0.371,19.317,26.813,47.574,CONFIRMED
M02,58578,2026-09-10 17:06:15.498498+00:00,2026-09-10 17:06:15.532890+00:00,2026-09-10 17:06:15.475768+00:00,2026-09-10 17:06:15.476548+00:00,2026-09-10 17:06:15.476003+00:00,2026-09-10 17:06:15.476794+00:00,2026-09-10 17:06:15.477254+00:00,,,,,0.235,0.791,0.545,0.46,21.244,34.391999999999996,57.122,CONFIRMED
M02,58579,2026-09-10 17:06:15.610270+00:00,2026-09-10 17:06:15.650643+00:00,2026-09-10 17:06:15.581269+00:00,2026-09-10 17:06:15.582776+00:00,2026-09-10 17:06:15.581511+00:00,2026-09-10 17:06:15.582993+00:00,2026-09-10 17:06:15.583420+00:00,,,,,0.242,1.482,1.2650000000000001,0.42700000000000005,26.849999999999998,40.373,69.37400000000001,CONFIRMED
M02,58580,2026-09-10 17:06:15.711313+00:00,2026-09-10 17:06:15.747612+00:00,2026-09-10 17:06:15.688248+00:00,2026-09-10 17:06:15.689109+00:00,2026-09-10 17:06:15.688405+00:00,2026-09-10 17:06:15.689102+00:00,2026-09-10 17:06:15.689509+00:00,,,,,0.157,0.6970000000000001,0.704,0.40700000000000003,21.804000000000002,36.299,59.364,CONFIRMED
M02,58581,2026-09-10 17:06:15.813434+00:00,2026-09-10 17:06:15.843042+00:00,2026-09-10 17:06:15.791012+00:00,2026-09-10 17:06:15.792303+00:00,2026-09-10 17:06:15.791189+00:00,2026-09-10 17:06:15.794286+00:00,2026-09-10 17:06:15.794677+00:00,,,,,0.177,3.097,1.1139999999999999,0.391,18.756999999999998,29.608,52.03,CONFIRMED
M02,58582,2026-09-10 17:06:15.916757+00:00,2026-09-10 17:06:15.943445+00:00,2026-09-10 17:06:15.894522+00:00,2026-09-10 17:06:15.895430+00:00,2026-09-10 17:06:15.894696+00:00,2026-09-10 17:06:15.895463+00:00,2026-09-10 17:06:15.895891+00:00,,,,,0.174,0.767,0.734,0.428,20.866,26.688,48.923,CONFIRMED
M02,58583,2026-09-10 17:06:16.019478+00:00,2026-09-10 17:06:16.050972+00:00,2026-09-10 17:06:15.997256+00:00,2026-09-10 17:06:15.998483+00:00,2026-09-10 17:06:15.997531+00:00,2026-09-10 17:06:15.998436+00:00,2026-09-10 17:06:15.998911+00:00,,,,,0.275,0.905,0.9520000000000001,0.475,20.567,31.494,53.716,CONFIRMED
M02,58584,2026-09-10 17:06:16.121117+00:00,2026-09-10 17:06:16.148491+00:00,2026-09-10 17:06:16.101472+00:00,2026-09-10 17:06:16.102230+00:00,2026-09-10 17:06:16.101627+00:00,2026-09-10 17:06:16.102275+00:00,2026-09-10 17:06:16.102539+00:00,,,,,0.155,0.648,0.603,0.264,18.578,27.374,47.019,CONFIRMED
M02,58585,2026-09-10 17:06:16.229007+00:00,2026-09-10 17:06:16.256500+00:00,2026-09-10 17:06:16.205971+00:00,2026-09-10 17:06:16.209242+00:00,2026-09-10 17:06:16.206133+00:00,2026-09-10 17:06:16.206727+00:00,2026-09-10 17:06:16.207310+00:00,,,,,0.162,0.594,3.109,0.583,21.697000000000003,27.493,50.528999999999996,CONFIRMED
M02,58586,2026-09-10 17:06:16.337483+00:00,2026-09-10 17:06:16.365184+00:00,2026-09-10 17:06:16.312426+00:00,2026-09-10 17:06:16.313402+00:00,2026-09-10 17:06:16.312601+00:00,2026-09-10 17:06:16.313350+00:00,2026-09-10 17:06:16.313768+00:00,,,,,0.175,0.749,0.8009999999999999,0.41800000000000004,23.715,27.701,52.758,CONFIRMED
M02,58587,2026-09-10 17:06:16.442212+00:00,2026-09-10 17:06:16.478327+00:00,2026-09-10 17:06:16.415989+00:00,2026-09-10 17:06:16.416974+00:00,2026-09-10 17:06:16.416145+00:00,2026-09-10 17:06:16.416832+00:00,2026-09-10 17:06:16.417296+00:00,,,,,0.156,0.687,0.829,0.464,24.916,36.115,62.338,CONFIRMED
M02,58588,2026-09-10 17:06:16.543782+00:00,2026-09-10 17:06:16.571694+00:00,2026-09-10 17:06:16.519712+00:00,2026-09-10 17:06:16.520658+00:00,2026-09-10 17:06:16.519905+00:00,2026-09-10 17:06:16.520643+00:00,2026-09-10 17:06:16.521140+00:00,,,,,0.193,0.7380000000000001,0.753,0.49700000000000005,22.642,27.912,51.982,CONFIRMED
M02,58589,2026-09-10 17:06:16.646304+00:00,2026-09-10 17:06:16.676495+00:00,2026-09-10 17:06:16.623363+00:00,2026-09-10 17:06:16.624369+00:00,2026-09-10 17:06:16.623526+00:00,2026-09-10 17:06:16.624342+00:00,2026-09-10 17:06:16.624654+00:00,,,,,0.163,0.816,0.843,0.312,21.65,30.191,53.132,CONFIRMED
M02,58590,2026-09-10 17:06:16.752105+00:00,2026-09-10 17:06:16.779382+00:00,2026-09-10 17:06:16.727015+00:00,2026-09-10 17:06:16.728421+00:00,2026-09-10 17:06:16.727342+00:00,2026-09-10 17:06:16.728493+00:00,2026-09-10 17:06:16.728956+00:00,,,,,0.32699999999999996,1.1509999999999998,1.0790000000000002,0.46299999999999997,23.149,27.276999999999997,52.367,CONFIRMED
M02,58591,2026-09-10 17:06:16.854787+00:00,2026-09-10 17:06:16.880922+00:00,2026-09-10 17:06:16.832563+00:00,2026-09-10 17:06:16.833212+00:00,2026-09-10 17:06:16.832720+00:00,2026-09-10 17:06:16.833397+00:00,2026-09-10 17:06:16.833777+00:00,,,,,0.157,0.6769999999999999,0.49200000000000005,0.38,21.01,26.134999999999998,48.359,CONFIRMED
M02,58592,2026-09-10 17:06:16.956726+00:00,2026-09-10 17:06:16.984682+00:00,2026-09-10 17:06:16.937860+00:00,2026-09-10 17:06:16.938941+00:00,2026-09-10 17:06:16.938074+00:00,2026-09-10 17:06:16.939196+00:00,2026-09-10 17:06:16.940356+00:00,,,,,0.214,1.1219999999999999,0.867,1.16,16.369999999999997,27.956000000000003,46.822,CONFIRMED
M02,58593,2026-09-10 17:06:17.069290+00:00,2026-09-10 17:06:17.104849+00:00,2026-09-10 17:06:17.042515+00:00,2026-09-10 17:06:17.043416+00:00,2026-09-10 17:06:17.042687+00:00,2026-09-10 17:06:17.044283+00:00,2026-09-10 17:06:17.044811+00:00,,,,,0.17200000000000001,1.596,0.7290000000000001,0.528,24.479,35.559,62.334,CONFIRMED
M02,58594,2026-09-10 17:06:17.167589+00:00,2026-09-10 17:06:17.197062+00:00,2026-09-10 17:06:17.145835+00:00,2026-09-10 17:06:17.146881+00:00,2026-09-10 17:06:17.146041+00:00,2026-09-10 17:06:17.147054+00:00,2026-09-10 17:06:17.147672+00:00,,,,,0.206,1.013,0.8400000000000001,0.618,19.917,29.473,51.227000000000004,CONFIRMED
M02,58595,2026-09-10 17:06:17.272729+00:00,2026-09-10 17:06:17.298835+00:00,2026-09-10 17:06:17.250645+00:00,2026-09-10 17:06:17.251872+00:00,2026-09-10 17:06:17.250850+00:00,2026-09-10 17:06:17.251701+00:00,2026-09-10 17:06:17.252129+00:00,,,,,0.205,0.851,1.0219999999999998,0.428,20.6,26.106,48.19,CONFIRMED
M02,58596,2026-09-10 17:06:17.373852+00:00,2026-09-10 17:06:17.406415+00:00,2026-09-10 17:06:17.354036+00:00,2026-09-10 17:06:17.354820+00:00,2026-09-10 17:06:17.354258+00:00,2026-09-10 17:06:17.355000+00:00,2026-09-10 17:06:17.355421+00:00,,,,,0.222,0.742,0.562,0.421,18.431,32.563,52.379000000000005,CONFIRMED
M02,58597,2026-09-10 17:06:17.481537+00:00,2026-09-10 17:06:17.513961+00:00,2026-09-10 17:06:17.457663+00:00,2026-09-10 17:06:17.459492+00:00,2026-09-10 17:06:17.458202+00:00,2026-09-10 17:06:17.460003+00:00,2026-09-10 17:06:17.460719+00:00,,,,,0.539,1.8010000000000002,1.2899999999999998,0.716,20.818,32.424,56.298,CONFIRMED
M02,58598,2026-09-10 17:06:17.583506+00:00,2026-09-10 17:06:17.615259+00:00,2026-09-10 17:06:17.562901+00:00,2026-09-10 17:06:17.564024+00:00,2026-09-10 17:06:17.563102+00:00,2026-09-10 17:06:17.563661+00:00,2026-09-10 17:06:17.564107+00:00,,,,,0.201,0.559,0.9219999999999999,0.446,19.399,31.753000000000004,52.358000000000004,CONFIRMED
M02,58599,2026-09-10 17:06:17.685481+00:00,2026-09-10 17:06:17.717256+00:00,2026-09-10 17:06:17.665882+00:00,2026-09-10 17:06:17.667169+00:00,2026-09-10 17:06:17.666185+00:00,2026-09-10 17:06:17.667055+00:00,2026-09-10 17:06:17.667590+00:00,,,,,0.303,0.87,0.9840000000000001,0.535,17.891000000000002,31.775,51.374,CONFIRMED
M02,58600,2026-09-10 17:06:17.792849+00:00,2026-09-10 17:06:17.824879+00:00,2026-09-10 17:06:17.771639+00:00,2026-09-10 17:06:17.772692+00:00,2026-09-10 17:06:17.771867+00:00,2026-09-10 17:06:17.772684+00:00,2026-09-10 17:06:17.773176+00:00,,,,,0.228,0.8170000000000001,0.825,0.49200000000000005,19.673,32.03,53.24,CONFIRMED
M02,58601,2026-09-10 17:06:17.894796+00:00,2026-09-10 17:06:17.922774+00:00,2026-09-10 17:06:17.876349+00:00,2026-09-10 17:06:17.877180+00:00,2026-09-10 17:06:17.876521+00:00,2026-09-10 17:06:17.877108+00:00,2026-09-10 17:06:17.877571+00:00,,,,,0.17200000000000001,0.587,0.6589999999999999,0.46299999999999997,17.225,27.977999999999998,46.425000000000004,CONFIRMED
M02,58602,2026-09-10 17:06:18.009363+00:00,2026-09-10 17:06:18.041776+00:00,2026-09-10 17:06:17.980992+00:00,2026-09-10 17:06:17.981744+00:00,2026-09-10 17:06:17.981200+00:00,2026-09-10 17:06:17.981805+00:00,2026-09-10 17:06:17.982107+00:00,,,,,0.208,0.605,0.544,0.30200000000000005,27.256,32.413,60.784,CONFIRMED
M02,58603,2026-09-10 17:06:18.114139+00:00,2026-09-10 17:06:18.143994+00:00,2026-09-10 17:06:18.084094+00:00,2026-09-10 17:06:18.085299+00:00,2026-09-10 17:06:18.084298+00:00,2026-09-10 17:06:18.085305+00:00,2026-09-10 17:06:18.085762+00:00,,,,,0.204,1.0070000000000001,1.001,0.457,28.377,29.855,59.9,CONFIRMED
M02,58604,2026-09-10 17:06:18.215489+00:00,2026-09-10 17:06:18.246618+00:00,2026-09-10 17:06:18.187729+00:00,2026-09-10 17:06:18.189160+00:00,2026-09-10 17:06:18.187994+00:00,2026-09-10 17:06:18.189197+00:00,2026-09-10 17:06:18.189739+00:00,,,,,0.265,1.203,1.166,0.5419999999999999,25.75,31.129,58.888999999999996,CONFIRMED
M02,58605,2026-09-10 17:06:18.329667+00:00,2026-09-10 17:06:18.367248+00:00,2026-09-10 17:06:18.294910+00:00,2026-09-10 17:06:18.296431+00:00,2026-09-10 17:06:18.295212+00:00,2026-09-10 17:06:18.296404+00:00,2026-09-10 17:06:18.297480+00:00,,,,,0.30200000000000005,1.192,1.219,1.0759999999999998,32.187,37.581,72.338,CONFIRMED
M02,58606,2026-09-10 17:06:18.435276+00:00,2026-09-10 17:06:18.467472+00:00,2026-09-10 17:06:18.400888+00:00,2026-09-10 17:06:18.402032+00:00,2026-09-10 17:06:18.401172+00:00,2026-09-10 17:06:18.401996+00:00,2026-09-10 17:06:18.402404+00:00,,,,,0.28400000000000003,0.824,0.86,0.408,32.872,32.196000000000005,66.584,CONFIRMED
M02,58607,2026-09-10 17:06:18.537192+00:00,2026-09-10 17:06:18.570621+00:00,2026-09-10 17:06:18.506659+00:00,2026-09-10 17:06:18.508058+00:00,2026-09-10 17:06:18.506925+00:00,2026-09-10 17:06:18.508083+00:00,2026-09-10 17:06:18.508771+00:00,,,,,0.266,1.158,1.1329999999999998,0.6880000000000001,28.421,33.429,63.962,CONFIRMED
M02,58608,2026-09-10 17:06:18.636444+00:00,2026-09-10 17:06:18.664190+00:00,2026-09-10 17:06:18.610512+00:00,2026-09-10 17:06:18.611508+00:00,2026-09-10 17:06:18.610739+00:00,2026-09-10 17:06:18.611706+00:00,2026-09-10 17:06:18.612097+00:00,,,,,0.22699999999999998,0.967,0.769,0.391,24.347,27.746,53.678,CONFIRMED
M02,58609,2026-09-10 17:06:18.753386+00:00,2026-09-10 17:06:18.779000+00:00,2026-09-10 17:06:18.718546+00:00,2026-09-10 17:06:18.720497+00:00,2026-09-10 17:06:18.719082+00:00,2026-09-10 17:06:18.720787+00:00,2026-09-10 17:06:18.721847+00:00,,,,,0.536,1.7049999999999998,1.415,1.06,31.538999999999998,25.614,60.454,CONFIRMED
M02,58610,2026-09-10 17:06:18.845288+00:00,2026-09-10 17:06:18.874057+00:00,2026-09-10 17:06:18.824503+00:00,2026-09-10 17:06:18.825911+00:00,2026-09-10 17:06:18.824775+00:00,2026-09-10 17:06:18.825964+00:00,2026-09-10 17:06:18.826533+00:00,,,,,0.272,1.189,1.1360000000000001,0.569,18.755000000000003,28.769,49.554,CONFIRMED
M02,58611,2026-09-10 17:06:18.967406+00:00,2026-09-10 17:06:19.000624+00:00,2026-09-10 17:06:18.937097+00:00,2026-09-10 17:06:18.939143+00:00,2026-09-10 17:06:18.937306+00:00,2026-09-10 17:06:18.938183+00:00,2026-09-10 17:06:18.938561+00:00,,,,,0.20900000000000002,0.877,1.8370000000000002,0.378,28.845,33.217999999999996,63.527,CONFIRMED
M02,58612,2026-09-10 17:06:19.067498+00:00,2026-09-10 17:06:19.103756+00:00,2026-09-10 17:06:19.042750+00:00,2026-09-10 17:06:19.044652+00:00,2026-09-10 17:06:19.042917+00:00,2026-09-10 17:06:19.043600+00:00,2026-09-10 17:06:19.044098+00:00,,,,,0.16699999999999998,0.683,1.735,0.49799999999999994,23.400000000000002,36.257999999999996,61.006,CONFIRMED
M02,58613,2026-09-10 17:06:19.167810+00:00,2026-09-10 17:06:19.200787+00:00,2026-09-10 17:06:19.147072+00:00,2026-09-10 17:06:19.148022+00:00,2026-09-10 17:06:19.147269+00:00,2026-09-10 17:06:19.147864+00:00,2026-09-10 17:06:19.148191+00:00,,,,,0.19699999999999998,0.5950000000000001,0.753,0.32699999999999996,19.619,32.977,53.714999999999996,CONFIRMED
M02,58614,2026-09-10 17:06:19.274188+00:00,2026-09-10 17:06:19.304157+00:00,2026-09-10 17:06:19.250021+00:00,2026-09-10 17:06:19.251902+00:00,2026-09-10 17:06:19.250193+00:00,2026-09-10 17:06:19.250956+00:00,2026-09-10 17:06:19.251289+00:00,,,,,0.17200000000000001,0.763,1.709,0.333,22.899,29.968999999999998,54.135999999999996,CONFIRMED
M02,58615,2026-09-10 17:06:19.377824+00:00,2026-09-10 17:06:19.419830+00:00,2026-09-10 17:06:19.353916+00:00,2026-09-10 17:06:19.354961+00:00,2026-09-10 17:06:19.354107+00:00,2026-09-10 17:06:19.354799+00:00,2026-09-10 17:06:19.355225+00:00,,,,,0.191,0.6920000000000001,0.8540000000000001,0.426,22.599,42.006,65.914,CONFIRMED
M02,58616,2026-09-10 17:06:19.477377+00:00,2026-09-10 17:06:19.515931+00:00,2026-09-10 17:06:19.458018+00:00,2026-09-10 17:06:19.458749+00:00,2026-09-10 17:06:19.458181+00:00,2026-09-10 17:06:19.458777+00:00,2026-09-10 17:06:19.459210+00:00,,,,,0.163,0.596,0.5680000000000001,0.433,18.166999999999998,38.553999999999995,57.913,CONFIRMED
M02,58617,2026-09-10 17:06:19.582264+00:00,2026-09-10 17:06:19.617038+00:00,2026-09-10 17:06:19.561415+00:00,2026-09-10 17:06:19.562574+00:00,2026-09-10 17:06:19.561589+00:00,2026-09-10 17:06:19.562828+00:00,2026-09-10 17:06:19.563237+00:00,,,,,0.174,1.239,0.985,0.40900000000000003,19.026999999999997,34.774,55.623,CONFIRMED
M02,58618,2026-09-10 17:06:19.693832+00:00,2026-09-10 17:06:19.722231+00:00,2026-09-10 17:06:19.665560+00:00,2026-09-10 17:06:19.666391+00:00,2026-09-10 17:06:19.665747+00:00,2026-09-10 17:06:19.666358+00:00,2026-09-10 17:06:19.666683+00:00,,,,,0.187,0.611,0.644,0.325,27.149,28.399,56.671,CONFIRMED
M02,58619,2026-09-10 17:06:19.799008+00:00,2026-09-10 17:06:19.827838+00:00,2026-09-10 17:06:19.769983+00:00,2026-09-10 17:06:19.772460+00:00,2026-09-10 17:06:19.770202+00:00,2026-09-10 17:06:19.772532+00:00,2026-09-10 17:06:19.773296+00:00,,,,,0.219,2.33,2.258,0.764,25.712,28.830000000000002,57.855,CONFIRMED
M02,58620,2026-09-10 17:06:19.894455+00:00,2026-09-10 17:06:19.924480+00:00,2026-09-10 17:06:19.874668+00:00,2026-09-10 17:06:19.875777+00:00,2026-09-10 17:06:19.874876+00:00,2026-09-10 17:06:19.875628+00:00,2026-09-10 17:06:19.876146+00:00,,,,,0.208,0.752,0.901,0.518,18.308999999999997,30.025,49.812000000000005,CONFIRMED
M02,58621,2026-09-10 17:06:20.014552+00:00,2026-09-10 17:06:20.047808+00:00,2026-09-10 17:06:19.978830+00:00,2026-09-10 17:06:19.979864+00:00,2026-09-10 17:06:19.979041+00:00,2026-09-10 17:06:19.979864+00:00,2026-09-10 17:06:19.980235+00:00,,,,,0.211,0.823,0.823,0.371,34.317,33.256,68.978,CONFIRMED
M02,58622,2026-09-10 17:06:20.138079+00:00,2026-09-10 17:06:20.170229+00:00,2026-09-10 17:06:20.113067+00:00,2026-09-10 17:06:20.114109+00:00,2026-09-10 17:06:20.113264+00:00,2026-09-10 17:06:20.114141+00:00,2026-09-10 17:06:20.114642+00:00,,,,,0.19699999999999998,0.877,0.8450000000000001,0.501,23.437,32.15,57.162,CONFIRMED
M02,58623,2026-09-10 17:06:20.254325+00:00,2026-09-10 17:06:20.284273+00:00,2026-09-10 17:06:20.216583+00:00,2026-09-10 17:06:20.217797+00:00,2026-09-10 17:06:20.216795+00:00,2026-09-10 17:06:20.217838+00:00,2026-09-10 17:06:20.218187+00:00,,,,,0.212,1.0430000000000001,1.002,0.34900000000000003,36.138000000000005,29.948,67.69,CONFIRMED
M02,58624,2026-09-10 17:06:20.343921+00:00,2026-09-10 17:06:20.370303+00:00,2026-09-10 17:06:20.320369+00:00,2026-09-10 17:06:20.321858+00:00,2026-09-10 17:06:20.320735+00:00,2026-09-10 17:06:20.321705+00:00,2026-09-10 17:06:20.322302+00:00,,,,,0.366,0.9700000000000001,1.123,0.597,21.619,26.381999999999998,49.934,CONFIRMED
M02,58625,2026-09-10 17:06:20.456638+00:00,2026-09-10 17:06:20.482947+00:00,2026-09-10 17:06:20.428263+00:00,2026-09-10 17:06:20.433077+00:00,2026-09-10 17:06:20.428764+00:00,2026-09-10 17:06:20.430520+00:00,2026-09-10 17:06:20.431846+00:00,,,,,0.501,1.756,4.313,1.3259999999999998,24.792,26.308999999999997,54.684000000000005,CONFIRMED
M02,58626,2026-09-10 17:06:20.567962+00:00,2026-09-10 17:06:20.602820+00:00,2026-09-10 17:06:20.538426+00:00,2026-09-10 17:06:20.539997+00:00,2026-09-10 17:06:20.538811+00:00,2026-09-10 17:06:20.541986+00:00,2026-09-10 17:06:20.542609+00:00,,,,,0.38499999999999995,3.175,1.186,0.623,25.353,34.858,64.394,CONFIRMED
M02,58627,2026-09-10 17:06:20.672201+00:00,2026-09-10 17:06:20.702195+00:00,2026-09-10 17:06:20.644837+00:00,2026-09-10 17:06:20.646309+00:00,2026-09-10 17:06:20.645046+00:00,2026-09-10 17:06:20.646052+00:00,2026-09-10 17:06:20.647037+00:00,,,,,0.20900000000000002,1.006,1.2630000000000001,0.985,25.163999999999998,29.994,57.358,CONFIRMED
M02,58628,2026-09-10 17:06:20.771570+00:00,2026-09-10 17:06:20.796156+00:00,2026-09-10 17:06:20.748874+00:00,2026-09-10 17:06:20.750162+00:00,2026-09-10 17:06:20.749212+00:00,2026-09-10 17:06:20.750147+00:00,2026-09-10 17:06:20.750809+00:00,,,,,0.33799999999999997,0.9349999999999999,0.95,0.662,20.761000000000003,24.586,47.282,CONFIRMED
M02,58629,2026-09-10 17:06:20.880053+00:00,2026-09-10 17:06:20.906303+00:00,2026-09-10 17:06:20.854376+00:00,2026-09-10 17:06:20.856640+00:00,2026-09-10 17:06:20.854630+00:00,2026-09-10 17:06:20.856314+00:00,2026-09-10 17:06:20.856697+00:00,,,,,0.254,1.684,2.0100000000000002,0.383,23.355999999999998,26.25,51.927,CONFIRMED
M02,58630,2026-09-10 17:06:20.987008+00:00,2026-09-10 17:06:21.014984+00:00,2026-09-10 17:06:20.959681+00:00,2026-09-10 17:06:20.960822+00:00,2026-09-10 17:06:20.959995+00:00,2026-09-10 17:06:20.960914+00:00,2026-09-10 17:06:20.961394+00:00,,,,,0.314,0.919,0.8270000000000001,0.48000000000000004,25.614,27.976,55.303,CONFIRMED
M02,58631,2026-09-10 17:06:21.096037+00:00,2026-09-10 17:06:21.128968+00:00,2026-09-10 17:06:21.067464+00:00,2026-09-10 17:06:21.072633+00:00,2026-09-10 17:06:21.067755+00:00,2026-09-10 17:06:21.069006+00:00,2026-09-10 17:06:21.069694+00:00,,,,,0.29100000000000004,1.251,4.878,0.6880000000000001,26.343,32.931000000000004,61.504000000000005,CONFIRMED
M02,58632,2026-09-10 17:06:21.200744+00:00,2026-09-10 17:06:21.233987+00:00,2026-09-10 17:06:21.178273+00:00,2026-09-10 17:06:21.179477+00:00,2026-09-10 17:06:21.178461+00:00,2026-09-10 17:06:21.179492+00:00,2026-09-10 17:06:21.180028+00:00,,,,,0.188,1.031,1.016,0.536,20.715999999999998,33.243,55.714,CONFIRMED
M02,58633,2026-09-10 17:06:21.303152+00:00,2026-09-10 17:06:21.331318+00:00,2026-09-10 17:06:21.281570+00:00,2026-09-10 17:06:21.282559+00:00,2026-09-10 17:06:21.281771+00:00,2026-09-10 17:06:21.282602+00:00,2026-09-10 17:06:21.282907+00:00,,,,,0.201,0.8310000000000001,0.7879999999999999,0.305,20.244999999999997,28.166,49.748,CONFIRMED
M02,58634,2026-09-10 17:06:21.417115+00:00,2026-09-10 17:06:21.446022+00:00,2026-09-10 17:06:21.384403+00:00,2026-09-10 17:06:21.386833+00:00,2026-09-10 17:06:21.384643+00:00,2026-09-10 17:06:21.385678+00:00,2026-09-10 17:06:21.386297+00:00,,,,,0.24000000000000002,1.035,2.19,0.619,30.818,28.907,61.619,CONFIRMED
M02,58635,2026-09-10 17:06:21.516292+00:00,2026-09-10 17:06:21.552739+00:00,2026-09-10 17:06:21.491767+00:00,2026-09-10 17:06:21.493024+00:00,2026-09-10 17:06:21.491939+00:00,2026-09-10 17:06:21.492930+00:00,2026-09-10 17:06:21.493453+00:00,,,,,0.17200000000000001,0.9909999999999999,1.085,0.523,22.839000000000002,36.447,60.972,CONFIRMED
M02,58636,2026-09-10 17:06:21.620013+00:00,2026-09-10 17:06:21.652713+00:00,2026-09-10 17:06:21.597259+00:00,2026-09-10 17:06:21.598195+00:00,2026-09-10 17:06:21.597476+00:00,2026-09-10 17:06:21.598235+00:00,2026-09-10 17:06:21.598781+00:00,,,,,0.217,0.759,0.719,0.546,21.232,32.7,55.454,CONFIRMED
M02,58637,2026-09-10 17:06:21.726791+00:00,2026-09-10 17:06:21.755281+00:00,2026-09-10 17:06:21.700827+00:00,2026-09-10 17:06:21.702215+00:00,2026-09-10 17:06:21.701059+00:00,2026-09-10 17:06:21.702210+00:00,2026-09-10 17:06:21.702703+00:00,,,,,0.232,1.1509999999999998,1.156,0.49299999999999994,24.087999999999997,28.490000000000002,54.454,CONFIRMED
M02,58638,2026-09-10 17:06:21.825681+00:00,2026-09-10 17:06:21.856305+00:00,2026-09-10 17:06:21.804607+00:00,2026-09-10 17:06:21.805821+00:00,2026-09-10 17:06:21.804839+00:00,2026-09-10 17:06:21.805528+00:00,2026-09-10 17:06:21.805827+00:00,,,,,0.232,0.6890000000000001,0.982,0.299,19.854,30.624,51.698,CONFIRMED
M02,58639,2026-09-10 17:06:21.930287+00:00,2026-09-10 17:06:21.964410+00:00,2026-09-10 17:06:21.908310+00:00,2026-09-10 17:06:21.909156+00:00,2026-09-10 17:06:21.908477+00:00,2026-09-10 17:06:21.909241+00:00,2026-09-10 17:06:21.909648+00:00,,,,,0.16699999999999998,0.764,0.679,0.40700000000000003,20.639,34.123,56.099999999999994,CONFIRMED
M02,58640,2026-09-10 17:06:22.037844+00:00,2026-09-10 17:06:22.066872+00:00,2026-09-10 17:06:22.012100+00:00,2026-09-10 17:06:22.013146+00:00,2026-09-10 17:06:22.012280+00:00,2026-09-10 17:06:22.013103+00:00,2026-09-10 17:06:22.013620+00:00,,,,,0.18000000000000002,0.823,0.866,0.517,24.224,29.028000000000002,54.772,CONFIRMED
M02,58641,2026-09-10 17:06:22.143107+00:00,2026-09-10 17:06:22.181095+00:00,2026-09-10 17:06:22.116109+00:00,2026-09-10 17:06:22.119554+00:00,2026-09-10 17:06:22.116283+00:00,2026-09-10 17:06:22.116960+00:00,2026-09-10 17:06:22.117395+00:00,,,,,0.174,0.6769999999999999,3.271,0.435,25.712,37.988,64.986,CONFIRMED
M02,58642,2026-09-10 17:06:22.242460+00:00,2026-09-10 17:06:22.270165+00:00,2026-09-10 17:06:22.221835+00:00,2026-09-10 17:06:22.223119+00:00,2026-09-10 17:06:22.222150+00:00,2026-09-10 17:06:22.223110+00:00,2026-09-10 17:06:22.223626+00:00,,,,,0.315,0.9600000000000001,0.969,0.516,18.834,27.705000000000002,48.33,CONFIRMED
M02,58643,2026-09-10 17:06:22.351018+00:00,2026-09-10 17:06:22.381703+00:00,2026-09-10 17:06:22.328369+00:00,2026-09-10 17:06:22.334689+00:00,2026-09-10 17:06:22.328566+00:00,2026-09-10 17:06:22.329365+00:00,2026-09-10 17:06:22.329738+00:00,,,,,0.19699999999999998,0.799,6.123,0.373,21.28,30.685,53.333999999999996,CONFIRMED
M02,58644,2026-09-10 17:06:22.466283+00:00,2026-09-10 17:06:22.494721+00:00,2026-09-10 17:06:22.438249+00:00,2026-09-10 17:06:22.440152+00:00,2026-09-10 17:06:22.438534+00:00,2026-09-10 17:06:22.439312+00:00,2026-09-10 17:06:22.439759+00:00,,,,,0.285,0.778,1.618,0.447,26.523999999999997,28.438000000000002,56.472,CONFIRMED
M02,58645,2026-09-10 17:06:22.562120+00:00,2026-09-10 17:06:22.588636+00:00,2026-09-10 17:06:22.542753+00:00,2026-09-10 17:06:22.543866+00:00,2026-09-10 17:06:22.543149+00:00,2026-09-10 17:06:22.543863+00:00,2026-09-10 17:06:22.544272+00:00,,,,,0.39599999999999996,0.714,0.717,0.40900000000000003,17.848,26.516000000000002,45.883,CONFIRMED
M02,58646,2026-09-10 17:06:22.672251+00:00,2026-09-10 17:06:22.701151+00:00,2026-09-10 17:06:22.646460+00:00,2026-09-10 17:06:22.647490+00:00,2026-09-10 17:06:22.646720+00:00,2026-09-10 17:06:22.647632+00:00,2026-09-10 17:06:22.648052+00:00,,,,,0.25999999999999995,0.912,0.7699999999999999,0.42000000000000004,24.198999999999998,28.9,54.690999999999995,CONFIRMED
M02,58647,2026-09-10 17:06:22.771866+00:00,2026-09-10 17:06:22.808444+00:00,2026-09-10 17:06:22.749511+00:00,2026-09-10 17:06:22.750248+00:00,2026-09-10 17:06:22.749695+00:00,2026-09-10 17:06:22.750372+00:00,2026-09-10 17:06:22.750817+00:00,,,,,0.184,0.6769999999999999,0.553,0.44499999999999995,21.049,36.578,58.933,CONFIRMED
M02,58648,2026-09-10 17:06:22.944830+00:00,2026-09-10 17:06:22.993730+00:00,2026-09-10 17:06:22.855455+00:00,2026-09-10 17:06:22.921153+00:00,2026-09-10 17:06:22.855700+00:00,2026-09-10 17:06:22.888143+00:00,2026-09-10 17:06:22.889001+00:00,,,,,0.245,32.443,65.453,0.858,55.82899999999999,48.9,138.275,CONFIRMED
M02,58649,2026-09-10 17:06:23.114529+00:00,2026-09-10 17:06:23.170832+00:00,2026-09-10 17:06:23.088165+00:00,2026-09-10 17:06:23.088987+00:00,2026-09-10 17:06:23.088371+00:00,2026-09-10 17:06:23.089193+00:00,2026-09-10 17:06:23.089579+00:00,,,,,0.206,0.8220000000000001,0.616,0.386,24.95,56.303,82.667,CONFIRMED
M02,58650,2026-09-10 17:06:23.213486+00:00,2026-09-10 17:06:23.245442+00:00,2026-09-10 17:06:23.191725+00:00,2026-09-10 17:06:23.192570+00:00,2026-09-10 17:06:23.191960+00:00,2026-09-10 17:06:23.192583+00:00,2026-09-10 17:06:23.192877+00:00,,,,,0.235,0.623,0.61,0.294,20.608999999999998,31.956,53.717,CONFIRMED
M02,58651,2026-09-10 17:06:23.320886+00:00,2026-09-10 17:06:23.350992+00:00,2026-09-10 17:06:23.294132+00:00,2026-09-10 17:06:23.294963+00:00,2026-09-10 17:06:23.294356+00:00,2026-09-10 17:06:23.294960+00:00,2026-09-10 17:06:23.295334+00:00,,,,,0.224,0.6040000000000001,0.607,0.374,25.552,30.106,56.86,CONFIRMED
M02,58652,2026-09-10 17:06:23.428837+00:00,2026-09-10 17:06:23.453448+00:00,2026-09-10 17:06:23.400701+00:00,2026-09-10 17:06:23.402424+00:00,2026-09-10 17:06:23.401123+00:00,2026-09-10 17:06:23.402269+00:00,2026-09-10 17:06:23.403000+00:00,,,,,0.422,1.1460000000000001,1.3010000000000002,0.731,25.837,24.611,52.747,CONFIRMED
M02,58653,2026-09-10 17:06:23.542262+00:00,2026-09-10 17:06:23.568656+00:00,2026-09-10 17:06:23.508634+00:00,2026-09-10 17:06:23.510174+00:00,2026-09-10 17:06:23.508931+00:00,2026-09-10 17:06:23.513530+00:00,2026-09-10 17:06:23.515272+00:00,,,,,0.297,4.599,1.2429999999999999,1.742,26.99,26.394000000000002,60.022,CONFIRMED
M02,58654,2026-09-10 17:06:23.659205+00:00,2026-09-10 17:06:23.698343+00:00,2026-09-10 17:06:23.621132+00:00,2026-09-10 17:06:23.626616+00:00,2026-09-10 17:06:23.621393+00:00,2026-09-10 17:06:23.626770+00:00,2026-09-10 17:06:23.627639+00:00,,,,,0.261,5.377,5.223,0.869,31.565999999999995,39.138,77.211,CONFIRMED
M02,58655,2026-09-10 17:06:23.752132+00:00,2026-09-10 17:06:23.779917+00:00,2026-09-10 17:06:23.729050+00:00,2026-09-10 17:06:23.730216+00:00,2026-09-10 17:06:23.729225+00:00,2026-09-10 17:06:23.730008+00:00,2026-09-10 17:06:23.730402+00:00,,,,,0.175,0.7829999999999999,0.9909999999999999,0.39399999999999996,21.73,27.785,50.867000000000004,CONFIRMED
M02,58656,2026-09-10 17:06:23.856045+00:00,2026-09-10 17:06:23.894139+00:00,2026-09-10 17:06:23.834672+00:00,2026-09-10 17:06:23.835728+00:00,2026-09-10 17:06:23.834937+00:00,2026-09-10 17:06:23.835825+00:00,2026-09-10 17:06:23.836281+00:00,,,,,0.265,0.888,0.791,0.456,19.764,38.094,59.467,CONFIRMED
M02,58657,2026-09-10 17:06:23.960241+00:00,2026-09-10 17:06:23.987704+00:00,2026-09-10 17:06:23.939252+00:00,2026-09-10 17:06:23.941771+00:00,2026-09-10 17:06:23.939465+00:00,2026-09-10 17:06:23.940181+00:00,2026-09-10 17:06:23.940567+00:00,,,,,0.213,0.716,2.306,0.386,19.674,27.463,48.452000000000005,CONFIRMED
M02,58658,2026-09-10 17:06:24.066075+00:00,2026-09-10 17:06:24.093677+00:00,2026-09-10 17:06:24.044454+00:00,2026-09-10 17:06:24.045427+00:00,2026-09-10 17:06:24.044623+00:00,2026-09-10 17:06:24.045577+00:00,2026-09-10 17:06:24.046052+00:00,,,,,0.16899999999999998,0.954,0.804,0.475,20.023,27.602,49.223000000000006,CONFIRMED
M02,58659,2026-09-10 17:06:24.173284+00:00,2026-09-10 17:06:24.202559+00:00,2026-09-10 17:06:24.147106+00:00,2026-09-10 17:06:24.149858+00:00,2026-09-10 17:06:24.147281+00:00,2026-09-10 17:06:24.148251+00:00,2026-09-10 17:06:24.148814+00:00,,,,,0.175,0.9700000000000001,2.577,0.5630000000000001,24.47,29.275,55.453,CONFIRMED
M02,58660,2026-09-10 17:06:24.274832+00:00,2026-09-10 17:06:24.304193+00:00,2026-09-10 17:06:24.257886+00:00,2026-09-10 17:06:24.258814+00:00,2026-09-10 17:06:24.258071+00:00,2026-09-10 17:06:24.258899+00:00,2026-09-10 17:06:24.259548+00:00,,,,,0.185,0.828,0.743,0.6489999999999999,15.284,29.361,46.307,CONFIRMED
M02,58661,2026-09-10 17:06:24.384256+00:00,2026-09-10 17:06:24.412488+00:00,2026-09-10 17:06:24.362821+00:00,2026-09-10 17:06:24.363567+00:00,2026-09-10 17:06:24.363017+00:00,2026-09-10 17:06:24.363573+00:00,2026-09-10 17:06:24.364050+00:00,,,,,0.196,0.5559999999999999,0.55,0.477,20.206,28.232,49.667,CONFIRMED
M02,58662,2026-09-10 17:06:24.486698+00:00,2026-09-10 17:06:24.515287+00:00,2026-09-10 17:06:24.465576+00:00,2026-09-10 17:06:24.466970+00:00,2026-09-10 17:06:24.466102+00:00,2026-09-10 17:06:24.466960+00:00,2026-09-10 17:06:24.467259+00:00,,,,,0.526,0.858,0.868,0.299,19.439,28.589,49.711,CONFIRMED
M02,58663,2026-09-10 17:06:24.598670+00:00,2026-09-10 17:06:24.624705+00:00,2026-09-10 17:06:24.569483+00:00,2026-09-10 17:06:24.570787+00:00,2026-09-10 17:06:24.569782+00:00,2026-09-10 17:06:24.570890+00:00,2026-09-10 17:06:24.571346+00:00,,,,,0.299,1.108,1.0050000000000001,0.456,27.324,26.035,55.222,CONFIRMED
M02,58664,2026-09-10 17:06:24.699382+00:00,2026-09-10 17:06:24.728502+00:00,2026-09-10 17:06:24.673629+00:00,2026-09-10 17:06:24.674356+00:00,2026-09-10 17:06:24.673810+00:00,2026-09-10 17:06:24.674547+00:00,2026-09-10 17:06:24.674947+00:00,,,,,0.18100000000000002,0.737,0.546,0.4,24.435,29.12,54.873,CONFIRMED
M02,58665,2026-09-10 17:06:24.808052+00:00,2026-09-10 17:06:24.840816+00:00,2026-09-10 17:06:24.781664+00:00,2026-09-10 17:06:24.782907+00:00,2026-09-10 17:06:24.781874+00:00,2026-09-10 17:06:24.783628+00:00,2026-09-10 17:06:24.784017+00:00,,,,,0.21000000000000002,1.754,1.0330000000000001,0.389,24.035,32.764,59.152,CONFIRMED
M02,58666,2026-09-10 17:06:24.916645+00:00,2026-09-10 17:06:24.946624+00:00,2026-09-10 17:06:24.889322+00:00,2026-09-10 17:06:24.893176+00:00,2026-09-10 17:06:24.889604+00:00,2026-09-10 17:06:24.890799+00:00,2026-09-10 17:06:24.891603+00:00,,,,,0.28200000000000003,1.195,3.572,0.804,25.041999999999998,29.979,57.302,CONFIRMED
M02,58667,2026-09-10 17:06:25.018448+00:00,2026-09-10 17:06:25.044870+00:00,2026-09-10 17:06:24.996051+00:00,2026-09-10 17:06:24.997297+00:00,2026-09-10 17:06:24.996324+00:00,2026-09-10 17:06:24.997283+00:00,2026-09-10 17:06:24.997787+00:00,,,,,0.273,0.959,0.973,0.504,20.660999999999998,26.422,48.819,CONFIRMED
M02,58668,2026-09-10 17:06:25.119505+00:00,2026-09-10 17:06:25.144841+00:00,2026-09-10 17:06:25.100587+00:00,2026-09-10 17:06:25.101522+00:00,2026-09-10 17:06:25.100811+00:00,2026-09-10 17:06:25.101521+00:00,2026-09-10 17:06:25.101924+00:00,,,,,0.224,0.71,0.7110000000000001,0.40299999999999997,17.581,25.336000000000002,44.254000000000005,CONFIRMED
M02,58669,2026-09-10 17:06:25.227471+00:00,2026-09-10 17:06:25.255723+00:00,2026-09-10 17:06:25.204089+00:00,2026-09-10 17:06:25.205145+00:00,2026-09-10 17:06:25.204253+00:00,2026-09-10 17:06:25.205208+00:00,2026-09-10 17:06:25.205570+00:00,,,,,0.164,0.955,0.892,0.36200000000000004,21.901,28.252,51.634,CONFIRMED
M02,58670,2026-09-10 17:06:25.340842+00:00,2026-09-10 17:06:25.368007+00:00,2026-09-10 17:06:25.308469+00:00,2026-09-10 17:06:25.310383+00:00,2026-09-10 17:06:25.308731+00:00,2026-09-10 17:06:25.313060+00:00,2026-09-10 17:06:25.314247+00:00,,,,,0.262,4.329000000000001,1.6520000000000001,1.1869999999999998,26.595,27.165000000000003,59.538000000000004,CONFIRMED
M02,58671,2026-09-10 17:06:25.435223+00:00,2026-09-10 17:06:25.465100+00:00,2026-09-10 17:06:25.414843+00:00,2026-09-10 17:06:25.415959+00:00,2026-09-10 17:06:25.415096+00:00,2026-09-10 17:06:25.415966+00:00,2026-09-10 17:06:25.416579+00:00,,,,,0.253,0.87,0.8630000000000001,0.6130000000000001,18.644000000000002,29.877000000000002,50.257000000000005,CONFIRMED
M02,58672,2026-09-10 17:06:25.544127+00:00,2026-09-10 17:06:25.575726+00:00,2026-09-10 17:06:25.519010+00:00,2026-09-10 17:06:25.520474+00:00,2026-09-10 17:06:25.519170+00:00,2026-09-10 17:06:25.520037+00:00,2026-09-10 17:06:25.520438+00:00,,,,,0.16,0.867,1.304,0.40099999999999997,23.689,31.599000000000004,56.716,CONFIRMED
M02,58673,2026-09-10 17:06:25.642985+00:00,2026-09-10 17:06:25.684639+00:00,2026-09-10 17:06:25.623678+00:00,2026-09-10 17:06:25.624951+00:00,2026-09-10 17:06:25.623877+00:00,2026-09-10 17:06:25.624981+00:00,2026-09-10 17:06:25.625843+00:00,,,,,0.199,1.1039999999999999,1.074,0.862,17.142,41.653999999999996,60.961,CONFIRMED
