machine,sequence,BLOCKCHAIN_SUBMITTED,CONFIRMED,CREATED,MQTT_ACKNOWLEDGED,MQTT_SUBMITTED,RECEIVED,VALIDATED,MQTT_FAILED,SECURITY_REJECTED,BLOCKCHAIN_REJECTED,BLOCKCHAIN_FAILED,latency_creation_mqtt_ms,latency_mqtt_ms,latency_mqtt_ack_ms,latency_validation_ms,latency_edge_ms,latency_blockchain_ms,latency_total_ms,final_status
M01,55642,2026-09-10 16:33:30.773830+00:00,2026-09-10 16:33:30.805072+00:00,2026-09-10 16:33:30.737601+00:00,2026-09-10 16:33:30.741699+00:00,2026-09-10 16:33:30.737891+00:00,2026-09-10 16:33:30.741024+00:00,2026-09-10 16:33:30.742017+00:00,,,,,0.29,3.133,3.8080000000000003,0.993,31.813000000000002,31.241999999999997,67.471,CONFIRMED
M01,55643,2026-09-10 16:33:31.769351+00:00,2026-09-10 16:33:31.807212+00:00,2026-09-10 16:33:31.743808+00:00,2026-09-10 16:33:31.746574+00:00,2026-09-10 16:33:31.744545+00:00,2026-09-10 16:33:31.745740+00:00,2026-09-10 16:33:31.746062+00:00,,,,,0.737,1.195,2.029,0.322,23.289,37.861,63.404,CONFIRMED
M01,55644,2026-09-10 16:33:32.780486+00:00,2026-09-10 16:33:32.808750+00:00,2026-09-10 16:33:32.755521+00:00,2026-09-10 16:33:32.757767+00:00,2026-09-10 16:33:32.755717+00:00,2026-09-10 16:33:32.758309+00:00,2026-09-10 16:33:32.758867+00:00,,,,,0.196,2.592,2.0500000000000003,0.558,21.619,28.264,53.229,CONFIRMED
M01,55645,2026-09-10 16:33:33.783336+00:00,2026-09-10 16:33:33.812560+00:00,2026-09-10 16:33:33.762540+00:00,2026-09-10 16:33:33.763642+00:00,2026-09-10 16:33:33.762767+00:00,2026-09-10 16:33:33.763398+00:00,2026-09-10 16:33:33.763890+00:00,,,,,0.22699999999999998,0.631,0.875,0.49200000000000005,19.446,29.224,50.02,CONFIRMED
M01,55646,2026-09-10 16:33:34.799876+00:00,2026-09-10 16:33:34.830005+00:00,2026-09-10 16:33:34.768347+00:00,2026-09-10 16:33:34.769712+00:00,2026-09-10 16:33:34.768583+00:00,2026-09-10 16:33:34.769262+00:00,2026-09-10 16:33:34.770385+00:00,,,,,0.236,0.679,1.129,1.123,29.491,30.128999999999998,61.657999999999994,CONFIRMED
M01,55647,2026-09-10 16:33:35.801342+00:00,2026-09-10 16:33:35.827364+00:00,2026-09-10 16:33:35.775022+00:00,2026-09-10 16:33:35.777098+00:00,2026-09-10 16:33:35.775243+00:00,2026-09-10 16:33:35.775841+00:00,2026-09-10 16:33:35.776265+00:00,,,,,0.221,0.598,1.8550000000000002,0.424,25.076999999999998,26.022,52.342,CONFIRMED
M01,55648,2026-09-10 16:33:36.803794+00:00,2026-09-10 16:33:36.831906+00:00,2026-09-10 16:33:36.779998+00:00,2026-09-10 16:33:36.782185+00:00,2026-09-10 16:33:36.780265+00:00,2026-09-10 16:33:36.781504+00:00,2026-09-10 16:33:36.781816+00:00,,,,,0.26699999999999996,1.239,1.9200000000000002,0.312,21.978,28.112000000000002,51.908,CONFIRMED
M01,55649,2026-09-10 16:33:37.811116+00:00,2026-09-10 16:33:37.836513+00:00,2026-09-10 16:33:37.785153+00:00,2026-09-10 16:33:37.786031+00:00,2026-09-10 16:33:37.785344+00:00,2026-09-10 16:33:37.786355+00:00,2026-09-10 16:33:37.786836+00:00,,,,,0.191,1.011,0.687,0.481,24.28,25.397,51.36,CONFIRMED
M01,55650,2026-09-10 16:33:38.813250+00:00,2026-09-10 16:33:38.845263+00:00,2026-09-10 16:33:38.789731+00:00,2026-09-10 16:33:38.790667+00:00,2026-09-10 16:33:38.789880+00:00,2026-09-10 16:33:38.790653+00:00,2026-09-10 16:33:38.791068+00:00,,,,,0.149,0.773,0.787,0.415,22.182,32.013,55.532,CONFIRMED
M01,55651,2026-09-10 16:33:39.827487+00:00,2026-09-10 16:33:39.865216+00:00,2026-09-10 16:33:39.793498+00:00,2026-09-10 16:33:39.801346+00:00,2026-09-10 16:33:39.793758+00:00,2026-09-10 16:33:39.801925+00:00,2026-09-10 16:33:39.802310+00:00,,,,,0.25999999999999995,8.167,7.588,0.38499999999999995,25.177000000000003,37.729,71.718,CONFIRMED
M01,55652,2026-09-10 16:33:40.837655+00:00,2026-09-10 16:33:40.865481+00:00,2026-09-10 16:33:40.808176+00:00,2026-09-10 16:33:40.816702+00:00,2026-09-10 16:33:40.808355+00:00,2026-09-10 16:33:40.812326+00:00,2026-09-10 16:33:40.812743+00:00,,,,,0.179,3.9709999999999996,8.347,0.417,24.912,27.826,57.305,CONFIRMED
M01,55653,2026-09-10 16:33:41.843993+00:00,2026-09-10 16:33:41.870209+00:00,2026-09-10 16:33:41.821682+00:00,2026-09-10 16:33:41.822428+00:00,2026-09-10 16:33:41.821851+00:00,2026-09-10 16:33:41.822480+00:00,2026-09-10 16:33:41.822877+00:00,,,,,0.16899999999999998,0.629,0.5770000000000001,0.397,21.116,26.216,48.527,CONFIRMED
M01,55654,2026-09-10 16:33:42.858314+00:00,2026-09-10 16:33:42.885526+00:00,2026-09-10 16:33:42.826714+00:00,2026-09-10 16:33:42.832007+00:00,2026-09-10 16:33:42.827070+00:00,2026-09-10 16:33:42.836439+00:00,2026-09-10 16:33:42.836894+00:00,,,,,0.356,9.369,4.937,0.455,21.42,27.212,58.812000000000005,CONFIRMED
M01,55655,2026-09-10 16:33:43.860659+00:00,2026-09-10 16:33:43.896761+00:00,2026-09-10 16:33:43.840517+00:00,2026-09-10 16:33:43.842982+00:00,2026-09-10 16:33:43.840754+00:00,2026-09-10 16:33:43.841580+00:00,2026-09-10 16:33:43.842040+00:00,,,,,0.237,0.8260000000000001,2.2279999999999998,0.46,18.619,36.102000000000004,56.244,CONFIRMED
M01,55656,2026-09-10 16:33:44.883120+00:00,2026-09-10 16:33:44.914012+00:00,2026-09-10 16:33:44.858731+00:00,2026-09-10 16:33:44.864228+00:00,2026-09-10 16:33:44.858944+00:00,2026-09-10 16:33:44.859950+00:00,2026-09-10 16:33:44.860368+00:00,,,,,0.213,1.006,5.284,0.41800000000000004,22.752000000000002,30.892,55.281,CONFIRMED
M01,55657,2026-09-10 16:33:45.890185+00:00,2026-09-10 16:33:45.915231+00:00,2026-09-10 16:33:45.868674+00:00,2026-09-10 16:33:45.871579+00:00,2026-09-10 16:33:45.868962+00:00,2026-09-10 16:33:45.870155+00:00,2026-09-10 16:33:45.870535+00:00,,,,,0.28800000000000003,1.193,2.617,0.38,19.650000000000002,25.046,46.557,CONFIRMED
M01,55658,2026-09-10 16:33:46.897255+00:00,2026-09-10 16:33:46.927801+00:00,2026-09-10 16:33:46.876396+00:00,2026-09-10 16:33:46.877754+00:00,2026-09-10 16:33:46.876590+00:00,2026-09-10 16:33:46.877688+00:00,2026-09-10 16:33:46.878254+00:00,,,,,0.194,1.098,1.1640000000000001,0.566,19.001,30.546,51.405,CONFIRMED
M01,55659,2026-09-10 16:33:47.912034+00:00,2026-09-10 16:33:47.938845+00:00,2026-09-10 16:33:47.888735+00:00,2026-09-10 16:33:47.890996+00:00,2026-09-10 16:33:47.888938+00:00,2026-09-10 16:33:47.890359+00:00,2026-09-10 16:33:47.890784+00:00,,,,,0.203,1.421,2.058,0.425,21.25,26.811,50.11,CONFIRMED
M01,55660,2026-09-10 16:33:48.918240+00:00,2026-09-10 16:33:48.946020+00:00,2026-09-10 16:33:48.894193+00:00,2026-09-10 16:33:48.897611+00:00,2026-09-10 16:33:48.894469+00:00,2026-09-10 16:33:48.895753+00:00,2026-09-10 16:33:48.896609+00:00,,,,,0.27599999999999997,1.284,3.142,0.856,21.631,27.779999999999998,51.827,CONFIRMED
M01,55661,2026-09-10 16:33:49.923210+00:00,2026-09-10 16:33:49.948721+00:00,2026-09-10 16:33:49.901637+00:00,2026-09-10 16:33:49.902858+00:00,2026-09-10 16:33:49.901867+00:00,2026-09-10 16:33:49.902588+00:00,2026-09-10 16:33:49.903017+00:00,,,,,0.23,0.721,0.9909999999999999,0.429,20.192999999999998,25.511,47.084,CONFIRMED
M01,55662,2026-09-10 16:33:50.925796+00:00,2026-09-10 16:33:50.958268+00:00,2026-09-10 16:33:50.904715+00:00,2026-09-10 16:33:50.905420+00:00,2026-09-10 16:33:50.904925+00:00,2026-09-10 16:33:50.905483+00:00,2026-09-10 16:33:50.905731+00:00,,,,,0.21000000000000002,0.558,0.495,0.248,20.064999999999998,32.472,53.553000000000004,CONFIRMED
M01,55663,2026-09-10 16:33:51.932942+00:00,2026-09-10 16:33:51.956769+00:00,2026-09-10 16:33:51.911451+00:00,2026-09-10 16:33:51.912947+00:00,2026-09-10 16:33:51.911733+00:00,2026-09-10 16:33:51.913167+00:00,2026-09-10 16:33:51.913651+00:00,,,,,0.28200000000000003,1.434,1.214,0.484,19.291,23.827,45.318,CONFIRMED
M01,55664,2026-09-10 16:33:52.937608+00:00,2026-09-10 16:33:52.963196+00:00,2026-09-10 16:33:52.916368+00:00,2026-09-10 16:33:52.919980+00:00,2026-09-10 16:33:52.916772+00:00,2026-09-10 16:33:52.919850+00:00,2026-09-10 16:33:52.920357+00:00,,,,,0.404,3.078,3.2079999999999997,0.507,17.250999999999998,25.588,46.828,CONFIRMED
M01,55665,2026-09-10 16:33:53.950590+00:00,2026-09-10 16:33:53.977974+00:00,2026-09-10 16:33:53.923218+00:00,2026-09-10 16:33:53.927193+00:00,2026-09-10 16:33:53.923418+00:00,2026-09-10 16:33:53.924775+00:00,2026-09-10 16:33:53.925318+00:00,,,,,0.2,1.357,3.7750000000000004,0.5429999999999999,25.272,27.384,54.756,CONFIRMED
M01,55666,2026-09-10 16:33:54.957030+00:00,2026-09-10 16:33:54.982364+00:00,2026-09-10 16:33:54.930433+00:00,2026-09-10 16:33:54.932318+00:00,2026-09-10 16:33:54.930772+00:00,2026-09-10 16:33:54.933601+00:00,2026-09-10 16:33:54.934614+00:00,,,,,0.339,2.8289999999999997,1.546,1.013,22.415999999999997,25.334,51.931,CONFIRMED
M01,55667,2026-09-10 16:33:55.970343+00:00,2026-09-10 16:33:55.993435+00:00,2026-09-10 16:33:55.938772+00:00,2026-09-10 16:33:55.953131+00:00,2026-09-10 16:33:55.938933+00:00,2026-09-10 16:33:55.940000+00:00,2026-09-10 16:33:55.940460+00:00,,,,,0.161,1.067,14.198,0.46,29.883,23.092000000000002,54.663000000000004,CONFIRMED
M01,55668,2026-09-10 16:33:56.987610+00:00,2026-09-10 16:33:57.024926+00:00,2026-09-10 16:33:56.968314+00:00,2026-09-10 16:33:56.969992+00:00,2026-09-10 16:33:56.968676+00:00,2026-09-10 16:33:56.970233+00:00,2026-09-10 16:33:56.970639+00:00,,,,,0.36200000000000004,1.557,1.3159999999999998,0.406,16.971,37.316,56.612,CONFIRMED
M01,55669,2026-09-10 16:33:58.000987+00:00,2026-09-10 16:33:58.028392+00:00,2026-09-10 16:33:57.973768+00:00,2026-09-10 16:33:57.979661+00:00,2026-09-10 16:33:57.973981+00:00,2026-09-10 16:33:57.975125+00:00,2026-09-10 16:33:57.975622+00:00,,,,,0.213,1.1440000000000001,5.68,0.49700000000000005,25.365,27.404999999999998,54.624,CONFIRMED
M01,55670,2026-09-10 16:33:59.016633+00:00,2026-09-10 16:33:59.042424+00:00,2026-09-10 16:33:58.998485+00:00,2026-09-10 16:33:59.000276+00:00,2026-09-10 16:33:58.998756+00:00,2026-09-10 16:33:59.000394+00:00,2026-09-10 16:33:59.000880+00:00,,,,,0.27099999999999996,1.638,1.52,0.486,15.753,25.791,43.939,CONFIRMED
M01,55671,2026-09-10 16:34:00.038365+00:00,2026-09-10 16:34:00.063854+00:00,2026-09-10 16:34:00.004929+00:00,2026-09-10 16:34:00.009400+00:00,2026-09-10 16:34:00.005074+00:00,2026-09-10 16:34:00.016980+00:00,2026-09-10 16:34:00.017705+00:00,,,,,0.145,11.906,4.326,0.725,20.66,25.489,58.925,CONFIRMED
M01,55672,2026-09-10 16:34:01.046961+00:00,2026-09-10 16:34:01.080751+00:00,2026-09-10 16:34:01.018911+00:00,2026-09-10 16:34:01.019997+00:00,2026-09-10 16:34:01.019112+00:00,2026-09-10 16:34:01.020017+00:00,2026-09-10 16:34:01.020594+00:00,,,,,0.201,0.905,0.885,0.5770000000000001,26.367,33.79,61.839999999999996,CONFIRMED
M01,55673,2026-09-10 16:34:02.045956+00:00,2026-09-10 16:34:02.074178+00:00,2026-09-10 16:34:02.023500+00:00,2026-09-10 16:34:02.024982+00:00,2026-09-10 16:34:02.023825+00:00,2026-09-10 16:34:02.025103+00:00,2026-09-10 16:34:02.025636+00:00,,,,,0.325,1.278,1.157,0.533,20.32,28.222,50.678,CONFIRMED
M01,55674,2026-09-10 16:34:03.052185+00:00,2026-09-10 16:34:03.081086+00:00,2026-09-10 16:34:03.028929+00:00,2026-09-10 16:34:03.029877+00:00,2026-09-10 16:34:03.029196+00:00,2026-09-10 16:34:03.029884+00:00,2026-09-10 16:34:03.030235+00:00,,,,,0.26699999999999996,0.6880000000000001,0.6809999999999999,0.35100000000000003,21.95,28.901,52.157000000000004,CONFIRMED
M01,55675,2026-09-10 16:34:04.136291+00:00,2026-09-10 16:34:04.182116+00:00,2026-09-10 16:34:04.035931+00:00,2026-09-10 16:34:04.056606+00:00,2026-09-10 16:34:04.036184+00:00,2026-09-10 16:34:04.057627+00:00,2026-09-10 16:34:04.058092+00:00,,,,,0.253,21.443,20.422,0.465,78.199,45.824999999999996,146.185,CONFIRMED
M01,55676,2026-09-10 16:34:05.154562+00:00,2026-09-10 16:34:05.179423+00:00,2026-09-10 16:34:05.130998+00:00,2026-09-10 16:34:05.133609+00:00,2026-09-10 16:34:05.131175+00:00,2026-09-10 16:34:05.133494+00:00,2026-09-10 16:34:05.133895+00:00,,,,,0.177,2.319,2.434,0.40099999999999997,20.667,24.861,48.425000000000004,CONFIRMED
M01,55677,2026-09-10 16:34:06.166848+00:00,2026-09-10 16:34:06.196906+00:00,2026-09-10 16:34:06.138030+00:00,2026-09-10 16:34:06.139287+00:00,2026-09-10 16:34:06.138246+00:00,2026-09-10 16:34:06.139560+00:00,2026-09-10 16:34:06.140573+00:00,,,,,0.216,1.314,1.0410000000000001,1.013,26.275,30.058,58.876,CONFIRMED
M01,55678,2026-09-10 16:34:07.164176+00:00,2026-09-10 16:34:07.193546+00:00,2026-09-10 16:34:07.142808+00:00,2026-09-10 16:34:07.144706+00:00,2026-09-10 16:34:07.143073+00:00,2026-09-10 16:34:07.144199+00:00,2026-09-10 16:34:07.144697+00:00,,,,,0.265,1.1260000000000001,1.633,0.49799999999999994,19.479,29.37,50.738,CONFIRMED
M01,55679,2026-09-10 16:34:08.170685+00:00,2026-09-10 16:34:08.202652+00:00,2026-09-10 16:34:08.147894+00:00,2026-09-10 16:34:08.148709+00:00,2026-09-10 16:34:08.148090+00:00,2026-09-10 16:34:08.148813+00:00,2026-09-10 16:34:08.149388+00:00,,,,,0.196,0.723,0.619,0.575,21.297,31.967000000000002,54.758,CONFIRMED
M01,55680,2026-09-10 16:34:09.180158+00:00,2026-09-10 16:34:09.209761+00:00,2026-09-10 16:34:09.152945+00:00,2026-09-10 16:34:09.153952+00:00,2026-09-10 16:34:09.153113+00:00,2026-09-10 16:34:09.153955+00:00,2026-09-10 16:34:09.154299+00:00,,,,,0.16799999999999998,0.842,0.839,0.34400000000000003,25.859,29.603,56.815999999999995,CONFIRMED
M01,55681,2026-09-10 16:34:10.188389+00:00,2026-09-10 16:34:10.216496+00:00,2026-09-10 16:34:10.162371+00:00,2026-09-10 16:34:10.163734+00:00,2026-09-10 16:34:10.162538+00:00,2026-09-10 16:34:10.163887+00:00,2026-09-10 16:34:10.164384+00:00,,,,,0.16699999999999998,1.349,1.196,0.49700000000000005,24.005,28.107,54.125,CONFIRMED
M01,55682,2026-09-10 16:34:11.192624+00:00,2026-09-10 16:34:11.220193+00:00,2026-09-10 16:34:11.166517+00:00,2026-09-10 16:34:11.176959+00:00,2026-09-10 16:34:11.166915+00:00,2026-09-10 16:34:11.176861+00:00,2026-09-10 16:34:11.177214+00:00,,,,,0.398,9.946,10.044,0.35300000000000004,15.41,27.569,53.676,CONFIRMED
M01,55683,2026-09-10 16:34:12.205990+00:00,2026-09-10 16:34:12.237268+00:00,2026-09-10 16:34:12.179500+00:00,2026-09-10 16:34:12.180701+00:00,2026-09-10 16:34:12.179735+00:00,2026-09-10 16:34:12.180657+00:00,2026-09-10 16:34:12.181269+00:00,,,,,0.235,0.9219999999999999,0.966,0.612,24.721,31.278,57.768,CONFIRMED
M01,55684,2026-09-10 16:34:13.219984+00:00,2026-09-10 16:34:13.247410+00:00,2026-09-10 16:34:13.195447+00:00,2026-09-10 16:34:13.197352+00:00,2026-09-10 16:34:13.195903+00:00,2026-09-10 16:34:13.197440+00:00,2026-09-10 16:34:13.198411+00:00,,,,,0.456,1.537,1.449,0.971,21.572999999999997,27.426,51.963,CONFIRMED
M01,55685,2026-09-10 16:34:14.237086+00:00,2026-09-10 16:34:14.262767+00:00,2026-09-10 16:34:14.201874+00:00,2026-09-10 16:34:14.210676+00:00,2026-09-10 16:34:14.202077+00:00,2026-09-10 16:34:14.211115+00:00,2026-09-10 16:34:14.211939+00:00,,,,,0.203,9.037999999999998,8.599,0.824,25.147,25.680999999999997,60.893,CONFIRMED
M01,55686,2026-09-10 16:34:15.235596+00:00,2026-09-10 16:34:15.263339+00:00,2026-09-10 16:34:15.213011+00:00,2026-09-10 16:34:15.213880+00:00,2026-09-10 16:34:15.213173+00:00,2026-09-10 16:34:15.213915+00:00,2026-09-10 16:34:15.214459+00:00,,,,,0.162,0.742,0.707,0.544,21.137,27.743,50.327999999999996,CONFIRMED
M01,55687,2026-09-10 16:34:16.235586+00:00,2026-09-10 16:34:16.262588+00:00,2026-09-10 16:34:16.216360+00:00,2026-09-10 16:34:16.217198+00:00,2026-09-10 16:34:16.216544+00:00,2026-09-10 16:34:16.217225+00:00,2026-09-10 16:34:16.217546+00:00,,,,,0.184,0.6809999999999999,0.6539999999999999,0.321,18.04,27.002000000000002,46.228,CONFIRMED
M01,55688,2026-09-10 16:34:17.248061+00:00,2026-09-10 16:34:17.275343+00:00,2026-09-10 16:34:17.222049+00:00,2026-09-10 16:34:17.224345+00:00,2026-09-10 16:34:17.222275+00:00,2026-09-10 16:34:17.224369+00:00,2026-09-10 16:34:17.225107+00:00,,,,,0.22599999999999998,2.094,2.07,0.7380000000000001,22.953999999999997,27.282,53.294000000000004,CONFIRMED
M01,55689,2026-09-10 16:34:18.249763+00:00,2026-09-10 16:34:18.279580+00:00,2026-09-10 16:34:18.228263+00:00,2026-09-10 16:34:18.232446+00:00,2026-09-10 16:34:18.228545+00:00,2026-09-10 16:34:18.229935+00:00,2026-09-10 16:34:18.230653+00:00,,,,,0.28200000000000003,1.39,3.901,0.718,19.11,29.817,51.317,CONFIRMED
M01,55690,2026-09-10 16:34:19.277658+00:00,2026-09-10 16:34:19.304026+00:00,2026-09-10 16:34:19.248389+00:00,2026-09-10 16:34:19.269918+00:00,2026-09-10 16:34:19.248537+00:00,2026-09-10 16:34:19.249427+00:00,2026-09-10 16:34:19.249826+00:00,,,,,0.148,0.8899999999999999,21.381,0.399,27.832,26.368,55.637,CONFIRMED
M01,55691,2026-09-10 16:34:20.306167+00:00,2026-09-10 16:34:20.333361+00:00,2026-09-10 16:34:20.276844+00:00,2026-09-10 16:34:20.286299+00:00,2026-09-10 16:34:20.277473+00:00,2026-09-10 16:34:20.287380+00:00,2026-09-10 16:34:20.288019+00:00,,,,,0.629,9.907,8.826,0.639,18.148,27.194,56.516999999999996,CONFIRMED
M01,55692,2026-09-10 16:34:21.312430+00:00,2026-09-10 16:34:21.338690+00:00,2026-09-10 16:34:21.288890+00:00,2026-09-10 16:34:21.289762+00:00,2026-09-10 16:34:21.289023+00:00,2026-09-10 16:34:21.289741+00:00,2026-09-10 16:34:21.290285+00:00,,,,,0.133,0.718,0.739,0.544,22.145000000000003,26.259999999999998,49.8,CONFIRMED
M01,55693,2026-09-10 16:34:22.321083+00:00,2026-09-10 16:34:22.345812+00:00,2026-09-10 16:34:22.293821+00:00,2026-09-10 16:34:22.298163+00:00,2026-09-10 16:34:22.294095+00:00,2026-09-10 16:34:22.295798+00:00,2026-09-10 16:34:22.296318+00:00,,,,,0.27399999999999997,1.703,4.068,0.5199999999999999,24.765,24.729,51.991,CONFIRMED
M01,55694,2026-09-10 16:34:23.325365+00:00,2026-09-10 16:34:23.350566+00:00,2026-09-10 16:34:23.300936+00:00,2026-09-10 16:34:23.306763+00:00,2026-09-10 16:34:23.301076+00:00,2026-09-10 16:34:23.301621+00:00,2026-09-10 16:34:23.302017+00:00,,,,,0.13999999999999999,0.545,5.687,0.39599999999999996,23.348,25.201,49.63,CONFIRMED
M01,55695,2026-09-10 16:34:24.337476+00:00,2026-09-10 16:34:24.363456+00:00,2026-09-10 16:34:24.309788+00:00,2026-09-10 16:34:24.311321+00:00,2026-09-10 16:34:24.310066+00:00,2026-09-10 16:34:24.311376+00:00,2026-09-10 16:34:24.311903+00:00,,,,,0.27799999999999997,1.31,1.2550000000000001,0.527,25.572999999999997,25.98,53.668,CONFIRMED
M01,55696,2026-09-10 16:34:25.334731+00:00,2026-09-10 16:34:25.357105+00:00,2026-09-10 16:34:25.314783+00:00,2026-09-10 16:34:25.315479+00:00,2026-09-10 16:34:25.314933+00:00,2026-09-10 16:34:25.315580+00:00,2026-09-10 16:34:25.316128+00:00,,,,,0.15,0.647,0.546,0.5479999999999999,18.603,22.374000000000002,42.321999999999996,CONFIRMED
M01,55697,2026-09-10 16:34:26.340905+00:00,2026-09-10 16:34:26.371172+00:00,2026-09-10 16:34:26.319115+00:00,2026-09-10 16:34:26.329266+00:00,2026-09-10 16:34:26.319328+00:00,2026-09-10 16:34:26.321706+00:00,2026-09-10 16:34:26.322164+00:00,,,,,0.213,2.378,9.938,0.458,18.741,30.267,52.057,CONFIRMED
M01,55698,2026-09-10 16:34:27.356677+00:00,2026-09-10 16:34:27.381967+00:00,2026-09-10 16:34:27.332171+00:00,2026-09-10 16:34:27.337455+00:00,2026-09-10 16:34:27.332444+00:00,2026-09-10 16:34:27.333561+00:00,2026-09-10 16:34:27.333978+00:00,,,,,0.273,1.117,5.011,0.417,22.699,25.29,49.796,CONFIRMED
M01,55699,2026-09-10 16:34:28.359407+00:00,2026-09-10 16:34:28.387520+00:00,2026-09-10 16:34:28.339852+00:00,2026-09-10 16:34:28.340770+00:00,2026-09-10 16:34:28.340093+00:00,2026-09-10 16:34:28.340757+00:00,2026-09-10 16:34:28.341222+00:00,,,,,0.241,0.664,0.6769999999999999,0.465,18.185,28.113,47.668,CONFIRMED
M01,55700,2026-09-10 16:34:29.364675+00:00,2026-09-10 16:34:29.393340+00:00,2026-09-10 16:34:29.343263+00:00,2026-09-10 16:34:29.353913+00:00,2026-09-10 16:34:29.343414+00:00,2026-09-10 16:34:29.344154+00:00,2026-09-10 16:34:29.344524+00:00,,,,,0.15100000000000002,0.74,10.498999999999999,0.37,20.151,28.665,50.077000000000005,CONFIRMED
M01,55701,2026-09-10 16:34:30.383484+00:00,2026-09-10 16:34:30.411114+00:00,2026-09-10 16:34:30.357860+00:00,2026-09-10 16:34:30.358992+00:00,2026-09-10 16:34:30.358064+00:00,2026-09-10 16:34:30.358759+00:00,2026-09-10 16:34:30.359117+00:00,,,,,0.204,0.695,0.928,0.358,24.367,27.63,53.254000000000005,CONFIRMED
M01,55702,2026-09-10 16:34:31.380869+00:00,2026-09-10 16:34:31.404783+00:00,2026-09-10 16:34:31.361254+00:00,2026-09-10 16:34:31.362697+00:00,2026-09-10 16:34:31.361414+00:00,2026-09-10 16:34:31.361919+00:00,2026-09-10 16:34:31.362314+00:00,,,,,0.16,0.505,1.2830000000000001,0.395,18.555,23.914,43.528999999999996,CONFIRMED
M01,55703,2026-09-10 16:34:32.406814+00:00,2026-09-10 16:34:32.428828+00:00,2026-09-10 16:34:32.365444+00:00,2026-09-10 16:34:32.373231+00:00,2026-09-10 16:34:32.365779+00:00,2026-09-10 16:34:32.368008+00:00,2026-09-10 16:34:32.387610+00:00,,,,,0.335,2.229,7.452,19.602,19.204,22.014,63.38399999999999,CONFIRMED
M01,55704,2026-09-10 16:34:33.418109+00:00,2026-09-10 16:34:33.443583+00:00,2026-09-10 16:34:33.391444+00:00,2026-09-10 16:34:33.393761+00:00,2026-09-10 16:34:33.391711+00:00,2026-09-10 16:34:33.392760+00:00,2026-09-10 16:34:33.393292+00:00,,,,,0.26699999999999996,1.049,2.0500000000000003,0.532,24.817,25.474,52.138999999999996,CONFIRMED
M01,55705,2026-09-10 16:34:34.418120+00:00,2026-09-10 16:34:34.444048+00:00,2026-09-10 16:34:34.396662+00:00,2026-09-10 16:34:34.398675+00:00,2026-09-10 16:34:34.397103+00:00,2026-09-10 16:34:34.398532+00:00,2026-09-10 16:34:34.399117+00:00,,,,,0.441,1.4289999999999998,1.572,0.585,19.003,25.928,47.385999999999996,CONFIRMED
M01,55706,2026-09-10 16:34:35.422427+00:00,2026-09-10 16:34:35.445823+00:00,2026-09-10 16:34:35.404165+00:00,2026-09-10 16:34:35.405246+00:00,2026-09-10 16:34:35.404318+00:00,2026-09-10 16:34:35.405312+00:00,2026-09-10 16:34:35.405799+00:00,,,,,0.153,0.9940000000000001,0.928,0.48700000000000004,16.628,23.396,41.658,CONFIRMED
M01,55707,2026-09-10 16:34:36.435384+00:00,2026-09-10 16:34:36.460022+00:00,2026-09-10 16:34:36.408337+00:00,2026-09-10 16:34:36.423693+00:00,2026-09-10 16:34:36.408577+00:00,2026-09-10 16:34:36.409660+00:00,2026-09-10 16:34:36.410036+00:00,,,,,0.24000000000000002,1.083,15.116,0.376,25.348,24.638,51.685,CONFIRMED
M01,55708,2026-09-10 16:34:37.448546+00:00,2026-09-10 16:34:37.472987+00:00,2026-09-10 16:34:37.427698+00:00,2026-09-10 16:34:37.428609+00:00,2026-09-10 16:34:37.427868+00:00,2026-09-10 16:34:37.428476+00:00,2026-09-10 16:34:37.428927+00:00,,,,,0.17,0.608,0.741,0.451,19.619,24.441000000000003,45.289,CONFIRMED
M01,55709,2026-09-10 16:34:38.456234+00:00,2026-09-10 16:34:38.479255+00:00,2026-09-10 16:34:38.432540+00:00,2026-09-10 16:34:38.436494+00:00,2026-09-10 16:34:38.432705+00:00,2026-09-10 16:34:38.433442+00:00,2026-09-10 16:34:38.434499+00:00,,,,,0.165,0.737,3.7889999999999997,1.057,21.735,23.021,46.714999999999996,CONFIRMED
M01,55710,2026-09-10 16:34:39.470094+00:00,2026-09-10 16:34:39.495134+00:00,2026-09-10 16:34:39.439661+00:00,2026-09-10 16:34:39.440863+00:00,2026-09-10 16:34:39.439906+00:00,2026-09-10 16:34:39.440664+00:00,2026-09-10 16:34:39.441093+00:00,,,,,0.245,0.758,0.957,0.429,29.000999999999998,25.04,55.473,CONFIRMED
M01,55711,2026-09-10 16:34:40.481764+00:00,2026-09-10 16:34:40.508143+00:00,2026-09-10 16:34:40.443442+00:00,2026-09-10 16:34:40.450469+00:00,2026-09-10 16:34:40.443845+00:00,2026-09-10 16:34:40.457492+00:00,2026-09-10 16:34:40.458131+00:00,,,,,0.40299999999999997,13.647,6.624,0.639,23.633000000000003,26.379,64.701,CONFIRMED
M01,55712,2026-09-10 16:34:41.484254+00:00,2026-09-10 16:34:41.509889+00:00,2026-09-10 16:34:41.460720+00:00,2026-09-10 16:34:41.462087+00:00,2026-09-10 16:34:41.461043+00:00,2026-09-10 16:34:41.462119+00:00,2026-09-10 16:34:41.462915+00:00,,,,,0.323,1.0759999999999998,1.044,0.796,21.339,25.635,49.169,CONFIRMED
M01,55713,2026-09-10 16:34:42.500752+00:00,2026-09-10 16:34:42.529590+00:00,2026-09-10 16:34:42.466928+00:00,2026-09-10 16:34:42.470741+00:00,2026-09-10 16:34:42.467413+00:00,2026-09-10 16:34:42.469458+00:00,2026-09-10 16:34:42.470183+00:00,,,,,0.48500000000000004,2.045,3.328,0.725,30.569,28.837999999999997,62.66199999999999,CONFIRMED
M01,55714,2026-09-10 16:34:43.499983+00:00,2026-09-10 16:34:43.526250+00:00,2026-09-10 16:34:43.477044+00:00,2026-09-10 16:34:43.478599+00:00,2026-09-10 16:34:43.477374+00:00,2026-09-10 16:34:43.478528+00:00,2026-09-10 16:34:43.479099+00:00,,,,,0.33,1.1540000000000001,1.2249999999999999,0.571,20.884,26.267,49.206,CONFIRMED
M01,55715,2026-09-10 16:34:44.509470+00:00,2026-09-10 16:34:44.535613+00:00,2026-09-10 16:34:44.486634+00:00,2026-09-10 16:34:44.488866+00:00,2026-09-10 16:34:44.486922+00:00,2026-09-10 16:34:44.488513+00:00,2026-09-10 16:34:44.488927+00:00,,,,,0.28800000000000003,1.591,1.944,0.414,20.543,26.143,48.979,CONFIRMED
M01,55716,2026-09-10 16:34:45.520374+00:00,2026-09-10 16:34:45.546973+00:00,2026-09-10 16:34:45.493962+00:00,2026-09-10 16:34:45.495444+00:00,2026-09-10 16:34:45.494374+00:00,2026-09-10 16:34:45.495495+00:00,2026-09-10 16:34:45.496505+00:00,,,,,0.412,1.121,1.07,1.01,23.869,26.599,53.011,CONFIRMED
M01,55717,2026-09-10 16:34:46.529858+00:00,2026-09-10 16:34:46.558755+00:00,2026-09-10 16:34:46.502490+00:00,2026-09-10 16:34:46.528446+00:00,2026-09-10 16:34:46.502888+00:00,2026-09-10 16:34:46.510585+00:00,2026-09-10 16:34:46.510890+00:00,,,,,0.398,7.697,25.558,0.305,18.968,28.897,56.265,CONFIRMED
M01,55718,2026-09-10 16:34:47.555529+00:00,2026-09-10 16:34:47.578667+00:00,2026-09-10 16:34:47.532850+00:00,2026-09-10 16:34:47.535152+00:00,2026-09-10 16:34:47.533329+00:00,2026-09-10 16:34:47.535285+00:00,2026-09-10 16:34:47.535850+00:00,,,,,0.479,1.9559999999999997,1.823,0.565,19.679,23.137999999999998,45.81699999999999,CONFIRMED
M01,55719,2026-09-10 16:34:48.573306+00:00,2026-09-10 16:34:48.609588+00:00,2026-09-10 16:34:48.539750+00:00,2026-09-10 16:34:48.543888+00:00,2026-09-10 16:34:48.539976+00:00,2026-09-10 16:34:48.544810+00:00,2026-09-10 16:34:48.545191+00:00,,,,,0.22599999999999998,4.834,3.9119999999999995,0.381,28.115000000000002,36.282000000000004,69.838,CONFIRMED
M01,55720,2026-09-10 16:34:49.574845+00:00,2026-09-10 16:34:49.600243+00:00,2026-09-10 16:34:49.550465+00:00,2026-09-10 16:34:49.553961+00:00,2026-09-10 16:34:49.550719+00:00,2026-09-10 16:34:49.551517+00:00,2026-09-10 16:34:49.551950+00:00,,,,,0.254,0.798,3.242,0.433,22.895,25.398,49.778000000000006,CONFIRMED
M01,55721,2026-09-10 16:34:50.577891+00:00,2026-09-10 16:34:50.603569+00:00,2026-09-10 16:34:50.556762+00:00,2026-09-10 16:34:50.559450+00:00,2026-09-10 16:34:50.557230+00:00,2026-09-10 16:34:50.559421+00:00,2026-09-10 16:34:50.560306+00:00,,,,,0.46799999999999997,2.191,2.22,0.885,17.585,25.678,46.807,CONFIRMED
M01,55722,2026-09-10 16:34:51.592308+00:00,2026-09-10 16:34:51.621480+00:00,2026-09-10 16:34:51.565000+00:00,2026-09-10 16:34:51.565935+00:00,2026-09-10 16:34:51.565269+00:00,2026-09-10 16:34:51.565897+00:00,2026-09-10 16:34:51.566337+00:00,,,,,0.26899999999999996,0.628,0.666,0.44,25.971,29.172,56.480000000000004,CONFIRMED
M01,55723,2026-09-10 16:34:52.593008+00:00,2026-09-10 16:34:52.618473+00:00,2026-09-10 16:34:52.570723+00:00,2026-09-10 16:34:52.572679+00:00,2026-09-10 16:34:52.571176+00:00,2026-09-10 16:34:52.572817+00:00,2026-09-10 16:34:52.573474+00:00,,,,,0.453,1.641,1.503,0.657,19.534,25.465,47.75,CONFIRMED
M01,55724,2026-09-10 16:34:53.607977+00:00,2026-09-10 16:34:53.634109+00:00,2026-09-10 16:34:53.578831+00:00,2026-09-10 16:34:53.587377+00:00,2026-09-10 16:34:53.580245+00:00,2026-09-10 16:34:53.580923+00:00,2026-09-10 16:34:53.586439+00:00,,,,,1.414,0.678,7.132000000000001,5.516,21.538,26.131999999999998,55.278,CONFIRMED
M01,55725,2026-09-10 16:34:54.615863+00:00,2026-09-10 16:34:54.643725+00:00,2026-09-10 16:34:54.591757+00:00,2026-09-10 16:34:54.593639+00:00,2026-09-10 16:34:54.592169+00:00,2026-09-10 16:34:54.594077+00:00,2026-09-10 16:34:54.594929+00:00,,,,,0.412,1.908,1.47,0.852,20.934,27.862000000000002,51.968,CONFIRMED
M01,55726,2026-09-10 16:34:55.629782+00:00,2026-09-10 16:34:55.663769+00:00,2026-09-10 16:34:55.598357+00:00,2026-09-10 16:34:55.600073+00:00,2026-09-10 16:34:55.598767+00:00,2026-09-10 16:34:55.614425+00:00,2026-09-10 16:34:55.615164+00:00,,,,,0.41,15.657999999999998,1.306,0.739,14.618,33.987,65.41199999999999,CONFIRMED
M01,55727,2026-09-10 16:34:56.644347+00:00,2026-09-10 16:34:56.677529+00:00,2026-09-10 16:34:56.617281+00:00,2026-09-10 16:34:56.629135+00:00,2026-09-10 16:34:56.617927+00:00,2026-09-10 16:34:56.620298+00:00,2026-09-10 16:34:56.621131+00:00,,,,,0.646,2.371,11.207999999999998,0.833,23.216,33.182,60.248000000000005,CONFIRMED
M01,55728,2026-09-10 16:34:57.655233+00:00,2026-09-10 16:34:57.683441+00:00,2026-09-10 16:34:57.632531+00:00,2026-09-10 16:34:57.633813+00:00,2026-09-10 16:34:57.632720+00:00,2026-09-10 16:34:57.634288+00:00,2026-09-10 16:34:57.634694+00:00,,,,,0.189,1.568,1.093,0.406,20.539,28.208000000000002,50.91,CONFIRMED
M01,55729,2026-09-10 16:34:58.660203+00:00,2026-09-10 16:34:58.686942+00:00,2026-09-10 16:34:58.637455+00:00,2026-09-10 16:34:58.639402+00:00,2026-09-10 16:34:58.637785+00:00,2026-09-10 16:34:58.639366+00:00,2026-09-10 16:34:58.639914+00:00,,,,,0.33,1.581,1.617,0.5479999999999999,20.289,26.738999999999997,49.487,CONFIRMED
M01,55730,2026-09-10 16:34:59.668251+00:00,2026-09-10 16:34:59.694392+00:00,2026-09-10 16:34:59.643363+00:00,2026-09-10 16:34:59.648879+00:00,2026-09-10 16:34:59.643543+00:00,2026-09-10 16:34:59.648827+00:00,2026-09-10 16:34:59.649152+00:00,,,,,0.18000000000000002,5.284,5.335999999999999,0.325,19.099,26.141000000000002,51.028999999999996,CONFIRMED
M01,55731,2026-09-10 16:35:00.677761+00:00,2026-09-10 16:35:00.703406+00:00,2026-09-10 16:35:00.658990+00:00,2026-09-10 16:35:00.661501+00:00,2026-09-10 16:35:00.659298+00:00,2026-09-10 16:35:00.660369+00:00,2026-09-10 16:35:00.660795+00:00,,,,,0.308,1.071,2.2030000000000003,0.426,16.965999999999998,25.645,44.416,CONFIRMED
M01,55732,2026-09-10 16:35:01.691526+00:00,2026-09-10 16:35:01.724515+00:00,2026-09-10 16:35:01.664266+00:00,2026-09-10 16:35:01.670545+00:00,2026-09-10 16:35:01.664430+00:00,2026-09-10 16:35:01.674085+00:00,2026-09-10 16:35:01.674654+00:00,,,,,0.164,9.655000000000001,6.115,0.569,16.872,32.989,60.248999999999995,CONFIRMED
M01,55733,2026-09-10 16:35:02.704685+00:00,2026-09-10 16:35:02.728974+00:00,2026-09-10 16:35:02.676909+00:00,2026-09-10 16:35:02.679710+00:00,2026-09-10 16:35:02.677296+00:00,2026-09-10 16:35:02.679533+00:00,2026-09-10 16:35:02.680508+00:00,,,,,0.38699999999999996,2.2369999999999997,2.4139999999999997,0.975,24.177,24.289,52.065,CONFIRMED
M01,55734,2026-09-10 16:35:03.715178+00:00,2026-09-10 16:35:03.738807+00:00,2026-09-10 16:35:03.689996+00:00,2026-09-10 16:35:03.695289+00:00,2026-09-10 16:35:03.690216+00:00,2026-09-10 16:35:03.695309+00:00,2026-09-10 16:35:03.695613+00:00,,,,,0.22,5.093,5.073,0.304,19.564999999999998,23.629,48.811,CONFIRMED
M01,55735,2026-09-10 16:35:04.723689+00:00,2026-09-10 16:35:04.753883+00:00,2026-09-10 16:35:04.698558+00:00,2026-09-10 16:35:04.703664+00:00,2026-09-10 16:35:04.698910+00:00,2026-09-10 16:35:04.700035+00:00,2026-09-10 16:35:04.700645+00:00,,,,,0.352,1.125,4.7540000000000004,0.61,23.043999999999997,30.194,55.324999999999996,CONFIRMED
M01,55736,2026-09-10 16:35:05.745672+00:00,2026-09-10 16:35:05.772473+00:00,2026-09-10 16:35:05.721755+00:00,2026-09-10 16:35:05.724622+00:00,2026-09-10 16:35:05.722315+00:00,2026-09-10 16:35:05.724449+00:00,2026-09-10 16:35:05.724976+00:00,,,,,0.5599999999999999,2.134,2.307,0.527,20.695999999999998,26.801,50.717999999999996,CONFIRMED
M01,55737,2026-09-10 16:35:06.762238+00:00,2026-09-10 16:35:06.801194+00:00,2026-09-10 16:35:06.736753+00:00,2026-09-10 16:35:06.738293+00:00,2026-09-10 16:35:06.737055+00:00,2026-09-10 16:35:06.738523+00:00,2026-09-10 16:35:06.738947+00:00,,,,,0.30200000000000005,1.468,1.238,0.424,23.291,38.955999999999996,64.441,CONFIRMED
M01,55738,2026-09-10 16:35:07.774331+00:00,2026-09-10 16:35:07.803492+00:00,2026-09-10 16:35:07.742111+00:00,2026-09-10 16:35:07.757684+00:00,2026-09-10 16:35:07.742533+00:00,2026-09-10 16:35:07.757275+00:00,2026-09-10 16:35:07.757660+00:00,,,,,0.422,14.741999999999999,15.151,0.38499999999999995,16.671,29.160999999999998,61.381,CONFIRMED
M01,55739,2026-09-10 16:35:08.783194+00:00,2026-09-10 16:35:08.810512+00:00,2026-09-10 16:35:08.760427+00:00,2026-09-10 16:35:08.767402+00:00,2026-09-10 16:35:08.760771+00:00,2026-09-10 16:35:08.762138+00:00,2026-09-10 16:35:08.762751+00:00,,,,,0.34400000000000003,1.367,6.630999999999999,0.6130000000000001,20.442999999999998,27.317999999999998,50.085,CONFIRMED
M01,55740,2026-09-10 16:35:09.796238+00:00,2026-09-10 16:35:09.823901+00:00,2026-09-10 16:35:09.772825+00:00,2026-09-10 16:35:09.774788+00:00,2026-09-10 16:35:09.773203+00:00,2026-09-10 16:35:09.774751+00:00,2026-09-10 16:35:09.775522+00:00,,,,,0.378,1.5479999999999998,1.585,0.771,20.715999999999998,27.663,51.076,CONFIRMED
M01,55741,2026-09-10 16:35:10.801040+00:00,2026-09-10 16:35:10.825160+00:00,2026-09-10 16:35:10.779449+00:00,2026-09-10 16:35:10.782148+00:00,2026-09-10 16:35:10.779711+00:00,2026-09-10 16:35:10.780863+00:00,2026-09-10 16:35:10.781342+00:00,,,,,0.262,1.1520000000000001,2.437,0.479,19.698,24.119999999999997,45.711,CONFIRMED
M01,55742,2026-09-10 16:35:11.812672+00:00,2026-09-10 16:35:11.838269+00:00,2026-09-10 16:35:11.788364+00:00,2026-09-10 16:35:11.789251+00:00,2026-09-10 16:35:11.788538+00:00,2026-09-10 16:35:11.789213+00:00,2026-09-10 16:35:11.789683+00:00,,,,,0.174,0.675,0.713,0.47,22.989,25.597,49.905,CONFIRMED
M01,55743,2026-09-10 16:35:12.816304+00:00,2026-09-10 16:35:12.839150+00:00,2026-09-10 16:35:12.791726+00:00,2026-09-10 16:35:12.808566+00:00,2026-09-10 16:35:12.791884+00:00,2026-09-10 16:35:12.792562+00:00,2026-09-10 16:35:12.792982+00:00,,,,,0.158,0.678,16.682,0.42000000000000004,23.322,22.846,47.424,CONFIRMED
M01,55744,2026-09-10 16:35:13.839012+00:00,2026-09-10 16:35:13.864132+00:00,2026-09-10 16:35:13.813257+00:00,2026-09-10 16:35:13.814550+00:00,2026-09-10 16:35:13.813555+00:00,2026-09-10 16:35:13.815788+00:00,2026-09-10 16:35:13.816543+00:00,,,,,0.298,2.233,0.995,0.755,22.468999999999998,25.12,50.875,CONFIRMED
M01,55745,2026-09-10 16:35:14.844666+00:00,2026-09-10 16:35:14.874070+00:00,2026-09-10 16:35:14.818853+00:00,2026-09-10 16:35:14.820448+00:00,2026-09-10 16:35:14.819282+00:00,2026-09-10 16:35:14.820356+00:00,2026-09-10 16:35:14.820760+00:00,,,,,0.429,1.074,1.166,0.404,23.906,29.404,55.217,CONFIRMED
M01,55746,2026-09-10 16:35:15.848376+00:00,2026-09-10 16:35:15.875743+00:00,2026-09-10 16:35:15.824791+00:00,2026-09-10 16:35:15.826077+00:00,2026-09-10 16:35:15.825130+00:00,2026-09-10 16:35:15.826021+00:00,2026-09-10 16:35:15.826464+00:00,,,,,0.339,0.891,0.9470000000000001,0.443,21.912000000000003,27.366999999999997,50.952,CONFIRMED
M01,55747,2026-09-10 16:35:16.856777+00:00,2026-09-10 16:35:16.894124+00:00,2026-09-10 16:35:16.828677+00:00,2026-09-10 16:35:16.829894+00:00,2026-09-10 16:35:16.828897+00:00,2026-09-10 16:35:16.829995+00:00,2026-09-10 16:35:16.830710+00:00,,,,,0.22,1.098,0.9970000000000001,0.7150000000000001,26.067,37.347,65.447,CONFIRMED
M01,55748,2026-09-10 16:35:17.860098+00:00,2026-09-10 16:35:17.888777+00:00,2026-09-10 16:35:17.833721+00:00,2026-09-10 16:35:17.836004+00:00,2026-09-10 16:35:17.834102+00:00,2026-09-10 16:35:17.835004+00:00,2026-09-10 16:35:17.835314+00:00,,,,,0.381,0.902,1.9020000000000001,0.31,24.784,28.679,55.056,CONFIRMED
M01,55749,2026-09-10 16:35:18.859409+00:00,2026-09-10 16:35:18.898449+00:00,2026-09-10 16:35:18.838437+00:00,2026-09-10 16:35:18.857325+00:00,2026-09-10 16:35:18.838964+00:00,2026-09-10 16:35:18.840255+00:00,2026-09-10 16:35:18.840827+00:00,,,,,0.527,1.2910000000000001,18.360999999999997,0.5720000000000001,18.582,39.04,60.012,CONFIRMED
M01,55750,2026-09-10 16:35:19.876878+00:00,2026-09-10 16:35:19.905120+00:00,2026-09-10 16:35:19.859487+00:00,2026-09-10 16:35:19.860466+00:00,2026-09-10 16:35:19.859683+00:00,2026-09-10 16:35:19.860373+00:00,2026-09-10 16:35:19.860705+00:00,,,,,0.196,0.69,0.7829999999999999,0.332,16.173,28.242,45.633,CONFIRMED
M01,55751,2026-09-10 16:35:20.882742+00:00,2026-09-10 16:35:20.912321+00:00,2026-09-10 16:35:20.862244+00:00,2026-09-10 16:35:20.863347+00:00,2026-09-10 16:35:20.862423+00:00,2026-09-10 16:35:20.863249+00:00,2026-09-10 16:35:20.863632+00:00,,,,,0.179,0.8260000000000001,0.924,0.383,19.11,29.579,50.077000000000005,CONFIRMED
M01,55752,2026-09-10 16:35:21.885307+00:00,2026-09-10 16:35:21.914999+00:00,2026-09-10 16:35:21.866411+00:00,2026-09-10 16:35:21.868620+00:00,2026-09-10 16:35:21.866828+00:00,2026-09-10 16:35:21.867715+00:00,2026-09-10 16:35:21.868137+00:00,,,,,0.417,0.887,1.792,0.422,17.17,29.692,48.588,CONFIRMED
M01,55753,2026-09-10 16:35:22.903421+00:00,2026-09-10 16:35:22.930778+00:00,2026-09-10 16:35:22.871252+00:00,2026-09-10 16:35:22.883437+00:00,2026-09-10 16:35:22.871601+00:00,2026-09-10 16:35:22.883496+00:00,2026-09-10 16:35:22.883799+00:00,,,,,0.34900000000000003,11.895,11.835999999999999,0.303,19.622,27.357,59.526,CONFIRMED
M01,55754,2026-09-10 16:35:23.923628+00:00,2026-09-10 16:35:23.950973+00:00,2026-09-10 16:35:23.885973+00:00,2026-09-10 16:35:23.904334+00:00,2026-09-10 16:35:23.886420+00:00,2026-09-10 16:35:23.904520+00:00,2026-09-10 16:35:23.905396+00:00,,,,,0.447,18.1,17.913999999999998,0.876,18.232000000000003,27.345000000000002,65.0,CONFIRMED
M01,55755,2026-09-10 16:35:24.932240+00:00,2026-09-10 16:35:24.968600+00:00,2026-09-10 16:35:24.909819+00:00,2026-09-10 16:35:24.910992+00:00,2026-09-10 16:35:24.910153+00:00,2026-09-10 16:35:24.911074+00:00,2026-09-10 16:35:24.911482+00:00,,,,,0.33399999999999996,0.921,0.839,0.408,20.758,36.36000000000001,58.781,CONFIRMED
M01,55756,2026-09-10 16:35:25.940960+00:00,2026-09-10 16:35:25.965217+00:00,2026-09-10 16:35:25.914401+00:00,2026-09-10 16:35:25.916847+00:00,2026-09-10 16:35:25.914741+00:00,2026-09-10 16:35:25.916950+00:00,2026-09-10 16:35:25.917583+00:00,,,,,0.34,2.209,2.106,0.633,23.377,24.257,50.816,CONFIRMED
M01,55757,2026-09-10 16:35:26.941838+00:00,2026-09-10 16:35:26.968611+00:00,2026-09-10 16:35:26.924526+00:00,2026-09-10 16:35:26.926290+00:00,2026-09-10 16:35:26.924777+00:00,2026-09-10 16:35:26.926295+00:00,2026-09-10 16:35:26.926571+00:00,,,,,0.251,1.518,1.5130000000000001,0.27599999999999997,15.267,26.773000000000003,44.085,CONFIRMED
M01,55758,2026-09-10 16:35:27.955071+00:00,2026-09-10 16:35:27.979722+00:00,2026-09-10 16:35:27.930070+00:00,2026-09-10 16:35:27.932212+00:00,2026-09-10 16:35:27.930596+00:00,2026-09-10 16:35:27.932307+00:00,2026-09-10 16:35:27.933185+00:00,,,,,0.526,1.711,1.616,0.878,21.886,24.651,49.652,CONFIRMED
M01,55759,2026-09-10 16:35:28.973825+00:00,2026-09-10 16:35:29.000705+00:00,2026-09-10 16:35:28.950261+00:00,2026-09-10 16:35:28.951755+00:00,2026-09-10 16:35:28.950562+00:00,2026-09-10 16:35:28.951795+00:00,2026-09-10 16:35:28.952931+00:00,,,,,0.301,1.2329999999999999,1.193,1.1360000000000001,20.894,26.880000000000003,50.444,CONFIRMED
M01,55760,2026-09-10 16:35:29.978777+00:00,2026-09-10 16:35:30.010636+00:00,2026-09-10 16:35:29.957752+00:00,2026-09-10 16:35:29.959723+00:00,2026-09-10 16:35:29.958237+00:00,2026-09-10 16:35:29.959853+00:00,2026-09-10 16:35:29.960960+00:00,,,,,0.48500000000000004,1.616,1.486,1.107,17.817,31.858999999999998,52.884,CONFIRMED
M01,55761,2026-09-10 16:35:30.991545+00:00,2026-09-10 16:35:31.018902+00:00,2026-09-10 16:35:30.965195+00:00,2026-09-10 16:35:30.968322+00:00,2026-09-10 16:35:30.965599+00:00,2026-09-10 16:35:30.967826+00:00,2026-09-10 16:35:30.968632+00:00,,,,,0.404,2.227,2.7230000000000003,0.8059999999999999,22.913,27.357,53.707,CONFIRMED
M01,55762,2026-09-10 16:35:32.003927+00:00,2026-09-10 16:35:32.036560+00:00,2026-09-10 16:35:31.971532+00:00,2026-09-10 16:35:31.973808+00:00,2026-09-10 16:35:31.971738+00:00,2026-09-10 16:35:31.972598+00:00,2026-09-10 16:35:31.978330+00:00,,,,,0.206,0.86,2.07,5.732,25.597,32.633,65.028,CONFIRMED
M01,55763,2026-09-10 16:35:33.004992+00:00,2026-09-10 16:35:33.036691+00:00,2026-09-10 16:35:32.980896+00:00,2026-09-10 16:35:32.987230+00:00,2026-09-10 16:35:32.981311+00:00,2026-09-10 16:35:32.983047+00:00,2026-09-10 16:35:32.983878+00:00,,,,,0.415,1.736,5.919,0.8310000000000001,21.114,31.698999999999998,55.794999999999995,CONFIRMED
M01,55764,2026-09-10 16:35:34.009284+00:00,2026-09-10 16:35:34.037023+00:00,2026-09-10 16:35:33.992258+00:00,2026-09-10 16:35:33.993460+00:00,2026-09-10 16:35:33.992469+00:00,2026-09-10 16:35:33.993395+00:00,2026-09-10 16:35:33.993801+00:00,,,,,0.211,0.9259999999999999,0.9909999999999999,0.406,15.483,27.739,44.765,CONFIRMED
M01,55765,2026-09-10 16:35:35.021263+00:00,2026-09-10 16:35:35.048268+00:00,2026-09-10 16:35:34.997610+00:00,2026-09-10 16:35:35.003585+00:00,2026-09-10 16:35:34.998002+00:00,2026-09-10 16:35:34.999557+00:00,2026-09-10 16:35:35.000382+00:00,,,,,0.392,1.555,5.583,0.825,20.881,27.005000000000003,50.658,CONFIRMED
M01,55766,2026-09-10 16:35:36.040330+00:00,2026-09-10 16:35:36.066179+00:00,2026-09-10 16:35:36.014929+00:00,2026-09-10 16:35:36.016301+00:00,2026-09-10 16:35:36.015146+00:00,2026-09-10 16:35:36.017627+00:00,2026-09-10 16:35:36.018237+00:00,,,,,0.217,2.4810000000000003,1.155,0.61,22.093,25.849,51.25,CONFIRMED
M01,55767,2026-09-10 16:35:37.049110+00:00,2026-09-10 16:35:37.075990+00:00,2026-09-10 16:35:37.022711+00:00,2026-09-10 16:35:37.024723+00:00,2026-09-10 16:35:37.023071+00:00,2026-09-10 16:35:37.024281+00:00,2026-09-10 16:35:37.025015+00:00,,,,,0.36000000000000004,1.21,1.6520000000000001,0.734,24.095,26.880000000000003,53.279,CONFIRMED
M01,55768,2026-09-10 16:35:38.055755+00:00,2026-09-10 16:35:38.080494+00:00,2026-09-10 16:35:38.032449+00:00,2026-09-10 16:35:38.033340+00:00,2026-09-10 16:35:38.032593+00:00,2026-09-10 16:35:38.033270+00:00,2026-09-10 16:35:38.033908+00:00,,,,,0.14400000000000002,0.6769999999999999,0.747,0.638,21.846999999999998,24.739,48.044999999999995,CONFIRMED
M01,55769,2026-09-10 16:35:39.060160+00:00,2026-09-10 16:35:39.085074+00:00,2026-09-10 16:35:39.036856+00:00,2026-09-10 16:35:39.042135+00:00,2026-09-10 16:35:39.037061+00:00,2026-09-10 16:35:39.037997+00:00,2026-09-10 16:35:39.038389+00:00,,,,,0.205,0.9359999999999999,5.074000000000001,0.392,21.770999999999997,24.913999999999998,48.217999999999996,CONFIRMED
M01,55770,2026-09-10 16:35:40.068702+00:00,2026-09-10 16:35:40.098251+00:00,2026-09-10 16:35:40.046547+00:00,2026-09-10 16:35:40.052169+00:00,2026-09-10 16:35:40.049516+00:00,2026-09-10 16:35:40.051165+00:00,2026-09-10 16:35:40.051504+00:00,,,,,2.969,1.649,2.653,0.339,17.198,29.549,51.704,CONFIRMED
M01,55771,2026-09-10 16:35:41.075053+00:00,2026-09-10 16:35:41.098264+00:00,2026-09-10 16:35:41.056159+00:00,2026-09-10 16:35:41.057726+00:00,2026-09-10 16:35:41.056458+00:00,2026-09-10 16:35:41.057679+00:00,2026-09-10 16:35:41.058320+00:00,,,,,0.299,1.221,1.268,0.641,16.733,23.211,42.105,CONFIRMED
M01,55772,2026-09-10 16:35:42.084879+00:00,2026-09-10 16:35:42.113591+00:00,2026-09-10 16:35:42.061448+00:00,2026-09-10 16:35:42.063086+00:00,2026-09-10 16:35:42.061748+00:00,2026-09-10 16:35:42.062973+00:00,2026-09-10 16:35:42.063416+00:00,,,,,0.3,1.2249999999999999,1.338,0.443,21.463,28.712,52.143,CONFIRMED
M01,55773,2026-09-10 16:35:43.091180+00:00,2026-09-10 16:35:43.123945+00:00,2026-09-10 16:35:43.073746+00:00,2026-09-10 16:35:43.074677+00:00,2026-09-10 16:35:43.073971+00:00,2026-09-10 16:35:43.074672+00:00,2026-09-10 16:35:43.074977+00:00,,,,,0.225,0.7010000000000001,0.7060000000000001,0.305,16.203,32.765,50.199,CONFIRMED
M01,55774,2026-09-10 16:35:44.101164+00:00,2026-09-10 16:35:44.127212+00:00,2026-09-10 16:35:44.079340+00:00,2026-09-10 16:35:44.080828+00:00,2026-09-10 16:35:44.079747+00:00,2026-09-10 16:35:44.080645+00:00,2026-09-10 16:35:44.081393+00:00,,,,,0.40700000000000003,0.898,1.081,0.748,19.771,26.048000000000002,47.872,CONFIRMED
M01,55775,2026-09-10 16:35:45.113958+00:00,2026-09-10 16:35:45.141646+00:00,2026-09-10 16:35:45.089892+00:00,2026-09-10 16:35:45.091614+00:00,2026-09-10 16:35:45.090277+00:00,2026-09-10 16:35:45.091494+00:00,2026-09-10 16:35:45.092547+00:00,,,,,0.38499999999999995,1.217,1.3370000000000002,1.053,21.410999999999998,27.688000000000002,51.754000000000005,CONFIRMED
M01,55776,2026-09-10 16:35:46.122436+00:00,2026-09-10 16:35:46.149678+00:00,2026-09-10 16:35:46.095777+00:00,2026-09-10 16:35:46.097626+00:00,2026-09-10 16:35:46.096129+00:00,2026-09-10 16:35:46.097690+00:00,2026-09-10 16:35:46.098551+00:00,,,,,0.352,1.5610000000000002,1.497,0.861,23.885,27.241999999999997,53.900999999999996,CONFIRMED
M01,55777,2026-09-10 16:35:47.123515+00:00,2026-09-10 16:35:47.149413+00:00,2026-09-10 16:35:47.102485+00:00,2026-09-10 16:35:47.106351+00:00,2026-09-10 16:35:47.102835+00:00,2026-09-10 16:35:47.104375+00:00,2026-09-10 16:35:47.105048+00:00,,,,,0.35,1.5399999999999998,3.516,0.673,18.467000000000002,25.898,46.928,CONFIRMED
M01,55778,2026-09-10 16:35:48.133883+00:00,2026-09-10 16:35:48.169881+00:00,2026-09-10 16:35:48.110668+00:00,2026-09-10 16:35:48.113651+00:00,2026-09-10 16:35:48.111068+00:00,2026-09-10 16:35:48.113920+00:00,2026-09-10 16:35:48.114433+00:00,,,,,0.4,2.852,2.5829999999999997,0.513,19.45,35.998000000000005,59.213,CONFIRMED
M01,55779,2026-09-10 16:35:49.179993+00:00,2026-09-10 16:35:49.212484+00:00,2026-09-10 16:35:49.118602+00:00,2026-09-10 16:35:49.121090+00:00,2026-09-10 16:35:49.119145+00:00,2026-09-10 16:35:49.121110+00:00,2026-09-10 16:35:49.122245+00:00,,,,,0.5429999999999999,1.965,1.9449999999999998,1.135,57.748,32.491,93.88199999999999,CONFIRMED
M01,55780,2026-09-10 16:35:50.190243+00:00,2026-09-10 16:35:50.223955+00:00,2026-09-10 16:35:50.130211+00:00,2026-09-10 16:35:50.132669+00:00,2026-09-10 16:35:50.130616+00:00,2026-09-10 16:35:50.132555+00:00,2026-09-10 16:35:50.133854+00:00,,,,,0.40499999999999997,1.939,2.053,1.299,56.389,33.711999999999996,93.744,CONFIRMED
M01,55781,2026-09-10 16:35:51.214935+00:00,2026-09-10 16:35:51.255530+00:00,2026-09-10 16:35:51.138469+00:00,2026-09-10 16:35:51.140773+00:00,2026-09-10 16:35:51.138861+00:00,2026-09-10 16:35:51.142607+00:00,2026-09-10 16:35:51.145333+00:00,,,,,0.392,3.746,1.9120000000000001,2.726,69.602,40.595,117.06099999999999,CONFIRMED
M01,55782,2026-09-10 16:35:52.201992+00:00,2026-09-10 16:35:52.239186+00:00,2026-09-10 16:35:52.146721+00:00,2026-09-10 16:35:52.157299+00:00,2026-09-10 16:35:52.147029+00:00,2026-09-10 16:35:52.157332+00:00,2026-09-10 16:35:52.159288+00:00,,,,,0.308,10.302999999999999,10.27,1.9559999999999997,42.704,37.193999999999996,92.465,CONFIRMED
M01,55783,2026-09-10 16:35:53.187574+00:00,2026-09-10 16:35:53.213260+00:00,2026-09-10 16:35:53.164430+00:00,2026-09-10 16:35:53.166649+00:00,2026-09-10 16:35:53.164782+00:00,2026-09-10 16:35:53.166713+00:00,2026-09-10 16:35:53.168592+00:00,,,,,0.352,1.931,1.867,1.879,18.982,25.686,48.83,CONFIRMED
M01,55784,2026-09-10 16:35:54.202073+00:00,2026-09-10 16:35:54.225315+00:00,2026-09-10 16:35:54.171163+00:00,2026-09-10 16:35:54.179023+00:00,2026-09-10 16:35:54.171731+00:00,2026-09-10 16:35:54.177142+00:00,2026-09-10 16:35:54.177761+00:00,,,,,0.5680000000000001,5.411,7.292,0.619,24.312,23.241999999999997,54.152,CONFIRMED
M01,55785,2026-09-10 16:35:55.211247+00:00,2026-09-10 16:35:55.236064+00:00,2026-09-10 16:35:55.182468+00:00,2026-09-10 16:35:55.185141+00:00,2026-09-10 16:35:55.182853+00:00,2026-09-10 16:35:55.184758+00:00,2026-09-10 16:35:55.185377+00:00,,,,,0.38499999999999995,1.905,2.2880000000000003,0.619,25.87,24.817,53.596,CONFIRMED
M01,55786,2026-09-10 16:35:56.215540+00:00,2026-09-10 16:35:56.239213+00:00,2026-09-10 16:35:56.189507+00:00,2026-09-10 16:35:56.191178+00:00,2026-09-10 16:35:56.189865+00:00,2026-09-10 16:35:56.191104+00:00,2026-09-10 16:35:56.198115+00:00,,,,,0.358,1.239,1.313,7.011,17.425,23.673,49.706,CONFIRMED
M01,55787,2026-09-10 16:35:57.229308+00:00,2026-09-10 16:35:57.255909+00:00,2026-09-10 16:35:57.204783+00:00,2026-09-10 16:35:57.213558+00:00,2026-09-10 16:35:57.205148+00:00,2026-09-10 16:35:57.206676+00:00,2026-09-10 16:35:57.207473+00:00,,,,,0.365,1.528,8.41,0.7969999999999999,21.835,26.601,51.126,CONFIRMED
M01,55788,2026-09-10 16:35:58.241880+00:00,2026-09-10 16:35:58.266174+00:00,2026-09-10 16:35:58.219045+00:00,2026-09-10 16:35:58.223727+00:00,2026-09-10 16:35:58.219378+00:00,2026-09-10 16:35:58.221297+00:00,2026-09-10 16:35:58.222182+00:00,,,,,0.333,1.9189999999999998,4.348999999999999,0.885,19.698,24.294,47.129,CONFIRMED
M01,55789,2026-09-10 16:35:59.273819+00:00,2026-09-10 16:35:59.299983+00:00,2026-09-10 16:35:59.233858+00:00,2026-09-10 16:35:59.254945+00:00,2026-09-10 16:35:59.234132+00:00,2026-09-10 16:35:59.254730+00:00,2026-09-10 16:35:59.256383+00:00,,,,,0.27399999999999997,20.598000000000003,20.813000000000002,1.653,17.436,26.164,66.125,CONFIRMED
M01,55790,2026-09-10 16:36:00.280589+00:00,2026-09-10 16:36:00.308953+00:00,2026-09-10 16:36:00.257534+00:00,2026-09-10 16:36:00.268312+00:00,2026-09-10 16:36:00.257757+00:00,2026-09-10 16:36:00.262157+00:00,2026-09-10 16:36:00.262494+00:00,,,,,0.223,4.4,10.555,0.337,18.095,28.364,51.419,CONFIRMED
M01,55791,2026-09-10 16:36:01.297871+00:00,2026-09-10 16:36:01.326234+00:00,2026-09-10 16:36:01.274301+00:00,2026-09-10 16:36:01.274975+00:00,2026-09-10 16:36:01.274451+00:00,2026-09-10 16:36:01.275061+00:00,2026-09-10 16:36:01.275649+00:00,,,,,0.15,0.61,0.524,0.588,22.221999999999998,28.363,51.933,CONFIRMED
M01,55792,2026-09-10 16:36:02.300067+00:00,2026-09-10 16:36:02.333511+00:00,2026-09-10 16:36:02.278291+00:00,2026-09-10 16:36:02.280431+00:00,2026-09-10 16:36:02.278709+00:00,2026-09-10 16:36:02.284312+00:00,2026-09-10 16:36:02.284755+00:00,,,,,0.41800000000000004,5.603000000000001,1.722,0.443,15.312,33.444,55.22,CONFIRMED
M01,55793,2026-09-10 16:36:03.311064+00:00,2026-09-10 16:36:03.343611+00:00,2026-09-10 16:36:03.285747+00:00,2026-09-10 16:36:03.287141+00:00,2026-09-10 16:36:03.286095+00:00,2026-09-10 16:36:03.287052+00:00,2026-09-10 16:36:03.287453+00:00,,,,,0.348,0.957,1.046,0.40099999999999997,23.611,32.547,57.864,CONFIRMED
M01,55794,2026-09-10 16:36:04.314654+00:00,2026-09-10 16:36:04.341167+00:00,2026-09-10 16:36:04.291736+00:00,2026-09-10 16:36:04.293811+00:00,2026-09-10 16:36:04.292147+00:00,2026-09-10 16:36:04.293990+00:00,2026-09-10 16:36:04.295006+00:00,,,,,0.41100000000000003,1.843,1.664,1.016,19.648,26.512999999999998,49.431000000000004,CONFIRMED
M01,55795,2026-09-10 16:36:05.326256+00:00,2026-09-10 16:36:05.366041+00:00,2026-09-10 16:36:05.298590+00:00,2026-09-10 16:36:05.324836+00:00,2026-09-10 16:36:05.299022+00:00,2026-09-10 16:36:05.304800+00:00,2026-09-10 16:36:05.305120+00:00,,,,,0.432,5.7780000000000005,25.814,0.32,21.136,39.785000000000004,67.451,CONFIRMED
M01,55796,2026-09-10 16:36:06.353681+00:00,2026-09-10 16:36:06.382602+00:00,2026-09-10 16:36:06.329324+00:00,2026-09-10 16:36:06.333113+00:00,2026-09-10 16:36:06.329689+00:00,2026-09-10 16:36:06.331833+00:00,2026-09-10 16:36:06.332782+00:00,,,,,0.365,2.144,3.424,0.949,20.899,28.921,53.278,CONFIRMED
M01,55797,2026-09-10 16:36:07.360837+00:00,2026-09-10 16:36:07.387278+00:00,2026-09-10 16:36:07.336617+00:00,2026-09-10 16:36:07.338576+00:00,2026-09-10 16:36:07.336916+00:00,2026-09-10 16:36:07.338083+00:00,2026-09-10 16:36:07.338536+00:00,,,,,0.299,1.167,1.66,0.453,22.301000000000002,26.441,50.660999999999994,CONFIRMED
M01,55798,2026-09-10 16:36:08.376315+00:00,2026-09-10 16:36:08.408294+00:00,2026-09-10 16:36:08.353157+00:00,2026-09-10 16:36:08.356321+00:00,2026-09-10 16:36:08.353595+00:00,2026-09-10 16:36:08.355290+00:00,2026-09-10 16:36:08.355979+00:00,,,,,0.438,1.6949999999999998,2.726,0.6890000000000001,20.336,31.979,55.137,CONFIRMED
M01,55799,2026-09-10 16:36:09.378050+00:00,2026-09-10 16:36:09.402813+00:00,2026-09-10 16:36:09.360172+00:00,2026-09-10 16:36:09.362571+00:00,2026-09-10 16:36:09.360587+00:00,2026-09-10 16:36:09.362483+00:00,2026-09-10 16:36:09.363020+00:00,,,,,0.415,1.896,1.984,0.537,15.03,24.763,42.641,CONFIRMED
M01,55800,2026-09-10 16:36:10.388306+00:00,2026-09-10 16:36:10.417761+00:00,2026-09-10 16:36:10.366713+00:00,2026-09-10 16:36:10.367763+00:00,2026-09-10 16:36:10.367018+00:00,2026-09-10 16:36:10.367652+00:00,2026-09-10 16:36:10.368106+00:00,,,,,0.305,0.634,0.745,0.45399999999999996,20.2,29.455,51.048,CONFIRMED
M01,55801,2026-09-10 16:36:11.399286+00:00,2026-09-10 16:36:11.426018+00:00,2026-09-10 16:36:11.380461+00:00,2026-09-10 16:36:11.382985+00:00,2026-09-10 16:36:11.380681+00:00,2026-09-10 16:36:11.381485+00:00,2026-09-10 16:36:11.382063+00:00,,,,,0.22,0.804,2.3040000000000003,0.578,17.223,26.732,45.557,CONFIRMED
M01,55802,2026-09-10 16:36:12.415556+00:00,2026-09-10 16:36:12.449849+00:00,2026-09-10 16:36:12.387306+00:00,2026-09-10 16:36:12.388985+00:00,2026-09-10 16:36:12.387571+00:00,2026-09-10 16:36:12.388778+00:00,2026-09-10 16:36:12.389382+00:00,,,,,0.265,1.2069999999999999,1.414,0.6040000000000001,26.174,34.293,62.543,CONFIRMED
M01,55803,2026-09-10 16:36:13.429039+00:00,2026-09-10 16:36:13.454229+00:00,2026-09-10 16:36:13.409489+00:00,2026-09-10 16:36:13.413269+00:00,2026-09-10 16:36:13.409766+00:00,2026-09-10 16:36:13.411233+00:00,2026-09-10 16:36:13.411661+00:00,,,,,0.277,1.467,3.503,0.428,17.378,25.19,44.74,CONFIRMED
M01,55804,2026-09-10 16:36:14.441191+00:00,2026-09-10 16:36:14.472654+00:00,2026-09-10 16:36:14.417675+00:00,2026-09-10 16:36:14.427684+00:00,2026-09-10 16:36:14.418146+00:00,2026-09-10 16:36:14.419850+00:00,2026-09-10 16:36:14.420681+00:00,,,,,0.47100000000000003,1.704,9.538,0.8310000000000001,20.51,31.462999999999997,54.979,CONFIRMED
M01,55805,2026-09-10 16:36:15.463061+00:00,2026-09-10 16:36:15.489050+00:00,2026-09-10 16:36:15.438219+00:00,2026-09-10 16:36:15.439405+00:00,2026-09-10 16:36:15.438475+00:00,2026-09-10 16:36:15.439295+00:00,2026-09-10 16:36:15.439763+00:00,,,,,0.256,0.82,0.93,0.46799999999999997,23.298,25.989,50.831,CONFIRMED
M01,55806,2026-09-10 16:36:16.461558+00:00,2026-09-10 16:36:16.494355+00:00,2026-09-10 16:36:16.442359+00:00,2026-09-10 16:36:16.443120+00:00,2026-09-10 16:36:16.442605+00:00,2026-09-10 16:36:16.443184+00:00,2026-09-10 16:36:16.443488+00:00,,,,,0.24600000000000002,0.579,0.515,0.304,18.07,32.797,51.996,CONFIRMED
M01,55807,2026-09-10 16:36:17.470554+00:00,2026-09-10 16:36:17.498198+00:00,2026-09-10 16:36:17.445284+00:00,2026-09-10 16:36:17.447095+00:00,2026-09-10 16:36:17.445439+00:00,2026-09-10 16:36:17.446156+00:00,2026-09-10 16:36:17.446539+00:00,,,,,0.155,0.717,1.656,0.383,24.015,27.644,52.914,CONFIRMED
M01,55808,2026-09-10 16:36:18.475760+00:00,2026-09-10 16:36:18.505782+00:00,2026-09-10 16:36:18.450995+00:00,2026-09-10 16:36:18.454805+00:00,2026-09-10 16:36:18.451224+00:00,2026-09-10 16:36:18.451865+00:00,2026-09-10 16:36:18.452182+00:00,,,,,0.229,0.641,3.581,0.317,23.578000000000003,30.022,54.787,CONFIRMED
M01,55809,2026-09-10 16:36:19.492624+00:00,2026-09-10 16:36:19.520655+00:00,2026-09-10 16:36:19.457754+00:00,2026-09-10 16:36:19.459768+00:00,2026-09-10 16:36:19.458141+00:00,2026-09-10 16:36:19.459755+00:00,2026-09-10 16:36:19.460535+00:00,,,,,0.38699999999999996,1.6139999999999999,1.627,0.78,32.089,28.031,62.900999999999996,CONFIRMED
M01,55810,2026-09-10 16:36:20.488394+00:00,2026-09-10 16:36:20.522144+00:00,2026-09-10 16:36:20.464316+00:00,2026-09-10 16:36:20.465314+00:00,2026-09-10 16:36:20.464495+00:00,2026-09-10 16:36:20.465412+00:00,2026-09-10 16:36:20.465841+00:00,,,,,0.179,0.9169999999999999,0.819,0.429,22.553,33.75,57.827999999999996,CONFIRMED
M01,55811,2026-09-10 16:36:21.494205+00:00,2026-09-10 16:36:21.523262+00:00,2026-09-10 16:36:21.471793+00:00,2026-09-10 16:36:21.472993+00:00,2026-09-10 16:36:21.472136+00:00,2026-09-10 16:36:21.473136+00:00,2026-09-10 16:36:21.473567+00:00,,,,,0.34299999999999997,1.0,0.857,0.431,20.638,29.057,51.469,CONFIRMED
M01,55812,2026-09-10 16:36:22.498446+00:00,2026-09-10 16:36:22.523606+00:00,2026-09-10 16:36:22.478617+00:00,2026-09-10 16:36:22.480021+00:00,2026-09-10 16:36:22.479022+00:00,2026-09-10 16:36:22.480573+00:00,2026-09-10 16:36:22.481342+00:00,,,,,0.40499999999999997,1.5510000000000002,0.9990000000000001,0.769,17.104000000000003,25.159999999999997,44.989000000000004,CONFIRMED
M01,55813,2026-09-10 16:36:23.506748+00:00,2026-09-10 16:36:23.536276+00:00,2026-09-10 16:36:23.485433+00:00,2026-09-10 16:36:23.489736+00:00,2026-09-10 16:36:23.485765+00:00,2026-09-10 16:36:23.486714+00:00,2026-09-10 16:36:23.487156+00:00,,,,,0.332,0.949,3.9709999999999996,0.442,19.592,29.528,50.842999999999996,CONFIRMED
M01,55814,2026-09-10 16:36:24.545774+00:00,2026-09-10 16:36:24.569922+00:00,2026-09-10 16:36:24.506584+00:00,2026-09-10 16:36:24.528131+00:00,2026-09-10 16:36:24.506795+00:00,2026-09-10 16:36:24.527971+00:00,2026-09-10 16:36:24.528526+00:00,,,,,0.211,21.176000000000002,21.336000000000002,0.555,17.248,24.148,63.33800000000001,CONFIRMED
M01,55815,2026-09-10 16:36:25.549526+00:00,2026-09-10 16:36:25.574925+00:00,2026-09-10 16:36:25.531102+00:00,2026-09-10 16:36:25.531940+00:00,2026-09-10 16:36:25.531299+00:00,2026-09-10 16:36:25.532051+00:00,2026-09-10 16:36:25.532677+00:00,,,,,0.19699999999999998,0.752,0.641,0.626,16.849,25.399,43.823,CONFIRMED
M01,55816,2026-09-10 16:36:26.562716+00:00,2026-09-10 16:36:26.594007+00:00,2026-09-10 16:36:26.535650+00:00,2026-09-10 16:36:26.536407+00:00,2026-09-10 16:36:26.535814+00:00,2026-09-10 16:36:26.536429+00:00,2026-09-10 16:36:26.536857+00:00,,,,,0.164,0.615,0.593,0.428,25.859,31.291,58.357,CONFIRMED
M01,55817,2026-09-10 16:36:27.559216+00:00,2026-09-10 16:36:27.586866+00:00,2026-09-10 16:36:27.540320+00:00,2026-09-10 16:36:27.541160+00:00,2026-09-10 16:36:27.540494+00:00,2026-09-10 16:36:27.541082+00:00,2026-09-10 16:36:27.541458+00:00,,,,,0.174,0.588,0.666,0.376,17.758,27.650000000000002,46.546,CONFIRMED
M01,55818,2026-09-10 16:36:28.578853+00:00,2026-09-10 16:36:28.610574+00:00,2026-09-10 16:36:28.545172+00:00,2026-09-10 16:36:28.546454+00:00,2026-09-10 16:36:28.545462+00:00,2026-09-10 16:36:28.546351+00:00,2026-09-10 16:36:28.546859+00:00,,,,,0.29,0.889,0.992,0.508,31.994000000000003,31.721,65.402,CONFIRMED
M01,55819,2026-09-10 16:36:29.582898+00:00,2026-09-10 16:36:29.618258+00:00,2026-09-10 16:36:29.550034+00:00,2026-09-10 16:36:29.557141+00:00,2026-09-10 16:36:29.550274+00:00,2026-09-10 16:36:29.559541+00:00,2026-09-10 16:36:29.559881+00:00,,,,,0.24000000000000002,9.267,6.867,0.34,23.017,35.36,68.224,CONFIRMED
M01,55820,2026-09-10 16:36:30.585387+00:00,2026-09-10 16:36:30.621601+00:00,2026-09-10 16:36:30.562325+00:00,2026-09-10 16:36:30.563255+00:00,2026-09-10 16:36:30.562517+00:00,2026-09-10 16:36:30.563063+00:00,2026-09-10 16:36:30.563472+00:00,,,,,0.192,0.546,0.7380000000000001,0.40900000000000003,21.915,36.214000000000006,59.276,CONFIRMED
M01,55821,2026-09-10 16:36:31.594096+00:00,2026-09-10 16:36:31.618632+00:00,2026-09-10 16:36:31.566466+00:00,2026-09-10 16:36:31.570062+00:00,2026-09-10 16:36:31.566824+00:00,2026-09-10 16:36:31.569884+00:00,2026-09-10 16:36:31.570456+00:00,,,,,0.358,3.0599999999999996,3.238,0.5720000000000001,23.64,24.535999999999998,52.166,CONFIRMED
M01,55822,2026-09-10 16:36:32.600750+00:00,2026-09-10 16:36:32.625360+00:00,2026-09-10 16:36:32.578769+00:00,2026-09-10 16:36:32.584547+00:00,2026-09-10 16:36:32.578931+00:00,2026-09-10 16:36:32.579849+00:00,2026-09-10 16:36:32.580217+00:00,,,,,0.162,0.9179999999999999,5.6160000000000005,0.368,20.532999999999998,24.61,46.591,CONFIRMED
M01,55823,2026-09-10 16:36:33.605026+00:00,2026-09-10 16:36:33.630572+00:00,2026-09-10 16:36:33.587789+00:00,2026-09-10 16:36:33.588945+00:00,2026-09-10 16:36:33.588041+00:00,2026-09-10 16:36:33.589140+00:00,2026-09-10 16:36:33.589500+00:00,,,,,0.252,1.099,0.9039999999999999,0.36000000000000004,15.526,25.546,42.783,CONFIRMED
M01,55824,2026-09-10 16:36:34.629157+00:00,2026-09-10 16:36:34.658323+00:00,2026-09-10 16:36:34.591744+00:00,2026-09-10 16:36:34.606502+00:00,2026-09-10 16:36:34.593423+00:00,2026-09-10 16:36:34.607029+00:00,2026-09-10 16:36:34.607510+00:00,,,,,1.6789999999999998,13.606,13.079,0.481,21.647,29.166,66.579,CONFIRMED
M01,55825,2026-09-10 16:36:35.636103+00:00,2026-09-10 16:36:35.664333+00:00,2026-09-10 16:36:35.610418+00:00,2026-09-10 16:36:35.612885+00:00,2026-09-10 16:36:35.610630+00:00,2026-09-10 16:36:35.612320+00:00,2026-09-10 16:36:35.612714+00:00,,,,,0.212,1.6900000000000002,2.255,0.39399999999999996,23.389,28.23,53.915,CONFIRMED
M01,55826,2026-09-10 16:36:36.643125+00:00,2026-09-10 16:36:36.708685+00:00,2026-09-10 16:36:36.618085+00:00,2026-09-10 16:36:36.618965+00:00,2026-09-10 16:36:36.618275+00:00,2026-09-10 16:36:36.619097+00:00,2026-09-10 16:36:36.619816+00:00,,,,,0.19,0.8220000000000001,0.69,0.719,23.309,65.55999999999999,90.6,CONFIRMED
M01,55827,2026-09-10 16:36:37.645405+00:00,2026-09-10 16:36:37.669960+00:00,2026-09-10 16:36:37.622290+00:00,2026-09-10 16:36:37.624594+00:00,2026-09-10 16:36:37.622631+00:00,2026-09-10 16:36:37.624363+00:00,2026-09-10 16:36:37.625017+00:00,,,,,0.34099999999999997,1.732,1.9629999999999999,0.6539999999999999,20.387999999999998,24.555,47.669999999999995,CONFIRMED
M01,55828,2026-09-10 16:36:38.655282+00:00,2026-09-10 16:36:38.684814+00:00,2026-09-10 16:36:38.628592+00:00,2026-09-10 16:36:38.631711+00:00,2026-09-10 16:36:38.629128+00:00,2026-09-10 16:36:38.631599+00:00,2026-09-10 16:36:38.632111+00:00,,,,,0.536,2.471,2.5829999999999997,0.512,23.171,29.532,56.222,CONFIRMED
M01,55829,2026-09-10 16:36:39.664816+00:00,2026-09-10 16:36:39.688583+00:00,2026-09-10 16:36:39.641642+00:00,2026-09-10 16:36:39.643452+00:00,2026-09-10 16:36:39.641941+00:00,2026-09-10 16:36:39.642850+00:00,2026-09-10 16:36:39.643398+00:00,,,,,0.299,0.909,1.511,0.5479999999999999,21.418,23.767,46.940999999999995,CONFIRMED
M01,55830,2026-09-10 16:36:40.683758+00:00,2026-09-10 16:36:40.710322+00:00,2026-09-10 16:36:40.661518+00:00,2026-09-10 16:36:40.664050+00:00,2026-09-10 16:36:40.661920+00:00,2026-09-10 16:36:40.663377+00:00,2026-09-10 16:36:40.664249+00:00,,,,,0.402,1.4569999999999999,2.13,0.8720000000000001,19.509,26.564,48.804,CONFIRMED
M01,55831,2026-09-10 16:36:41.690062+00:00,2026-09-10 16:36:41.714468+00:00,2026-09-10 16:36:41.668512+00:00,2026-09-10 16:36:41.670434+00:00,2026-09-10 16:36:41.669010+00:00,2026-09-10 16:36:41.670534+00:00,2026-09-10 16:36:41.671533+00:00,,,,,0.49799999999999994,1.524,1.424,0.9990000000000001,18.529,24.406000000000002,45.955999999999996,CONFIRMED
M01,55832,2026-09-10 16:36:42.704034+00:00,2026-09-10 16:36:42.729692+00:00,2026-09-10 16:36:42.676059+00:00,2026-09-10 16:36:42.684838+00:00,2026-09-10 16:36:42.676249+00:00,2026-09-10 16:36:42.684941+00:00,2026-09-10 16:36:42.685319+00:00,,,,,0.19,8.692,8.588999999999999,0.378,18.715,25.658,53.633,CONFIRMED
M01,55833,2026-09-10 16:36:43.719394+00:00,2026-09-10 16:36:43.747654+00:00,2026-09-10 16:36:43.687167+00:00,2026-09-10 16:36:43.696162+00:00,2026-09-10 16:36:43.687566+00:00,2026-09-10 16:36:43.696430+00:00,2026-09-10 16:36:43.697925+00:00,,,,,0.399,8.864,8.596,1.495,21.468999999999998,28.26,60.487,CONFIRMED
M01,55834,2026-09-10 16:36:44.725282+00:00,2026-09-10 16:36:44.752062+00:00,2026-09-10 16:36:44.700282+00:00,2026-09-10 16:36:44.703530+00:00,2026-09-10 16:36:44.700467+00:00,2026-09-10 16:36:44.701255+00:00,2026-09-10 16:36:44.701649+00:00,,,,,0.185,0.7879999999999999,3.063,0.39399999999999996,23.633000000000003,26.78,51.78,CONFIRMED
M01,55835,2026-09-10 16:36:45.729152+00:00,2026-09-10 16:36:45.754689+00:00,2026-09-10 16:36:45.707649+00:00,2026-09-10 16:36:45.708533+00:00,2026-09-10 16:36:45.707853+00:00,2026-09-10 16:36:45.708491+00:00,2026-09-10 16:36:45.708988+00:00,,,,,0.204,0.638,0.68,0.49700000000000005,20.164,25.537,47.04,CONFIRMED
M01,55836,2026-09-10 16:36:46.736788+00:00,2026-09-10 16:36:46.768144+00:00,2026-09-10 16:36:46.711183+00:00,2026-09-10 16:36:46.714169+00:00,2026-09-10 16:36:46.711363+00:00,2026-09-10 16:36:46.714210+00:00,2026-09-10 16:36:46.714594+00:00,,,,,0.18000000000000002,2.847,2.806,0.384,22.194,31.356,56.961,CONFIRMED
M01,55837,2026-09-10 16:36:47.753296+00:00,2026-09-10 16:36:47.779079+00:00,2026-09-10 16:36:47.719093+00:00,2026-09-10 16:36:47.724232+00:00,2026-09-10 16:36:47.719343+00:00,2026-09-10 16:36:47.724537+00:00,2026-09-10 16:36:47.737859+00:00,,,,,0.25,5.194,4.889,13.322000000000001,15.437,25.783,59.986,CONFIRMED
M01,55838,2026-09-10 16:36:48.769682+00:00,2026-09-10 16:36:48.796752+00:00,2026-09-10 16:36:48.740880+00:00,2026-09-10 16:36:48.748249+00:00,2026-09-10 16:36:48.741201+00:00,2026-09-10 16:36:48.742973+00:00,2026-09-10 16:36:48.743621+00:00,,,,,0.321,1.772,7.047999999999999,0.648,26.061,27.07,55.872,CONFIRMED
M01,55839,2026-09-10 16:36:49.779867+00:00,2026-09-10 16:36:49.809381+00:00,2026-09-10 16:36:49.752750+00:00,2026-09-10 16:36:49.753424+00:00,2026-09-10 16:36:49.752913+00:00,2026-09-10 16:36:49.753417+00:00,2026-09-10 16:36:49.753777+00:00,,,,,0.163,0.504,0.5109999999999999,0.36000000000000004,26.09,29.514,56.631,CONFIRMED
M01,55840,2026-09-10 16:36:50.775177+00:00,2026-09-10 16:36:50.801258+00:00,2026-09-10 16:36:50.756875+00:00,2026-09-10 16:36:50.758411+00:00,2026-09-10 16:36:50.757284+00:00,2026-09-10 16:36:50.759004+00:00,2026-09-10 16:36:50.759663+00:00,,,,,0.40900000000000003,1.72,1.127,0.6589999999999999,15.514,26.081,44.382999999999996,CONFIRMED
M01,55841,2026-09-10 16:36:51.784064+00:00,2026-09-10 16:36:51.814406+00:00,2026-09-10 16:36:51.763449+00:00,2026-09-10 16:36:51.764889+00:00,2026-09-10 16:36:51.763685+00:00,2026-09-10 16:36:51.764803+00:00,2026-09-10 16:36:51.765182+00:00,,,,,0.236,1.118,1.204,0.379,18.881999999999998,30.342000000000002,50.957,CONFIRMED
M01,55842,2026-09-10 16:36:52.790135+00:00,2026-09-10 16:36:52.814866+00:00,2026-09-10 16:36:52.768244+00:00,2026-09-10 16:36:52.771277+00:00,2026-09-10 16:36:52.768498+00:00,2026-09-10 16:36:52.769631+00:00,2026-09-10 16:36:52.770130+00:00,,,,,0.254,1.1329999999999998,2.779,0.499,20.005,24.730999999999998,46.622,CONFIRMED
M01,55843,2026-09-10 16:36:53.800760+00:00,2026-09-10 16:36:53.831864+00:00,2026-09-10 16:36:53.774139+00:00,2026-09-10 16:36:53.777335+00:00,2026-09-10 16:36:53.774292+00:00,2026-09-10 16:36:53.775253+00:00,2026-09-10 16:36:53.775680+00:00,,,,,0.153,0.9610000000000001,3.043,0.42700000000000005,25.080000000000002,31.104,57.725,CONFIRMED
M01,55844,2026-09-10 16:36:54.800458+00:00,2026-09-10 16:36:54.826648+00:00,2026-09-10 16:36:54.780425+00:00,2026-09-10 16:36:54.784079+00:00,2026-09-10 16:36:54.780780+00:00,2026-09-10 16:36:54.782562+00:00,2026-09-10 16:36:54.783332+00:00,,,,,0.355,1.782,3.299,0.7699999999999999,17.125999999999998,26.19,46.223,CONFIRMED
M01,55845,2026-09-10 16:36:55.812452+00:00,2026-09-10 16:36:55.842076+00:00,2026-09-10 16:36:55.790454+00:00,2026-09-10 16:36:55.809029+00:00,2026-09-10 16:36:55.790711+00:00,2026-09-10 16:36:55.791686+00:00,2026-09-10 16:36:55.792165+00:00,,,,,0.257,0.975,18.318,0.479,20.287,29.624000000000002,51.622,CONFIRMED
M01,55846,2026-09-10 16:36:56.841422+00:00,2026-09-10 16:36:56.867486+00:00,2026-09-10 16:36:56.811121+00:00,2026-09-10 16:36:56.811939+00:00,2026-09-10 16:36:56.811261+00:00,2026-09-10 16:36:56.813638+00:00,2026-09-10 16:36:56.822227+00:00,,,,,0.13999999999999999,2.3770000000000002,0.678,8.588999999999999,19.195,26.064,56.364999999999995,CONFIRMED
M01,55847,2026-09-10 16:36:57.854422+00:00,2026-09-10 16:36:57.880033+00:00,2026-09-10 16:36:57.825561+00:00,2026-09-10 16:36:57.827893+00:00,2026-09-10 16:36:57.825905+00:00,2026-09-10 16:36:57.827842+00:00,2026-09-10 16:36:57.828863+00:00,,,,,0.34400000000000003,1.9369999999999998,1.9880000000000002,1.021,25.558999999999997,25.610999999999997,54.472,CONFIRMED
M01,55848,2026-09-10 16:36:58.854979+00:00,2026-09-10 16:36:58.881233+00:00,2026-09-10 16:36:58.833155+00:00,2026-09-10 16:36:58.838009+00:00,2026-09-10 16:36:58.833389+00:00,2026-09-10 16:36:58.834835+00:00,2026-09-10 16:36:58.835472+00:00,,,,,0.23399999999999999,1.446,4.62,0.637,19.507,26.253999999999998,48.078,CONFIRMED
M01,55849,2026-09-10 16:36:59.869778+00:00,2026-09-10 16:36:59.897288+00:00,2026-09-10 16:36:59.841092+00:00,2026-09-10 16:36:59.857738+00:00,2026-09-10 16:36:59.841446+00:00,2026-09-10 16:36:59.843679+00:00,2026-09-10 16:36:59.844534+00:00,,,,,0.354,2.233,16.292,0.855,25.244,27.509999999999998,56.196000000000005,CONFIRMED
M01,55850,2026-09-10 16:37:00.889783+00:00,2026-09-10 16:37:00.916991+00:00,2026-09-10 16:37:00.860863+00:00,2026-09-10 16:37:00.863867+00:00,2026-09-10 16:37:00.861333+00:00,2026-09-10 16:37:00.863375+00:00,2026-09-10 16:37:00.864723+00:00,,,,,0.47,2.042,2.534,1.348,25.06,27.208,56.128,CONFIRMED
M01,55851,2026-09-10 16:37:01.903022+00:00,2026-09-10 16:37:01.933324+00:00,2026-09-10 16:37:01.869703+00:00,2026-09-10 16:37:01.880183+00:00,2026-09-10 16:37:01.870352+00:00,2026-09-10 16:37:01.879965+00:00,2026-09-10 16:37:01.880439+00:00,,,,,0.6489999999999999,9.613,9.831,0.474,22.583,30.302,63.620999999999995,CONFIRMED
M01,55852,2026-09-10 16:37:02.921930+00:00,2026-09-10 16:37:02.949836+00:00,2026-09-10 16:37:02.888130+00:00,2026-09-10 16:37:02.891663+00:00,2026-09-10 16:37:02.888369+00:00,2026-09-10 16:37:02.891825+00:00,2026-09-10 16:37:02.892381+00:00,,,,,0.23900000000000002,3.456,3.294,0.5559999999999999,29.549,27.906,61.705999999999996,CONFIRMED
M01,55853,2026-09-10 16:37:03.920475+00:00,2026-09-10 16:37:03.944187+00:00,2026-09-10 16:37:03.894995+00:00,2026-09-10 16:37:03.897391+00:00,2026-09-10 16:37:03.895399+00:00,2026-09-10 16:37:03.897426+00:00,2026-09-10 16:37:03.898213+00:00,,,,,0.404,2.027,1.9919999999999998,0.787,22.262,23.712,49.192,CONFIRMED
M01,55854,2026-09-10 16:37:04.936593+00:00,2026-09-10 16:37:04.961858+00:00,2026-09-10 16:37:04.901568+00:00,2026-09-10 16:37:04.904766+00:00,2026-09-10 16:37:04.902049+00:00,2026-09-10 16:37:04.910942+00:00,2026-09-10 16:37:04.911684+00:00,,,,,0.481,8.893,2.7169999999999996,0.742,24.909,25.265,60.290000000000006,CONFIRMED
M01,55855,2026-09-10 16:37:05.946854+00:00,2026-09-10 16:37:05.973087+00:00,2026-09-10 16:37:05.915731+00:00,2026-09-10 16:37:05.927139+00:00,2026-09-10 16:37:05.916272+00:00,2026-09-10 16:37:05.926979+00:00,2026-09-10 16:37:05.927352+00:00,,,,,0.541,10.706999999999999,10.866999999999999,0.373,19.502,26.233,57.355999999999995,CONFIRMED
M01,55856,2026-09-10 16:37:06.970055+00:00,2026-09-10 16:37:06.995524+00:00,2026-09-10 16:37:06.934106+00:00,2026-09-10 16:37:06.956088+00:00,2026-09-10 16:37:06.934483+00:00,2026-09-10 16:37:06.936297+00:00,2026-09-10 16:37:06.937003+00:00,,,,,0.377,1.814,21.605,0.7060000000000001,33.052,25.468999999999998,61.418,CONFIRMED
M01,55857,2026-09-10 16:37:07.999408+00:00,2026-09-10 16:37:08.024324+00:00,2026-09-10 16:37:07.958074+00:00,2026-09-10 16:37:07.959395+00:00,2026-09-10 16:37:07.958333+00:00,2026-09-10 16:37:07.970313+00:00,2026-09-10 16:37:07.970798+00:00,,,,,0.259,11.979999999999999,1.062,0.48500000000000004,28.61,24.916,66.25,CONFIRMED
M01,55858,2026-09-10 16:37:08.989715+00:00,2026-09-10 16:37:09.021062+00:00,2026-09-10 16:37:08.971722+00:00,2026-09-10 16:37:08.973380+00:00,2026-09-10 16:37:08.972168+00:00,2026-09-10 16:37:08.973573+00:00,2026-09-10 16:37:08.974229+00:00,,,,,0.446,1.405,1.212,0.656,15.486,31.347,49.34,CONFIRMED
M01,55859,2026-09-10 16:37:09.997139+00:00,2026-09-10 16:37:10.022769+00:00,2026-09-10 16:37:09.978683+00:00,2026-09-10 16:37:09.981219+00:00,2026-09-10 16:37:09.979098+00:00,2026-09-10 16:37:09.980949+00:00,2026-09-10 16:37:09.981671+00:00,,,,,0.415,1.851,2.121,0.722,15.468,25.63,44.086,CONFIRMED
M01,55860,2026-09-10 16:37:11.011100+00:00,2026-09-10 16:37:11.036036+00:00,2026-09-10 16:37:10.985353+00:00,2026-09-10 16:37:10.987126+00:00,2026-09-10 16:37:10.985598+00:00,2026-09-10 16:37:10.987538+00:00,2026-09-10 16:37:10.987960+00:00,,,,,0.245,1.9400000000000002,1.528,0.422,23.14,24.936,50.683,CONFIRMED
M01,55861,2026-09-10 16:37:12.016353+00:00,2026-09-10 16:37:12.051815+00:00,2026-09-10 16:37:11.990024+00:00,2026-09-10 16:37:11.992660+00:00,2026-09-10 16:37:11.990305+00:00,2026-09-10 16:37:11.991144+00:00,2026-09-10 16:37:11.991559+00:00,,,,,0.281,0.839,2.355,0.415,24.794,35.462,61.791,CONFIRMED
M01,55862,2026-09-10 16:37:13.022947+00:00,2026-09-10 16:37:13.052871+00:00,2026-09-10 16:37:12.997588+00:00,2026-09-10 16:37:12.998660+00:00,2026-09-10 16:37:12.997749+00:00,2026-09-10 16:37:12.998643+00:00,2026-09-10 16:37:12.999186+00:00,,,,,0.161,0.894,0.911,0.5429999999999999,23.761,29.924,55.283,CONFIRMED
M01,55863,2026-09-10 16:37:14.030013+00:00,2026-09-10 16:37:14.053809+00:00,2026-09-10 16:37:14.005113+00:00,2026-09-10 16:37:14.009357+00:00,2026-09-10 16:37:14.005651+00:00,2026-09-10 16:37:14.007931+00:00,2026-09-10 16:37:14.008533+00:00,,,,,0.5379999999999999,2.28,3.706,0.602,21.48,23.796000000000003,48.696000000000005,CONFIRMED
M01,55864,2026-09-10 16:37:15.036550+00:00,2026-09-10 16:37:15.074556+00:00,2026-09-10 16:37:15.012811+00:00,2026-09-10 16:37:15.014274+00:00,2026-09-10 16:37:15.012976+00:00,2026-09-10 16:37:15.014072+00:00,2026-09-10 16:37:15.014552+00:00,,,,,0.165,1.0959999999999999,1.2979999999999998,0.48000000000000004,21.998,38.006,61.745000000000005,CONFIRMED
M01,55865,2026-09-10 16:37:16.038804+00:00,2026-09-10 16:37:16.067398+00:00,2026-09-10 16:37:16.018244+00:00,2026-09-10 16:37:16.019564+00:00,2026-09-10 16:37:16.018591+00:00,2026-09-10 16:37:16.019751+00:00,2026-09-10 16:37:16.020300+00:00,,,,,0.347,1.16,0.973,0.549,18.504,28.594,49.154,CONFIRMED
M01,55866,2026-09-10 16:37:17.043649+00:00,2026-09-10 16:37:17.072082+00:00,2026-09-10 16:37:17.023018+00:00,2026-09-10 16:37:17.024269+00:00,2026-09-10 16:37:17.023272+00:00,2026-09-10 16:37:17.024257+00:00,2026-09-10 16:37:17.024811+00:00,,,,,0.254,0.985,0.9970000000000001,0.554,18.838,28.433,49.064,CONFIRMED
M01,55867,2026-09-10 16:37:18.049444+00:00,2026-09-10 16:37:18.076975+00:00,2026-09-10 16:37:18.026622+00:00,2026-09-10 16:37:18.029470+00:00,2026-09-10 16:37:18.026852+00:00,2026-09-10 16:37:18.029171+00:00,2026-09-10 16:37:18.029729+00:00,,,,,0.23,2.319,2.618,0.558,19.715,27.531,50.353,CONFIRMED
M01,55868,2026-09-10 16:37:19.055164+00:00,2026-09-10 16:37:19.079404+00:00,2026-09-10 16:37:19.032294+00:00,2026-09-10 16:37:19.033763+00:00,2026-09-10 16:37:19.032606+00:00,2026-09-10 16:37:19.033825+00:00,2026-09-10 16:37:19.034619+00:00,,,,,0.312,1.219,1.157,0.794,20.545,24.240000000000002,47.11,CONFIRMED
M01,55869,2026-09-10 16:37:20.059051+00:00,2026-09-10 16:37:20.085410+00:00,2026-09-10 16:37:20.038650+00:00,2026-09-10 16:37:20.039838+00:00,2026-09-10 16:37:20.038867+00:00,2026-09-10 16:37:20.039754+00:00,2026-09-10 16:37:20.040215+00:00,,,,,0.217,0.887,0.971,0.46099999999999997,18.836,26.359,46.760000000000005,CONFIRMED
M01,55870,2026-09-10 16:37:21.064320+00:00,2026-09-10 16:37:21.098483+00:00,2026-09-10 16:37:21.043585+00:00,2026-09-10 16:37:21.045283+00:00,2026-09-10 16:37:21.043971+00:00,2026-09-10 16:37:21.044664+00:00,2026-09-10 16:37:21.045181+00:00,,,,,0.386,0.6930000000000001,1.312,0.517,19.139,34.163,54.898,CONFIRMED
M01,55871,2026-09-10 16:37:22.076645+00:00,2026-09-10 16:37:22.101717+00:00,2026-09-10 16:37:22.049651+00:00,2026-09-10 16:37:22.057743+00:00,2026-09-10 16:37:22.050096+00:00,2026-09-10 16:37:22.057685+00:00,2026-09-10 16:37:22.058689+00:00,,,,,0.44499999999999995,7.589,7.647,1.004,17.956,25.072,52.066,CONFIRMED
M01,55872,2026-09-10 16:37:23.081816+00:00,2026-09-10 16:37:23.105970+00:00,2026-09-10 16:37:23.062438+00:00,2026-09-10 16:37:23.063703+00:00,2026-09-10 16:37:23.062778+00:00,2026-09-10 16:37:23.063911+00:00,2026-09-10 16:37:23.065009+00:00,,,,,0.34,1.1329999999999998,0.925,1.098,16.807,24.154,43.532000000000004,CONFIRMED
M01,55873,2026-09-10 16:37:24.090336+00:00,2026-09-10 16:37:24.114878+00:00,2026-09-10 16:37:24.067229+00:00,2026-09-10 16:37:24.070655+00:00,2026-09-10 16:37:24.067706+00:00,2026-09-10 16:37:24.069371+00:00,2026-09-10 16:37:24.070277+00:00,,,,,0.477,1.665,2.949,0.906,20.059,24.542,47.648999999999994,CONFIRMED
M01,55874,2026-09-10 16:37:25.117414+00:00,2026-09-10 16:37:25.143051+00:00,2026-09-10 16:37:25.075976+00:00,2026-09-10 16:37:25.079809+00:00,2026-09-10 16:37:25.076233+00:00,2026-09-10 16:37:25.097231+00:00,2026-09-10 16:37:25.097764+00:00,,,,,0.257,20.997999999999998,3.576,0.533,19.650000000000002,25.637,67.07499999999999,CONFIRMED
M01,55875,2026-09-10 16:37:26.119079+00:00,2026-09-10 16:37:26.147206+00:00,2026-09-10 16:37:26.100386+00:00,2026-09-10 16:37:26.102343+00:00,2026-09-10 16:37:26.100811+00:00,2026-09-10 16:37:26.102454+00:00,2026-09-10 16:37:26.103011+00:00,,,,,0.425,1.643,1.532,0.5569999999999999,16.067999999999998,28.127,46.82,CONFIRMED
M01,55876,2026-09-10 16:37:27.139401+00:00,2026-09-10 16:37:27.164145+00:00,2026-09-10 16:37:27.106361+00:00,2026-09-10 16:37:27.116358+00:00,2026-09-10 16:37:27.106961+00:00,2026-09-10 16:37:27.117681+00:00,2026-09-10 16:37:27.118452+00:00,,,,,0.6,10.72,9.397,0.771,20.948999999999998,24.744,57.784,CONFIRMED
M01,55877,2026-09-10 16:37:28.153736+00:00,2026-09-10 16:37:28.181428+00:00,2026-09-10 16:37:28.130248+00:00,2026-09-10 16:37:28.131909+00:00,2026-09-10 16:37:28.130477+00:00,2026-09-10 16:37:28.131758+00:00,2026-09-10 16:37:28.132352+00:00,,,,,0.229,1.281,1.432,0.594,21.384,27.692,51.18000000000001,CONFIRMED
M01,55878,2026-09-10 16:37:29.153785+00:00,2026-09-10 16:37:29.179300+00:00,2026-09-10 16:37:29.135186+00:00,2026-09-10 16:37:29.138925+00:00,2026-09-10 16:37:29.135501+00:00,2026-09-10 16:37:29.136926+00:00,2026-09-10 16:37:29.138042+00:00,,,,,0.315,1.425,3.424,1.116,15.743,25.515,44.114,CONFIRMED
M01,55879,2026-09-10 16:37:30.166121+00:00,2026-09-10 16:37:30.195553+00:00,2026-09-10 16:37:30.141248+00:00,2026-09-10 16:37:30.142123+00:00,2026-09-10 16:37:30.141439+00:00,2026-09-10 16:37:30.142108+00:00,2026-09-10 16:37:30.142532+00:00,,,,,0.191,0.669,0.684,0.424,23.589,29.432,54.305,CONFIRMED
M01,55880,2026-09-10 16:37:31.175989+00:00,2026-09-10 16:37:31.204424+00:00,2026-09-10 16:37:31.153201+00:00,2026-09-10 16:37:31.156673+00:00,2026-09-10 16:37:31.153435+00:00,2026-09-10 16:37:31.154882+00:00,2026-09-10 16:37:31.155457+00:00,,,,,0.23399999999999999,1.4469999999999998,3.238,0.575,20.532,28.435,51.223,CONFIRMED
M01,55881,2026-09-10 16:37:32.178571+00:00,2026-09-10 16:37:32.205046+00:00,2026-09-10 16:37:32.160014+00:00,2026-09-10 16:37:32.160862+00:00,2026-09-10 16:37:32.160261+00:00,2026-09-10 16:37:32.160892+00:00,2026-09-10 16:37:32.161330+00:00,,,,,0.247,0.631,0.601,0.438,17.241,26.474999999999998,45.032000000000004,CONFIRMED
M01,55882,2026-09-10 16:37:33.188470+00:00,2026-09-10 16:37:33.213789+00:00,2026-09-10 16:37:33.164023+00:00,2026-09-10 16:37:33.165646+00:00,2026-09-10 16:37:33.164316+00:00,2026-09-10 16:37:33.166068+00:00,2026-09-10 16:37:33.167737+00:00,,,,,0.29300000000000004,1.752,1.33,1.6689999999999998,20.733,25.319000000000003,49.766,CONFIRMED
M01,55883,2026-09-10 16:37:34.196023+00:00,2026-09-10 16:37:34.231125+00:00,2026-09-10 16:37:34.169995+00:00,2026-09-10 16:37:34.171033+00:00,2026-09-10 16:37:34.170245+00:00,2026-09-10 16:37:34.171070+00:00,2026-09-10 16:37:34.171479+00:00,,,,,0.25,0.825,0.7879999999999999,0.40900000000000003,24.544,35.102000000000004,61.129999999999995,CONFIRMED
M01,55884,2026-09-10 16:37:35.203482+00:00,2026-09-10 16:37:35.229091+00:00,2026-09-10 16:37:35.180468+00:00,2026-09-10 16:37:35.182903+00:00,2026-09-10 16:37:35.180856+00:00,2026-09-10 16:37:35.182921+00:00,2026-09-10 16:37:35.183624+00:00,,,,,0.388,2.065,2.047,0.703,19.858,25.608999999999998,48.623,CONFIRMED
M01,55885,2026-09-10 16:37:36.216907+00:00,2026-09-10 16:37:36.242912+00:00,2026-09-10 16:37:36.187606+00:00,2026-09-10 16:37:36.188387+00:00,2026-09-10 16:37:36.187772+00:00,2026-09-10 16:37:36.188565+00:00,2026-09-10 16:37:36.189397+00:00,,,,,0.166,0.7929999999999999,0.615,0.832,27.509999999999998,26.005,55.306000000000004,CONFIRMED
M01,55886,2026-09-10 16:37:37.210683+00:00,2026-09-10 16:37:37.237963+00:00,2026-09-10 16:37:37.191516+00:00,2026-09-10 16:37:37.192528+00:00,2026-09-10 16:37:37.191724+00:00,2026-09-10 16:37:37.192607+00:00,2026-09-10 16:37:37.193014+00:00,,,,,0.208,0.883,0.804,0.40700000000000003,17.669,27.279999999999998,46.447,CONFIRMED
M01,55887,2026-09-10 16:37:38.219707+00:00,2026-09-10 16:37:38.248991+00:00,2026-09-10 16:37:38.195973+00:00,2026-09-10 16:37:38.199696+00:00,2026-09-10 16:37:38.196283+00:00,2026-09-10 16:37:38.198569+00:00,2026-09-10 16:37:38.199614+00:00,,,,,0.31,2.286,3.413,1.045,20.093,29.284000000000002,53.018,CONFIRMED
M01,55888,2026-09-10 16:37:39.227059+00:00,2026-09-10 16:37:39.258185+00:00,2026-09-10 16:37:39.205270+00:00,2026-09-10 16:37:39.209780+00:00,2026-09-10 16:37:39.205444+00:00,2026-09-10 16:37:39.207436+00:00,2026-09-10 16:37:39.207749+00:00,,,,,0.174,1.9919999999999998,4.335999999999999,0.313,19.310000000000002,31.126,52.915,CONFIRMED
M01,55889,2026-09-10 16:37:40.235559+00:00,2026-09-10 16:37:40.260645+00:00,2026-09-10 16:37:40.212574+00:00,2026-09-10 16:37:40.214850+00:00,2026-09-10 16:37:40.212945+00:00,2026-09-10 16:37:40.214953+00:00,2026-09-10 16:37:40.215553+00:00,,,,,0.371,2.008,1.905,0.6,20.006,25.086000000000002,48.071000000000005,CONFIRMED
M01,55890,2026-09-10 16:37:41.243003+00:00,2026-09-10 16:37:41.267882+00:00,2026-09-10 16:37:41.220050+00:00,2026-09-10 16:37:41.224832+00:00,2026-09-10 16:37:41.220365+00:00,2026-09-10 16:37:41.221823+00:00,2026-09-10 16:37:41.222732+00:00,,,,,0.315,1.4580000000000002,4.467,0.909,20.271,24.878999999999998,47.832,CONFIRMED
M01,55891,2026-09-10 16:37:42.256517+00:00,2026-09-10 16:37:42.281242+00:00,2026-09-10 16:37:42.231655+00:00,2026-09-10 16:37:42.235871+00:00,2026-09-10 16:37:42.232086+00:00,2026-09-10 16:37:42.236748+00:00,2026-09-10 16:37:42.237095+00:00,,,,,0.431,4.662,3.785,0.347,19.421999999999997,24.725,49.586999999999996,CONFIRMED
M01,55892,2026-09-10 16:37:43.267195+00:00,2026-09-10 16:37:43.292381+00:00,2026-09-10 16:37:43.243360+00:00,2026-09-10 16:37:43.245243+00:00,2026-09-10 16:37:43.243587+00:00,2026-09-10 16:37:43.244947+00:00,2026-09-10 16:37:43.245483+00:00,,,,,0.22699999999999998,1.36,1.656,0.536,21.712,25.186,49.021,CONFIRMED
M01,55893,2026-09-10 16:37:44.275114+00:00,2026-09-10 16:37:44.301440+00:00,2026-09-10 16:37:44.248219+00:00,2026-09-10 16:37:44.266556+00:00,2026-09-10 16:37:44.248460+00:00,2026-09-10 16:37:44.249899+00:00,2026-09-10 16:37:44.250464+00:00,,,,,0.241,1.439,18.096,0.565,24.65,26.325999999999997,53.221,CONFIRMED
M01,55894,2026-09-10 16:37:45.312288+00:00,2026-09-10 16:37:45.338185+00:00,2026-09-10 16:37:45.271021+00:00,2026-09-10 16:37:45.274879+00:00,2026-09-10 16:37:45.271185+00:00,2026-09-10 16:37:45.287155+00:00,2026-09-10 16:37:45.287569+00:00,,,,,0.164,15.970000000000002,3.694,0.414,24.719,25.897,67.164,CONFIRMED
M01,55895,2026-09-10 16:37:46.325781+00:00,2026-09-10 16:37:46.355300+00:00,2026-09-10 16:37:46.296556+00:00,2026-09-10 16:37:46.304593+00:00,2026-09-10 16:37:46.297008+00:00,2026-09-10 16:37:46.304132+00:00,2026-09-10 16:37:46.304806+00:00,,,,,0.45199999999999996,7.1240000000000006,7.585,0.674,20.975,29.519,58.744,CONFIRMED
M01,55896,2026-09-10 16:37:47.335013+00:00,2026-09-10 16:37:47.359405+00:00,2026-09-10 16:37:47.308936+00:00,2026-09-10 16:37:47.310258+00:00,2026-09-10 16:37:47.309112+00:00,2026-09-10 16:37:47.311643+00:00,2026-09-10 16:37:47.312363+00:00,,,,,0.176,2.5309999999999997,1.1460000000000001,0.7200000000000001,22.65,24.392,50.469,CONFIRMED
M01,55897,2026-09-10 16:37:48.342283+00:00,2026-09-10 16:37:48.369390+00:00,2026-09-10 16:37:48.315886+00:00,2026-09-10 16:37:48.317517+00:00,2026-09-10 16:37:48.316086+00:00,2026-09-10 16:37:48.317710+00:00,2026-09-10 16:37:48.318093+00:00,,,,,0.2,1.624,1.431,0.383,24.19,27.107,53.504000000000005,CONFIRMED
M01,55898,2026-09-10 16:37:49.348453+00:00,2026-09-10 16:37:49.371767+00:00,2026-09-10 16:37:49.322983+00:00,2026-09-10 16:37:49.325518+00:00,2026-09-10 16:37:49.323432+00:00,2026-09-10 16:37:49.325112+00:00,2026-09-10 16:37:49.325840+00:00,,,,,0.449,1.6800000000000002,2.0860000000000003,0.728,22.613,23.314,48.784,CONFIRMED
M01,55899,2026-09-10 16:37:50.351412+00:00,2026-09-10 16:37:50.375007+00:00,2026-09-10 16:37:50.330276+00:00,2026-09-10 16:37:50.334112+00:00,2026-09-10 16:37:50.330685+00:00,2026-09-10 16:37:50.332367+00:00,2026-09-10 16:37:50.332908+00:00,,,,,0.40900000000000003,1.682,3.427,0.541,18.504,23.595000000000002,44.731,CONFIRMED
M01,55900,2026-09-10 16:37:51.356570+00:00,2026-09-10 16:37:51.382143+00:00,2026-09-10 16:37:51.336718+00:00,2026-09-10 16:37:51.338800+00:00,2026-09-10 16:37:51.337172+00:00,2026-09-10 16:37:51.338855+00:00,2026-09-10 16:37:51.339315+00:00,,,,,0.45399999999999996,1.683,1.6280000000000001,0.46,17.255,25.572999999999997,45.425,CONFIRMED
M01,55901,2026-09-10 16:37:52.368625+00:00,2026-09-10 16:37:52.393247+00:00,2026-09-10 16:37:52.343966+00:00,2026-09-10 16:37:52.346154+00:00,2026-09-10 16:37:52.344419+00:00,2026-09-10 16:37:52.346309+00:00,2026-09-10 16:37:52.346807+00:00,,,,,0.453,1.89,1.735,0.49799999999999994,21.818,24.622,49.281,CONFIRMED
M01,55902,2026-09-10 16:37:53.381931+00:00,2026-09-10 16:37:53.409332+00:00,2026-09-10 16:37:53.355438+00:00,2026-09-10 16:37:53.357288+00:00,2026-09-10 16:37:53.355770+00:00,2026-09-10 16:37:53.357465+00:00,2026-09-10 16:37:53.358005+00:00,,,,,0.332,1.6949999999999998,1.518,0.54,23.926,27.401,53.894,CONFIRMED
M01,55903,2026-09-10 16:37:54.385791+00:00,2026-09-10 16:37:54.410280+00:00,2026-09-10 16:37:54.361224+00:00,2026-09-10 16:37:54.362569+00:00,2026-09-10 16:37:54.361514+00:00,2026-09-10 16:37:54.362871+00:00,2026-09-10 16:37:54.365156+00:00,,,,,0.29,1.357,1.055,2.285,20.635,24.489,49.056000000000004,CONFIRMED
M01,55904,2026-09-10 16:37:55.389934+00:00,2026-09-10 16:37:55.416508+00:00,2026-09-10 16:37:55.366789+00:00,2026-09-10 16:37:55.369096+00:00,2026-09-10 16:37:55.367042+00:00,2026-09-10 16:37:55.367902+00:00,2026-09-10 16:37:55.368288+00:00,,,,,0.253,0.86,2.054,0.386,21.645999999999997,26.574,49.719,CONFIRMED
M01,55905,2026-09-10 16:37:56.397099+00:00,2026-09-10 16:37:56.423328+00:00,2026-09-10 16:37:56.372743+00:00,2026-09-10 16:37:56.377322+00:00,2026-09-10 16:37:56.373110+00:00,2026-09-10 16:37:56.375206+00:00,2026-09-10 16:37:56.379428+00:00,,,,,0.367,2.096,4.212,4.222,17.671,26.229,50.585,CONFIRMED
M01,55906,2026-09-10 16:37:57.415753+00:00,2026-09-10 16:37:57.443352+00:00,2026-09-10 16:37:57.389837+00:00,2026-09-10 16:37:57.390969+00:00,2026-09-10 16:37:57.390061+00:00,2026-09-10 16:37:57.390994+00:00,2026-09-10 16:37:57.391375+00:00,,,,,0.224,0.933,0.9079999999999999,0.381,24.378,27.599,53.515,CONFIRMED
M01,55907,2026-09-10 16:37:58.414919+00:00,2026-09-10 16:37:58.440462+00:00,2026-09-10 16:37:58.393243+00:00,2026-09-10 16:37:58.397621+00:00,2026-09-10 16:37:58.393465+00:00,2026-09-10 16:37:58.394560+00:00,2026-09-10 16:37:58.394970+00:00,,,,,0.222,1.095,4.156,0.41,19.949,25.543,47.218999999999994,CONFIRMED
M01,55908,2026-09-10 16:37:59.428058+00:00,2026-09-10 16:37:59.455506+00:00,2026-09-10 16:37:59.401500+00:00,2026-09-10 16:37:59.403972+00:00,2026-09-10 16:37:59.401791+00:00,2026-09-10 16:37:59.402990+00:00,2026-09-10 16:37:59.403423+00:00,,,,,0.29100000000000004,1.199,2.181,0.433,24.635,27.448,54.006,CONFIRMED
M01,55909,2026-09-10 16:38:00.434237+00:00,2026-09-10 16:38:00.463031+00:00,2026-09-10 16:38:00.406486+00:00,2026-09-10 16:38:00.407830+00:00,2026-09-10 16:38:00.406672+00:00,2026-09-10 16:38:00.407227+00:00,2026-09-10 16:38:00.407631+00:00,,,,,0.186,0.555,1.158,0.404,26.606,28.794,56.544999999999995,CONFIRMED
M01,55910,2026-09-10 16:38:01.439431+00:00,2026-09-10 16:38:01.465403+00:00,2026-09-10 16:38:01.412033+00:00,2026-09-10 16:38:01.420390+00:00,2026-09-10 16:38:01.412361+00:00,2026-09-10 16:38:01.419982+00:00,2026-09-10 16:38:01.420369+00:00,,,,,0.328,7.621,8.029,0.38699999999999996,19.061999999999998,25.971999999999998,53.37,CONFIRMED
M01,55911,2026-09-10 16:38:02.451671+00:00,2026-09-10 16:38:02.479237+00:00,2026-09-10 16:38:02.424407+00:00,2026-09-10 16:38:02.427764+00:00,2026-09-10 16:38:02.424881+00:00,2026-09-10 16:38:02.426862+00:00,2026-09-10 16:38:02.427985+00:00,,,,,0.474,1.981,2.883,1.123,23.686,27.566,54.83,CONFIRMED
M01,55912,2026-09-10 16:38:03.474423+00:00,2026-09-10 16:38:03.504132+00:00,2026-09-10 16:38:03.451362+00:00,2026-09-10 16:38:03.452785+00:00,2026-09-10 16:38:03.451593+00:00,2026-09-10 16:38:03.452748+00:00,2026-09-10 16:38:03.453163+00:00,,,,,0.231,1.155,1.192,0.415,21.26,29.709,52.769999999999996,CONFIRMED
M01,55913,2026-09-10 16:38:04.477958+00:00,2026-09-10 16:38:04.501752+00:00,2026-09-10 16:38:04.461189+00:00,2026-09-10 16:38:04.463246+00:00,2026-09-10 16:38:04.461327+00:00,2026-09-10 16:38:04.462275+00:00,2026-09-10 16:38:04.462832+00:00,,,,,0.13799999999999998,0.948,1.9189999999999998,0.5569999999999999,15.126000000000001,23.794,40.563,CONFIRMED
M01,55914,2026-09-10 16:38:05.496328+00:00,2026-09-10 16:38:05.523261+00:00,2026-09-10 16:38:05.467318+00:00,2026-09-10 16:38:05.480187+00:00,2026-09-10 16:38:05.467541+00:00,2026-09-10 16:38:05.480192+00:00,2026-09-10 16:38:05.480511+00:00,,,,,0.223,12.651000000000002,12.645999999999999,0.319,15.817000000000002,26.933,55.943,CONFIRMED
M01,55915,2026-09-10 16:38:06.502434+00:00,2026-09-10 16:38:06.538101+00:00,2026-09-10 16:38:06.484162+00:00,2026-09-10 16:38:06.486171+00:00,2026-09-10 16:38:06.484606+00:00,2026-09-10 16:38:06.485349+00:00,2026-09-10 16:38:06.485692+00:00,,,,,0.444,0.743,1.565,0.34299999999999997,16.742,35.666999999999994,53.939,CONFIRMED
M01,55916,2026-09-10 16:38:07.525082+00:00,2026-09-10 16:38:07.548991+00:00,2026-09-10 16:38:07.498636+00:00,2026-09-10 16:38:07.505929+00:00,2026-09-10 16:38:07.499093+00:00,2026-09-10 16:38:07.504081+00:00,2026-09-10 16:38:07.504696+00:00,,,,,0.457,4.988,6.836,0.615,20.386000000000003,23.909,50.355,CONFIRMED
M01,55917,2026-09-10 16:38:08.534659+00:00,2026-09-10 16:38:08.559586+00:00,2026-09-10 16:38:08.511670+00:00,2026-09-10 16:38:08.512635+00:00,2026-09-10 16:38:08.511949+00:00,2026-09-10 16:38:08.512631+00:00,2026-09-10 16:38:08.513032+00:00,,,,,0.279,0.6819999999999999,0.6859999999999999,0.40099999999999997,21.627,24.927,47.916,CONFIRMED
M01,55918,2026-09-10 16:38:09.538473+00:00,2026-09-10 16:38:09.567796+00:00,2026-09-10 16:38:09.515148+00:00,2026-09-10 16:38:09.521156+00:00,2026-09-10 16:38:09.515540+00:00,2026-09-10 16:38:09.517347+00:00,2026-09-10 16:38:09.518099+00:00,,,,,0.392,1.807,5.6160000000000005,0.752,20.374,29.322999999999997,52.648,CONFIRMED
M01,55919,2026-09-10 16:38:10.542824+00:00,2026-09-10 16:38:10.568059+00:00,2026-09-10 16:38:10.523808+00:00,2026-09-10 16:38:10.524772+00:00,2026-09-10 16:38:10.524028+00:00,2026-09-10 16:38:10.524906+00:00,2026-09-10 16:38:10.525532+00:00,,,,,0.22,0.878,0.744,0.626,17.291999999999998,25.235,44.251,CONFIRMED
M01,55920,2026-09-10 16:38:11.552236+00:00,2026-09-10 16:38:11.577082+00:00,2026-09-10 16:38:11.528092+00:00,2026-09-10 16:38:11.530419+00:00,2026-09-10 16:38:11.528447+00:00,2026-09-10 16:38:11.529873+00:00,2026-09-10 16:38:11.530609+00:00,,,,,0.355,1.426,1.9719999999999998,0.736,21.627,24.846,48.99,CONFIRMED
M01,55921,2026-09-10 16:38:12.557086+00:00,2026-09-10 16:38:12.585132+00:00,2026-09-10 16:38:12.534585+00:00,2026-09-10 16:38:12.538114+00:00,2026-09-10 16:38:12.534801+00:00,2026-09-10 16:38:12.535772+00:00,2026-09-10 16:38:12.536206+00:00,,,,,0.216,0.971,3.313,0.434,20.88,28.046000000000003,50.547000000000004,CONFIRMED
M01,55922,2026-09-10 16:38:13.566111+00:00,2026-09-10 16:38:13.593013+00:00,2026-09-10 16:38:13.544422+00:00,2026-09-10 16:38:13.547082+00:00,2026-09-10 16:38:13.544830+00:00,2026-09-10 16:38:13.547029+00:00,2026-09-10 16:38:13.547672+00:00,,,,,0.408,2.199,2.2520000000000002,0.643,18.439,26.901999999999997,48.591,CONFIRMED
M01,55923,2026-09-10 16:38:14.573483+00:00,2026-09-10 16:38:14.611018+00:00,2026-09-10 16:38:14.550390+00:00,2026-09-10 16:38:14.551707+00:00,2026-09-10 16:38:14.550542+00:00,2026-09-10 16:38:14.551417+00:00,2026-09-10 16:38:14.551840+00:00,,,,,0.152,0.875,1.165,0.423,21.643,37.535,60.628,CONFIRMED
M01,55924,2026-09-10 16:38:15.582299+00:00,2026-09-10 16:38:15.615070+00:00,2026-09-10 16:38:15.554989+00:00,2026-09-10 16:38:15.556425+00:00,2026-09-10 16:38:15.555375+00:00,2026-09-10 16:38:15.556333+00:00,2026-09-10 16:38:15.556833+00:00,,,,,0.386,0.958,1.05,0.5,25.465999999999998,32.771,60.081,CONFIRMED
M01,55925,2026-09-10 16:38:16.581851+00:00,2026-09-10 16:38:16.609910+00:00,2026-09-10 16:38:16.560065+00:00,2026-09-10 16:38:16.561099+00:00,2026-09-10 16:38:16.560228+00:00,2026-09-10 16:38:16.561138+00:00,2026-09-10 16:38:16.561529+00:00,,,,,0.163,0.91,0.871,0.391,20.322,28.059,49.845,CONFIRMED
M01,55926,2026-09-10 16:38:17.590362+00:00,2026-09-10 16:38:17.623333+00:00,2026-09-10 16:38:17.566664+00:00,2026-09-10 16:38:17.568296+00:00,2026-09-10 16:38:17.566984+00:00,2026-09-10 16:38:17.568388+00:00,2026-09-10 16:38:17.569314+00:00,,,,,0.32,1.4040000000000001,1.312,0.9259999999999999,21.048000000000002,32.971000000000004,56.669,CONFIRMED
M01,55927,2026-09-10 16:38:18.599870+00:00,2026-09-10 16:38:18.632994+00:00,2026-09-10 16:38:18.570892+00:00,2026-09-10 16:38:18.572114+00:00,2026-09-10 16:38:18.571126+00:00,2026-09-10 16:38:18.572268+00:00,2026-09-10 16:38:18.573493+00:00,,,,,0.23399999999999999,1.142,0.988,1.2249999999999999,26.377000000000002,33.124,62.102,CONFIRMED
M01,55928,2026-09-10 16:38:19.607514+00:00,2026-09-10 16:38:19.635468+00:00,2026-09-10 16:38:19.580148+00:00,2026-09-10 16:38:19.581941+00:00,2026-09-10 16:38:19.580504+00:00,2026-09-10 16:38:19.581808+00:00,2026-09-10 16:38:19.582206+00:00,,,,,0.356,1.304,1.4369999999999998,0.398,25.308,27.954,55.32,CONFIRMED
M01,55929,2026-09-10 16:38:20.602524+00:00,2026-09-10 16:38:20.631241+00:00,2026-09-10 16:38:20.584369+00:00,2026-09-10 16:38:20.586307+00:00,2026-09-10 16:38:20.584636+00:00,2026-09-10 16:38:20.585585+00:00,2026-09-10 16:38:20.585975+00:00,,,,,0.26699999999999996,0.949,1.671,0.39,16.549,28.717,46.872,CONFIRMED
M01,55930,2026-09-10 16:38:21.635338+00:00,2026-09-10 16:38:21.663068+00:00,2026-09-10 16:38:21.589009+00:00,2026-09-10 16:38:21.617628+00:00,2026-09-10 16:38:21.589403+00:00,2026-09-10 16:38:21.618216+00:00,2026-09-10 16:38:21.618664+00:00,,,,,0.39399999999999996,28.813,28.225,0.448,16.674000000000003,27.73,74.059,CONFIRMED
M01,55931,2026-09-10 16:38:22.645111+00:00,2026-09-10 16:38:22.671936+00:00,2026-09-10 16:38:22.622688+00:00,2026-09-10 16:38:22.623920+00:00,2026-09-10 16:38:22.622876+00:00,2026-09-10 16:38:22.623545+00:00,2026-09-10 16:38:22.623961+00:00,,,,,0.188,0.669,1.044,0.416,21.15,26.825000000000003,49.248,CONFIRMED
M01,55932,2026-09-10 16:38:23.650286+00:00,2026-09-10 16:38:23.676930+00:00,2026-09-10 16:38:23.631439+00:00,2026-09-10 16:38:23.633626+00:00,2026-09-10 16:38:23.631791+00:00,2026-09-10 16:38:23.633573+00:00,2026-09-10 16:38:23.634074+00:00,,,,,0.352,1.782,1.835,0.501,16.212,26.644000000000002,45.491,CONFIRMED
M01,55933,2026-09-10 16:38:24.684975+00:00,2026-09-10 16:38:24.717336+00:00,2026-09-10 16:38:24.640380+00:00,2026-09-10 16:38:24.641785+00:00,2026-09-10 16:38:24.640551+00:00,2026-09-10 16:38:24.652161+00:00,2026-09-10 16:38:24.653219+00:00,,,,,0.171,11.610000000000001,1.234,1.0579999999999998,31.756,32.361000000000004,76.956,CONFIRMED
M01,55934,2026-09-10 16:38:25.680255+00:00,2026-09-10 16:38:25.703431+00:00,2026-09-10 16:38:25.655028+00:00,2026-09-10 16:38:25.656088+00:00,2026-09-10 16:38:25.655178+00:00,2026-09-10 16:38:25.656816+00:00,2026-09-10 16:38:25.657235+00:00,,,,,0.15,1.638,0.91,0.419,23.02,23.176,48.403,CONFIRMED
M01,55935,2026-09-10 16:38:26.697933+00:00,2026-09-10 16:38:26.723121+00:00,2026-09-10 16:38:26.665751+00:00,2026-09-10 16:38:26.671538+00:00,2026-09-10 16:38:26.666068+00:00,2026-09-10 16:38:26.673667+00:00,2026-09-10 16:38:26.674312+00:00,,,,,0.317,7.599,5.47,0.6449999999999999,23.621,25.188,57.37,CONFIRMED
M01,55936,2026-09-10 16:38:27.705357+00:00,2026-09-10 16:38:27.734959+00:00,2026-09-10 16:38:27.683831+00:00,2026-09-10 16:38:27.685669+00:00,2026-09-10 16:38:27.684262+00:00,2026-09-10 16:38:27.685719+00:00,2026-09-10 16:38:27.686181+00:00,,,,,0.431,1.4569999999999999,1.407,0.462,19.176,29.602,51.128,CONFIRMED
M01,55937,2026-09-10 16:38:28.719628+00:00,2026-09-10 16:38:28.743518+00:00,2026-09-10 16:38:28.690147+00:00,2026-09-10 16:38:28.700899+00:00,2026-09-10 16:38:28.690389+00:00,2026-09-10 16:38:28.691487+00:00,2026-09-10 16:38:28.692072+00:00,,,,,0.242,1.098,10.51,0.585,27.556,23.89,53.371,CONFIRMED
M01,55938,2026-09-10 16:38:29.738360+00:00,2026-09-10 16:38:29.768166+00:00,2026-09-10 16:38:29.715360+00:00,2026-09-10 16:38:29.717621+00:00,2026-09-10 16:38:29.715836+00:00,2026-09-10 16:38:29.717847+00:00,2026-09-10 16:38:29.718531+00:00,,,,,0.47600000000000003,2.011,1.785,0.684,19.829,29.805999999999997,52.806,CONFIRMED
M01,55939,2026-09-10 16:38:30.751061+00:00,2026-09-10 16:38:30.777272+00:00,2026-09-10 16:38:30.725318+00:00,2026-09-10 16:38:30.727939+00:00,2026-09-10 16:38:30.725591+00:00,2026-09-10 16:38:30.727387+00:00,2026-09-10 16:38:30.728068+00:00,,,,,0.273,1.796,2.348,0.6809999999999999,22.993,26.211000000000002,51.954,CONFIRMED
M01,55940,2026-09-10 16:38:31.759645+00:00,2026-09-10 16:38:31.784954+00:00,2026-09-10 16:38:31.740859+00:00,2026-09-10 16:38:31.742469+00:00,2026-09-10 16:38:31.741049+00:00,2026-09-10 16:38:31.741741+00:00,2026-09-10 16:38:31.742203+00:00,,,,,0.19,0.6920000000000001,1.42,0.462,17.442,25.309,44.095,CONFIRMED
M01,55941,2026-09-10 16:38:32.771179+00:00,2026-09-10 16:38:32.798413+00:00,2026-09-10 16:38:32.748043+00:00,2026-09-10 16:38:32.749850+00:00,2026-09-10 16:38:32.748464+00:00,2026-09-10 16:38:32.750192+00:00,2026-09-10 16:38:32.751040+00:00,,,,,0.421,1.728,1.3860000000000001,0.848,20.139,27.234,50.37,CONFIRMED
M01,55942,2026-09-10 16:38:33.777876+00:00,2026-09-10 16:38:33.813759+00:00,2026-09-10 16:38:33.758292+00:00,2026-09-10 16:38:33.758955+00:00,2026-09-10 16:38:33.758447+00:00,2026-09-10 16:38:33.758922+00:00,2026-09-10 16:38:33.759399+00:00,,,,,0.155,0.475,0.508,0.477,18.477,35.882999999999996,55.467000000000006,CONFIRMED
M01,55943,2026-09-10 16:38:34.805257+00:00,2026-09-10 16:38:34.833744+00:00,2026-09-10 16:38:34.777087+00:00,2026-09-10 16:38:34.778092+00:00,2026-09-10 16:38:34.777245+00:00,2026-09-10 16:38:34.778126+00:00,2026-09-10 16:38:34.779372+00:00,,,,,0.158,0.8809999999999999,0.847,1.246,25.884999999999998,28.487,56.657,CONFIRMED
M01,55944,2026-09-10 16:38:35.803962+00:00,2026-09-10 16:38:35.830490+00:00,2026-09-10 16:38:35.784566+00:00,2026-09-10 16:38:35.788260+00:00,2026-09-10 16:38:35.785064+00:00,2026-09-10 16:38:35.786739+00:00,2026-09-10 16:38:35.787261+00:00,,,,,0.49799999999999994,1.675,3.196,0.522,16.701,26.528,45.924,CONFIRMED
M01,55945,2026-09-10 16:38:36.814898+00:00,2026-09-10 16:38:36.838132+00:00,2026-09-10 16:38:36.792443+00:00,2026-09-10 16:38:36.793939+00:00,2026-09-10 16:38:36.792794+00:00,2026-09-10 16:38:36.794043+00:00,2026-09-10 16:38:36.794497+00:00,,,,,0.35100000000000003,1.2489999999999999,1.145,0.45399999999999996,20.401,23.234,45.689,CONFIRMED
M01,55946,2026-09-10 16:38:37.827948+00:00,2026-09-10 16:38:37.852360+00:00,2026-09-10 16:38:37.798882+00:00,2026-09-10 16:38:37.804575+00:00,2026-09-10 16:38:37.799073+00:00,2026-09-10 16:38:37.799795+00:00,2026-09-10 16:38:37.800167+00:00,,,,,0.191,0.722,5.502,0.372,27.781,24.412,53.477999999999994,CONFIRMED
M01,55947,2026-09-10 16:38:38.844832+00:00,2026-09-10 16:38:38.878274+00:00,2026-09-10 16:38:38.818165+00:00,2026-09-10 16:38:38.836713+00:00,2026-09-10 16:38:38.818323+00:00,2026-09-10 16:38:38.819408+00:00,2026-09-10 16:38:38.819815+00:00,,,,,0.158,1.085,18.39,0.40700000000000003,25.017,33.442,60.109,CONFIRMED
M01,55948,2026-09-10 16:38:39.864031+00:00,2026-09-10 16:38:39.890945+00:00,2026-09-10 16:38:39.839456+00:00,2026-09-10 16:38:39.840599+00:00,2026-09-10 16:38:39.839606+00:00,2026-09-10 16:38:39.840542+00:00,2026-09-10 16:38:39.840961+00:00,,,,,0.15,0.9359999999999999,0.993,0.419,23.07,26.914,51.489,CONFIRMED
M01,55949,2026-09-10 16:38:40.863616+00:00,2026-09-10 16:38:40.890647+00:00,2026-09-10 16:38:40.843003+00:00,2026-09-10 16:38:40.843800+00:00,2026-09-10 16:38:40.843140+00:00,2026-09-10 16:38:40.843743+00:00,2026-09-10 16:38:40.844190+00:00,,,,,0.13699999999999998,0.603,0.66,0.447,19.426,27.031,47.644,CONFIRMED
M01,55950,2026-09-10 16:38:41.878058+00:00,2026-09-10 16:38:41.908551+00:00,2026-09-10 16:38:41.847053+00:00,2026-09-10 16:38:41.847842+00:00,2026-09-10 16:38:41.847237+00:00,2026-09-10 16:38:41.847856+00:00,2026-09-10 16:38:41.848465+00:00,,,,,0.184,0.619,0.605,0.609,29.593,30.493,61.498,CONFIRMED
M01,55951,2026-09-10 16:38:42.874245+00:00,2026-09-10 16:38:42.907229+00:00,2026-09-10 16:38:42.850361+00:00,2026-09-10 16:38:42.851698+00:00,2026-09-10 16:38:42.850607+00:00,2026-09-10 16:38:42.852755+00:00,2026-09-10 16:38:42.853297+00:00,,,,,0.24600000000000002,2.148,1.091,0.5419999999999999,20.948,32.984,56.868,CONFIRMED
M01,55952,2026-09-10 16:38:43.876798+00:00,2026-09-10 16:38:43.904029+00:00,2026-09-10 16:38:43.856205+00:00,2026-09-10 16:38:43.856884+00:00,2026-09-10 16:38:43.856353+00:00,2026-09-10 16:38:43.856946+00:00,2026-09-10 16:38:43.857593+00:00,,,,,0.148,0.593,0.531,0.647,19.205,27.231,47.824,CONFIRMED
M01,55953,2026-09-10 16:38:44.887872+00:00,2026-09-10 16:38:44.918988+00:00,2026-09-10 16:38:44.860568+00:00,2026-09-10 16:38:44.861385+00:00,2026-09-10 16:38:44.860744+00:00,2026-09-10 16:38:44.861284+00:00,2026-09-10 16:38:44.861677+00:00,,,,,0.176,0.54,0.641,0.393,26.195,31.116,58.42,CONFIRMED
M01,55954,2026-09-10 16:38:45.890270+00:00,2026-09-10 16:38:45.918209+00:00,2026-09-10 16:38:45.863470+00:00,2026-09-10 16:38:45.864575+00:00,2026-09-10 16:38:45.863747+00:00,2026-09-10 16:38:45.864583+00:00,2026-09-10 16:38:45.865303+00:00,,,,,0.277,0.8360000000000001,0.828,0.7200000000000001,24.967,27.939,54.739000000000004,CONFIRMED
M01,55955,2026-09-10 16:38:46.920259+00:00,2026-09-10 16:38:46.952620+00:00,2026-09-10 16:38:46.869934+00:00,2026-09-10 16:38:46.872820+00:00,2026-09-10 16:38:46.870353+00:00,2026-09-10 16:38:46.873171+00:00,2026-09-10 16:38:46.874793+00:00,,,,,0.419,2.818,2.467,1.6219999999999999,45.466,32.361000000000004,82.68599999999999,CONFIRMED
M01,55956,2026-09-10 16:38:47.943543+00:00,2026-09-10 16:38:47.987119+00:00,2026-09-10 16:38:47.879510+00:00,2026-09-10 16:38:47.885677+00:00,2026-09-10 16:38:47.879942+00:00,2026-09-10 16:38:47.884309+00:00,2026-09-10 16:38:47.885719+00:00,,,,,0.432,4.367,5.734999999999999,1.41,57.824,43.57599999999999,107.609,CONFIRMED
M01,55957,2026-09-10 16:38:48.948380+00:00,2026-09-10 16:38:48.985181+00:00,2026-09-10 16:38:48.891122+00:00,2026-09-10 16:38:48.895519+00:00,2026-09-10 16:38:48.891524+00:00,2026-09-10 16:38:48.897822+00:00,2026-09-10 16:38:48.898546+00:00,,,,,0.402,6.298,3.995,0.7240000000000001,49.834,36.801,94.059,CONFIRMED
M01,55958,2026-09-10 16:38:49.947014+00:00,2026-09-10 16:38:49.983258+00:00,2026-09-10 16:38:49.915678+00:00,2026-09-10 16:38:49.918146+00:00,2026-09-10 16:38:49.916241+00:00,2026-09-10 16:38:49.917989+00:00,2026-09-10 16:38:49.918500+00:00,,,,,0.5630000000000001,1.748,1.905,0.5109999999999999,28.514000000000003,36.244,67.58,CONFIRMED
M01,55959,2026-09-10 16:38:50.973537+00:00,2026-09-10 16:38:51.013920+00:00,2026-09-10 16:38:50.921555+00:00,2026-09-10 16:38:50.928693+00:00,2026-09-10 16:38:50.922183+00:00,2026-09-10 16:38:50.929286+00:00,2026-09-10 16:38:50.930236+00:00,,,,,0.628,7.103,6.51,0.95,43.301,40.383,92.36500000000001,CONFIRMED
M01,55960,2026-09-10 16:38:51.990364+00:00,2026-09-10 16:38:52.027068+00:00,2026-09-10 16:38:51.934472+00:00,2026-09-10 16:38:51.936236+00:00,2026-09-10 16:38:51.934811+00:00,2026-09-10 16:38:51.936154+00:00,2026-09-10 16:38:51.937985+00:00,,,,,0.339,1.343,1.425,1.831,52.379000000000005,36.704,92.596,CONFIRMED
M01,55961,2026-09-10 16:38:52.994677+00:00,2026-09-10 16:38:53.030604+00:00,2026-09-10 16:38:52.941996+00:00,2026-09-10 16:38:52.943930+00:00,2026-09-10 16:38:52.942417+00:00,2026-09-10 16:38:52.943834+00:00,2026-09-10 16:38:52.944614+00:00,,,,,0.421,1.417,1.5130000000000001,0.78,50.063,35.927,88.608,CONFIRMED
M01,55962,2026-09-10 16:38:54.010928+00:00,2026-09-10 16:38:54.047852+00:00,2026-09-10 16:38:53.948464+00:00,2026-09-10 16:38:53.952111+00:00,2026-09-10 16:38:53.948844+00:00,2026-09-10 16:38:53.951208+00:00,2026-09-10 16:38:53.952343+00:00,,,,,0.38,2.3640000000000003,3.267,1.135,58.585,36.924,99.388,CONFIRMED
M01,55963,2026-09-10 16:38:54.992948+00:00,2026-09-10 16:38:55.029777+00:00,2026-09-10 16:38:54.959900+00:00,2026-09-10 16:38:54.963080+00:00,2026-09-10 16:38:54.960119+00:00,2026-09-10 16:38:54.961200+00:00,2026-09-10 16:38:54.962085+00:00,,,,,0.219,1.081,2.9610000000000003,0.885,30.863000000000003,36.829,69.877,CONFIRMED
M01,55964,2026-09-10 16:38:56.017418+00:00,2026-09-10 16:38:56.053923+00:00,2026-09-10 16:38:55.968516+00:00,2026-09-10 16:38:55.971251+00:00,2026-09-10 16:38:55.968857+00:00,2026-09-10 16:38:55.970451+00:00,2026-09-10 16:38:55.971164+00:00,,,,,0.34099999999999997,1.5939999999999999,2.3939999999999997,0.713,46.254000000000005,36.505,85.407,CONFIRMED
M01,55965,2026-09-10 16:38:57.022303+00:00,2026-09-10 16:38:57.057333+00:00,2026-09-10 16:38:56.975590+00:00,2026-09-10 16:38:56.977282+00:00,2026-09-10 16:38:56.975992+00:00,2026-09-10 16:38:56.977265+00:00,2026-09-10 16:38:56.978305+00:00,,,,,0.402,1.2730000000000001,1.2899999999999998,1.0399999999999998,43.998000000000005,35.03,81.743,CONFIRMED
M01,55966,2026-09-10 16:38:58.023161+00:00,2026-09-10 16:38:58.055861+00:00,2026-09-10 16:38:57.982350+00:00,2026-09-10 16:38:57.984615+00:00,2026-09-10 16:38:57.982785+00:00,2026-09-10 16:38:57.984434+00:00,2026-09-10 16:38:57.985485+00:00,,,,,0.435,1.649,1.83,1.0510000000000002,37.676,32.7,73.51100000000001,CONFIRMED
M01,55967,2026-09-10 16:38:59.018691+00:00,2026-09-10 16:38:59.053916+00:00,2026-09-10 16:38:58.991287+00:00,2026-09-10 16:38:58.992364+00:00,2026-09-10 16:38:58.991558+00:00,2026-09-10 16:38:58.992403+00:00,2026-09-10 16:38:58.993157+00:00,,,,,0.27099999999999996,0.8450000000000001,0.8059999999999999,0.754,25.534000000000002,35.225,62.629000000000005,CONFIRMED
M01,55968,2026-09-10 16:39:00.052681+00:00,2026-09-10 16:39:00.084019+00:00,2026-09-10 16:38:59.995736+00:00,2026-09-10 16:38:59.998064+00:00,2026-09-10 16:38:59.996143+00:00,2026-09-10 16:38:59.997946+00:00,2026-09-10 16:38:59.999272+00:00,,,,,0.40700000000000003,1.803,1.921,1.3259999999999998,53.409,31.337999999999997,88.283,CONFIRMED
M01,55969,2026-09-10 16:39:01.044416+00:00,2026-09-10 16:39:01.080363+00:00,2026-09-10 16:39:01.005970+00:00,2026-09-10 16:39:01.008341+00:00,2026-09-10 16:39:01.006312+00:00,2026-09-10 16:39:01.008277+00:00,2026-09-10 16:39:01.009133+00:00,,,,,0.342,1.965,2.029,0.856,35.283,35.947,74.393,CONFIRMED
M01,55970,2026-09-10 16:39:02.046858+00:00,2026-09-10 16:39:02.086344+00:00,2026-09-10 16:39:02.017443+00:00,2026-09-10 16:39:02.019675+00:00,2026-09-10 16:39:02.017842+00:00,2026-09-10 16:39:02.020045+00:00,2026-09-10 16:39:02.021284+00:00,,,,,0.399,2.2030000000000003,1.833,1.239,25.573999999999998,39.486,68.90100000000001,CONFIRMED
M01,55971,2026-09-10 16:39:03.053532+00:00,2026-09-10 16:39:03.086358+00:00,2026-09-10 16:39:03.026288+00:00,2026-09-10 16:39:03.032097+00:00,2026-09-10 16:39:03.026641+00:00,2026-09-10 16:39:03.028476+00:00,2026-09-10 16:39:03.029066+00:00,,,,,0.35300000000000004,1.835,5.4559999999999995,0.5900000000000001,24.466,32.826,60.07,CONFIRMED
M01,55972,2026-09-10 16:39:04.061724+00:00,2026-09-10 16:39:04.092170+00:00,2026-09-10 16:39:04.035490+00:00,2026-09-10 16:39:04.036593+00:00,2026-09-10 16:39:04.035697+00:00,2026-09-10 16:39:04.036525+00:00,2026-09-10 16:39:04.037205+00:00,,,,,0.207,0.828,0.896,0.68,24.519,30.446,56.68,CONFIRMED
M01,55973,2026-09-10 16:39:05.071069+00:00,2026-09-10 16:39:05.104771+00:00,2026-09-10 16:39:05.040411+00:00,2026-09-10 16:39:05.041584+00:00,2026-09-10 16:39:05.040697+00:00,2026-09-10 16:39:05.041523+00:00,2026-09-10 16:39:05.041863+00:00,,,,,0.28600000000000003,0.8260000000000001,0.887,0.34,29.206,33.702000000000005,64.36,CONFIRMED
M01,55974,2026-09-10 16:39:06.073078+00:00,2026-09-10 16:39:06.106270+00:00,2026-09-10 16:39:06.044118+00:00,2026-09-10 16:39:06.045520+00:00,2026-09-10 16:39:06.044294+00:00,2026-09-10 16:39:06.045214+00:00,2026-09-10 16:39:06.045793+00:00,,,,,0.176,0.92,1.2260000000000002,0.579,27.285,33.192,62.152,CONFIRMED
M01,55975,2026-09-10 16:39:07.090364+00:00,2026-09-10 16:39:07.127076+00:00,2026-09-10 16:39:07.050432+00:00,2026-09-10 16:39:07.052147+00:00,2026-09-10 16:39:07.050800+00:00,2026-09-10 16:39:07.051957+00:00,2026-09-10 16:39:07.052709+00:00,,,,,0.368,1.157,1.3470000000000002,0.752,37.655,36.712,76.644,CONFIRMED
M01,55976,2026-09-10 16:39:08.080137+00:00,2026-09-10 16:39:08.119379+00:00,2026-09-10 16:39:08.055202+00:00,2026-09-10 16:39:08.056591+00:00,2026-09-10 16:39:08.055421+00:00,2026-09-10 16:39:08.056501+00:00,2026-09-10 16:39:08.057124+00:00,,,,,0.219,1.08,1.17,0.623,23.012999999999998,39.242,64.17699999999999,CONFIRMED
M01,55977,2026-09-10 16:39:09.102796+00:00,2026-09-10 16:39:09.137361+00:00,2026-09-10 16:39:09.061533+00:00,2026-09-10 16:39:09.074376+00:00,2026-09-10 16:39:09.061975+00:00,2026-09-10 16:39:09.074188+00:00,2026-09-10 16:39:09.075238+00:00,,,,,0.442,12.213,12.401,1.05,27.558,34.565,75.828,CONFIRMED
M01,55978,2026-09-10 16:39:10.123942+00:00,2026-09-10 16:39:10.176718+00:00,2026-09-10 16:39:10.078680+00:00,2026-09-10 16:39:10.080569+00:00,2026-09-10 16:39:10.079099+00:00,2026-09-10 16:39:10.080618+00:00,2026-09-10 16:39:10.081404+00:00,,,,,0.419,1.519,1.47,0.786,42.538,52.776,98.038,CONFIRMED
M01,55979,2026-09-10 16:39:11.115543+00:00,2026-09-10 16:39:11.146678+00:00,2026-09-10 16:39:11.085060+00:00,2026-09-10 16:39:11.086333+00:00,2026-09-10 16:39:11.085376+00:00,2026-09-10 16:39:11.086297+00:00,2026-09-10 16:39:11.087171+00:00,,,,,0.316,0.921,0.957,0.874,28.372,31.134999999999998,61.618,CONFIRMED
M01,55980,2026-09-10 16:39:12.115598+00:00,2026-09-10 16:39:12.147543+00:00,2026-09-10 16:39:12.091348+00:00,2026-09-10 16:39:12.092383+00:00,2026-09-10 16:39:12.091523+00:00,2026-09-10 16:39:12.092378+00:00,2026-09-10 16:39:12.092860+00:00,,,,,0.175,0.855,0.86,0.482,22.738,31.945,56.195,CONFIRMED
M01,55981,2026-09-10 16:39:13.134998+00:00,2026-09-10 16:39:13.168571+00:00,2026-09-10 16:39:13.095728+00:00,2026-09-10 16:39:13.100979+00:00,2026-09-10 16:39:13.096189+00:00,2026-09-10 16:39:13.098270+00:00,2026-09-10 16:39:13.099589+00:00,,,,,0.46099999999999997,2.081,4.79,1.3190000000000002,35.409000000000006,33.573,72.843,CONFIRMED
M01,55982,2026-09-10 16:39:14.154407+00:00,2026-09-10 16:39:14.189878+00:00,2026-09-10 16:39:14.105678+00:00,2026-09-10 16:39:14.123159+00:00,2026-09-10 16:39:14.106063+00:00,2026-09-10 16:39:14.123256+00:00,2026-09-10 16:39:14.124340+00:00,,,,,0.38499999999999995,17.193,17.096,1.0839999999999999,30.067,35.471000000000004,84.2,CONFIRMED
M01,55983,2026-09-10 16:39:15.162006+00:00,2026-09-10 16:39:15.204749+00:00,2026-09-10 16:39:15.128476+00:00,2026-09-10 16:39:15.135219+00:00,2026-09-10 16:39:15.128896+00:00,2026-09-10 16:39:15.133897+00:00,2026-09-10 16:39:15.134457+00:00,,,,,0.42000000000000004,5.001,6.3229999999999995,0.5599999999999999,27.549,42.743,76.273,CONFIRMED
M01,55984,2026-09-10 16:39:16.170654+00:00,2026-09-10 16:39:16.207941+00:00,2026-09-10 16:39:16.138187+00:00,2026-09-10 16:39:16.140094+00:00,2026-09-10 16:39:16.138675+00:00,2026-09-10 16:39:16.140312+00:00,2026-09-10 16:39:16.141667+00:00,,,,,0.488,1.637,1.4189999999999998,1.355,28.987,37.287,69.75399999999999,CONFIRMED
M01,55985,2026-09-10 16:39:17.177520+00:00,2026-09-10 16:39:17.229266+00:00,2026-09-10 16:39:17.145179+00:00,2026-09-10 16:39:17.149074+00:00,2026-09-10 16:39:17.145434+00:00,2026-09-10 16:39:17.146274+00:00,2026-09-10 16:39:17.146853+00:00,,,,,0.255,0.8400000000000001,3.64,0.579,30.667,51.746,84.08699999999999,CONFIRMED
M01,55986,2026-09-10 16:39:18.187875+00:00,2026-09-10 16:39:18.225476+00:00,2026-09-10 16:39:18.154013+00:00,2026-09-10 16:39:18.155399+00:00,2026-09-10 16:39:18.154409+00:00,2026-09-10 16:39:18.155590+00:00,2026-09-10 16:39:18.156291+00:00,,,,,0.39599999999999996,1.181,0.99,0.7010000000000001,31.584,37.601,71.463,CONFIRMED
M01,55987,2026-09-10 16:39:19.207572+00:00,2026-09-10 16:39:19.239316+00:00,2026-09-10 16:39:19.158831+00:00,2026-09-10 16:39:19.160755+00:00,2026-09-10 16:39:19.159225+00:00,2026-09-10 16:39:19.160623+00:00,2026-09-10 16:39:19.161715+00:00,,,,,0.39399999999999996,1.398,1.5299999999999998,1.092,45.857,31.744,80.485,CONFIRMED
M01,55988,2026-09-10 16:39:20.194273+00:00,2026-09-10 16:39:20.236510+00:00,2026-09-10 16:39:20.167359+00:00,2026-09-10 16:39:20.168700+00:00,2026-09-10 16:39:20.167624+00:00,2026-09-10 16:39:20.168720+00:00,2026-09-10 16:39:20.171306+00:00,,,,,0.265,1.0959999999999999,1.0759999999999998,2.5860000000000003,22.967000000000002,42.236999999999995,69.15100000000001,CONFIRMED
M01,55989,2026-09-10 16:39:21.206698+00:00,2026-09-10 16:39:21.241541+00:00,2026-09-10 16:39:21.173756+00:00,2026-09-10 16:39:21.175340+00:00,2026-09-10 16:39:21.173952+00:00,2026-09-10 16:39:21.174971+00:00,2026-09-10 16:39:21.175493+00:00,,,,,0.196,1.019,1.388,0.522,31.205000000000002,34.842999999999996,67.785,CONFIRMED
M01,55990,2026-09-10 16:39:22.218001+00:00,2026-09-10 16:39:22.251290+00:00,2026-09-10 16:39:22.180985+00:00,2026-09-10 16:39:22.182371+00:00,2026-09-10 16:39:22.181453+00:00,2026-09-10 16:39:22.182526+00:00,2026-09-10 16:39:22.183085+00:00,,,,,0.46799999999999997,1.073,0.9179999999999999,0.559,34.916000000000004,33.289,70.305,CONFIRMED
M01,55991,2026-09-10 16:39:23.236824+00:00,2026-09-10 16:39:23.272670+00:00,2026-09-10 16:39:23.187097+00:00,2026-09-10 16:39:23.195648+00:00,2026-09-10 16:39:23.187418+00:00,2026-09-10 16:39:23.194924+00:00,2026-09-10 16:39:23.195752+00:00,,,,,0.321,7.505999999999999,8.229999999999999,0.828,41.071999999999996,35.846000000000004,85.573,CONFIRMED
M01,55992,2026-09-10 16:39:24.228248+00:00,2026-09-10 16:39:24.267887+00:00,2026-09-10 16:39:24.200542+00:00,2026-09-10 16:39:24.207773+00:00,2026-09-10 16:39:24.200889+00:00,2026-09-10 16:39:24.202082+00:00,2026-09-10 16:39:24.202442+00:00,,,,,0.347,1.193,6.884,0.36000000000000004,25.805999999999997,39.639,67.345,CONFIRMED
M01,55993,2026-09-10 16:39:25.278975+00:00,2026-09-10 16:39:25.312157+00:00,2026-09-10 16:39:25.213436+00:00,2026-09-10 16:39:25.217371+00:00,2026-09-10 16:39:25.213826+00:00,2026-09-10 16:39:25.215498+00:00,2026-09-10 16:39:25.216508+00:00,,,,,0.39,1.6720000000000002,3.545,1.01,62.467,33.182,98.721,CONFIRMED
M01,55994,2026-09-10 16:39:26.249458+00:00,2026-09-10 16:39:26.285140+00:00,2026-09-10 16:39:26.222779+00:00,2026-09-10 16:39:26.226678+00:00,2026-09-10 16:39:26.222974+00:00,2026-09-10 16:39:26.223999+00:00,2026-09-10 16:39:26.224366+00:00,,,,,0.195,1.0250000000000001,3.7039999999999997,0.367,25.092,35.681999999999995,62.361,CONFIRMED
M01,55995,2026-09-10 16:39:27.302776+00:00,2026-09-10 16:39:27.341418+00:00,2026-09-10 16:39:27.234352+00:00,2026-09-10 16:39:27.255058+00:00,2026-09-10 16:39:27.234807+00:00,2026-09-10 16:39:27.251295+00:00,2026-09-10 16:39:27.252176+00:00,,,,,0.455,16.488,20.251,0.8809999999999999,50.6,38.642,107.06599999999999,CONFIRMED
M01,55996,2026-09-10 16:39:28.302559+00:00,2026-09-10 16:39:28.339566+00:00,2026-09-10 16:39:28.260315+00:00,2026-09-10 16:39:28.261343+00:00,2026-09-10 16:39:28.260587+00:00,2026-09-10 16:39:28.261490+00:00,2026-09-10 16:39:28.262093+00:00,,,,,0.272,0.903,0.756,0.603,40.466,37.007,79.251,CONFIRMED
M01,55997,2026-09-10 16:39:29.314322+00:00,2026-09-10 16:39:29.351248+00:00,2026-09-10 16:39:29.270128+00:00,2026-09-10 16:39:29.271376+00:00,2026-09-10 16:39:29.270288+00:00,2026-09-10 16:39:29.271793+00:00,2026-09-10 16:39:29.272302+00:00,,,,,0.16,1.5050000000000001,1.088,0.509,42.02,36.926,81.12,CONFIRMED
M01,55998,2026-09-10 16:39:30.316185+00:00,2026-09-10 16:39:30.357062+00:00,2026-09-10 16:39:30.275970+00:00,2026-09-10 16:39:30.279361+00:00,2026-09-10 16:39:30.276437+00:00,2026-09-10 16:39:30.278857+00:00,2026-09-10 16:39:30.281315+00:00,,,,,0.467,2.42,2.924,2.458,34.87,40.876999999999995,81.092,CONFIRMED
M01,55999,2026-09-10 16:39:31.338664+00:00,2026-09-10 16:39:31.374603+00:00,2026-09-10 16:39:31.284724+00:00,2026-09-10 16:39:31.294661+00:00,2026-09-10 16:39:31.285121+00:00,2026-09-10 16:39:31.293975+00:00,2026-09-10 16:39:31.297899+00:00,,,,,0.397,8.854000000000001,9.54,3.9240000000000004,40.765,35.939,89.879,CONFIRMED
M01,56000,2026-09-10 16:39:32.349482+00:00,2026-09-10 16:39:32.388729+00:00,2026-09-10 16:39:32.299832+00:00,2026-09-10 16:39:32.303042+00:00,2026-09-10 16:39:32.300220+00:00,2026-09-10 16:39:32.301453+00:00,2026-09-10 16:39:32.302459+00:00,,,,,0.388,1.2329999999999999,2.822,1.006,47.023,39.247,88.897,CONFIRMED
M01,56001,2026-09-10 16:39:33.337454+00:00,2026-09-10 16:39:33.380760+00:00,2026-09-10 16:39:33.306963+00:00,2026-09-10 16:39:33.308118+00:00,2026-09-10 16:39:33.307208+00:00,2026-09-10 16:39:33.308387+00:00,2026-09-10 16:39:33.308991+00:00,,,,,0.245,1.1789999999999998,0.91,0.6040000000000001,28.462999999999997,43.306,73.797,CONFIRMED
M01,56002,2026-09-10 16:39:34.367300+00:00,2026-09-10 16:39:34.414710+00:00,2026-09-10 16:39:34.311468+00:00,2026-09-10 16:39:34.317102+00:00,2026-09-10 16:39:34.312072+00:00,2026-09-10 16:39:34.315542+00:00,2026-09-10 16:39:34.316996+00:00,,,,,0.6040000000000001,3.47,5.029999999999999,1.454,50.304,47.410000000000004,103.242,CONFIRMED
M01,56003,2026-09-10 16:39:35.352313+00:00,2026-09-10 16:39:35.401399+00:00,2026-09-10 16:39:35.322392+00:00,2026-09-10 16:39:35.324864+00:00,2026-09-10 16:39:35.322834+00:00,2026-09-10 16:39:35.325002+00:00,2026-09-10 16:39:35.326340+00:00,,,,,0.442,2.1679999999999997,2.0300000000000002,1.338,25.973,49.086,79.00699999999999,CONFIRMED
M01,56004,2026-09-10 16:39:36.389365+00:00,2026-09-10 16:39:36.423356+00:00,2026-09-10 16:39:36.330661+00:00,2026-09-10 16:39:36.332482+00:00,2026-09-10 16:39:36.331106+00:00,2026-09-10 16:39:36.332287+00:00,2026-09-10 16:39:36.333657+00:00,,,,,0.44499999999999995,1.181,1.3760000000000001,1.3699999999999999,55.708,33.991,92.695,CONFIRMED
M01,56005,2026-09-10 16:39:37.389476+00:00,2026-09-10 16:39:37.422655+00:00,2026-09-10 16:39:37.338751+00:00,2026-09-10 16:39:37.343833+00:00,2026-09-10 16:39:37.339207+00:00,2026-09-10 16:39:37.352575+00:00,2026-09-10 16:39:37.353273+00:00,,,,,0.456,13.368,4.626,0.6980000000000001,36.202999999999996,33.179,83.90400000000001,CONFIRMED
M01,56006,2026-09-10 16:39:38.403994+00:00,2026-09-10 16:39:38.443542+00:00,2026-09-10 16:39:38.355916+00:00,2026-09-10 16:39:38.360496+00:00,2026-09-10 16:39:38.356248+00:00,2026-09-10 16:39:38.358108+00:00,2026-09-10 16:39:38.359061+00:00,,,,,0.332,1.86,4.248,0.953,44.933,39.548,87.62599999999999,CONFIRMED
M01,56007,2026-09-10 16:39:39.425380+00:00,2026-09-10 16:39:39.465021+00:00,2026-09-10 16:39:39.367591+00:00,2026-09-10 16:39:39.370097+00:00,2026-09-10 16:39:39.367999+00:00,2026-09-10 16:39:39.369924+00:00,2026-09-10 16:39:39.370998+00:00,,,,,0.408,1.925,2.098,1.074,54.382,39.641000000000005,97.43,CONFIRMED
M01,56008,2026-09-10 16:39:40.399271+00:00,2026-09-10 16:39:40.444531+00:00,2026-09-10 16:39:40.374284+00:00,2026-09-10 16:39:40.381467+00:00,2026-09-10 16:39:40.374720+00:00,2026-09-10 16:39:40.378090+00:00,2026-09-10 16:39:40.378848+00:00,,,,,0.43600000000000005,3.37,6.747000000000001,0.758,20.423000000000002,45.260000000000005,70.247,CONFIRMED
M01,56009,2026-09-10 16:39:41.447403+00:00,2026-09-10 16:39:41.481352+00:00,2026-09-10 16:39:41.393577+00:00,2026-09-10 16:39:41.395567+00:00,2026-09-10 16:39:41.393978+00:00,2026-09-10 16:39:41.395417+00:00,2026-09-10 16:39:41.397004+00:00,,,,,0.40099999999999997,1.439,1.589,1.5870000000000002,50.399,33.949,87.775,CONFIRMED
M01,56010,2026-09-10 16:39:42.459625+00:00,2026-09-10 16:39:42.494703+00:00,2026-09-10 16:39:42.402037+00:00,2026-09-10 16:39:42.404221+00:00,2026-09-10 16:39:42.402365+00:00,2026-09-10 16:39:42.404451+00:00,2026-09-10 16:39:42.406014+00:00,,,,,0.328,2.0860000000000003,1.856,1.563,53.611,35.077999999999996,92.666,CONFIRMED
M01,56011,2026-09-10 16:39:43.453362+00:00,2026-09-10 16:39:43.493194+00:00,2026-09-10 16:39:43.410911+00:00,2026-09-10 16:39:43.415132+00:00,2026-09-10 16:39:43.411427+00:00,2026-09-10 16:39:43.413249+00:00,2026-09-10 16:39:43.414054+00:00,,,,,0.516,1.822,3.705,0.805,39.308,39.832,82.283,CONFIRMED
M01,56012,2026-09-10 16:39:44.472906+00:00,2026-09-10 16:39:44.507514+00:00,2026-09-10 16:39:44.425793+00:00,2026-09-10 16:39:44.428095+00:00,2026-09-10 16:39:44.426101+00:00,2026-09-10 16:39:44.428185+00:00,2026-09-10 16:39:44.429227+00:00,,,,,0.308,2.084,1.9940000000000002,1.042,43.679,34.608,81.721,CONFIRMED
M01,56013,2026-09-10 16:39:45.469963+00:00,2026-09-10 16:39:45.507711+00:00,2026-09-10 16:39:45.435991+00:00,2026-09-10 16:39:45.438783+00:00,2026-09-10 16:39:45.436185+00:00,2026-09-10 16:39:45.437459+00:00,2026-09-10 16:39:45.438293+00:00,,,,,0.194,1.274,2.598,0.834,31.669999999999998,37.748,71.72,CONFIRMED
M01,56014,2026-09-10 16:39:46.527189+00:00,2026-09-10 16:39:46.558309+00:00,2026-09-10 16:39:46.467411+00:00,2026-09-10 16:39:46.470694+00:00,2026-09-10 16:39:46.468761+00:00,2026-09-10 16:39:46.471964+00:00,2026-09-10 16:39:46.472691+00:00,,,,,1.35,3.2030000000000003,1.933,0.727,54.498,31.119999999999997,90.89800000000001,CONFIRMED
M01,56015,2026-09-10 16:39:47.517843+00:00,2026-09-10 16:39:47.554321+00:00,2026-09-10 16:39:47.478273+00:00,2026-09-10 16:39:47.480333+00:00,2026-09-10 16:39:47.479154+00:00,2026-09-10 16:39:47.480632+00:00,2026-09-10 16:39:47.481288+00:00,,,,,0.8809999999999999,1.478,1.1789999999999998,0.656,36.555,36.477999999999994,76.048,CONFIRMED
M01,56016,2026-09-10 16:39:48.535504+00:00,2026-09-10 16:39:48.568675+00:00,2026-09-10 16:39:48.487024+00:00,2026-09-10 16:39:48.490982+00:00,2026-09-10 16:39:48.487946+00:00,2026-09-10 16:39:48.489600+00:00,2026-09-10 16:39:48.490451+00:00,,,,,0.9219999999999999,1.6540000000000001,3.036,0.851,45.053000000000004,33.171,81.651,CONFIRMED
M01,56017,2026-09-10 16:39:49.536764+00:00,2026-09-10 16:39:49.568614+00:00,2026-09-10 16:39:49.498857+00:00,2026-09-10 16:39:49.505942+00:00,2026-09-10 16:39:49.505094+00:00,2026-09-10 16:39:49.506134+00:00,2026-09-10 16:39:49.506925+00:00,,,,,6.237,1.0399999999999998,0.848,0.791,29.839000000000002,31.850000000000005,69.757,CONFIRMED
M01,56018,2026-09-10 16:39:50.549614+00:00,2026-09-10 16:39:50.577687+00:00,2026-09-10 16:39:50.511447+00:00,2026-09-10 16:39:50.515449+00:00,2026-09-10 16:39:50.512426+00:00,2026-09-10 16:39:50.517318+00:00,2026-09-10 16:39:50.517681+00:00,,,,,0.9790000000000001,4.8919999999999995,3.023,0.363,31.933000000000003,28.073,66.24,CONFIRMED
M01,56019,2026-09-10 16:39:51.546362+00:00,2026-09-10 16:39:51.572354+00:00,2026-09-10 16:39:51.518420+00:00,2026-09-10 16:39:51.521162+00:00,2026-09-10 16:39:51.518796+00:00,2026-09-10 16:39:51.520663+00:00,2026-09-10 16:39:51.521390+00:00,,,,,0.376,1.867,2.366,0.727,24.972,25.992,53.934000000000005,CONFIRMED
M01,56020,2026-09-10 16:39:52.553158+00:00,2026-09-10 16:39:52.585562+00:00,2026-09-10 16:39:52.526303+00:00,2026-09-10 16:39:52.527061+00:00,2026-09-10 16:39:52.526437+00:00,2026-09-10 16:39:52.526968+00:00,2026-09-10 16:39:52.527378+00:00,,,,,0.134,0.531,0.624,0.41,25.78,32.404,59.259,CONFIRMED
M01,56021,2026-09-10 16:39:53.553200+00:00,2026-09-10 16:39:53.583618+00:00,2026-09-10 16:39:53.530572+00:00,2026-09-10 16:39:53.532053+00:00,2026-09-10 16:39:53.530864+00:00,2026-09-10 16:39:53.531816+00:00,2026-09-10 16:39:53.532421+00:00,,,,,0.292,0.9520000000000001,1.189,0.605,20.779,30.418,53.046,CONFIRMED
M01,56022,2026-09-10 16:39:54.560718+00:00,2026-09-10 16:39:54.588958+00:00,2026-09-10 16:39:54.538736+00:00,2026-09-10 16:39:54.539764+00:00,2026-09-10 16:39:54.539019+00:00,2026-09-10 16:39:54.539915+00:00,2026-09-10 16:39:54.540299+00:00,,,,,0.283,0.896,0.745,0.384,20.419,28.240000000000002,50.222,CONFIRMED
M01,56023,2026-09-10 16:39:55.571103+00:00,2026-09-10 16:39:55.604264+00:00,2026-09-10 16:39:55.548315+00:00,2026-09-10 16:39:55.549510+00:00,2026-09-10 16:39:55.548515+00:00,2026-09-10 16:39:55.549390+00:00,2026-09-10 16:39:55.549792+00:00,,,,,0.2,0.875,0.995,0.402,21.311,33.161,55.949,CONFIRMED
M01,56024,2026-09-10 16:39:56.577861+00:00,2026-09-10 16:39:56.614318+00:00,2026-09-10 16:39:56.552768+00:00,2026-09-10 16:39:56.554430+00:00,2026-09-10 16:39:56.553125+00:00,2026-09-10 16:39:56.554555+00:00,2026-09-10 16:39:56.555340+00:00,,,,,0.357,1.4300000000000002,1.305,0.785,22.521,36.457,61.55,CONFIRMED
M01,56025,2026-09-10 16:39:57.579361+00:00,2026-09-10 16:39:57.605981+00:00,2026-09-10 16:39:57.559292+00:00,2026-09-10 16:39:57.561166+00:00,2026-09-10 16:39:57.559615+00:00,2026-09-10 16:39:57.561320+00:00,2026-09-10 16:39:57.562109+00:00,,,,,0.323,1.7049999999999998,1.5510000000000002,0.789,17.252,26.62,46.689,CONFIRMED
M01,56026,2026-09-10 16:39:58.592080+00:00,2026-09-10 16:39:58.623500+00:00,2026-09-10 16:39:58.565068+00:00,2026-09-10 16:39:58.577642+00:00,2026-09-10 16:39:58.565301+00:00,2026-09-10 16:39:58.566566+00:00,2026-09-10 16:39:58.567197+00:00,,,,,0.23299999999999998,1.2650000000000001,12.341,0.631,24.883,31.419999999999998,58.431999999999995,CONFIRMED
M01,56027,2026-09-10 16:39:59.606026+00:00,2026-09-10 16:39:59.631921+00:00,2026-09-10 16:39:59.584906+00:00,2026-09-10 16:39:59.586835+00:00,2026-09-10 16:39:59.585331+00:00,2026-09-10 16:39:59.586778+00:00,2026-09-10 16:39:59.587903+00:00,,,,,0.425,1.4469999999999998,1.504,1.125,18.123,25.895000000000003,47.015,CONFIRMED
M01,56028,2026-09-10 16:40:00.614668+00:00,2026-09-10 16:40:00.642190+00:00,2026-09-10 16:40:00.590361+00:00,2026-09-10 16:40:00.592388+00:00,2026-09-10 16:40:00.590794+00:00,2026-09-10 16:40:00.592446+00:00,2026-09-10 16:40:00.593088+00:00,,,,,0.433,1.6520000000000001,1.5939999999999999,0.642,21.58,27.522000000000002,51.829,CONFIRMED
M01,56029,2026-09-10 16:40:01.622303+00:00,2026-09-10 16:40:01.649366+00:00,2026-09-10 16:40:01.596930+00:00,2026-09-10 16:40:01.600028+00:00,2026-09-10 16:40:01.597416+00:00,2026-09-10 16:40:01.602833+00:00,2026-09-10 16:40:01.603431+00:00,,,,,0.486,5.417,2.612,0.598,18.872,27.063,52.436,CONFIRMED
M01,56030,2026-09-10 16:40:02.631232+00:00,2026-09-10 16:40:02.656366+00:00,2026-09-10 16:40:02.608587+00:00,2026-09-10 16:40:02.613542+00:00,2026-09-10 16:40:02.608810+00:00,2026-09-10 16:40:02.609885+00:00,2026-09-10 16:40:02.610379+00:00,,,,,0.223,1.075,4.732,0.494,20.853,25.134,47.779,CONFIRMED
M01,56031,2026-09-10 16:40:03.657946+00:00,2026-09-10 16:40:03.682582+00:00,2026-09-10 16:40:03.618511+00:00,2026-09-10 16:40:03.621269+00:00,2026-09-10 16:40:03.618961+00:00,2026-09-10 16:40:03.635971+00:00,2026-09-10 16:40:03.636759+00:00,,,,,0.45,17.01,2.3080000000000003,0.7879999999999999,21.187,24.636000000000003,64.071,CONFIRMED
M01,56032,2026-09-10 16:40:04.689468+00:00,2026-09-10 16:40:04.715680+00:00,2026-09-10 16:40:04.642531+00:00,2026-09-10 16:40:04.643866+00:00,2026-09-10 16:40:04.642750+00:00,2026-09-10 16:40:04.643728+00:00,2026-09-10 16:40:04.667557+00:00,,,,,0.219,0.9779999999999999,1.116,23.829,21.911,26.212,73.149,CONFIRMED
M01,56033,2026-09-10 16:40:05.695013+00:00,2026-09-10 16:40:05.726346+00:00,2026-09-10 16:40:05.672030+00:00,2026-09-10 16:40:05.673437+00:00,2026-09-10 16:40:05.672206+00:00,2026-09-10 16:40:05.674578+00:00,2026-09-10 16:40:05.675008+00:00,,,,,0.176,2.372,1.231,0.43,20.005,31.333,54.316,CONFIRMED
M01,56034,2026-09-10 16:40:06.697214+00:00,2026-09-10 16:40:06.720075+00:00,2026-09-10 16:40:06.677709+00:00,2026-09-10 16:40:06.678436+00:00,2026-09-10 16:40:06.677877+00:00,2026-09-10 16:40:06.678497+00:00,2026-09-10 16:40:06.678915+00:00,,,,,0.16799999999999998,0.62,0.559,0.41800000000000004,18.299,22.861,42.366,CONFIRMED
M01,56035,2026-09-10 16:40:07.699389+00:00,2026-09-10 16:40:07.726988+00:00,2026-09-10 16:40:07.681230+00:00,2026-09-10 16:40:07.683029+00:00,2026-09-10 16:40:07.681554+00:00,2026-09-10 16:40:07.682944+00:00,2026-09-10 16:40:07.683930+00:00,,,,,0.324,1.39,1.4749999999999999,0.9859999999999999,15.459,27.599,45.758,CONFIRMED
M01,56036,2026-09-10 16:40:08.723572+00:00,2026-09-10 16:40:08.751236+00:00,2026-09-10 16:40:08.688241+00:00,2026-09-10 16:40:08.707576+00:00,2026-09-10 16:40:08.706400+00:00,2026-09-10 16:40:08.707545+00:00,2026-09-10 16:40:08.708052+00:00,,,,,18.159000000000002,1.145,1.176,0.507,15.520000000000001,27.664,62.995,CONFIRMED
M01,56037,2026-09-10 16:40:09.737221+00:00,2026-09-10 16:40:09.764835+00:00,2026-09-10 16:40:09.710914+00:00,2026-09-10 16:40:09.717707+00:00,2026-09-10 16:40:09.711247+00:00,2026-09-10 16:40:09.712696+00:00,2026-09-10 16:40:09.713526+00:00,,,,,0.333,1.449,6.46,0.83,23.695,27.614,53.921,CONFIRMED
M01,56038,2026-09-10 16:40:10.755124+00:00,2026-09-10 16:40:10.806123+00:00,2026-09-10 16:40:10.721587+00:00,2026-09-10 16:40:10.722994+00:00,2026-09-10 16:40:10.722047+00:00,2026-09-10 16:40:10.722893+00:00,2026-09-10 16:40:10.723248+00:00,,,,,0.46,0.846,0.9470000000000001,0.355,31.876,50.999,84.536,CONFIRMED
M01,56039,2026-09-10 16:40:11.781822+00:00,2026-09-10 16:40:11.826878+00:00,2026-09-10 16:40:11.726061+00:00,2026-09-10 16:40:11.729317+00:00,2026-09-10 16:40:11.726485+00:00,2026-09-10 16:40:11.728767+00:00,2026-09-10 16:40:11.730201+00:00,,,,,0.424,2.282,2.832,1.434,51.621,45.056,100.81700000000001,CONFIRMED
M01,56040,2026-09-10 16:40:12.773625+00:00,2026-09-10 16:40:12.821963+00:00,2026-09-10 16:40:12.739797+00:00,2026-09-10 16:40:12.743637+00:00,2026-09-10 16:40:12.740329+00:00,2026-09-10 16:40:12.743345+00:00,2026-09-10 16:40:12.744750+00:00,,,,,0.532,3.016,3.3080000000000003,1.405,28.875,48.338,82.166,CONFIRMED
M01,56041,2026-09-10 16:40:13.783476+00:00,2026-09-10 16:40:13.810915+00:00,2026-09-10 16:40:13.754238+00:00,2026-09-10 16:40:13.755626+00:00,2026-09-10 16:40:13.754494+00:00,2026-09-10 16:40:13.755721+00:00,2026-09-10 16:40:13.756368+00:00,,,,,0.256,1.227,1.132,0.647,27.108,27.439,56.677,CONFIRMED
M01,56042,2026-09-10 16:40:14.788617+00:00,2026-09-10 16:40:14.818429+00:00,2026-09-10 16:40:14.768271+00:00,2026-09-10 16:40:14.769078+00:00,2026-09-10 16:40:14.768448+00:00,2026-09-10 16:40:14.769084+00:00,2026-09-10 16:40:14.769514+00:00,,,,,0.177,0.636,0.63,0.43,19.102999999999998,29.812,50.158,CONFIRMED
M01,56043,2026-09-10 16:40:15.799222+00:00,2026-09-10 16:40:15.825293+00:00,2026-09-10 16:40:15.773541+00:00,2026-09-10 16:40:15.778131+00:00,2026-09-10 16:40:15.773879+00:00,2026-09-10 16:40:15.775283+00:00,2026-09-10 16:40:15.775951+00:00,,,,,0.33799999999999997,1.4040000000000001,4.252,0.6679999999999999,23.271,26.071,51.752,CONFIRMED
M01,56044,2026-09-10 16:40:16.811810+00:00,2026-09-10 16:40:16.844966+00:00,2026-09-10 16:40:16.781354+00:00,2026-09-10 16:40:16.783312+00:00,2026-09-10 16:40:16.781702+00:00,2026-09-10 16:40:16.782975+00:00,2026-09-10 16:40:16.784071+00:00,,,,,0.348,1.2730000000000001,1.61,1.0959999999999999,27.739,33.156,63.612,CONFIRMED
M01,56045,2026-09-10 16:40:17.810543+00:00,2026-09-10 16:40:17.839377+00:00,2026-09-10 16:40:17.790305+00:00,2026-09-10 16:40:17.793956+00:00,2026-09-10 16:40:17.790551+00:00,2026-09-10 16:40:17.791275+00:00,2026-09-10 16:40:17.791615+00:00,,,,,0.24600000000000002,0.7240000000000001,3.4050000000000002,0.34,18.928,28.834,49.071999999999996,CONFIRMED
M01,56046,2026-09-10 16:40:18.830266+00:00,2026-09-10 16:40:18.858093+00:00,2026-09-10 16:40:18.808387+00:00,2026-09-10 16:40:18.809956+00:00,2026-09-10 16:40:18.808721+00:00,2026-09-10 16:40:18.810997+00:00,2026-09-10 16:40:18.811857+00:00,,,,,0.33399999999999996,2.276,1.2349999999999999,0.86,18.409,27.827,49.706,CONFIRMED
M01,56047,2026-09-10 16:40:19.835165+00:00,2026-09-10 16:40:19.863557+00:00,2026-09-10 16:40:19.813255+00:00,2026-09-10 16:40:19.814432+00:00,2026-09-10 16:40:19.813468+00:00,2026-09-10 16:40:19.814625+00:00,2026-09-10 16:40:19.815300+00:00,,,,,0.213,1.157,0.964,0.675,19.865000000000002,28.392,50.302,CONFIRMED
M01,56048,2026-09-10 16:40:20.841984+00:00,2026-09-10 16:40:20.868433+00:00,2026-09-10 16:40:20.817930+00:00,2026-09-10 16:40:20.818858+00:00,2026-09-10 16:40:20.818107+00:00,2026-09-10 16:40:20.818764+00:00,2026-09-10 16:40:20.819283+00:00,,,,,0.177,0.657,0.751,0.519,22.701,26.449,50.503,CONFIRMED
M01,56049,2026-09-10 16:40:21.865147+00:00,2026-09-10 16:40:21.891864+00:00,2026-09-10 16:40:21.840393+00:00,2026-09-10 16:40:21.841370+00:00,2026-09-10 16:40:21.840550+00:00,2026-09-10 16:40:21.841528+00:00,2026-09-10 16:40:21.842044+00:00,,,,,0.157,0.9779999999999999,0.82,0.516,23.102999999999998,26.717000000000002,51.471000000000004,CONFIRMED
M01,56050,2026-09-10 16:40:22.890202+00:00,2026-09-10 16:40:22.916486+00:00,2026-09-10 16:40:22.849402+00:00,2026-09-10 16:40:22.867544+00:00,2026-09-10 16:40:22.849702+00:00,2026-09-10 16:40:22.868284+00:00,2026-09-10 16:40:22.869121+00:00,,,,,0.3,18.582,17.842,0.837,21.081,26.284,67.084,CONFIRMED
M01,56051,2026-09-10 16:40:23.898042+00:00,2026-09-10 16:40:23.933278+00:00,2026-09-10 16:40:23.871270+00:00,2026-09-10 16:40:23.876989+00:00,2026-09-10 16:40:23.871464+00:00,2026-09-10 16:40:23.873144+00:00,2026-09-10 16:40:23.873591+00:00,,,,,0.194,1.6800000000000002,5.525,0.447,24.451,35.236000000000004,62.008,CONFIRMED
M01,56052,2026-09-10 16:40:24.908877+00:00,2026-09-10 16:40:24.934216+00:00,2026-09-10 16:40:24.881373+00:00,2026-09-10 16:40:24.883547+00:00,2026-09-10 16:40:24.881788+00:00,2026-09-10 16:40:24.883578+00:00,2026-09-10 16:40:24.884267+00:00,,,,,0.415,1.79,1.759,0.6890000000000001,24.61,25.339,52.843,CONFIRMED
M01,56053,2026-09-10 16:40:25.912277+00:00,2026-09-10 16:40:25.938509+00:00,2026-09-10 16:40:25.891062+00:00,2026-09-10 16:40:25.896689+00:00,2026-09-10 16:40:25.891363+00:00,2026-09-10 16:40:25.893557+00:00,2026-09-10 16:40:25.894210+00:00,,,,,0.301,2.1940000000000004,5.326,0.653,18.067,26.232,47.447,CONFIRMED
M01,56054,2026-09-10 16:40:26.927928+00:00,2026-09-10 16:40:26.952165+00:00,2026-09-10 16:40:26.904937+00:00,2026-09-10 16:40:26.906520+00:00,2026-09-10 16:40:26.905252+00:00,2026-09-10 16:40:26.906707+00:00,2026-09-10 16:40:26.907181+00:00,,,,,0.315,1.4549999999999998,1.268,0.474,20.747,24.237000000000002,47.228,CONFIRMED
M01,56055,2026-09-10 16:40:27.938362+00:00,2026-09-10 16:40:27.966669+00:00,2026-09-10 16:40:27.916969+00:00,2026-09-10 16:40:27.918944+00:00,2026-09-10 16:40:27.917397+00:00,2026-09-10 16:40:27.919102+00:00,2026-09-10 16:40:27.919977+00:00,,,,,0.428,1.7049999999999998,1.547,0.875,18.384999999999998,28.307,49.7,CONFIRMED
M01,56056,2026-09-10 16:40:28.960730+00:00,2026-09-10 16:40:28.986190+00:00,2026-09-10 16:40:28.935853+00:00,2026-09-10 16:40:28.937610+00:00,2026-09-10 16:40:28.936137+00:00,2026-09-10 16:40:28.937083+00:00,2026-09-10 16:40:28.937499+00:00,,,,,0.28400000000000003,0.9460000000000001,1.4729999999999999,0.416,23.231,25.46,50.337,CONFIRMED
M01,56057,2026-09-10 16:40:29.962522+00:00,2026-09-10 16:40:29.993811+00:00,2026-09-10 16:40:29.941109+00:00,2026-09-10 16:40:29.943511+00:00,2026-09-10 16:40:29.941430+00:00,2026-09-10 16:40:29.943266+00:00,2026-09-10 16:40:29.944035+00:00,,,,,0.321,1.8359999999999999,2.081,0.769,18.487,31.288999999999998,52.702,CONFIRMED
M01,56058,2026-09-10 16:40:30.979912+00:00,2026-09-10 16:40:31.005560+00:00,2026-09-10 16:40:30.947099+00:00,2026-09-10 16:40:30.948949+00:00,2026-09-10 16:40:30.947458+00:00,2026-09-10 16:40:30.950051+00:00,2026-09-10 16:40:30.950494+00:00,,,,,0.359,2.593,1.4909999999999999,0.443,29.418,25.648,58.461,CONFIRMED
M01,56059,2026-09-10 16:40:31.974714+00:00,2026-09-10 16:40:32.003755+00:00,2026-09-10 16:40:31.953484+00:00,2026-09-10 16:40:31.959876+00:00,2026-09-10 16:40:31.953849+00:00,2026-09-10 16:40:31.957560+00:00,2026-09-10 16:40:31.957971+00:00,,,,,0.365,3.711,6.027,0.41100000000000003,16.743000000000002,29.041,50.271,CONFIRMED
M01,56060,2026-09-10 16:40:32.989153+00:00,2026-09-10 16:40:33.016849+00:00,2026-09-10 16:40:32.962195+00:00,2026-09-10 16:40:32.963997+00:00,2026-09-10 16:40:32.962529+00:00,2026-09-10 16:40:32.963534+00:00,2026-09-10 16:40:32.964233+00:00,,,,,0.33399999999999996,1.0050000000000001,1.468,0.699,24.92,27.695999999999998,54.654,CONFIRMED
M01,56061,2026-09-10 16:40:33.991411+00:00,2026-09-10 16:40:34.020219+00:00,2026-09-10 16:40:33.966659+00:00,2026-09-10 16:40:33.971365+00:00,2026-09-10 16:40:33.966911+00:00,2026-09-10 16:40:33.971199+00:00,2026-09-10 16:40:33.971720+00:00,,,,,0.252,4.288,4.454,0.521,19.691,28.808,53.56,CONFIRMED
M01,56062,2026-09-10 16:40:35.006364+00:00,2026-09-10 16:40:35.039538+00:00,2026-09-10 16:40:34.980272+00:00,2026-09-10 16:40:34.984452+00:00,2026-09-10 16:40:34.980689+00:00,2026-09-10 16:40:34.982930+00:00,2026-09-10 16:40:34.983528+00:00,,,,,0.417,2.241,3.763,0.598,22.836,33.174,59.266,CONFIRMED
M01,56063,2026-09-10 16:40:36.026784+00:00,2026-09-10 16:40:36.055324+00:00,2026-09-10 16:40:35.999452+00:00,2026-09-10 16:40:36.000345+00:00,2026-09-10 16:40:35.999597+00:00,2026-09-10 16:40:36.000182+00:00,2026-09-10 16:40:36.000581+00:00,,,,,0.145,0.585,0.748,0.399,26.203,28.54,55.872,CONFIRMED
M01,56064,2026-09-10 16:40:37.052029+00:00,2026-09-10 16:40:37.085081+00:00,2026-09-10 16:40:37.003244+00:00,2026-09-10 16:40:37.005254+00:00,2026-09-10 16:40:37.003567+00:00,2026-09-10 16:40:37.005423+00:00,2026-09-10 16:40:37.006821+00:00,,,,,0.323,1.856,1.6869999999999998,1.398,45.208,33.052,81.83699999999999,CONFIRMED
M01,56065,2026-09-10 16:40:38.038117+00:00,2026-09-10 16:40:38.066948+00:00,2026-09-10 16:40:38.012271+00:00,2026-09-10 16:40:38.014099+00:00,2026-09-10 16:40:38.012492+00:00,2026-09-10 16:40:38.014010+00:00,2026-09-10 16:40:38.014485+00:00,,,,,0.221,1.518,1.607,0.475,23.632,28.831,54.67700000000001,CONFIRMED
M01,56066,2026-09-10 16:40:39.042590+00:00,2026-09-10 16:40:39.067976+00:00,2026-09-10 16:40:39.018440+00:00,2026-09-10 16:40:39.021524+00:00,2026-09-10 16:40:39.019103+00:00,2026-09-10 16:40:39.021163+00:00,2026-09-10 16:40:39.021805+00:00,,,,,0.6629999999999999,2.06,2.421,0.642,20.785,25.386,49.535999999999994,CONFIRMED
M01,56067,2026-09-10 16:40:40.050797+00:00,2026-09-10 16:40:40.074881+00:00,2026-09-10 16:40:40.029476+00:00,2026-09-10 16:40:40.030649+00:00,2026-09-10 16:40:40.029771+00:00,2026-09-10 16:40:40.030663+00:00,2026-09-10 16:40:40.031241+00:00,,,,,0.29500000000000004,0.892,0.878,0.578,19.556,24.084,45.405,CONFIRMED
M01,56068,2026-09-10 16:40:41.056702+00:00,2026-09-10 16:40:41.080960+00:00,2026-09-10 16:40:41.033645+00:00,2026-09-10 16:40:41.034774+00:00,2026-09-10 16:40:41.033858+00:00,2026-09-10 16:40:41.034762+00:00,2026-09-10 16:40:41.035246+00:00,,,,,0.213,0.9039999999999999,0.916,0.484,21.456,24.258,47.315000000000005,CONFIRMED
M01,56069,2026-09-10 16:40:42.061827+00:00,2026-09-10 16:40:42.088954+00:00,2026-09-10 16:40:42.037187+00:00,2026-09-10 16:40:42.038384+00:00,2026-09-10 16:40:42.037412+00:00,2026-09-10 16:40:42.038186+00:00,2026-09-10 16:40:42.038582+00:00,,,,,0.225,0.7739999999999999,0.972,0.39599999999999996,23.244999999999997,27.127,51.767,CONFIRMED
M01,56070,2026-09-10 16:40:43.063600+00:00,2026-09-10 16:40:43.099443+00:00,2026-09-10 16:40:43.042062+00:00,2026-09-10 16:40:43.043480+00:00,2026-09-10 16:40:43.042264+00:00,2026-09-10 16:40:43.043525+00:00,2026-09-10 16:40:43.044084+00:00,,,,,0.202,1.261,1.216,0.559,19.516,35.842999999999996,57.381,CONFIRMED
M01,56071,2026-09-10 16:40:44.087381+00:00,2026-09-10 16:40:44.115222+00:00,2026-09-10 16:40:44.064068+00:00,2026-09-10 16:40:44.065503+00:00,2026-09-10 16:40:44.064224+00:00,2026-09-10 16:40:44.064948+00:00,2026-09-10 16:40:44.065343+00:00,,,,,0.156,0.7240000000000001,1.279,0.395,22.038,27.841,51.153999999999996,CONFIRMED
M01,56072,2026-09-10 16:40:45.089841+00:00,2026-09-10 16:40:45.117218+00:00,2026-09-10 16:40:45.068718+00:00,2026-09-10 16:40:45.074036+00:00,2026-09-10 16:40:45.068935+00:00,2026-09-10 16:40:45.069983+00:00,2026-09-10 16:40:45.070423+00:00,,,,,0.217,1.048,5.101,0.44,19.418000000000003,27.377,48.5,CONFIRMED
M01,56073,2026-09-10 16:40:46.104178+00:00,2026-09-10 16:40:46.129498+00:00,2026-09-10 16:40:46.081353+00:00,2026-09-10 16:40:46.082552+00:00,2026-09-10 16:40:46.081591+00:00,2026-09-10 16:40:46.082684+00:00,2026-09-10 16:40:46.083310+00:00,,,,,0.23800000000000002,1.093,0.9610000000000001,0.626,20.868000000000002,25.32,48.145,CONFIRMED
M01,56074,2026-09-10 16:40:47.109222+00:00,2026-09-10 16:40:47.141847+00:00,2026-09-10 16:40:47.088502+00:00,2026-09-10 16:40:47.090056+00:00,2026-09-10 16:40:47.088691+00:00,2026-09-10 16:40:47.089457+00:00,2026-09-10 16:40:47.089955+00:00,,,,,0.189,0.766,1.365,0.49799999999999994,19.267,32.625,53.345,CONFIRMED
M01,56075,2026-09-10 16:40:48.129503+00:00,2026-09-10 16:40:48.157915+00:00,2026-09-10 16:40:48.110090+00:00,2026-09-10 16:40:48.111557+00:00,2026-09-10 16:40:48.110383+00:00,2026-09-10 16:40:48.111611+00:00,2026-09-10 16:40:48.112277+00:00,,,,,0.29300000000000004,1.228,1.174,0.666,17.226000000000003,28.412,47.825,CONFIRMED
M01,56076,2026-09-10 16:40:49.143372+00:00,2026-09-10 16:40:49.170490+00:00,2026-09-10 16:40:49.116865+00:00,2026-09-10 16:40:49.118030+00:00,2026-09-10 16:40:49.117274+00:00,2026-09-10 16:40:49.117990+00:00,2026-09-10 16:40:49.118499+00:00,,,,,0.40900000000000003,0.716,0.756,0.509,24.872999999999998,27.118,53.625,CONFIRMED
M01,56077,2026-09-10 16:40:50.139311+00:00,2026-09-10 16:40:50.171206+00:00,2026-09-10 16:40:50.121509+00:00,2026-09-10 16:40:50.123819+00:00,2026-09-10 16:40:50.121831+00:00,2026-09-10 16:40:50.123265+00:00,2026-09-10 16:40:50.124042+00:00,,,,,0.322,1.434,1.9880000000000002,0.777,15.269,31.895,49.696999999999996,CONFIRMED
M01,56078,2026-09-10 16:40:51.162359+00:00,2026-09-10 16:40:51.198781+00:00,2026-09-10 16:40:51.135994+00:00,2026-09-10 16:40:51.153520+00:00,2026-09-10 16:40:51.136190+00:00,2026-09-10 16:40:51.137444+00:00,2026-09-10 16:40:51.137851+00:00,,,,,0.196,1.254,17.330000000000002,0.40700000000000003,24.508,36.422000000000004,62.787,CONFIRMED
M01,56079,2026-09-10 16:40:52.188246+00:00,2026-09-10 16:40:52.213464+00:00,2026-09-10 16:40:52.160039+00:00,2026-09-10 16:40:52.170411+00:00,2026-09-10 16:40:52.160413+00:00,2026-09-10 16:40:52.161925+00:00,2026-09-10 16:40:52.162730+00:00,,,,,0.374,1.512,9.998,0.805,25.516000000000002,25.218,53.425,CONFIRMED
M01,56080,2026-09-10 16:40:53.204119+00:00,2026-09-10 16:40:53.236498+00:00,2026-09-10 16:40:53.177425+00:00,2026-09-10 16:40:53.179325+00:00,2026-09-10 16:40:53.177883+00:00,2026-09-10 16:40:53.183585+00:00,2026-09-10 16:40:53.184544+00:00,,,,,0.458,5.702,1.442,0.959,19.575,32.379,59.073,CONFIRMED
M01,56081,2026-09-10 16:40:54.207989+00:00,2026-09-10 16:40:54.233481+00:00,2026-09-10 16:40:54.186231+00:00,2026-09-10 16:40:54.188088+00:00,2026-09-10 16:40:54.186609+00:00,2026-09-10 16:40:54.188320+00:00,2026-09-10 16:40:54.189109+00:00,,,,,0.378,1.711,1.479,0.789,18.880000000000003,25.492,47.25,CONFIRMED
M01,56082,2026-09-10 16:40:55.212674+00:00,2026-09-10 16:40:55.241034+00:00,2026-09-10 16:40:55.192719+00:00,2026-09-10 16:40:55.196923+00:00,2026-09-10 16:40:55.193055+00:00,2026-09-10 16:40:55.194960+00:00,2026-09-10 16:40:55.195511+00:00,,,,,0.33599999999999997,1.905,3.868,0.5509999999999999,17.163,28.36,48.315,CONFIRMED
M01,56083,2026-09-10 16:40:56.227175+00:00,2026-09-10 16:40:56.251053+00:00,2026-09-10 16:40:56.200636+00:00,2026-09-10 16:40:56.211556+00:00,2026-09-10 16:40:56.200862+00:00,2026-09-10 16:40:56.209642+00:00,2026-09-10 16:40:56.210070+00:00,,,,,0.22599999999999998,8.78,10.694,0.428,17.105,23.878,50.416999999999994,CONFIRMED
M01,56084,2026-09-10 16:40:57.237445+00:00,2026-09-10 16:40:57.266065+00:00,2026-09-10 16:40:57.215487+00:00,2026-09-10 16:40:57.218753+00:00,2026-09-10 16:40:57.215696+00:00,2026-09-10 16:40:57.216485+00:00,2026-09-10 16:40:57.216861+00:00,,,,,0.20900000000000002,0.789,3.057,0.376,20.584000000000003,28.62,50.577999999999996,CONFIRMED
M01,56085,2026-09-10 16:40:58.248124+00:00,2026-09-10 16:40:58.274111+00:00,2026-09-10 16:40:58.225421+00:00,2026-09-10 16:40:58.227866+00:00,2026-09-10 16:40:58.226013+00:00,2026-09-10 16:40:58.227729+00:00,2026-09-10 16:40:58.228681+00:00,,,,,0.592,1.716,1.853,0.9520000000000001,19.442999999999998,25.987,48.69,CONFIRMED
M01,56086,2026-09-10 16:40:59.256270+00:00,2026-09-10 16:40:59.285810+00:00,2026-09-10 16:40:59.232057+00:00,2026-09-10 16:40:59.233081+00:00,2026-09-10 16:40:59.232175+00:00,2026-09-10 16:40:59.232739+00:00,2026-09-10 16:40:59.233091+00:00,,,,,0.118,0.5640000000000001,0.906,0.352,23.179000000000002,29.54,53.753,CONFIRMED
M01,56087,2026-09-10 16:41:00.264820+00:00,2026-09-10 16:41:00.290550+00:00,2026-09-10 16:41:00.236481+00:00,2026-09-10 16:41:00.237673+00:00,2026-09-10 16:41:00.236661+00:00,2026-09-10 16:41:00.237306+00:00,2026-09-10 16:41:00.237748+00:00,,,,,0.18000000000000002,0.6449999999999999,1.012,0.442,27.072,25.73,54.068999999999996,CONFIRMED
M01,56088,2026-09-10 16:41:01.266281+00:00,2026-09-10 16:41:01.293862+00:00,2026-09-10 16:41:01.244158+00:00,2026-09-10 16:41:01.245144+00:00,2026-09-10 16:41:01.244317+00:00,2026-09-10 16:41:01.244971+00:00,2026-09-10 16:41:01.245355+00:00,,,,,0.159,0.6539999999999999,0.8270000000000001,0.384,20.926000000000002,27.581000000000003,49.704,CONFIRMED
M01,56089,2026-09-10 16:41:02.283336+00:00,2026-09-10 16:41:02.314385+00:00,2026-09-10 16:41:02.249509+00:00,2026-09-10 16:41:02.256293+00:00,2026-09-10 16:41:02.249914+00:00,2026-09-10 16:41:02.256534+00:00,2026-09-10 16:41:02.256872+00:00,,,,,0.40499999999999997,6.62,6.3790000000000004,0.33799999999999997,26.464000000000002,31.049,64.876,CONFIRMED
M01,56090,2026-09-10 16:41:03.285481+00:00,2026-09-10 16:41:03.311064+00:00,2026-09-10 16:41:03.258653+00:00,2026-09-10 16:41:03.273249+00:00,2026-09-10 16:41:03.258886+00:00,2026-09-10 16:41:03.259655+00:00,2026-09-10 16:41:03.260017+00:00,,,,,0.23299999999999998,0.769,14.363000000000001,0.36200000000000004,25.464000000000002,25.583000000000002,52.411,CONFIRMED
M01,56091,2026-09-10 16:41:04.297775+00:00,2026-09-10 16:41:04.327433+00:00,2026-09-10 16:41:04.278596+00:00,2026-09-10 16:41:04.282512+00:00,2026-09-10 16:41:04.279042+00:00,2026-09-10 16:41:04.282413+00:00,2026-09-10 16:41:04.282883+00:00,,,,,0.446,3.371,3.47,0.47,14.892000000000001,29.658,48.836999999999996,CONFIRMED
M01,56092,2026-09-10 16:41:05.311139+00:00,2026-09-10 16:41:05.336407+00:00,2026-09-10 16:41:05.285841+00:00,2026-09-10 16:41:05.286767+00:00,2026-09-10 16:41:05.286088+00:00,2026-09-10 16:41:05.286838+00:00,2026-09-10 16:41:05.287359+00:00,,,,,0.247,0.75,0.679,0.521,23.779999999999998,25.267999999999997,50.566,CONFIRMED
M01,56093,2026-09-10 16:41:06.315021+00:00,2026-09-10 16:41:06.341067+00:00,2026-09-10 16:41:06.289496+00:00,2026-09-10 16:41:06.306629+00:00,2026-09-10 16:41:06.289764+00:00,2026-09-10 16:41:06.290937+00:00,2026-09-10 16:41:06.291529+00:00,,,,,0.268,1.173,16.865000000000002,0.592,23.491999999999997,26.046,51.571,CONFIRMED
M01,56094,2026-09-10 16:41:07.333444+00:00,2026-09-10 16:41:07.364408+00:00,2026-09-10 16:41:07.309142+00:00,2026-09-10 16:41:07.310081+00:00,2026-09-10 16:41:07.309331+00:00,2026-09-10 16:41:07.310100+00:00,2026-09-10 16:41:07.310450+00:00,,,,,0.189,0.769,0.75,0.35,22.994,30.964,55.266000000000005,CONFIRMED
M01,56095,2026-09-10 16:41:08.341999+00:00,2026-09-10 16:41:08.372110+00:00,2026-09-10 16:41:08.314640+00:00,2026-09-10 16:41:08.325956+00:00,2026-09-10 16:41:08.315221+00:00,2026-09-10 16:41:08.325089+00:00,2026-09-10 16:41:08.325643+00:00,,,,,0.5810000000000001,9.868,10.735,0.554,16.355999999999998,30.110999999999997,57.47,CONFIRMED
M01,56096,2026-09-10 16:41:09.359424+00:00,2026-09-10 16:41:09.383868+00:00,2026-09-10 16:41:09.328634+00:00,2026-09-10 16:41:09.348119+00:00,2026-09-10 16:41:09.329043+00:00,2026-09-10 16:41:09.330528+00:00,2026-09-10 16:41:09.331314+00:00,,,,,0.40900000000000003,1.485,19.076,0.786,28.11,24.444,55.234,CONFIRMED
M01,56097,2026-09-10 16:41:10.378904+00:00,2026-09-10 16:41:10.405132+00:00,2026-09-10 16:41:10.350779+00:00,2026-09-10 16:41:10.357877+00:00,2026-09-10 16:41:10.351198+00:00,2026-09-10 16:41:10.358143+00:00,2026-09-10 16:41:10.358497+00:00,,,,,0.419,6.944999999999999,6.679,0.354,20.407,26.228,54.353,CONFIRMED
M01,56098,2026-09-10 16:41:11.387139+00:00,2026-09-10 16:41:11.414541+00:00,2026-09-10 16:41:11.363327+00:00,2026-09-10 16:41:11.364495+00:00,2026-09-10 16:41:11.363640+00:00,2026-09-10 16:41:11.364927+00:00,2026-09-10 16:41:11.365898+00:00,,,,,0.313,1.287,0.855,0.971,21.241,27.402,51.214000000000006,CONFIRMED
M01,56099,2026-09-10 16:41:12.394988+00:00,2026-09-10 16:41:12.420045+00:00,2026-09-10 16:41:12.368541+00:00,2026-09-10 16:41:12.371416+00:00,2026-09-10 16:41:12.369185+00:00,2026-09-10 16:41:12.371446+00:00,2026-09-10 16:41:12.372116+00:00,,,,,0.644,2.261,2.231,0.67,22.872,25.057,51.504,CONFIRMED
M01,56100,2026-09-10 16:41:13.397328+00:00,2026-09-10 16:41:13.423147+00:00,2026-09-10 16:41:13.375730+00:00,2026-09-10 16:41:13.384382+00:00,2026-09-10 16:41:13.376028+00:00,2026-09-10 16:41:13.377693+00:00,2026-09-10 16:41:13.378145+00:00,,,,,0.298,1.665,8.354000000000001,0.45199999999999996,19.183,25.819000000000003,47.417,CONFIRMED
M01,56101,2026-09-10 16:41:14.411887+00:00,2026-09-10 16:41:14.438610+00:00,2026-09-10 16:41:14.388283+00:00,2026-09-10 16:41:14.393850+00:00,2026-09-10 16:41:14.388694+00:00,2026-09-10 16:41:14.390479+00:00,2026-09-10 16:41:14.391221+00:00,,,,,0.41100000000000003,1.785,5.156,0.742,20.666,26.723,50.327,CONFIRMED
M01,56102,2026-09-10 16:41:15.417083+00:00,2026-09-10 16:41:15.439724+00:00,2026-09-10 16:41:15.396332+00:00,2026-09-10 16:41:15.397828+00:00,2026-09-10 16:41:15.396553+00:00,2026-09-10 16:41:15.397485+00:00,2026-09-10 16:41:15.399045+00:00,,,,,0.221,0.9319999999999999,1.2750000000000001,1.56,18.037999999999997,22.641000000000002,43.392,CONFIRMED
M01,56103,2026-09-10 16:41:16.428596+00:00,2026-09-10 16:41:16.452756+00:00,2026-09-10 16:41:16.401552+00:00,2026-09-10 16:41:16.402878+00:00,2026-09-10 16:41:16.401924+00:00,2026-09-10 16:41:16.402826+00:00,2026-09-10 16:41:16.405068+00:00,,,,,0.372,0.902,0.954,2.242,23.528,24.16,51.204,CONFIRMED
M01,56104,2026-09-10 16:41:17.431515+00:00,2026-09-10 16:41:17.460862+00:00,2026-09-10 16:41:17.408212+00:00,2026-09-10 16:41:17.409050+00:00,2026-09-10 16:41:17.408399+00:00,2026-09-10 16:41:17.409062+00:00,2026-09-10 16:41:17.409492+00:00,,,,,0.187,0.6629999999999999,0.651,0.43,22.023,29.347,52.650000000000006,CONFIRMED
M01,56105,2026-09-10 16:41:18.435315+00:00,2026-09-10 16:41:18.467332+00:00,2026-09-10 16:41:18.411624+00:00,2026-09-10 16:41:18.413209+00:00,2026-09-10 16:41:18.411822+00:00,2026-09-10 16:41:18.413154+00:00,2026-09-10 16:41:18.413589+00:00,,,,,0.19799999999999998,1.332,1.387,0.435,21.726,32.016999999999996,55.708,CONFIRMED
M01,56106,2026-09-10 16:41:19.438237+00:00,2026-09-10 16:41:19.462498+00:00,2026-09-10 16:41:19.416490+00:00,2026-09-10 16:41:19.418112+00:00,2026-09-10 16:41:19.416789+00:00,2026-09-10 16:41:19.418070+00:00,2026-09-10 16:41:19.418811+00:00,,,,,0.299,1.281,1.323,0.741,19.426,24.261000000000003,46.008,CONFIRMED
M01,56107,2026-09-10 16:41:20.452190+00:00,2026-09-10 16:41:20.479766+00:00,2026-09-10 16:41:20.422116+00:00,2026-09-10 16:41:20.423290+00:00,2026-09-10 16:41:20.422361+00:00,2026-09-10 16:41:20.423158+00:00,2026-09-10 16:41:20.423619+00:00,,,,,0.245,0.7969999999999999,0.929,0.46099999999999997,28.570999999999998,27.576,57.65,CONFIRMED
M01,56108,2026-09-10 16:41:21.452002+00:00,2026-09-10 16:41:21.480637+00:00,2026-09-10 16:41:21.426006+00:00,2026-09-10 16:41:21.429690+00:00,2026-09-10 16:41:21.426215+00:00,2026-09-10 16:41:21.429843+00:00,2026-09-10 16:41:21.430634+00:00,,,,,0.20900000000000002,3.628,3.4749999999999996,0.791,21.368000000000002,28.635,54.631,CONFIRMED
M01,56109,2026-09-10 16:41:22.455603+00:00,2026-09-10 16:41:22.492930+00:00,2026-09-10 16:41:22.433002+00:00,2026-09-10 16:41:22.433845+00:00,2026-09-10 16:41:22.433169+00:00,2026-09-10 16:41:22.433863+00:00,2026-09-10 16:41:22.434261+00:00,,,,,0.16699999999999998,0.694,0.6759999999999999,0.398,21.342,37.327,59.928000000000004,CONFIRMED
M01,56110,2026-09-10 16:41:23.461444+00:00,2026-09-10 16:41:23.491828+00:00,2026-09-10 16:41:23.436622+00:00,2026-09-10 16:41:23.446157+00:00,2026-09-10 16:41:23.436926+00:00,2026-09-10 16:41:23.438157+00:00,2026-09-10 16:41:23.438717+00:00,,,,,0.304,1.231,9.231,0.5599999999999999,22.727,30.384,55.205999999999996,CONFIRMED
M01,56111,2026-09-10 16:41:24.475200+00:00,2026-09-10 16:41:24.500828+00:00,2026-09-10 16:41:24.449593+00:00,2026-09-10 16:41:24.452769+00:00,2026-09-10 16:41:24.449984+00:00,2026-09-10 16:41:24.451328+00:00,2026-09-10 16:41:24.452112+00:00,,,,,0.391,1.3439999999999999,2.785,0.784,23.088,25.628,51.235,CONFIRMED
M01,56112,2026-09-10 16:41:25.479148+00:00,2026-09-10 16:41:25.503853+00:00,2026-09-10 16:41:25.459234+00:00,2026-09-10 16:41:25.461027+00:00,2026-09-10 16:41:25.459527+00:00,2026-09-10 16:41:25.461112+00:00,2026-09-10 16:41:25.461798+00:00,,,,,0.29300000000000004,1.585,1.5,0.6859999999999999,17.35,24.705000000000002,44.619,CONFIRMED
M01,56113,2026-09-10 16:41:26.489611+00:00,2026-09-10 16:41:26.513528+00:00,2026-09-10 16:41:26.465300+00:00,2026-09-10 16:41:26.467204+00:00,2026-09-10 16:41:26.465638+00:00,2026-09-10 16:41:26.466992+00:00,2026-09-10 16:41:26.467939+00:00,,,,,0.33799999999999997,1.3539999999999999,1.5659999999999998,0.9470000000000001,21.672,23.917,48.228,CONFIRMED
M01,56114,2026-09-10 16:41:27.498737+00:00,2026-09-10 16:41:27.526680+00:00,2026-09-10 16:41:27.471511+00:00,2026-09-10 16:41:27.472835+00:00,2026-09-10 16:41:27.471879+00:00,2026-09-10 16:41:27.472904+00:00,2026-09-10 16:41:27.473475+00:00,,,,,0.368,1.0250000000000001,0.9560000000000001,0.571,25.262,27.942999999999998,55.169000000000004,CONFIRMED
M01,56115,2026-09-10 16:41:28.503682+00:00,2026-09-10 16:41:28.528786+00:00,2026-09-10 16:41:28.476611+00:00,2026-09-10 16:41:28.479190+00:00,2026-09-10 16:41:28.477114+00:00,2026-09-10 16:41:28.479222+00:00,2026-09-10 16:41:28.480007+00:00,,,,,0.503,2.108,2.076,0.785,23.675,25.104000000000003,52.175,CONFIRMED
M01,56116,2026-09-10 16:41:29.508575+00:00,2026-09-10 16:41:29.533672+00:00,2026-09-10 16:41:29.483589+00:00,2026-09-10 16:41:29.485970+00:00,2026-09-10 16:41:29.484014+00:00,2026-09-10 16:41:29.485490+00:00,2026-09-10 16:41:29.486255+00:00,,,,,0.425,1.4760000000000002,1.9559999999999997,0.7649999999999999,22.32,25.097,50.083000000000006,CONFIRMED
M01,56117,2026-09-10 16:41:30.511982+00:00,2026-09-10 16:41:30.540565+00:00,2026-09-10 16:41:30.490794+00:00,2026-09-10 16:41:30.492670+00:00,2026-09-10 16:41:30.491166+00:00,2026-09-10 16:41:30.492706+00:00,2026-09-10 16:41:30.494491+00:00,,,,,0.372,1.5399999999999998,1.504,1.785,17.491,28.583000000000002,49.771,CONFIRMED
M01,56118,2026-09-10 16:41:31.519108+00:00,2026-09-10 16:41:31.543791+00:00,2026-09-10 16:41:31.495921+00:00,2026-09-10 16:41:31.496649+00:00,2026-09-10 16:41:31.496106+00:00,2026-09-10 16:41:31.496671+00:00,2026-09-10 16:41:31.497104+00:00,,,,,0.185,0.565,0.5429999999999999,0.433,22.003999999999998,24.683,47.870000000000005,CONFIRMED
M01,56119,2026-09-10 16:41:32.524019+00:00,2026-09-10 16:41:32.552420+00:00,2026-09-10 16:41:32.501058+00:00,2026-09-10 16:41:32.502909+00:00,2026-09-10 16:41:32.501405+00:00,2026-09-10 16:41:32.503109+00:00,2026-09-10 16:41:32.503811+00:00,,,,,0.347,1.704,1.504,0.7020000000000001,20.208000000000002,28.401,51.361999999999995,CONFIRMED
M01,56120,2026-09-10 16:41:33.531456+00:00,2026-09-10 16:41:33.556964+00:00,2026-09-10 16:41:33.507195+00:00,2026-09-10 16:41:33.514150+00:00,2026-09-10 16:41:33.507664+00:00,2026-09-10 16:41:33.509422+00:00,2026-09-10 16:41:33.510163+00:00,,,,,0.46900000000000003,1.758,6.486,0.741,21.293,25.508,49.769,CONFIRMED
M01,56121,2026-09-10 16:41:34.547890+00:00,2026-09-10 16:41:34.578576+00:00,2026-09-10 16:41:34.518802+00:00,2026-09-10 16:41:34.519967+00:00,2026-09-10 16:41:34.518984+00:00,2026-09-10 16:41:34.519896+00:00,2026-09-10 16:41:34.520297+00:00,,,,,0.182,0.912,0.983,0.40099999999999997,27.593,30.686,59.774,CONFIRMED
M01,56122,2026-09-10 16:41:35.546305+00:00,2026-09-10 16:41:35.572983+00:00,2026-09-10 16:41:35.523401+00:00,2026-09-10 16:41:35.526823+00:00,2026-09-10 16:41:35.523701+00:00,2026-09-10 16:41:35.524674+00:00,2026-09-10 16:41:35.525231+00:00,,,,,0.3,0.973,3.1220000000000003,0.5569999999999999,21.073999999999998,26.678,49.582,CONFIRMED
M01,56123,2026-09-10 16:41:36.570360+00:00,2026-09-10 16:41:36.596390+00:00,2026-09-10 16:41:36.536126+00:00,2026-09-10 16:41:36.547406+00:00,2026-09-10 16:41:36.536417+00:00,2026-09-10 16:41:36.544428+00:00,2026-09-10 16:41:36.544910+00:00,,,,,0.29100000000000004,8.011000000000001,10.989,0.482,25.45,26.03,60.263999999999996,CONFIRMED
M01,56124,2026-09-10 16:41:37.575043+00:00,2026-09-10 16:41:37.612293+00:00,2026-09-10 16:41:37.552623+00:00,2026-09-10 16:41:37.553454+00:00,2026-09-10 16:41:37.552833+00:00,2026-09-10 16:41:37.553415+00:00,2026-09-10 16:41:37.553803+00:00,,,,,0.21000000000000002,0.5820000000000001,0.621,0.388,21.24,37.25,59.67,CONFIRMED
M01,56125,2026-09-10 16:41:38.592144+00:00,2026-09-10 16:41:38.621312+00:00,2026-09-10 16:41:38.557144+00:00,2026-09-10 16:41:38.559049+00:00,2026-09-10 16:41:38.557491+00:00,2026-09-10 16:41:38.572633+00:00,2026-09-10 16:41:38.572981+00:00,,,,,0.347,15.142,1.5579999999999998,0.348,19.163,29.168,64.168,CONFIRMED
M01,56126,2026-09-10 16:41:39.610201+00:00,2026-09-10 16:41:39.639260+00:00,2026-09-10 16:41:39.585069+00:00,2026-09-10 16:41:39.587539+00:00,2026-09-10 16:41:39.585475+00:00,2026-09-10 16:41:39.586897+00:00,2026-09-10 16:41:39.587947+00:00,,,,,0.406,1.4220000000000002,2.064,1.05,22.253999999999998,29.059,54.191,CONFIRMED
M01,56127,2026-09-10 16:41:40.617646+00:00,2026-09-10 16:41:40.641883+00:00,2026-09-10 16:41:40.591723+00:00,2026-09-10 16:41:40.599094+00:00,2026-09-10 16:41:40.592093+00:00,2026-09-10 16:41:40.593362+00:00,2026-09-10 16:41:40.595234+00:00,,,,,0.37,1.269,7.001,1.8719999999999999,22.412000000000003,24.237000000000002,50.160000000000004,CONFIRMED
M01,56128,2026-09-10 16:41:41.629950+00:00,2026-09-10 16:41:41.656147+00:00,2026-09-10 16:41:41.601687+00:00,2026-09-10 16:41:41.614865+00:00,2026-09-10 16:41:41.602004+00:00,2026-09-10 16:41:41.613123+00:00,2026-09-10 16:41:41.613469+00:00,,,,,0.317,11.119,12.860999999999999,0.34600000000000003,16.480999999999998,26.197000000000003,54.46,CONFIRMED
M01,56129,2026-09-10 16:41:42.647231+00:00,2026-09-10 16:41:42.682327+00:00,2026-09-10 16:41:42.617896+00:00,2026-09-10 16:41:42.619349+00:00,2026-09-10 16:41:42.618239+00:00,2026-09-10 16:41:42.619454+00:00,2026-09-10 16:41:42.620263+00:00,,,,,0.34299999999999997,1.2149999999999999,1.11,0.809,26.968,35.096000000000004,64.431,CONFIRMED
M01,56130,2026-09-10 16:41:43.655722+00:00,2026-09-10 16:41:43.682994+00:00,2026-09-10 16:41:43.630968+00:00,2026-09-10 16:41:43.631963+00:00,2026-09-10 16:41:43.631105+00:00,2026-09-10 16:41:43.631996+00:00,2026-09-10 16:41:43.632442+00:00,,,,,0.13699999999999998,0.891,0.858,0.446,23.279999999999998,27.272000000000002,52.026,CONFIRMED
M01,56131,2026-09-10 16:41:44.660180+00:00,2026-09-10 16:41:44.686288+00:00,2026-09-10 16:41:44.635639+00:00,2026-09-10 16:41:44.637708+00:00,2026-09-10 16:41:44.636009+00:00,2026-09-10 16:41:44.637541+00:00,2026-09-10 16:41:44.638121+00:00,,,,,0.37,1.532,1.699,0.58,22.058999999999997,26.108,50.649,CONFIRMED
M01,56132,2026-09-10 16:41:45.671681+00:00,2026-09-10 16:41:45.700192+00:00,2026-09-10 16:41:45.641903+00:00,2026-09-10 16:41:45.643820+00:00,2026-09-10 16:41:45.642126+00:00,2026-09-10 16:41:45.642992+00:00,2026-09-10 16:41:45.643378+00:00,,,,,0.223,0.866,1.694,0.386,28.302999999999997,28.511000000000003,58.289,CONFIRMED
M01,56133,2026-09-10 16:41:46.670970+00:00,2026-09-10 16:41:46.698351+00:00,2026-09-10 16:41:46.646354+00:00,2026-09-10 16:41:46.647740+00:00,2026-09-10 16:41:46.646594+00:00,2026-09-10 16:41:46.651942+00:00,2026-09-10 16:41:46.652270+00:00,,,,,0.24000000000000002,5.348000000000001,1.1460000000000001,0.328,18.700000000000003,27.381,51.997,CONFIRMED
M01,56134,2026-09-10 16:41:47.688334+00:00,2026-09-10 16:41:47.718652+00:00,2026-09-10 16:41:47.653057+00:00,2026-09-10 16:41:47.656958+00:00,2026-09-10 16:41:47.653300+00:00,2026-09-10 16:41:47.657145+00:00,2026-09-10 16:41:47.657765+00:00,,,,,0.243,3.8449999999999998,3.658,0.62,30.569,30.318,65.595,CONFIRMED
M01,56135,2026-09-10 16:41:48.684940+00:00,2026-09-10 16:41:48.712525+00:00,2026-09-10 16:41:48.660701+00:00,2026-09-10 16:41:48.662021+00:00,2026-09-10 16:41:48.661061+00:00,2026-09-10 16:41:48.662201+00:00,2026-09-10 16:41:48.663403+00:00,,,,,0.36000000000000004,1.14,0.9600000000000001,1.202,21.537,27.584999999999997,51.824000000000005,CONFIRMED
M01,56136,2026-09-10 16:41:49.688067+00:00,2026-09-10 16:41:49.713796+00:00,2026-09-10 16:41:49.665146+00:00,2026-09-10 16:41:49.667541+00:00,2026-09-10 16:41:49.665471+00:00,2026-09-10 16:41:49.666779+00:00,2026-09-10 16:41:49.667488+00:00,,,,,0.325,1.3079999999999998,2.07,0.709,20.579,25.729,48.65,CONFIRMED
M01,56137,2026-09-10 16:41:50.698836+00:00,2026-09-10 16:41:50.723206+00:00,2026-09-10 16:41:50.670874+00:00,2026-09-10 16:41:50.672678+00:00,2026-09-10 16:41:50.671212+00:00,2026-09-10 16:41:50.672731+00:00,2026-09-10 16:41:50.673279+00:00,,,,,0.33799999999999997,1.519,1.466,0.5479999999999999,25.557,24.37,52.331999999999994,CONFIRMED
M01,56138,2026-09-10 16:41:51.702152+00:00,2026-09-10 16:41:51.736159+00:00,2026-09-10 16:41:51.677789+00:00,2026-09-10 16:41:51.680556+00:00,2026-09-10 16:41:51.678194+00:00,2026-09-10 16:41:51.679793+00:00,2026-09-10 16:41:51.680662+00:00,,,,,0.40499999999999997,1.599,2.362,0.869,21.49,34.007000000000005,58.37,CONFIRMED
M01,56139,2026-09-10 16:41:52.705832+00:00,2026-09-10 16:41:52.730437+00:00,2026-09-10 16:41:52.684642+00:00,2026-09-10 16:41:52.690393+00:00,2026-09-10 16:41:52.684840+00:00,2026-09-10 16:41:52.685665+00:00,2026-09-10 16:41:52.686076+00:00,,,,,0.19799999999999998,0.825,5.553,0.41100000000000003,19.756,24.604999999999997,45.795,CONFIRMED
M01,56140,2026-09-10 16:41:53.718840+00:00,2026-09-10 16:41:53.750304+00:00,2026-09-10 16:41:53.693542+00:00,2026-09-10 16:41:53.697525+00:00,2026-09-10 16:41:53.694076+00:00,2026-09-10 16:41:53.699285+00:00,2026-09-10 16:41:53.699880+00:00,,,,,0.5339999999999999,5.2090000000000005,3.449,0.5950000000000001,18.96,31.464,56.762,CONFIRMED
M01,56141,2026-09-10 16:41:54.739522+00:00,2026-09-10 16:41:54.768596+00:00,2026-09-10 16:41:54.704544+00:00,2026-09-10 16:41:54.708014+00:00,2026-09-10 16:41:54.705097+00:00,2026-09-10 16:41:54.708764+00:00,2026-09-10 16:41:54.710174+00:00,,,,,0.553,3.6670000000000003,2.917,1.41,29.348,29.073999999999998,64.05199999999999,CONFIRMED
M01,56142,2026-09-10 16:41:55.747917+00:00,2026-09-10 16:41:55.774319+00:00,2026-09-10 16:41:55.718225+00:00,2026-09-10 16:41:55.722458+00:00,2026-09-10 16:41:55.718639+00:00,2026-09-10 16:41:55.720641+00:00,2026-09-10 16:41:55.721499+00:00,,,,,0.414,2.002,3.819,0.858,26.418,26.401999999999997,56.094,CONFIRMED
M01,56143,2026-09-10 16:41:56.748116+00:00,2026-09-10 16:41:56.780919+00:00,2026-09-10 16:41:56.725253+00:00,2026-09-10 16:41:56.726260+00:00,2026-09-10 16:41:56.725469+00:00,2026-09-10 16:41:56.726343+00:00,2026-09-10 16:41:56.726856+00:00,,,,,0.216,0.874,0.791,0.513,21.26,32.803,55.666,CONFIRMED
M01,56144,2026-09-10 16:41:57.749683+00:00,2026-09-10 16:41:57.778449+00:00,2026-09-10 16:41:57.728654+00:00,2026-09-10 16:41:57.732911+00:00,2026-09-10 16:41:57.729057+00:00,2026-09-10 16:41:57.730681+00:00,2026-09-10 16:41:57.731381+00:00,,,,,0.40299999999999997,1.624,3.8539999999999996,0.7,18.302,28.766,49.795,CONFIRMED
M01,56145,2026-09-10 16:41:58.760489+00:00,2026-09-10 16:41:58.790346+00:00,2026-09-10 16:41:58.738188+00:00,2026-09-10 16:41:58.740121+00:00,2026-09-10 16:41:58.738556+00:00,2026-09-10 16:41:58.744226+00:00,2026-09-10 16:41:58.744805+00:00,,,,,0.368,5.67,1.565,0.579,15.684,29.857000000000003,52.158,CONFIRMED
M01,56146,2026-09-10 16:41:59.774869+00:00,2026-09-10 16:41:59.799278+00:00,2026-09-10 16:41:59.747561+00:00,2026-09-10 16:41:59.757380+00:00,2026-09-10 16:41:59.747930+00:00,2026-09-10 16:41:59.757478+00:00,2026-09-10 16:41:59.757865+00:00,,,,,0.36900000000000005,9.548,9.45,0.38699999999999996,17.003999999999998,24.409,51.717,CONFIRMED
M01,56147,2026-09-10 16:42:00.778169+00:00,2026-09-10 16:42:00.803343+00:00,2026-09-10 16:42:00.759718+00:00,2026-09-10 16:42:00.760842+00:00,2026-09-10 16:42:00.760005+00:00,2026-09-10 16:42:00.760811+00:00,2026-09-10 16:42:00.761689+00:00,,,,,0.287,0.8059999999999999,0.837,0.878,16.48,25.174,43.625,CONFIRMED
M01,56148,2026-09-10 16:42:01.787577+00:00,2026-09-10 16:42:01.822164+00:00,2026-09-10 16:42:01.765411+00:00,2026-09-10 16:42:01.768706+00:00,2026-09-10 16:42:01.765705+00:00,2026-09-10 16:42:01.767156+00:00,2026-09-10 16:42:01.767817+00:00,,,,,0.294,1.451,3.0010000000000003,0.661,19.759999999999998,34.586999999999996,56.753,CONFIRMED
M01,56149,2026-09-10 16:42:02.793872+00:00,2026-09-10 16:42:02.828610+00:00,2026-09-10 16:42:02.772662+00:00,2026-09-10 16:42:02.774957+00:00,2026-09-10 16:42:02.772929+00:00,2026-09-10 16:42:02.773742+00:00,2026-09-10 16:42:02.774126+00:00,,,,,0.26699999999999996,0.8130000000000001,2.028,0.384,19.746,34.738,55.948,CONFIRMED
M01,56150,2026-09-10 16:42:03.808158+00:00,2026-09-10 16:42:03.837093+00:00,2026-09-10 16:42:03.779521+00:00,2026-09-10 16:42:03.782647+00:00,2026-09-10 16:42:03.779748+00:00,2026-09-10 16:42:03.781630+00:00,2026-09-10 16:42:03.782328+00:00,,,,,0.22699999999999998,1.882,2.899,0.6980000000000001,25.83,28.935,57.571999999999996,CONFIRMED
M01,56151,2026-09-10 16:42:04.810424+00:00,2026-09-10 16:42:04.840273+00:00,2026-09-10 16:42:04.786481+00:00,2026-09-10 16:42:04.787310+00:00,2026-09-10 16:42:04.786679+00:00,2026-09-10 16:42:04.787791+00:00,2026-09-10 16:42:04.788095+00:00,,,,,0.19799999999999998,1.1119999999999999,0.631,0.304,22.329,29.849,53.792,CONFIRMED
M01,56152,2026-09-10 16:42:05.820736+00:00,2026-09-10 16:42:05.847117+00:00,2026-09-10 16:42:05.791102+00:00,2026-09-10 16:42:05.800026+00:00,2026-09-10 16:42:05.791466+00:00,2026-09-10 16:42:05.798123+00:00,2026-09-10 16:42:05.798537+00:00,,,,,0.364,6.657,8.56,0.414,22.199,26.381,56.015,CONFIRMED
M01,56153,2026-09-10 16:42:06.833612+00:00,2026-09-10 16:42:06.859008+00:00,2026-09-10 16:42:06.805052+00:00,2026-09-10 16:42:06.806166+00:00,2026-09-10 16:42:06.805381+00:00,2026-09-10 16:42:06.806316+00:00,2026-09-10 16:42:06.808868+00:00,,,,,0.32899999999999996,0.9349999999999999,0.785,2.552,24.744,25.395999999999997,53.955999999999996,CONFIRMED
M01,56154,2026-09-10 16:42:07.835045+00:00,2026-09-10 16:42:07.864098+00:00,2026-09-10 16:42:07.810111+00:00,2026-09-10 16:42:07.823507+00:00,2026-09-10 16:42:07.810284+00:00,2026-09-10 16:42:07.811148+00:00,2026-09-10 16:42:07.811621+00:00,,,,,0.17300000000000001,0.864,13.223,0.47300000000000003,23.424,29.052999999999997,53.987,CONFIRMED
M01,56155,2026-09-10 16:42:08.851008+00:00,2026-09-10 16:42:08.879315+00:00,2026-09-10 16:42:08.828695+00:00,2026-09-10 16:42:08.831170+00:00,2026-09-10 16:42:08.829070+00:00,2026-09-10 16:42:08.830316+00:00,2026-09-10 16:42:08.831832+00:00,,,,,0.375,1.246,2.1,1.516,19.176,28.307,50.62,CONFIRMED
M01,56156,2026-09-10 16:42:09.863064+00:00,2026-09-10 16:42:09.887549+00:00,2026-09-10 16:42:09.839225+00:00,2026-09-10 16:42:09.842266+00:00,2026-09-10 16:42:09.839404+00:00,2026-09-10 16:42:09.843734+00:00,2026-09-10 16:42:09.844254+00:00,,,,,0.179,4.33,2.862,0.5199999999999999,18.81,24.485,48.324,CONFIRMED
M01,56157,2026-09-10 16:42:10.870729+00:00,2026-09-10 16:42:10.896179+00:00,2026-09-10 16:42:10.849289+00:00,2026-09-10 16:42:10.851047+00:00,2026-09-10 16:42:10.849559+00:00,2026-09-10 16:42:10.850952+00:00,2026-09-10 16:42:10.851629+00:00,,,,,0.27,1.393,1.488,0.6769999999999999,19.099999999999998,25.45,46.89,CONFIRMED
M01,56158,2026-09-10 16:42:11.882721+00:00,2026-09-10 16:42:11.907103+00:00,2026-09-10 16:42:11.859073+00:00,2026-09-10 16:42:11.867604+00:00,2026-09-10 16:42:11.859548+00:00,2026-09-10 16:42:11.861754+00:00,2026-09-10 16:42:11.862522+00:00,,,,,0.475,2.206,8.056000000000001,0.768,20.199,24.382,48.03,CONFIRMED
M01,56159,2026-09-10 16:42:12.901658+00:00,2026-09-10 16:42:12.937270+00:00,2026-09-10 16:42:12.869596+00:00,2026-09-10 16:42:12.872923+00:00,2026-09-10 16:42:12.869822+00:00,2026-09-10 16:42:12.872927+00:00,2026-09-10 16:42:12.873280+00:00,,,,,0.22599999999999998,3.105,3.101,0.35300000000000004,28.378,35.611999999999995,67.67399999999999,CONFIRMED
M01,56160,2026-09-10 16:42:13.911717+00:00,2026-09-10 16:42:13.936732+00:00,2026-09-10 16:42:13.876381+00:00,2026-09-10 16:42:13.878783+00:00,2026-09-10 16:42:13.876739+00:00,2026-09-10 16:42:13.878097+00:00,2026-09-10 16:42:13.894707+00:00,,,,,0.358,1.358,2.0439999999999996,16.61,17.01,25.015,60.351,CONFIRMED
M01,56161,2026-09-10 16:42:14.924065+00:00,2026-09-10 16:42:14.952089+00:00,2026-09-10 16:42:14.898674+00:00,2026-09-10 16:42:14.899838+00:00,2026-09-10 16:42:14.898987+00:00,2026-09-10 16:42:14.899935+00:00,2026-09-10 16:42:14.900931+00:00,,,,,0.313,0.948,0.851,0.9959999999999999,23.133999999999997,28.024,53.415,CONFIRMED
M01,56162,2026-09-10 16:42:15.925736+00:00,2026-09-10 16:42:15.953358+00:00,2026-09-10 16:42:15.902343+00:00,2026-09-10 16:42:15.904412+00:00,2026-09-10 16:42:15.902648+00:00,2026-09-10 16:42:15.903764+00:00,2026-09-10 16:42:15.906053+00:00,,,,,0.305,1.116,1.764,2.2889999999999997,19.683,27.622,51.015,CONFIRMED
M01,56163,2026-09-10 16:42:16.930947+00:00,2026-09-10 16:42:16.957244+00:00,2026-09-10 16:42:16.908764+00:00,2026-09-10 16:42:16.909784+00:00,2026-09-10 16:42:16.909095+00:00,2026-09-10 16:42:16.909883+00:00,2026-09-10 16:42:16.910402+00:00,,,,,0.331,0.7879999999999999,0.6890000000000001,0.519,20.545,26.297,48.480000000000004,CONFIRMED
M01,56164,2026-09-10 16:42:17.937154+00:00,2026-09-10 16:42:17.964303+00:00,2026-09-10 16:42:17.912418+00:00,2026-09-10 16:42:17.913608+00:00,2026-09-10 16:42:17.912622+00:00,2026-09-10 16:42:17.913556+00:00,2026-09-10 16:42:17.914279+00:00,,,,,0.204,0.934,0.9859999999999999,0.723,22.875,27.149,51.885,CONFIRMED
M01,56165,2026-09-10 16:42:18.972166+00:00,2026-09-10 16:42:18.996982+00:00,2026-09-10 16:42:18.916732+00:00,2026-09-10 16:42:18.947412+00:00,2026-09-10 16:42:18.916902+00:00,2026-09-10 16:42:18.917537+00:00,2026-09-10 16:42:18.947900+00:00,,,,,0.17,0.635,30.509999999999998,30.363,24.266,24.816000000000003,80.25,CONFIRMED
M01,56166,2026-09-10 16:42:19.971058+00:00,2026-09-10 16:42:19.998665+00:00,2026-09-10 16:42:19.950889+00:00,2026-09-10 16:42:19.952811+00:00,2026-09-10 16:42:19.951092+00:00,2026-09-10 16:42:19.951725+00:00,2026-09-10 16:42:19.952258+00:00,,,,,0.203,0.633,1.719,0.533,18.8,27.607,47.775999999999996,CONFIRMED
M01,56167,2026-09-10 16:42:20.979256+00:00,2026-09-10 16:42:21.005253+00:00,2026-09-10 16:42:20.955909+00:00,2026-09-10 16:42:20.957025+00:00,2026-09-10 16:42:20.956095+00:00,2026-09-10 16:42:20.956973+00:00,2026-09-10 16:42:20.957396+00:00,,,,,0.186,0.878,0.93,0.423,21.86,25.997,49.344,CONFIRMED
M01,56168,2026-09-10 16:42:21.984787+00:00,2026-09-10 16:42:22.012208+00:00,2026-09-10 16:42:21.960592+00:00,2026-09-10 16:42:21.962358+00:00,2026-09-10 16:42:21.960837+00:00,2026-09-10 16:42:21.963162+00:00,2026-09-10 16:42:21.963708+00:00,,,,,0.245,2.3249999999999997,1.521,0.546,21.079,27.421,51.616,CONFIRMED
M01,56169,2026-09-10 16:42:22.997959+00:00,2026-09-10 16:42:23.024159+00:00,2026-09-10 16:42:22.967775+00:00,2026-09-10 16:42:22.973216+00:00,2026-09-10 16:42:22.968114+00:00,2026-09-10 16:42:22.973254+00:00,2026-09-10 16:42:22.974024+00:00,,,,,0.339,5.14,5.101999999999999,0.7699999999999999,23.935000000000002,26.200000000000003,56.38399999999999,CONFIRMED
M01,56170,2026-09-10 16:42:24.009538+00:00,2026-09-10 16:42:24.034372+00:00,2026-09-10 16:42:23.975852+00:00,2026-09-10 16:42:23.980734+00:00,2026-09-10 16:42:23.976073+00:00,2026-09-10 16:42:23.987277+00:00,2026-09-10 16:42:23.987888+00:00,,,,,0.221,11.204,4.6610000000000005,0.611,21.65,24.834,58.52,CONFIRMED
M01,56171,2026-09-10 16:42:25.011872+00:00,2026-09-10 16:42:25.038564+00:00,2026-09-10 16:42:24.990134+00:00,2026-09-10 16:42:24.991218+00:00,2026-09-10 16:42:24.990310+00:00,2026-09-10 16:42:24.991191+00:00,2026-09-10 16:42:24.991853+00:00,,,,,0.176,0.8809999999999999,0.9079999999999999,0.662,20.019,26.692,48.43,CONFIRMED
M01,56172,2026-09-10 16:42:26.032725+00:00,2026-09-10 16:42:26.061449+00:00,2026-09-10 16:42:26.009205+00:00,2026-09-10 16:42:26.010033+00:00,2026-09-10 16:42:26.009397+00:00,2026-09-10 16:42:26.010191+00:00,2026-09-10 16:42:26.010592+00:00,,,,,0.192,0.794,0.636,0.40099999999999997,22.133,28.724,52.244,CONFIRMED
M01,56173,2026-09-10 16:42:27.034433+00:00,2026-09-10 16:42:27.061067+00:00,2026-09-10 16:42:27.013893+00:00,2026-09-10 16:42:27.015280+00:00,2026-09-10 16:42:27.014544+00:00,2026-09-10 16:42:27.015357+00:00,2026-09-10 16:42:27.016090+00:00,,,,,0.651,0.8130000000000001,0.736,0.733,18.343,26.634,47.174,CONFIRMED
M01,56174,2026-09-10 16:42:28.044063+00:00,2026-09-10 16:42:28.076439+00:00,2026-09-10 16:42:28.019652+00:00,2026-09-10 16:42:28.020975+00:00,2026-09-10 16:42:28.019868+00:00,2026-09-10 16:42:28.020832+00:00,2026-09-10 16:42:28.021339+00:00,,,,,0.216,0.964,1.107,0.507,22.724,32.376000000000005,56.787,CONFIRMED
M01,56175,2026-09-10 16:42:29.047006+00:00,2026-09-10 16:42:29.074006+00:00,2026-09-10 16:42:29.025598+00:00,2026-09-10 16:42:29.026945+00:00,2026-09-10 16:42:29.025865+00:00,2026-09-10 16:42:29.026771+00:00,2026-09-10 16:42:29.027373+00:00,,,,,0.26699999999999996,0.906,1.08,0.602,19.633000000000003,27.0,48.408,CONFIRMED
M01,56176,2026-09-10 16:42:30.074528+00:00,2026-09-10 16:42:30.104479+00:00,2026-09-10 16:42:30.031146+00:00,2026-09-10 16:42:30.049301+00:00,2026-09-10 16:42:30.031373+00:00,2026-09-10 16:42:30.049158+00:00,2026-09-10 16:42:30.050153+00:00,,,,,0.22699999999999998,17.785,17.928,0.995,24.375,29.950999999999997,73.333,CONFIRMED
M01,56177,2026-09-10 16:42:31.078070+00:00,2026-09-10 16:42:31.107329+00:00,2026-09-10 16:42:31.051548+00:00,2026-09-10 16:42:31.052733+00:00,2026-09-10 16:42:31.051691+00:00,2026-09-10 16:42:31.052876+00:00,2026-09-10 16:42:31.053417+00:00,,,,,0.14300000000000002,1.185,1.042,0.541,24.653000000000002,29.259,55.781,CONFIRMED
M01,56178,2026-09-10 16:42:32.078336+00:00,2026-09-10 16:42:32.106900+00:00,2026-09-10 16:42:32.055798+00:00,2026-09-10 16:42:32.057527+00:00,2026-09-10 16:42:32.056197+00:00,2026-09-10 16:42:32.057644+00:00,2026-09-10 16:42:32.058522+00:00,,,,,0.399,1.4469999999999998,1.33,0.878,19.814,28.564,51.102000000000004,CONFIRMED
M01,56179,2026-09-10 16:42:33.088201+00:00,2026-09-10 16:42:33.111303+00:00,2026-09-10 16:42:33.061390+00:00,2026-09-10 16:42:33.062865+00:00,2026-09-10 16:42:33.061617+00:00,2026-09-10 16:42:33.062855+00:00,2026-09-10 16:42:33.063257+00:00,,,,,0.22699999999999998,1.238,1.248,0.402,24.944000000000003,23.102,49.913,CONFIRMED
M01,56180,2026-09-10 16:42:34.089782+00:00,2026-09-10 16:42:34.115849+00:00,2026-09-10 16:42:34.066201+00:00,2026-09-10 16:42:34.081426+00:00,2026-09-10 16:42:34.066449+00:00,2026-09-10 16:42:34.067979+00:00,2026-09-10 16:42:34.068432+00:00,,,,,0.248,1.5299999999999998,14.977,0.453,21.35,26.067,49.647999999999996,CONFIRMED
M01,56181,2026-09-10 16:42:35.114454+00:00,2026-09-10 16:42:35.141250+00:00,2026-09-10 16:42:35.089293+00:00,2026-09-10 16:42:35.091065+00:00,2026-09-10 16:42:35.089691+00:00,2026-09-10 16:42:35.091263+00:00,2026-09-10 16:42:35.092321+00:00,,,,,0.398,1.572,1.374,1.0579999999999998,22.133,26.796,51.957,CONFIRMED
M01,56182,2026-09-10 16:42:36.119867+00:00,2026-09-10 16:42:36.143056+00:00,2026-09-10 16:42:36.094942+00:00,2026-09-10 16:42:36.099963+00:00,2026-09-10 16:42:36.095112+00:00,2026-09-10 16:42:36.096036+00:00,2026-09-10 16:42:36.096534+00:00,,,,,0.17,0.924,4.851,0.49799999999999994,23.333,23.189,48.114,CONFIRMED
M01,56183,2026-09-10 16:42:37.130003+00:00,2026-09-10 16:42:37.156778+00:00,2026-09-10 16:42:37.105827+00:00,2026-09-10 16:42:37.109781+00:00,2026-09-10 16:42:37.106425+00:00,2026-09-10 16:42:37.109708+00:00,2026-09-10 16:42:37.110230+00:00,,,,,0.598,3.283,3.356,0.522,19.773,26.775,50.951,CONFIRMED
M01,56184,2026-09-10 16:42:38.139061+00:00,2026-09-10 16:42:38.162392+00:00,2026-09-10 16:42:38.113608+00:00,2026-09-10 16:42:38.116860+00:00,2026-09-10 16:42:38.114026+00:00,2026-09-10 16:42:38.116911+00:00,2026-09-10 16:42:38.117921+00:00,,,,,0.41800000000000004,2.885,2.834,1.01,21.14,23.331,48.784,CONFIRMED
M01,56185,2026-09-10 16:42:39.146642+00:00,2026-09-10 16:42:39.175062+00:00,2026-09-10 16:42:39.119324+00:00,2026-09-10 16:42:39.123472+00:00,2026-09-10 16:42:39.119734+00:00,2026-09-10 16:42:39.121207+00:00,2026-09-10 16:42:39.129567+00:00,,,,,0.41,1.4729999999999999,3.738,8.36,17.075,28.42,55.738,CONFIRMED
M01,56186,2026-09-10 16:42:40.158567+00:00,2026-09-10 16:42:40.189861+00:00,2026-09-10 16:42:40.133344+00:00,2026-09-10 16:42:40.134406+00:00,2026-09-10 16:42:40.133638+00:00,2026-09-10 16:42:40.135509+00:00,2026-09-10 16:42:40.136172+00:00,,,,,0.294,1.871,0.768,0.6629999999999999,22.395000000000003,31.294000000000004,56.516999999999996,CONFIRMED
M01,56187,2026-09-10 16:42:41.173591+00:00,2026-09-10 16:42:41.203988+00:00,2026-09-10 16:42:41.146031+00:00,2026-09-10 16:42:41.147453+00:00,2026-09-10 16:42:41.146260+00:00,2026-09-10 16:42:41.148838+00:00,2026-09-10 16:42:41.149605+00:00,,,,,0.229,2.578,1.193,0.767,23.986,30.397000000000002,57.957,CONFIRMED
M01,56188,2026-09-10 16:42:42.213955+00:00,2026-09-10 16:42:42.238275+00:00,2026-09-10 16:42:42.174030+00:00,2026-09-10 16:42:42.176354+00:00,2026-09-10 16:42:42.174437+00:00,2026-09-10 16:42:42.177820+00:00,2026-09-10 16:42:42.187240+00:00,,,,,0.40700000000000003,3.383,1.917,9.42,26.715,24.32,64.24499999999999,CONFIRMED
M01,56189,2026-09-10 16:42:43.230807+00:00,2026-09-10 16:42:43.255954+00:00,2026-09-10 16:42:43.189305+00:00,2026-09-10 16:42:43.192859+00:00,2026-09-10 16:42:43.189600+00:00,2026-09-10 16:42:43.191783+00:00,2026-09-10 16:42:43.209447+00:00,,,,,0.29500000000000004,2.183,3.2590000000000003,17.663999999999998,21.36,25.147,66.649,CONFIRMED
M01,56190,2026-09-10 16:42:44.245777+00:00,2026-09-10 16:42:44.270347+00:00,2026-09-10 16:42:44.212428+00:00,2026-09-10 16:42:44.222288+00:00,2026-09-10 16:42:44.212818+00:00,2026-09-10 16:42:44.214997+00:00,2026-09-10 16:42:44.216072+00:00,,,,,0.39,2.179,9.469999999999999,1.075,29.705,24.57,57.919,CONFIRMED
M01,56191,2026-09-10 16:42:45.268775+00:00,2026-09-10 16:42:45.292914+00:00,2026-09-10 16:42:45.229257+00:00,2026-09-10 16:42:45.233488+00:00,2026-09-10 16:42:45.229634+00:00,2026-09-10 16:42:45.231226+00:00,2026-09-10 16:42:45.232262+00:00,,,,,0.377,1.592,3.8539999999999996,1.036,36.513,24.139,63.657000000000004,CONFIRMED
M01,56192,2026-09-10 16:42:46.281420+00:00,2026-09-10 16:42:46.307233+00:00,2026-09-10 16:42:46.252318+00:00,2026-09-10 16:42:46.275641+00:00,2026-09-10 16:42:46.252754+00:00,2026-09-10 16:42:46.254269+00:00,2026-09-10 16:42:46.255100+00:00,,,,,0.43600000000000005,1.5150000000000001,22.887,0.8310000000000001,26.32,25.813,54.915,CONFIRMED
M01,56193,2026-09-10 16:42:47.302153+00:00,2026-09-10 16:42:47.327041+00:00,2026-09-10 16:42:47.279062+00:00,2026-09-10 16:42:47.280437+00:00,2026-09-10 16:42:47.279271+00:00,2026-09-10 16:42:47.280461+00:00,2026-09-10 16:42:47.280890+00:00,,,,,0.20900000000000002,1.1900000000000002,1.166,0.429,21.263,24.888,47.979,CONFIRMED
M01,56194,2026-09-10 16:42:48.309601+00:00,2026-09-10 16:42:48.335324+00:00,2026-09-10 16:42:48.283527+00:00,2026-09-10 16:42:48.284887+00:00,2026-09-10 16:42:48.283851+00:00,2026-09-10 16:42:48.284849+00:00,2026-09-10 16:42:48.285475+00:00,,,,,0.324,0.998,1.036,0.626,24.126,25.723,51.797000000000004,CONFIRMED
M01,56195,2026-09-10 16:42:49.331977+00:00,2026-09-10 16:42:49.358551+00:00,2026-09-10 16:42:49.306927+00:00,2026-09-10 16:42:49.308020+00:00,2026-09-10 16:42:49.307085+00:00,2026-09-10 16:42:49.308179+00:00,2026-09-10 16:42:49.308726+00:00,,,,,0.158,1.0939999999999999,0.9349999999999999,0.5469999999999999,23.251,26.574,51.624,CONFIRMED
M01,56196,2026-09-10 16:42:50.335356+00:00,2026-09-10 16:42:50.360033+00:00,2026-09-10 16:42:50.312443+00:00,2026-09-10 16:42:50.318552+00:00,2026-09-10 16:42:50.312734+00:00,2026-09-10 16:42:50.313972+00:00,2026-09-10 16:42:50.314594+00:00,,,,,0.29100000000000004,1.238,5.8180000000000005,0.622,20.762,24.677,47.59,CONFIRMED
M01,56197,2026-09-10 16:42:51.352079+00:00,2026-09-10 16:42:51.381746+00:00,2026-09-10 16:42:51.328823+00:00,2026-09-10 16:42:51.330758+00:00,2026-09-10 16:42:51.329039+00:00,2026-09-10 16:42:51.329871+00:00,2026-09-10 16:42:51.330285+00:00,,,,,0.216,0.832,1.719,0.414,21.794,29.666999999999998,52.922999999999995,CONFIRMED
M01,56198,2026-09-10 16:42:52.357788+00:00,2026-09-10 16:42:52.380086+00:00,2026-09-10 16:42:52.333004+00:00,2026-09-10 16:42:52.339085+00:00,2026-09-10 16:42:52.333229+00:00,2026-09-10 16:42:52.334249+00:00,2026-09-10 16:42:52.334761+00:00,,,,,0.225,1.02,5.856,0.512,23.026999999999997,22.298,47.082,CONFIRMED
M01,56199,2026-09-10 16:42:53.361666+00:00,2026-09-10 16:42:53.391416+00:00,2026-09-10 16:42:53.342160+00:00,2026-09-10 16:42:53.343642+00:00,2026-09-10 16:42:53.342349+00:00,2026-09-10 16:42:53.343052+00:00,2026-09-10 16:42:53.343468+00:00,,,,,0.189,0.703,1.2930000000000001,0.416,18.198,29.75,49.256,CONFIRMED
M01,56200,2026-09-10 16:42:54.379500+00:00,2026-09-10 16:42:54.411243+00:00,2026-09-10 16:42:54.348357+00:00,2026-09-10 16:42:54.354036+00:00,2026-09-10 16:42:54.348594+00:00,2026-09-10 16:42:54.354055+00:00,2026-09-10 16:42:54.354356+00:00,,,,,0.237,5.460999999999999,5.442,0.301,25.144,31.743000000000002,62.885999999999996,CONFIRMED
M01,56201,2026-09-10 16:42:55.386246+00:00,2026-09-10 16:42:55.418196+00:00,2026-09-10 16:42:55.358321+00:00,2026-09-10 16:42:55.364011+00:00,2026-09-10 16:42:55.358770+00:00,2026-09-10 16:42:55.363734+00:00,2026-09-10 16:42:55.364131+00:00,,,,,0.449,4.9639999999999995,5.241,0.397,22.115,31.95,59.875,CONFIRMED
M01,56202,2026-09-10 16:42:56.384716+00:00,2026-09-10 16:42:56.414592+00:00,2026-09-10 16:42:56.365964+00:00,2026-09-10 16:42:56.367974+00:00,2026-09-10 16:42:56.366161+00:00,2026-09-10 16:42:56.366940+00:00,2026-09-10 16:42:56.367377+00:00,,,,,0.19699999999999998,0.7789999999999999,1.813,0.437,17.339,29.876,48.628,CONFIRMED
M01,56203,2026-09-10 16:42:57.399363+00:00,2026-09-10 16:42:57.425091+00:00,2026-09-10 16:42:57.372829+00:00,2026-09-10 16:42:57.374358+00:00,2026-09-10 16:42:57.373188+00:00,2026-09-10 16:42:57.374343+00:00,2026-09-10 16:42:57.375152+00:00,,,,,0.359,1.155,1.17,0.809,24.211,25.728,52.262,CONFIRMED
M01,56204,2026-09-10 16:42:58.404666+00:00,2026-09-10 16:42:58.435542+00:00,2026-09-10 16:42:58.378808+00:00,2026-09-10 16:42:58.383039+00:00,2026-09-10 16:42:58.379143+00:00,2026-09-10 16:42:58.380946+00:00,2026-09-10 16:42:58.381807+00:00,,,,,0.335,1.803,3.8960000000000004,0.861,22.859,30.876,56.734,CONFIRMED
M01,56205,2026-09-10 16:42:59.414487+00:00,2026-09-10 16:42:59.439183+00:00,2026-09-10 16:42:59.387977+00:00,2026-09-10 16:42:59.393540+00:00,2026-09-10 16:42:59.388400+00:00,2026-09-10 16:42:59.393556+00:00,2026-09-10 16:42:59.397593+00:00,,,,,0.423,5.156,5.14,4.037,16.894,24.695999999999998,51.206,CONFIRMED
M01,56206,2026-09-10 16:43:00.418284+00:00,2026-09-10 16:43:00.443534+00:00,2026-09-10 16:43:00.395751+00:00,2026-09-10 16:43:00.400142+00:00,2026-09-10 16:43:00.395941+00:00,2026-09-10 16:43:00.400052+00:00,2026-09-10 16:43:00.400440+00:00,,,,,0.19,4.111,4.201,0.388,17.843999999999998,25.25,47.783,CONFIRMED
M01,56207,2026-09-10 16:43:01.429578+00:00,2026-09-10 16:43:01.456771+00:00,2026-09-10 16:43:01.402602+00:00,2026-09-10 16:43:01.406246+00:00,2026-09-10 16:43:01.402970+00:00,2026-09-10 16:43:01.404560+00:00,2026-09-10 16:43:01.405324+00:00,,,,,0.368,1.59,3.276,0.764,24.254,27.192999999999998,54.169000000000004,CONFIRMED
M01,56208,2026-09-10 16:43:02.435244+00:00,2026-09-10 16:43:02.462901+00:00,2026-09-10 16:43:02.409369+00:00,2026-09-10 16:43:02.410676+00:00,2026-09-10 16:43:02.409578+00:00,2026-09-10 16:43:02.410717+00:00,2026-09-10 16:43:02.411376+00:00,,,,,0.20900000000000002,1.139,1.098,0.6589999999999999,23.868000000000002,27.657,53.532000000000004,CONFIRMED
M01,56209,2026-09-10 16:43:03.439933+00:00,2026-09-10 16:43:03.465705+00:00,2026-09-10 16:43:03.418477+00:00,2026-09-10 16:43:03.431542+00:00,2026-09-10 16:43:03.418912+00:00,2026-09-10 16:43:03.420741+00:00,2026-09-10 16:43:03.421439+00:00,,,,,0.435,1.829,12.63,0.6980000000000001,18.494,25.772,47.228,CONFIRMED
M01,56210,2026-09-10 16:43:04.451295+00:00,2026-09-10 16:43:04.477670+00:00,2026-09-10 16:43:04.434129+00:00,2026-09-10 16:43:04.435899+00:00,2026-09-10 16:43:04.434440+00:00,2026-09-10 16:43:04.435801+00:00,2026-09-10 16:43:04.436416+00:00,,,,,0.311,1.361,1.459,0.615,14.879,26.375,43.541000000000004,CONFIRMED
M01,56211,2026-09-10 16:43:05.461114+00:00,2026-09-10 16:43:05.487440+00:00,2026-09-10 16:43:05.440086+00:00,2026-09-10 16:43:05.443437+00:00,2026-09-10 16:43:05.440257+00:00,2026-09-10 16:43:05.443963+00:00,2026-09-10 16:43:05.444372+00:00,,,,,0.171,3.706,3.18,0.40900000000000003,16.742,26.325999999999997,47.354,CONFIRMED
M01,56212,2026-09-10 16:43:06.468727+00:00,2026-09-10 16:43:06.494235+00:00,2026-09-10 16:43:06.447669+00:00,2026-09-10 16:43:06.448837+00:00,2026-09-10 16:43:06.447873+00:00,2026-09-10 16:43:06.448836+00:00,2026-09-10 16:43:06.449173+00:00,,,,,0.204,0.963,0.964,0.337,19.554,25.508,46.566,CONFIRMED
M01,56213,2026-09-10 16:43:07.487807+00:00,2026-09-10 16:43:07.513683+00:00,2026-09-10 16:43:07.452260+00:00,2026-09-10 16:43:07.463938+00:00,2026-09-10 16:43:07.452873+00:00,2026-09-10 16:43:07.463523+00:00,2026-09-10 16:43:07.463938+00:00,,,,,0.6130000000000001,10.65,11.065,0.415,23.869,25.876,61.423,CONFIRMED
M01,56214,2026-09-10 16:43:08.492965+00:00,2026-09-10 16:43:08.521513+00:00,2026-09-10 16:43:08.467426+00:00,2026-09-10 16:43:08.469671+00:00,2026-09-10 16:43:08.467879+00:00,2026-09-10 16:43:08.469505+00:00,2026-09-10 16:43:08.470477+00:00,,,,,0.453,1.6260000000000001,1.792,0.972,22.488,28.548000000000002,54.087,CONFIRMED
M01,56215,2026-09-10 16:43:09.499889+00:00,2026-09-10 16:43:09.528198+00:00,2026-09-10 16:43:09.476308+00:00,2026-09-10 16:43:09.478373+00:00,2026-09-10 16:43:09.476625+00:00,2026-09-10 16:43:09.479919+00:00,2026-09-10 16:43:09.480540+00:00,,,,,0.317,3.294,1.748,0.621,19.349,28.309,51.89,CONFIRMED
M01,56216,2026-09-10 16:43:10.519020+00:00,2026-09-10 16:43:10.542581+00:00,2026-09-10 16:43:10.497164+00:00,2026-09-10 16:43:10.499463+00:00,2026-09-10 16:43:10.497644+00:00,2026-09-10 16:43:10.499236+00:00,2026-09-10 16:43:10.500345+00:00,,,,,0.48000000000000004,1.592,1.8190000000000002,1.109,18.675,23.561,45.417,CONFIRMED
M01,56217,2026-09-10 16:43:11.539211+00:00,2026-09-10 16:43:11.575496+00:00,2026-09-10 16:43:11.508747+00:00,2026-09-10 16:43:11.510887+00:00,2026-09-10 16:43:11.509212+00:00,2026-09-10 16:43:11.511445+00:00,2026-09-10 16:43:11.512562+00:00,,,,,0.465,2.233,1.675,1.117,26.648999999999997,36.285,66.74900000000001,CONFIRMED
M01,56218,2026-09-10 16:43:12.541450+00:00,2026-09-10 16:43:12.566477+00:00,2026-09-10 16:43:12.521377+00:00,2026-09-10 16:43:12.524689+00:00,2026-09-10 16:43:12.521679+00:00,2026-09-10 16:43:12.523504+00:00,2026-09-10 16:43:12.524229+00:00,,,,,0.30200000000000005,1.825,3.0100000000000002,0.725,17.221,25.027,45.1,CONFIRMED
M01,56219,2026-09-10 16:43:13.547760+00:00,2026-09-10 16:43:13.574179+00:00,2026-09-10 16:43:13.527967+00:00,2026-09-10 16:43:13.537908+00:00,2026-09-10 16:43:13.528184+00:00,2026-09-10 16:43:13.528804+00:00,2026-09-10 16:43:13.529135+00:00,,,,,0.217,0.62,9.724,0.331,18.625,26.419,46.212,CONFIRMED
M01,56220,2026-09-10 16:43:14.568107+00:00,2026-09-10 16:43:14.605651+00:00,2026-09-10 16:43:14.540323+00:00,2026-09-10 16:43:14.544249+00:00,2026-09-10 16:43:14.540495+00:00,2026-09-10 16:43:14.541739+00:00,2026-09-10 16:43:14.542200+00:00,,,,,0.17200000000000001,1.244,3.754,0.46099999999999997,25.907,37.544000000000004,65.328,CONFIRMED
M01,56221,2026-09-10 16:43:15.573259+00:00,2026-09-10 16:43:15.601382+00:00,2026-09-10 16:43:15.551151+00:00,2026-09-10 16:43:15.553969+00:00,2026-09-10 16:43:15.551344+00:00,2026-09-10 16:43:15.552353+00:00,2026-09-10 16:43:15.552835+00:00,,,,,0.193,1.009,2.625,0.482,20.424,28.122999999999998,50.230999999999995,CONFIRMED
M01,56222,2026-09-10 16:43:16.578778+00:00,2026-09-10 16:43:16.604169+00:00,2026-09-10 16:43:16.556885+00:00,2026-09-10 16:43:16.557929+00:00,2026-09-10 16:43:16.557085+00:00,2026-09-10 16:43:16.557820+00:00,2026-09-10 16:43:16.558173+00:00,,,,,0.2,0.735,0.844,0.35300000000000004,20.604999999999997,25.391000000000002,47.284,CONFIRMED
M01,56223,2026-09-10 16:43:17.590912+00:00,2026-09-10 16:43:17.615466+00:00,2026-09-10 16:43:17.561996+00:00,2026-09-10 16:43:17.564106+00:00,2026-09-10 16:43:17.562410+00:00,2026-09-10 16:43:17.564035+00:00,2026-09-10 16:43:17.565179+00:00,,,,,0.414,1.625,1.696,1.1440000000000001,25.733,24.554,53.47,CONFIRMED
M01,56224,2026-09-10 16:43:18.591473+00:00,2026-09-10 16:43:18.624839+00:00,2026-09-10 16:43:18.568468+00:00,2026-09-10 16:43:18.569927+00:00,2026-09-10 16:43:18.568753+00:00,2026-09-10 16:43:18.569830+00:00,2026-09-10 16:43:18.570386+00:00,,,,,0.285,1.077,1.174,0.5559999999999999,21.087000000000003,33.366,56.370999999999995,CONFIRMED
M01,56225,2026-09-10 16:43:19.597645+00:00,2026-09-10 16:43:19.624373+00:00,2026-09-10 16:43:19.574947+00:00,2026-09-10 16:43:19.577471+00:00,2026-09-10 16:43:19.575285+00:00,2026-09-10 16:43:19.579013+00:00,2026-09-10 16:43:19.579477+00:00,,,,,0.33799999999999997,3.7279999999999998,2.186,0.464,18.168,26.727999999999998,49.425999999999995,CONFIRMED
M01,56226,2026-09-10 16:43:20.615511+00:00,2026-09-10 16:43:20.642429+00:00,2026-09-10 16:43:20.585472+00:00,2026-09-10 16:43:20.595660+00:00,2026-09-10 16:43:20.585886+00:00,2026-09-10 16:43:20.589190+00:00,2026-09-10 16:43:20.589829+00:00,,,,,0.414,3.3040000000000003,9.774,0.639,25.682,26.918,56.957,CONFIRMED
M01,56227,2026-09-10 16:43:21.621035+00:00,2026-09-10 16:43:21.646315+00:00,2026-09-10 16:43:21.598254+00:00,2026-09-10 16:43:21.600026+00:00,2026-09-10 16:43:21.598603+00:00,2026-09-10 16:43:21.601362+00:00,2026-09-10 16:43:21.601848+00:00,,,,,0.34900000000000003,2.7590000000000003,1.423,0.486,19.186999999999998,25.28,48.061,CONFIRMED
M01,56228,2026-09-10 16:43:22.626394+00:00,2026-09-10 16:43:22.654873+00:00,2026-09-10 16:43:22.604340+00:00,2026-09-10 16:43:22.606339+00:00,2026-09-10 16:43:22.604801+00:00,2026-09-10 16:43:22.606330+00:00,2026-09-10 16:43:22.608091+00:00,,,,,0.46099999999999997,1.529,1.538,1.761,18.303,28.479,50.533,CONFIRMED
M01,56229,2026-09-10 16:43:23.637532+00:00,2026-09-10 16:43:23.666472+00:00,2026-09-10 16:43:23.610674+00:00,2026-09-10 16:43:23.622363+00:00,2026-09-10 16:43:23.610938+00:00,2026-09-10 16:43:23.611715+00:00,2026-09-10 16:43:23.612104+00:00,,,,,0.264,0.777,11.424999999999999,0.389,25.428,28.94,55.798,CONFIRMED
M01,56230,2026-09-10 16:43:24.643572+00:00,2026-09-10 16:43:24.671346+00:00,2026-09-10 16:43:24.625538+00:00,2026-09-10 16:43:24.640257+00:00,2026-09-10 16:43:24.625944+00:00,2026-09-10 16:43:24.627484+00:00,2026-09-10 16:43:24.628017+00:00,,,,,0.406,1.5399999999999998,14.312999999999999,0.533,15.555,27.774,45.808,CONFIRMED
M01,56231,2026-09-10 16:43:25.669052+00:00,2026-09-10 16:43:25.701232+00:00,2026-09-10 16:43:25.643034+00:00,2026-09-10 16:43:25.644940+00:00,2026-09-10 16:43:25.643396+00:00,2026-09-10 16:43:25.644856+00:00,2026-09-10 16:43:25.645530+00:00,,,,,0.36200000000000004,1.46,1.544,0.674,23.522000000000002,32.18,58.198,CONFIRMED
M01,56232,2026-09-10 16:43:26.676243+00:00,2026-09-10 16:43:26.700544+00:00,2026-09-10 16:43:26.649246+00:00,2026-09-10 16:43:26.656545+00:00,2026-09-10 16:43:26.649554+00:00,2026-09-10 16:43:26.656001+00:00,2026-09-10 16:43:26.656385+00:00,,,,,0.308,6.446999999999999,6.991,0.384,19.858,24.301,51.298,CONFIRMED
M01,56233,2026-09-10 16:43:27.685694+00:00,2026-09-10 16:43:27.715138+00:00,2026-09-10 16:43:27.660463+00:00,2026-09-10 16:43:27.665294+00:00,2026-09-10 16:43:27.660826+00:00,2026-09-10 16:43:27.662649+00:00,2026-09-10 16:43:27.663373+00:00,,,,,0.363,1.823,4.468,0.7240000000000001,22.321,29.444000000000003,54.675000000000004,CONFIRMED
M01,56234,2026-09-10 16:43:28.697983+00:00,2026-09-10 16:43:28.723118+00:00,2026-09-10 16:43:28.667821+00:00,2026-09-10 16:43:28.675907+00:00,2026-09-10 16:43:28.668062+00:00,2026-09-10 16:43:28.675629+00:00,2026-09-10 16:43:28.676124+00:00,,,,,0.241,7.567,7.845,0.495,21.858999999999998,25.135,55.297,CONFIRMED
M01,56235,2026-09-10 16:43:29.704128+00:00,2026-09-10 16:43:29.730213+00:00,2026-09-10 16:43:29.683655+00:00,2026-09-10 16:43:29.686429+00:00,2026-09-10 16:43:29.684071+00:00,2026-09-10 16:43:29.685500+00:00,2026-09-10 16:43:29.686276+00:00,,,,,0.416,1.4289999999999998,2.3579999999999997,0.776,17.852,26.085,46.558,CONFIRMED
M01,56236,2026-09-10 16:43:30.715621+00:00,2026-09-10 16:43:30.740825+00:00,2026-09-10 16:43:30.691502+00:00,2026-09-10 16:43:30.695286+00:00,2026-09-10 16:43:30.691928+00:00,2026-09-10 16:43:30.694292+00:00,2026-09-10 16:43:30.695473+00:00,,,,,0.426,2.3640000000000003,3.3579999999999997,1.181,20.148,25.204,49.323,CONFIRMED
M01,56237,2026-09-10 16:43:31.719195+00:00,2026-09-10 16:43:31.744836+00:00,2026-09-10 16:43:31.699029+00:00,2026-09-10 16:43:31.700215+00:00,2026-09-10 16:43:31.699238+00:00,2026-09-10 16:43:31.700192+00:00,2026-09-10 16:43:31.700831+00:00,,,,,0.20900000000000002,0.954,0.977,0.639,18.363999999999997,25.641000000000002,45.807,CONFIRMED
M01,56238,2026-09-10 16:43:32.720900+00:00,2026-09-10 16:43:32.751736+00:00,2026-09-10 16:43:32.703230+00:00,2026-09-10 16:43:32.704345+00:00,2026-09-10 16:43:32.703434+00:00,2026-09-10 16:43:32.704216+00:00,2026-09-10 16:43:32.704592+00:00,,,,,0.204,0.782,0.911,0.376,16.308,30.836,48.506,CONFIRMED
M01,56239,2026-09-10 16:43:33.730345+00:00,2026-09-10 16:43:33.755503+00:00,2026-09-10 16:43:33.708466+00:00,2026-09-10 16:43:33.714512+00:00,2026-09-10 16:43:33.709091+00:00,2026-09-10 16:43:33.710734+00:00,2026-09-10 16:43:33.711647+00:00,,,,,0.625,1.643,5.420999999999999,0.9129999999999999,18.698,25.158,47.037,CONFIRMED
M01,56240,2026-09-10 16:43:34.739850+00:00,2026-09-10 16:43:34.763781+00:00,2026-09-10 16:43:34.718505+00:00,2026-09-10 16:43:34.723739+00:00,2026-09-10 16:43:34.718691+00:00,2026-09-10 16:43:34.719651+00:00,2026-09-10 16:43:34.720051+00:00,,,,,0.186,0.9600000000000001,5.048,0.4,19.799,23.931,45.275999999999996,CONFIRMED
M01,56241,2026-09-10 16:43:35.748837+00:00,2026-09-10 16:43:35.774515+00:00,2026-09-10 16:43:35.728749+00:00,2026-09-10 16:43:35.734324+00:00,2026-09-10 16:43:35.728941+00:00,2026-09-10 16:43:35.729724+00:00,2026-09-10 16:43:35.730113+00:00,,,,,0.192,0.7829999999999999,5.383,0.389,18.724,25.678,45.766,CONFIRMED
M02,56242,2026-09-10 16:43:36.756639+00:00,2026-09-10 16:43:36.793527+00:00,2026-09-10 16:43:36.739292+00:00,2026-09-10 16:43:36.740531+00:00,2026-09-10 16:43:36.739603+00:00,2026-09-10 16:43:36.740413+00:00,2026-09-10 16:43:36.741029+00:00,,,,,0.311,0.8099999999999999,0.928,0.616,15.610000000000001,36.888,54.235,CONFIRMED
M02,56243,2026-09-10 16:43:37.766028+00:00,2026-09-10 16:43:37.798573+00:00,2026-09-10 16:43:37.743527+00:00,2026-09-10 16:43:37.744356+00:00,2026-09-10 16:43:37.743760+00:00,2026-09-10 16:43:37.744495+00:00,2026-09-10 16:43:37.745192+00:00,,,,,0.23299999999999998,0.735,0.596,0.6970000000000001,20.836000000000002,32.544999999999995,55.046,CONFIRMED
M02,56244,2026-09-10 16:43:38.770355+00:00,2026-09-10 16:43:38.795044+00:00,2026-09-10 16:43:38.747354+00:00,2026-09-10 16:43:38.749388+00:00,2026-09-10 16:43:38.747649+00:00,2026-09-10 16:43:38.749377+00:00,2026-09-10 16:43:38.750030+00:00,,,,,0.29500000000000004,1.728,1.739,0.653,20.325,24.689,47.690000000000005,CONFIRMED
M02,56245,2026-09-10 16:43:39.772422+00:00,2026-09-10 16:43:39.804624+00:00,2026-09-10 16:43:39.753285+00:00,2026-09-10 16:43:39.754189+00:00,2026-09-10 16:43:39.753471+00:00,2026-09-10 16:43:39.754780+00:00,2026-09-10 16:43:39.755106+00:00,,,,,0.186,1.309,0.718,0.326,17.316000000000003,32.202,51.339000000000006,CONFIRMED
M02,56246,2026-09-10 16:43:40.784355+00:00,2026-09-10 16:43:40.810382+00:00,2026-09-10 16:43:40.761603+00:00,2026-09-10 16:43:40.763270+00:00,2026-09-10 16:43:40.761966+00:00,2026-09-10 16:43:40.763674+00:00,2026-09-10 16:43:40.764574+00:00,,,,,0.363,1.7080000000000002,1.304,0.9,19.781,26.027,48.779,CONFIRMED
M02,56247,2026-09-10 16:43:41.798310+00:00,2026-09-10 16:43:41.831414+00:00,2026-09-10 16:43:41.771633+00:00,2026-09-10 16:43:41.774810+00:00,2026-09-10 16:43:41.771836+00:00,2026-09-10 16:43:41.773745+00:00,2026-09-10 16:43:41.774048+00:00,,,,,0.203,1.909,2.974,0.303,24.262,33.104,59.781,CONFIRMED
M02,56248,2026-09-10 16:43:42.800622+00:00,2026-09-10 16:43:42.826021+00:00,2026-09-10 16:43:42.777267+00:00,2026-09-10 16:43:42.780068+00:00,2026-09-10 16:43:42.777733+00:00,2026-09-10 16:43:42.779180+00:00,2026-09-10 16:43:42.780014+00:00,,,,,0.46599999999999997,1.4469999999999998,2.335,0.834,20.608,25.399,48.754,CONFIRMED
M02,56249,2026-09-10 16:43:43.805963+00:00,2026-09-10 16:43:43.829450+00:00,2026-09-10 16:43:43.787715+00:00,2026-09-10 16:43:43.788373+00:00,2026-09-10 16:43:43.787914+00:00,2026-09-10 16:43:43.788484+00:00,2026-09-10 16:43:43.789220+00:00,,,,,0.199,0.57,0.45899999999999996,0.736,16.743000000000002,23.487000000000002,41.735,CONFIRMED
M02,56250,2026-09-10 16:43:44.814108+00:00,2026-09-10 16:43:44.841718+00:00,2026-09-10 16:43:44.790621+00:00,2026-09-10 16:43:44.791844+00:00,2026-09-10 16:43:44.790887+00:00,2026-09-10 16:43:44.791824+00:00,2026-09-10 16:43:44.792333+00:00,,,,,0.266,0.937,0.957,0.509,21.775,27.61,51.096999999999994,CONFIRMED
M02,56251,2026-09-10 16:43:45.820114+00:00,2026-09-10 16:43:45.845328+00:00,2026-09-10 16:43:45.795525+00:00,2026-09-10 16:43:45.807267+00:00,2026-09-10 16:43:45.795920+00:00,2026-09-10 16:43:45.797589+00:00,2026-09-10 16:43:45.798238+00:00,,,,,0.395,1.6689999999999998,11.347,0.6489999999999999,21.876,25.214,49.803,CONFIRMED
M02,56252,2026-09-10 16:43:46.841662+00:00,2026-09-10 16:43:46.866775+00:00,2026-09-10 16:43:46.815300+00:00,2026-09-10 16:43:46.824853+00:00,2026-09-10 16:43:46.815525+00:00,2026-09-10 16:43:46.824803+00:00,2026-09-10 16:43:46.825142+00:00,,,,,0.225,9.278,9.328,0.339,16.52,25.113,51.475,CONFIRMED
M02,56253,2026-09-10 16:43:47.855549+00:00,2026-09-10 16:43:47.882726+00:00,2026-09-10 16:43:47.828191+00:00,2026-09-10 16:43:47.838310+00:00,2026-09-10 16:43:47.828540+00:00,2026-09-10 16:43:47.838046+00:00,2026-09-10 16:43:47.838410+00:00,,,,,0.34900000000000003,9.506,9.77,0.364,17.139000000000003,27.177,54.535,CONFIRMED
M02,56254,2026-09-10 16:43:48.866857+00:00,2026-09-10 16:43:48.891879+00:00,2026-09-10 16:43:48.845198+00:00,2026-09-10 16:43:48.848609+00:00,2026-09-10 16:43:48.845650+00:00,2026-09-10 16:43:48.847162+00:00,2026-09-10 16:43:48.847807+00:00,,,,,0.45199999999999996,1.512,2.9589999999999996,0.6449999999999999,19.05,25.022,46.681,CONFIRMED
M02,56255,2026-09-10 16:43:49.885475+00:00,2026-09-10 16:43:49.911292+00:00,2026-09-10 16:43:49.856889+00:00,2026-09-10 16:43:49.871381+00:00,2026-09-10 16:43:49.857182+00:00,2026-09-10 16:43:49.857844+00:00,2026-09-10 16:43:49.858232+00:00,,,,,0.29300000000000004,0.662,14.199,0.388,27.243,25.817,54.403,CONFIRMED
M02,56256,2026-09-10 16:43:50.901377+00:00,2026-09-10 16:43:50.934909+00:00,2026-09-10 16:43:50.873787+00:00,2026-09-10 16:43:50.894254+00:00,2026-09-10 16:43:50.873954+00:00,2026-09-10 16:43:50.874721+00:00,2026-09-10 16:43:50.875081+00:00,,,,,0.16699999999999998,0.767,20.299999999999997,0.36000000000000004,26.296,33.532,61.122,CONFIRMED
M02,56257,2026-09-10 16:43:51.930617+00:00,2026-09-10 16:43:51.957143+00:00,2026-09-10 16:43:51.899184+00:00,2026-09-10 16:43:51.900414+00:00,2026-09-10 16:43:51.899367+00:00,2026-09-10 16:43:51.913595+00:00,2026-09-10 16:43:51.914203+00:00,,,,,0.183,14.228,1.047,0.608,16.414,26.526,57.958999999999996,CONFIRMED
M02,56258,2026-09-10 16:43:52.940287+00:00,2026-09-10 16:43:52.965121+00:00,2026-09-10 16:43:52.918843+00:00,2026-09-10 16:43:52.921268+00:00,2026-09-10 16:43:52.919306+00:00,2026-09-10 16:43:52.920742+00:00,2026-09-10 16:43:52.921522+00:00,,,,,0.46299999999999997,1.436,1.9620000000000002,0.78,18.765,24.834,46.278,CONFIRMED
M02,56259,2026-09-10 16:43:53.952285+00:00,2026-09-10 16:43:53.982749+00:00,2026-09-10 16:43:53.924789+00:00,2026-09-10 16:43:53.929514+00:00,2026-09-10 16:43:53.925224+00:00,2026-09-10 16:43:53.927057+00:00,2026-09-10 16:43:53.928047+00:00,,,,,0.435,1.833,4.29,0.99,24.238,30.464000000000002,57.96,CONFIRMED
M02,56260,2026-09-10 16:43:54.955208+00:00,2026-09-10 16:43:54.981385+00:00,2026-09-10 16:43:54.933627+00:00,2026-09-10 16:43:54.937808+00:00,2026-09-10 16:43:54.934113+00:00,2026-09-10 16:43:54.935987+00:00,2026-09-10 16:43:54.936511+00:00,,,,,0.486,1.874,3.695,0.524,18.697,26.177,47.758,CONFIRMED
M02,56261,2026-09-10 16:43:55.976855+00:00,2026-09-10 16:43:56.002402+00:00,2026-09-10 16:43:55.941197+00:00,2026-09-10 16:43:55.943168+00:00,2026-09-10 16:43:55.941530+00:00,2026-09-10 16:43:55.953033+00:00,2026-09-10 16:43:55.953636+00:00,,,,,0.333,11.503,1.638,0.603,23.219,25.547,61.205000000000005,CONFIRMED
M02,56262,2026-09-10 16:43:56.988362+00:00,2026-09-10 16:43:57.012506+00:00,2026-09-10 16:43:56.965491+00:00,2026-09-10 16:43:56.966839+00:00,2026-09-10 16:43:56.965819+00:00,2026-09-10 16:43:56.966868+00:00,2026-09-10 16:43:56.967590+00:00,,,,,0.328,1.049,1.02,0.722,20.772,24.144,47.015,CONFIRMED
M02,56263,2026-09-10 16:43:57.994015+00:00,2026-09-10 16:43:58.020068+00:00,2026-09-10 16:43:57.970947+00:00,2026-09-10 16:43:57.972406+00:00,2026-09-10 16:43:57.971264+00:00,2026-09-10 16:43:57.972763+00:00,2026-09-10 16:43:57.973734+00:00,,,,,0.317,1.4989999999999999,1.142,0.971,20.281,26.053,49.120999999999995,CONFIRMED
M02,56264,2026-09-10 16:43:59.027296+00:00,2026-09-10 16:43:59.061632+00:00,2026-09-10 16:43:58.976712+00:00,2026-09-10 16:43:58.978557+00:00,2026-09-10 16:43:58.977113+00:00,2026-09-10 16:43:58.978684+00:00,2026-09-10 16:43:58.979815+00:00,,,,,0.40099999999999997,1.571,1.444,1.131,47.481,34.336,84.92,CONFIRMED
M02,56265,2026-09-10 16:44:00.006509+00:00,2026-09-10 16:44:00.034383+00:00,2026-09-10 16:43:59.986102+00:00,2026-09-10 16:43:59.987619+00:00,2026-09-10 16:43:59.986282+00:00,2026-09-10 16:43:59.987517+00:00,2026-09-10 16:43:59.987945+00:00,,,,,0.18000000000000002,1.2349999999999999,1.3370000000000002,0.428,18.564,27.874,48.281,CONFIRMED
M02,56266,2026-09-10 16:44:01.015468+00:00,2026-09-10 16:44:01.041099+00:00,2026-09-10 16:44:00.990775+00:00,2026-09-10 16:44:00.991637+00:00,2026-09-10 16:44:00.991034+00:00,2026-09-10 16:44:00.991651+00:00,2026-09-10 16:44:00.992046+00:00,,,,,0.259,0.617,0.603,0.395,23.421999999999997,25.631,50.324,CONFIRMED
M02,56267,2026-09-10 16:44:02.020460+00:00,2026-09-10 16:44:02.051573+00:00,2026-09-10 16:44:01.995233+00:00,2026-09-10 16:44:01.997795+00:00,2026-09-10 16:44:01.995721+00:00,2026-09-10 16:44:01.997901+00:00,2026-09-10 16:44:01.998689+00:00,,,,,0.488,2.18,2.074,0.7879999999999999,21.770999999999997,31.113,56.34,CONFIRMED
M02,56268,2026-09-10 16:44:03.032151+00:00,2026-09-10 16:44:03.058067+00:00,2026-09-10 16:44:03.004083+00:00,2026-09-10 16:44:03.004975+00:00,2026-09-10 16:44:03.004225+00:00,2026-09-10 16:44:03.006342+00:00,2026-09-10 16:44:03.006731+00:00,,,,,0.14200000000000002,2.117,0.75,0.389,25.42,25.916,53.983999999999995,CONFIRMED
M02,56269,2026-09-10 16:44:04.028509+00:00,2026-09-10 16:44:04.056427+00:00,2026-09-10 16:44:04.009596+00:00,2026-09-10 16:44:04.012143+00:00,2026-09-10 16:44:04.010008+00:00,2026-09-10 16:44:04.011881+00:00,2026-09-10 16:44:04.012530+00:00,,,,,0.412,1.873,2.1350000000000002,0.6489999999999999,15.979000000000001,27.918,46.830999999999996,CONFIRMED
M02,56270,2026-09-10 16:44:05.035913+00:00,2026-09-10 16:44:05.060745+00:00,2026-09-10 16:44:05.016219+00:00,2026-09-10 16:44:05.018272+00:00,2026-09-10 16:44:05.016449+00:00,2026-09-10 16:44:05.017601+00:00,2026-09-10 16:44:05.018293+00:00,,,,,0.23,1.1520000000000001,1.823,0.6920000000000001,17.62,24.832,44.526,CONFIRMED
M02,56271,2026-09-10 16:44:06.047921+00:00,2026-09-10 16:44:06.073050+00:00,2026-09-10 16:44:06.021892+00:00,2026-09-10 16:44:06.029141+00:00,2026-09-10 16:44:06.022275+00:00,2026-09-10 16:44:06.024159+00:00,2026-09-10 16:44:06.024793+00:00,,,,,0.383,1.8840000000000001,6.866,0.634,23.128,25.128999999999998,51.158,CONFIRMED
M02,56272,2026-09-10 16:44:07.053147+00:00,2026-09-10 16:44:07.076793+00:00,2026-09-10 16:44:07.032714+00:00,2026-09-10 16:44:07.038804+00:00,2026-09-10 16:44:07.033181+00:00,2026-09-10 16:44:07.037168+00:00,2026-09-10 16:44:07.037989+00:00,,,,,0.467,3.987,5.623,0.821,15.158,23.646,44.079,CONFIRMED
M02,56273,2026-09-10 16:44:08.077801+00:00,2026-09-10 16:44:08.101872+00:00,2026-09-10 16:44:08.048579+00:00,2026-09-10 16:44:08.053570+00:00,2026-09-10 16:44:08.049144+00:00,2026-09-10 16:44:08.054791+00:00,2026-09-10 16:44:08.056352+00:00,,,,,0.565,5.647,4.426,1.5610000000000002,21.448999999999998,24.070999999999998,53.293,CONFIRMED
M02,56274,2026-09-10 16:44:09.079368+00:00,2026-09-10 16:44:09.106273+00:00,2026-09-10 16:44:09.058662+00:00,2026-09-10 16:44:09.060103+00:00,2026-09-10 16:44:09.059035+00:00,2026-09-10 16:44:09.060024+00:00,2026-09-10 16:44:09.060386+00:00,,,,,0.373,0.9890000000000001,1.0679999999999998,0.36200000000000004,18.982,26.904999999999998,47.611,CONFIRMED
M02,56275,2026-09-10 16:44:10.087774+00:00,2026-09-10 16:44:10.115303+00:00,2026-09-10 16:44:10.064676+00:00,2026-09-10 16:44:10.066846+00:00,2026-09-10 16:44:10.065109+00:00,2026-09-10 16:44:10.068331+00:00,2026-09-10 16:44:10.068783+00:00,,,,,0.433,3.222,1.737,0.45199999999999996,18.991,27.529,50.626999999999995,CONFIRMED
M02,56276,2026-09-10 16:44:11.100612+00:00,2026-09-10 16:44:11.136658+00:00,2026-09-10 16:44:11.071764+00:00,2026-09-10 16:44:11.073601+00:00,2026-09-10 16:44:11.072248+00:00,2026-09-10 16:44:11.073624+00:00,2026-09-10 16:44:11.074453+00:00,,,,,0.484,1.3760000000000001,1.353,0.829,26.159000000000002,36.046,64.89399999999999,CONFIRMED
M02,56277,2026-09-10 16:44:12.099091+00:00,2026-09-10 16:44:12.123719+00:00,2026-09-10 16:44:12.077870+00:00,2026-09-10 16:44:12.079142+00:00,2026-09-10 16:44:12.078099+00:00,2026-09-10 16:44:12.080009+00:00,2026-09-10 16:44:12.080528+00:00,,,,,0.229,1.91,1.0430000000000001,0.519,18.563,24.628,45.849000000000004,CONFIRMED
M02,56278,2026-09-10 16:44:13.110455+00:00,2026-09-10 16:44:13.135255+00:00,2026-09-10 16:44:13.082529+00:00,2026-09-10 16:44:13.084852+00:00,2026-09-10 16:44:13.082900+00:00,2026-09-10 16:44:13.084804+00:00,2026-09-10 16:44:13.085599+00:00,,,,,0.371,1.9040000000000001,1.952,0.795,24.855999999999998,24.8,52.726,CONFIRMED
M02,56279,2026-09-10 16:44:14.118078+00:00,2026-09-10 16:44:14.143420+00:00,2026-09-10 16:44:14.091594+00:00,2026-09-10 16:44:14.093954+00:00,2026-09-10 16:44:14.092057+00:00,2026-09-10 16:44:14.095800+00:00,2026-09-10 16:44:14.096323+00:00,,,,,0.46299999999999997,3.743,1.897,0.523,21.755,25.342,51.826,CONFIRMED
M02,56280,2026-09-10 16:44:15.125088+00:00,2026-09-10 16:44:15.152334+00:00,2026-09-10 16:44:15.097364+00:00,2026-09-10 16:44:15.106418+00:00,2026-09-10 16:44:15.097583+00:00,2026-09-10 16:44:15.103611+00:00,2026-09-10 16:44:15.104008+00:00,,,,,0.219,6.0280000000000005,8.835,0.397,21.080000000000002,27.246,54.97,CONFIRMED
M02,56281,2026-09-10 16:44:16.128661+00:00,2026-09-10 16:44:16.157151+00:00,2026-09-10 16:44:16.109015+00:00,2026-09-10 16:44:16.109943+00:00,2026-09-10 16:44:16.109198+00:00,2026-09-10 16:44:16.109888+00:00,2026-09-10 16:44:16.110195+00:00,,,,,0.183,0.69,0.745,0.307,18.466,28.490000000000002,48.135999999999996,CONFIRMED
M02,56282,2026-09-10 16:44:17.139622+00:00,2026-09-10 16:44:17.168404+00:00,2026-09-10 16:44:17.112728+00:00,2026-09-10 16:44:17.113878+00:00,2026-09-10 16:44:17.112933+00:00,2026-09-10 16:44:17.113715+00:00,2026-09-10 16:44:17.114214+00:00,,,,,0.205,0.782,0.945,0.499,25.408,28.782,55.676,CONFIRMED
M02,56283,2026-09-10 16:44:18.135773+00:00,2026-09-10 16:44:18.167962+00:00,2026-09-10 16:44:18.116175+00:00,2026-09-10 16:44:18.116796+00:00,2026-09-10 16:44:18.116305+00:00,2026-09-10 16:44:18.116842+00:00,2026-09-10 16:44:18.117245+00:00,,,,,0.12999999999999998,0.537,0.491,0.40299999999999997,18.528,32.189,51.787,CONFIRMED
M02,56284,2026-09-10 16:44:19.143695+00:00,2026-09-10 16:44:19.167922+00:00,2026-09-10 16:44:19.119502+00:00,2026-09-10 16:44:19.122423+00:00,2026-09-10 16:44:19.119843+00:00,2026-09-10 16:44:19.120925+00:00,2026-09-10 16:44:19.121473+00:00,,,,,0.34099999999999997,1.082,2.5799999999999996,0.5479999999999999,22.221999999999998,24.226999999999997,48.419999999999995,CONFIRMED
M02,56285,2026-09-10 16:44:20.148360+00:00,2026-09-10 16:44:20.184164+00:00,2026-09-10 16:44:20.125686+00:00,2026-09-10 16:44:20.126665+00:00,2026-09-10 16:44:20.125986+00:00,2026-09-10 16:44:20.126797+00:00,2026-09-10 16:44:20.127173+00:00,,,,,0.3,0.8109999999999999,0.679,0.376,21.187,35.804,58.478,CONFIRMED
M02,56286,2026-09-10 16:44:21.155918+00:00,2026-09-10 16:44:21.183295+00:00,2026-09-10 16:44:21.131980+00:00,2026-09-10 16:44:21.132901+00:00,2026-09-10 16:44:21.132192+00:00,2026-09-10 16:44:21.133005+00:00,2026-09-10 16:44:21.133397+00:00,,,,,0.212,0.8130000000000001,0.709,0.392,22.521,27.377,51.315,CONFIRMED
M02,56287,2026-09-10 16:44:22.156336+00:00,2026-09-10 16:44:22.185360+00:00,2026-09-10 16:44:22.136231+00:00,2026-09-10 16:44:22.151111+00:00,2026-09-10 16:44:22.136384+00:00,2026-09-10 16:44:22.136945+00:00,2026-09-10 16:44:22.137309+00:00,,,,,0.153,0.5609999999999999,14.727,0.364,19.026999999999997,29.024,49.129,CONFIRMED
M02,56288,2026-09-10 16:44:23.182467+00:00,2026-09-10 16:44:23.214285+00:00,2026-09-10 16:44:23.154143+00:00,2026-09-10 16:44:23.156296+00:00,2026-09-10 16:44:23.154433+00:00,2026-09-10 16:44:23.155624+00:00,2026-09-10 16:44:23.156402+00:00,,,,,0.29,1.191,1.863,0.778,26.065,31.817999999999998,60.142,CONFIRMED
M02,56289,2026-09-10 16:44:24.193139+00:00,2026-09-10 16:44:24.221811+00:00,2026-09-10 16:44:24.164904+00:00,2026-09-10 16:44:24.167299+00:00,2026-09-10 16:44:24.166195+00:00,2026-09-10 16:44:24.166885+00:00,2026-09-10 16:44:24.167341+00:00,,,,,1.2910000000000001,0.69,1.1039999999999999,0.456,25.798000000000002,28.672,56.907,CONFIRMED
M02,56290,2026-09-10 16:44:25.205066+00:00,2026-09-10 16:44:25.227615+00:00,2026-09-10 16:44:25.171651+00:00,2026-09-10 16:44:25.188725+00:00,2026-09-10 16:44:25.172125+00:00,2026-09-10 16:44:25.188875+00:00,2026-09-10 16:44:25.189226+00:00,,,,,0.474,16.75,16.6,0.35100000000000003,15.84,22.549,55.964,CONFIRMED
M02,56291,2026-09-10 16:44:26.215009+00:00,2026-09-10 16:44:26.251117+00:00,2026-09-10 16:44:26.191827+00:00,2026-09-10 16:44:26.194159+00:00,2026-09-10 16:44:26.192111+00:00,2026-09-10 16:44:26.194015+00:00,2026-09-10 16:44:26.194621+00:00,,,,,0.28400000000000003,1.9040000000000001,2.048,0.606,20.387999999999998,36.108000000000004,59.29,CONFIRMED
M02,56292,2026-09-10 16:44:27.219760+00:00,2026-09-10 16:44:27.249614+00:00,2026-09-10 16:44:27.197839+00:00,2026-09-10 16:44:27.199951+00:00,2026-09-10 16:44:27.198094+00:00,2026-09-10 16:44:27.199393+00:00,2026-09-10 16:44:27.199834+00:00,,,,,0.255,1.299,1.857,0.441,19.926,29.854,51.775,CONFIRMED
M02,56293,2026-09-10 16:44:28.232585+00:00,2026-09-10 16:44:28.260402+00:00,2026-09-10 16:44:28.204111+00:00,2026-09-10 16:44:28.208153+00:00,2026-09-10 16:44:28.204401+00:00,2026-09-10 16:44:28.206223+00:00,2026-09-10 16:44:28.206913+00:00,,,,,0.29,1.822,3.7520000000000002,0.69,25.672,27.817,56.291000000000004,CONFIRMED
M02,56294,2026-09-10 16:44:29.236974+00:00,2026-09-10 16:44:29.263619+00:00,2026-09-10 16:44:29.211400+00:00,2026-09-10 16:44:29.213815+00:00,2026-09-10 16:44:29.211784+00:00,2026-09-10 16:44:29.215675+00:00,2026-09-10 16:44:29.216111+00:00,,,,,0.384,3.891,2.0309999999999997,0.43600000000000005,20.863,26.645,52.219,CONFIRMED
M02,56295,2026-09-10 16:44:30.249472+00:00,2026-09-10 16:44:30.274103+00:00,2026-09-10 16:44:30.218538+00:00,2026-09-10 16:44:30.227358+00:00,2026-09-10 16:44:30.218951+00:00,2026-09-10 16:44:30.220527+00:00,2026-09-10 16:44:30.221160+00:00,,,,,0.41300000000000003,1.5759999999999998,8.407,0.633,28.312,24.631,55.565000000000005,CONFIRMED
M02,56296,2026-09-10 16:44:31.262089+00:00,2026-09-10 16:44:31.287747+00:00,2026-09-10 16:44:31.230816+00:00,2026-09-10 16:44:31.238576+00:00,2026-09-10 16:44:31.231488+00:00,2026-09-10 16:44:31.238553+00:00,2026-09-10 16:44:31.238970+00:00,,,,,0.6719999999999999,7.065,7.088,0.417,23.119,25.658,56.931000000000004,CONFIRMED
M02,56297,2026-09-10 16:44:32.271688+00:00,2026-09-10 16:44:32.298096+00:00,2026-09-10 16:44:32.242278+00:00,2026-09-10 16:44:32.243139+00:00,2026-09-10 16:44:32.242486+00:00,2026-09-10 16:44:32.243255+00:00,2026-09-10 16:44:32.243940+00:00,,,,,0.208,0.769,0.653,0.6849999999999999,27.747999999999998,26.408,55.818,CONFIRMED
M02,56298,2026-09-10 16:44:33.272689+00:00,2026-09-10 16:44:33.296867+00:00,2026-09-10 16:44:33.247123+00:00,2026-09-10 16:44:33.248772+00:00,2026-09-10 16:44:33.247394+00:00,2026-09-10 16:44:33.251331+00:00,2026-09-10 16:44:33.251674+00:00,,,,,0.27099999999999996,3.9370000000000003,1.3780000000000001,0.34299999999999997,21.015,24.178,49.744,CONFIRMED
M02,56299,2026-09-10 16:44:34.272350+00:00,2026-09-10 16:44:34.300490+00:00,2026-09-10 16:44:34.252352+00:00,2026-09-10 16:44:34.256462+00:00,2026-09-10 16:44:34.252483+00:00,2026-09-10 16:44:34.253353+00:00,2026-09-10 16:44:34.253759+00:00,,,,,0.131,0.87,3.979,0.406,18.591,28.139999999999997,48.138,CONFIRMED
M02,56300,2026-09-10 16:44:35.282323+00:00,2026-09-10 16:44:35.310463+00:00,2026-09-10 16:44:35.259069+00:00,2026-09-10 16:44:35.278975+00:00,2026-09-10 16:44:35.259209+00:00,2026-09-10 16:44:35.259874+00:00,2026-09-10 16:44:35.260246+00:00,,,,,0.13999999999999999,0.665,19.766,0.372,22.076999999999998,28.139999999999997,51.394000000000005,CONFIRMED
M02,56301,2026-09-10 16:44:36.310568+00:00,2026-09-10 16:44:36.339550+00:00,2026-09-10 16:44:36.282645+00:00,2026-09-10 16:44:36.283849+00:00,2026-09-10 16:44:36.282843+00:00,2026-09-10 16:44:36.285161+00:00,2026-09-10 16:44:36.285549+00:00,,,,,0.19799999999999998,2.318,1.006,0.388,25.019,28.982,56.904999999999994,CONFIRMED
M02,56302,2026-09-10 16:44:37.313535+00:00,2026-09-10 16:44:37.339815+00:00,2026-09-10 16:44:37.288805+00:00,2026-09-10 16:44:37.289481+00:00,2026-09-10 16:44:37.288977+00:00,2026-09-10 16:44:37.290606+00:00,2026-09-10 16:44:37.291026+00:00,,,,,0.17200000000000001,1.629,0.504,0.42000000000000004,22.509,26.28,51.01,CONFIRMED
M02,56303,2026-09-10 16:44:38.318306+00:00,2026-09-10 16:44:38.349700+00:00,2026-09-10 16:44:38.299819+00:00,2026-09-10 16:44:38.300859+00:00,2026-09-10 16:44:38.300039+00:00,2026-09-10 16:44:38.300690+00:00,2026-09-10 16:44:38.301045+00:00,,,,,0.22,0.651,0.82,0.355,17.261,31.394,49.881,CONFIRMED
M02,56304,2026-09-10 16:44:39.336416+00:00,2026-09-10 16:44:39.365278+00:00,2026-09-10 16:44:39.304022+00:00,2026-09-10 16:44:39.317343+00:00,2026-09-10 16:44:39.304338+00:00,2026-09-10 16:44:39.317699+00:00,2026-09-10 16:44:39.318081+00:00,,,,,0.316,13.360999999999999,13.004999999999999,0.382,18.335,28.862,61.256,CONFIRMED
M02,56305,2026-09-10 16:44:40.348291+00:00,2026-09-10 16:44:40.376091+00:00,2026-09-10 16:44:40.329548+00:00,2026-09-10 16:44:40.330352+00:00,2026-09-10 16:44:40.329765+00:00,2026-09-10 16:44:40.330403+00:00,2026-09-10 16:44:40.331030+00:00,,,,,0.217,0.638,0.587,0.627,17.261,27.799999999999997,46.543,CONFIRMED
M02,56306,2026-09-10 16:44:41.352494+00:00,2026-09-10 16:44:41.378868+00:00,2026-09-10 16:44:41.334508+00:00,2026-09-10 16:44:41.339314+00:00,2026-09-10 16:44:41.334919+00:00,2026-09-10 16:44:41.336198+00:00,2026-09-10 16:44:41.336767+00:00,,,,,0.41100000000000003,1.279,4.395,0.569,15.727000000000002,26.374000000000002,44.36,CONFIRMED
M02,56307,2026-09-10 16:44:42.369435+00:00,2026-09-10 16:44:42.406958+00:00,2026-09-10 16:44:42.342554+00:00,2026-09-10 16:44:42.343305+00:00,2026-09-10 16:44:42.342734+00:00,2026-09-10 16:44:42.343357+00:00,2026-09-10 16:44:42.344279+00:00,,,,,0.18000000000000002,0.623,0.571,0.9219999999999999,25.156000000000002,37.523,64.404,CONFIRMED
M02,56308,2026-09-10 16:44:43.367272+00:00,2026-09-10 16:44:43.393248+00:00,2026-09-10 16:44:43.345719+00:00,2026-09-10 16:44:43.346436+00:00,2026-09-10 16:44:43.345915+00:00,2026-09-10 16:44:43.347027+00:00,2026-09-10 16:44:43.347941+00:00,,,,,0.196,1.1119999999999999,0.521,0.914,19.331,25.976,47.529,CONFIRMED
M02,56309,2026-09-10 16:44:44.372361+00:00,2026-09-10 16:44:44.397413+00:00,2026-09-10 16:44:44.349711+00:00,2026-09-10 16:44:44.350399+00:00,2026-09-10 16:44:44.349856+00:00,2026-09-10 16:44:44.350426+00:00,2026-09-10 16:44:44.350771+00:00,,,,,0.145,0.57,0.5429999999999999,0.345,21.59,25.052,47.702,CONFIRMED
M02,56310,2026-09-10 16:44:45.377777+00:00,2026-09-10 16:44:45.407880+00:00,2026-09-10 16:44:45.354089+00:00,2026-09-10 16:44:45.355124+00:00,2026-09-10 16:44:45.354265+00:00,2026-09-10 16:44:45.355189+00:00,2026-09-10 16:44:45.355534+00:00,,,,,0.176,0.924,0.859,0.345,22.243,30.103,53.791,CONFIRMED
M02,56311,2026-09-10 16:44:46.384418+00:00,2026-09-10 16:44:46.409481+00:00,2026-09-10 16:44:46.357758+00:00,2026-09-10 16:44:46.359898+00:00,2026-09-10 16:44:46.357953+00:00,2026-09-10 16:44:46.362849+00:00,2026-09-10 16:44:46.363986+00:00,,,,,0.195,4.896,1.9449999999999998,1.137,20.432,25.063,51.723,CONFIRMED
M02,56312,2026-09-10 16:44:47.399662+00:00,2026-09-10 16:44:47.428694+00:00,2026-09-10 16:44:47.364947+00:00,2026-09-10 16:44:47.367455+00:00,2026-09-10 16:44:47.365135+00:00,2026-09-10 16:44:47.366832+00:00,2026-09-10 16:44:47.367302+00:00,,,,,0.188,1.6969999999999998,2.32,0.47,32.36,29.032,63.747,CONFIRMED
M02,56313,2026-09-10 16:44:48.402592+00:00,2026-09-10 16:44:48.430014+00:00,2026-09-10 16:44:48.377663+00:00,2026-09-10 16:44:48.378360+00:00,2026-09-10 16:44:48.377813+00:00,2026-09-10 16:44:48.378485+00:00,2026-09-10 16:44:48.378990+00:00,,,,,0.15,0.6719999999999999,0.5469999999999999,0.505,23.602,27.421999999999997,52.351,CONFIRMED
M02,56314,2026-09-10 16:44:49.399646+00:00,2026-09-10 16:44:49.425726+00:00,2026-09-10 16:44:49.381037+00:00,2026-09-10 16:44:49.383844+00:00,2026-09-10 16:44:49.381211+00:00,2026-09-10 16:44:49.381953+00:00,2026-09-10 16:44:49.382258+00:00,,,,,0.174,0.742,2.633,0.305,17.388,26.08,44.689,CONFIRMED
M02,56315,2026-09-10 16:44:50.407033+00:00,2026-09-10 16:44:50.433213+00:00,2026-09-10 16:44:50.386552+00:00,2026-09-10 16:44:50.387239+00:00,2026-09-10 16:44:50.386726+00:00,2026-09-10 16:44:50.387353+00:00,2026-09-10 16:44:50.387938+00:00,,,,,0.174,0.627,0.513,0.585,19.095000000000002,26.18,46.661,CONFIRMED
M02,56316,2026-09-10 16:44:51.417952+00:00,2026-09-10 16:44:51.445908+00:00,2026-09-10 16:44:51.389400+00:00,2026-09-10 16:44:51.393821+00:00,2026-09-10 16:44:51.389615+00:00,2026-09-10 16:44:51.391023+00:00,2026-09-10 16:44:51.391612+00:00,,,,,0.215,1.408,4.2059999999999995,0.589,26.34,27.956000000000003,56.508,CONFIRMED
M02,56317,2026-09-10 16:44:52.433290+00:00,2026-09-10 16:44:52.465381+00:00,2026-09-10 16:44:52.402404+00:00,2026-09-10 16:44:52.403826+00:00,2026-09-10 16:44:52.402676+00:00,2026-09-10 16:44:52.403665+00:00,2026-09-10 16:44:52.404077+00:00,,,,,0.272,0.9890000000000001,1.15,0.412,29.213,32.091,62.977000000000004,CONFIRMED
M02,56318,2026-09-10 16:44:53.435354+00:00,2026-09-10 16:44:53.464583+00:00,2026-09-10 16:44:53.416727+00:00,2026-09-10 16:44:53.419065+00:00,2026-09-10 16:44:53.417230+00:00,2026-09-10 16:44:53.418930+00:00,2026-09-10 16:44:53.419412+00:00,,,,,0.503,1.7,1.835,0.482,15.942000000000002,29.229000000000003,47.856,CONFIRMED
M02,56319,2026-09-10 16:44:54.445902+00:00,2026-09-10 16:44:54.474348+00:00,2026-09-10 16:44:54.422998+00:00,2026-09-10 16:44:54.424136+00:00,2026-09-10 16:44:54.423243+00:00,2026-09-10 16:44:54.424027+00:00,2026-09-10 16:44:54.424412+00:00,,,,,0.245,0.784,0.893,0.38499999999999995,21.49,28.445999999999998,51.35,CONFIRMED
M02,56320,2026-09-10 16:44:55.449892+00:00,2026-09-10 16:44:55.476616+00:00,2026-09-10 16:44:55.427391+00:00,2026-09-10 16:44:55.429337+00:00,2026-09-10 16:44:55.427764+00:00,2026-09-10 16:44:55.429340+00:00,2026-09-10 16:44:55.430895+00:00,,,,,0.373,1.5759999999999998,1.573,1.555,18.997,26.724,49.225,CONFIRMED
M02,56321,2026-09-10 16:44:56.456564+00:00,2026-09-10 16:44:56.481808+00:00,2026-09-10 16:44:56.434578+00:00,2026-09-10 16:44:56.439324+00:00,2026-09-10 16:44:56.434772+00:00,2026-09-10 16:44:56.435658+00:00,2026-09-10 16:44:56.436077+00:00,,,,,0.194,0.886,4.552,0.419,20.487,25.244,47.230000000000004,CONFIRMED
M02,56322,2026-09-10 16:44:57.469218+00:00,2026-09-10 16:44:57.496661+00:00,2026-09-10 16:44:57.442751+00:00,2026-09-10 16:44:57.444038+00:00,2026-09-10 16:44:57.443122+00:00,2026-09-10 16:44:57.444221+00:00,2026-09-10 16:44:57.445029+00:00,,,,,0.371,1.099,0.916,0.808,24.189,27.442999999999998,53.91,CONFIRMED
M02,56323,2026-09-10 16:44:58.473921+00:00,2026-09-10 16:44:58.503102+00:00,2026-09-10 16:44:58.447566+00:00,2026-09-10 16:44:58.457855+00:00,2026-09-10 16:44:58.447950+00:00,2026-09-10 16:44:58.449414+00:00,2026-09-10 16:44:58.450167+00:00,,,,,0.384,1.464,9.905000000000001,0.753,23.754,29.180999999999997,55.536,CONFIRMED
M02,56324,2026-09-10 16:44:59.497215+00:00,2026-09-10 16:44:59.521971+00:00,2026-09-10 16:44:59.472238+00:00,2026-09-10 16:44:59.476137+00:00,2026-09-10 16:44:59.472557+00:00,2026-09-10 16:44:59.474161+00:00,2026-09-10 16:44:59.474945+00:00,,,,,0.319,1.6039999999999999,3.58,0.784,22.270000000000003,24.756,49.733,CONFIRMED
M02,56325,2026-09-10 16:45:00.499040+00:00,2026-09-10 16:45:00.524222+00:00,2026-09-10 16:45:00.478987+00:00,2026-09-10 16:45:00.480733+00:00,2026-09-10 16:45:00.479294+00:00,2026-09-10 16:45:00.480477+00:00,2026-09-10 16:45:00.481089+00:00,,,,,0.307,1.183,1.439,0.612,17.951,25.182,45.235,CONFIRMED
M02,56326,2026-09-10 16:45:01.517325+00:00,2026-09-10 16:45:01.544819+00:00,2026-09-10 16:45:01.484853+00:00,2026-09-10 16:45:01.494091+00:00,2026-09-10 16:45:01.485351+00:00,2026-09-10 16:45:01.494096+00:00,2026-09-10 16:45:01.494442+00:00,,,,,0.49799999999999994,8.745,8.74,0.34600000000000003,22.883,27.494,59.966,CONFIRMED
M02,56327,2026-09-10 16:45:02.519170+00:00,2026-09-10 16:45:02.548314+00:00,2026-09-10 16:45:02.497005+00:00,2026-09-10 16:45:02.497753+00:00,2026-09-10 16:45:02.497193+00:00,2026-09-10 16:45:02.498766+00:00,2026-09-10 16:45:02.499344+00:00,,,,,0.188,1.573,0.5599999999999999,0.578,19.826,29.144,51.309,CONFIRMED
M02,56328,2026-09-10 16:45:03.528174+00:00,2026-09-10 16:45:03.554110+00:00,2026-09-10 16:45:03.502290+00:00,2026-09-10 16:45:03.508078+00:00,2026-09-10 16:45:03.503473+00:00,2026-09-10 16:45:03.507969+00:00,2026-09-10 16:45:03.508337+00:00,,,,,1.183,4.496,4.6049999999999995,0.368,19.837,25.936,51.82,CONFIRMED
M02,56329,2026-09-10 16:45:04.536590+00:00,2026-09-10 16:45:04.562144+00:00,2026-09-10 16:45:04.514629+00:00,2026-09-10 16:45:04.516897+00:00,2026-09-10 16:45:04.515083+00:00,2026-09-10 16:45:04.516439+00:00,2026-09-10 16:45:04.517277+00:00,,,,,0.45399999999999996,1.356,1.814,0.838,19.313,25.554000000000002,47.515,CONFIRMED
M02,56330,2026-09-10 16:45:05.542666+00:00,2026-09-10 16:45:05.573931+00:00,2026-09-10 16:45:05.519667+00:00,2026-09-10 16:45:05.523807+00:00,2026-09-10 16:45:05.520227+00:00,2026-09-10 16:45:05.521890+00:00,2026-09-10 16:45:05.522577+00:00,,,,,0.5599999999999999,1.663,3.58,0.687,20.089,31.265,54.264,CONFIRMED
M02,56331,2026-09-10 16:45:06.569176+00:00,2026-09-10 16:45:06.595966+00:00,2026-09-10 16:45:06.528426+00:00,2026-09-10 16:45:06.545039+00:00,2026-09-10 16:45:06.544145+00:00,2026-09-10 16:45:06.545098+00:00,2026-09-10 16:45:06.545652+00:00,,,,,15.719000000000001,0.953,0.894,0.554,23.524,26.790000000000003,67.54,CONFIRMED
M02,56332,2026-09-10 16:45:07.584453+00:00,2026-09-10 16:45:07.608804+00:00,2026-09-10 16:45:07.560468+00:00,2026-09-10 16:45:07.563730+00:00,2026-09-10 16:45:07.560900+00:00,2026-09-10 16:45:07.563141+00:00,2026-09-10 16:45:07.564119+00:00,,,,,0.432,2.241,2.83,0.9779999999999999,20.334,24.351000000000003,48.336,CONFIRMED
M02,56333,2026-09-10 16:45:08.586883+00:00,2026-09-10 16:45:08.622120+00:00,2026-09-10 16:45:08.568651+00:00,2026-09-10 16:45:08.569458+00:00,2026-09-10 16:45:08.568837+00:00,2026-09-10 16:45:08.569476+00:00,2026-09-10 16:45:08.569878+00:00,,,,,0.186,0.639,0.621,0.402,17.005,35.236999999999995,53.469,CONFIRMED
M02,56334,2026-09-10 16:45:09.596811+00:00,2026-09-10 16:45:09.621704+00:00,2026-09-10 16:45:09.573451+00:00,2026-09-10 16:45:09.575803+00:00,2026-09-10 16:45:09.573948+00:00,2026-09-10 16:45:09.576363+00:00,2026-09-10 16:45:09.577524+00:00,,,,,0.49700000000000005,2.415,1.8550000000000002,1.161,19.287,24.892999999999997,48.253,CONFIRMED
M02,56335,2026-09-10 16:45:10.608574+00:00,2026-09-10 16:45:10.644040+00:00,2026-09-10 16:45:10.580627+00:00,2026-09-10 16:45:10.591102+00:00,2026-09-10 16:45:10.588144+00:00,2026-09-10 16:45:10.589122+00:00,2026-09-10 16:45:10.589564+00:00,,,,,7.517,0.9779999999999999,2.958,0.442,19.009999999999998,35.465999999999994,63.413,CONFIRMED
M02,56336,2026-09-10 16:45:11.615706+00:00,2026-09-10 16:45:11.643253+00:00,2026-09-10 16:45:11.594360+00:00,2026-09-10 16:45:11.596182+00:00,2026-09-10 16:45:11.594745+00:00,2026-09-10 16:45:11.595880+00:00,2026-09-10 16:45:11.596677+00:00,,,,,0.38499999999999995,1.135,1.4369999999999998,0.7969999999999999,19.029,27.546999999999997,48.893,CONFIRMED
M02,56337,2026-09-10 16:45:12.635120+00:00,2026-09-10 16:45:12.665950+00:00,2026-09-10 16:45:12.599458+00:00,2026-09-10 16:45:12.600700+00:00,2026-09-10 16:45:12.599793+00:00,2026-09-10 16:45:12.601551+00:00,2026-09-10 16:45:12.602021+00:00,,,,,0.335,1.758,0.907,0.47,33.099000000000004,30.83,66.49199999999999,CONFIRMED
M02,56338,2026-09-10 16:45:13.658799+00:00,2026-09-10 16:45:13.685440+00:00,2026-09-10 16:45:13.620262+00:00,2026-09-10 16:45:13.629234+00:00,2026-09-10 16:45:13.620508+00:00,2026-09-10 16:45:13.635744+00:00,2026-09-10 16:45:13.636100+00:00,,,,,0.24600000000000002,15.235999999999999,8.725999999999999,0.356,22.699,26.641000000000002,65.178,CONFIRMED
M02,56339,2026-09-10 16:45:14.656203+00:00,2026-09-10 16:45:14.690364+00:00,2026-09-10 16:45:14.638110+00:00,2026-09-10 16:45:14.638873+00:00,2026-09-10 16:45:14.638240+00:00,2026-09-10 16:45:14.638851+00:00,2026-09-10 16:45:14.639387+00:00,,,,,0.12999999999999998,0.611,0.633,0.536,16.816000000000003,34.160999999999994,52.254000000000005,CONFIRMED
M02,56340,2026-09-10 16:45:15.665633+00:00,2026-09-10 16:45:15.691244+00:00,2026-09-10 16:45:15.642723+00:00,2026-09-10 16:45:15.645739+00:00,2026-09-10 16:45:15.642993+00:00,2026-09-10 16:45:15.645648+00:00,2026-09-10 16:45:15.646035+00:00,,,,,0.27,2.655,2.746,0.38699999999999996,19.598000000000003,25.610999999999997,48.521,CONFIRMED
M02,56341,2026-09-10 16:45:16.666705+00:00,2026-09-10 16:45:16.692159+00:00,2026-09-10 16:45:16.648172+00:00,2026-09-10 16:45:16.648921+00:00,2026-09-10 16:45:16.648311+00:00,2026-09-10 16:45:16.649155+00:00,2026-09-10 16:45:16.649591+00:00,,,,,0.13899999999999998,0.844,0.61,0.43600000000000005,17.114,25.454,43.986999999999995,CONFIRMED
M02,56342,2026-09-10 16:45:17.680246+00:00,2026-09-10 16:45:17.707734+00:00,2026-09-10 16:45:17.656442+00:00,2026-09-10 16:45:17.657951+00:00,2026-09-10 16:45:17.656706+00:00,2026-09-10 16:45:17.658174+00:00,2026-09-10 16:45:17.658808+00:00,,,,,0.264,1.468,1.245,0.634,21.438,27.488,51.291999999999994,CONFIRMED
M02,56343,2026-09-10 16:45:18.683716+00:00,2026-09-10 16:45:18.712673+00:00,2026-09-10 16:45:18.661635+00:00,2026-09-10 16:45:18.662598+00:00,2026-09-10 16:45:18.661810+00:00,2026-09-10 16:45:18.662592+00:00,2026-09-10 16:45:18.663065+00:00,,,,,0.175,0.782,0.7879999999999999,0.47300000000000003,20.651,28.957,51.038,CONFIRMED
M02,56344,2026-09-10 16:45:19.686090+00:00,2026-09-10 16:45:19.713417+00:00,2026-09-10 16:45:19.664888+00:00,2026-09-10 16:45:19.666714+00:00,2026-09-10 16:45:19.665075+00:00,2026-09-10 16:45:19.665766+00:00,2026-09-10 16:45:19.666144+00:00,,,,,0.187,0.691,1.639,0.378,19.945999999999998,27.327,48.529,CONFIRMED
M02,56345,2026-09-10 16:45:20.692479+00:00,2026-09-10 16:45:20.720864+00:00,2026-09-10 16:45:20.669948+00:00,2026-09-10 16:45:20.670860+00:00,2026-09-10 16:45:20.670181+00:00,2026-09-10 16:45:20.672649+00:00,2026-09-10 16:45:20.673099+00:00,,,,,0.23299999999999998,2.468,0.679,0.45,19.380000000000003,28.385,50.916000000000004,CONFIRMED
M02,56346,2026-09-10 16:45:21.694774+00:00,2026-09-10 16:45:21.720529+00:00,2026-09-10 16:45:21.675351+00:00,2026-09-10 16:45:21.676270+00:00,2026-09-10 16:45:21.675595+00:00,2026-09-10 16:45:21.676581+00:00,2026-09-10 16:45:21.678522+00:00,,,,,0.244,0.9859999999999999,0.675,1.941,16.252,25.755,45.178000000000004,CONFIRMED
M02,56347,2026-09-10 16:45:22.707510+00:00,2026-09-10 16:45:22.732598+00:00,2026-09-10 16:45:22.682236+00:00,2026-09-10 16:45:22.684242+00:00,2026-09-10 16:45:22.682688+00:00,2026-09-10 16:45:22.684319+00:00,2026-09-10 16:45:22.685037+00:00,,,,,0.45199999999999996,1.631,1.554,0.718,22.473,25.088,50.361999999999995,CONFIRMED
M02,56348,2026-09-10 16:45:23.735465+00:00,2026-09-10 16:45:23.759868+00:00,2026-09-10 16:45:23.690564+00:00,2026-09-10 16:45:23.692768+00:00,2026-09-10 16:45:23.690987+00:00,2026-09-10 16:45:23.713588+00:00,2026-09-10 16:45:23.713917+00:00,,,,,0.423,22.601,1.7810000000000001,0.32899999999999996,21.548000000000002,24.403000000000002,69.304,CONFIRMED
M02,56349,2026-09-10 16:45:24.740216+00:00,2026-09-10 16:45:24.765616+00:00,2026-09-10 16:45:24.718727+00:00,2026-09-10 16:45:24.724144+00:00,2026-09-10 16:45:24.719045+00:00,2026-09-10 16:45:24.720575+00:00,2026-09-10 16:45:24.721313+00:00,,,,,0.318,1.5299999999999998,5.099,0.7380000000000001,18.903,25.4,46.889,CONFIRMED
M02,56350,2026-09-10 16:45:25.753585+00:00,2026-09-10 16:45:25.779592+00:00,2026-09-10 16:45:25.728921+00:00,2026-09-10 16:45:25.730064+00:00,2026-09-10 16:45:25.729187+00:00,2026-09-10 16:45:25.730314+00:00,2026-09-10 16:45:25.730962+00:00,,,,,0.266,1.127,0.877,0.648,22.623,26.006999999999998,50.671,CONFIRMED
M02,56351,2026-09-10 16:45:26.763759+00:00,2026-09-10 16:45:26.790099+00:00,2026-09-10 16:45:26.736087+00:00,2026-09-10 16:45:26.739575+00:00,2026-09-10 16:45:26.736370+00:00,2026-09-10 16:45:26.739037+00:00,2026-09-10 16:45:26.740092+00:00,,,,,0.283,2.6670000000000003,3.205,1.055,23.667,26.34,54.012,CONFIRMED
M02,56352,2026-09-10 16:45:27.764270+00:00,2026-09-10 16:45:27.791189+00:00,2026-09-10 16:45:27.743338+00:00,2026-09-10 16:45:27.752224+00:00,2026-09-10 16:45:27.744189+00:00,2026-09-10 16:45:27.745798+00:00,2026-09-10 16:45:27.746425+00:00,,,,,0.851,1.609,8.035,0.627,17.845,26.918999999999997,47.851,CONFIRMED
M02,56353,2026-09-10 16:45:28.785518+00:00,2026-09-10 16:45:28.812653+00:00,2026-09-10 16:45:28.754886+00:00,2026-09-10 16:45:28.772918+00:00,2026-09-10 16:45:28.755025+00:00,2026-09-10 16:45:28.762737+00:00,2026-09-10 16:45:28.763062+00:00,,,,,0.13899999999999998,7.712,17.893,0.325,22.456,27.134999999999998,57.766999999999996,CONFIRMED
M02,56354,2026-09-10 16:45:29.807530+00:00,2026-09-10 16:45:29.834027+00:00,2026-09-10 16:45:29.777601+00:00,2026-09-10 16:45:29.785574+00:00,2026-09-10 16:45:29.777887+00:00,2026-09-10 16:45:29.783659+00:00,2026-09-10 16:45:29.784037+00:00,,,,,0.28600000000000003,5.772,7.687,0.378,23.493,26.497,56.425999999999995,CONFIRMED
M02,56355,2026-09-10 16:45:30.813511+00:00,2026-09-10 16:45:30.844988+00:00,2026-09-10 16:45:30.788325+00:00,2026-09-10 16:45:30.790436+00:00,2026-09-10 16:45:30.788549+00:00,2026-09-10 16:45:30.789476+00:00,2026-09-10 16:45:30.789856+00:00,,,,,0.224,0.9269999999999999,1.887,0.38,23.654999999999998,31.476999999999997,56.663,CONFIRMED
M02,56356,2026-09-10 16:45:31.819817+00:00,2026-09-10 16:45:31.846218+00:00,2026-09-10 16:45:31.792824+00:00,2026-09-10 16:45:31.793516+00:00,2026-09-10 16:45:31.793005+00:00,2026-09-10 16:45:31.793528+00:00,2026-09-10 16:45:31.793882+00:00,,,,,0.18100000000000002,0.523,0.5109999999999999,0.354,25.935,26.401,53.394,CONFIRMED
M02,56357,2026-09-10 16:45:32.840988+00:00,2026-09-10 16:45:32.866894+00:00,2026-09-10 16:45:32.796711+00:00,2026-09-10 16:45:32.825832+00:00,2026-09-10 16:45:32.796978+00:00,2026-09-10 16:45:32.825865+00:00,2026-09-10 16:45:32.826250+00:00,,,,,0.26699999999999996,28.887,28.854000000000003,0.38499999999999995,14.738,25.906,70.18299999999999,CONFIRMED
M02,56358,2026-09-10 16:45:33.851103+00:00,2026-09-10 16:45:33.883282+00:00,2026-09-10 16:45:33.828582+00:00,2026-09-10 16:45:33.830681+00:00,2026-09-10 16:45:33.828843+00:00,2026-09-10 16:45:33.830153+00:00,2026-09-10 16:45:33.831066+00:00,,,,,0.261,1.31,1.838,0.9129999999999999,20.037,32.179,54.699999999999996,CONFIRMED
M02,56359,2026-09-10 16:45:34.864462+00:00,2026-09-10 16:45:34.894558+00:00,2026-09-10 16:45:34.837606+00:00,2026-09-10 16:45:34.838616+00:00,2026-09-10 16:45:34.837814+00:00,2026-09-10 16:45:34.838517+00:00,2026-09-10 16:45:34.839292+00:00,,,,,0.208,0.703,0.8019999999999999,0.775,25.17,30.096,56.952000000000005,CONFIRMED
M02,56360,2026-09-10 16:45:35.859185+00:00,2026-09-10 16:45:35.885552+00:00,2026-09-10 16:45:35.842224+00:00,2026-09-10 16:45:35.843408+00:00,2026-09-10 16:45:35.842398+00:00,2026-09-10 16:45:35.843407+00:00,2026-09-10 16:45:35.843811+00:00,,,,,0.174,1.009,1.01,0.404,15.374,26.367,43.327999999999996,CONFIRMED
M02,56361,2026-09-10 16:45:36.878276+00:00,2026-09-10 16:45:36.904930+00:00,2026-09-10 16:45:36.853289+00:00,2026-09-10 16:45:36.854722+00:00,2026-09-10 16:45:36.853571+00:00,2026-09-10 16:45:36.854792+00:00,2026-09-10 16:45:36.856786+00:00,,,,,0.28200000000000003,1.221,1.1509999999999998,1.9940000000000002,21.49,26.654,51.641,CONFIRMED
M02,56362,2026-09-10 16:45:37.889639+00:00,2026-09-10 16:45:37.917353+00:00,2026-09-10 16:45:37.863302+00:00,2026-09-10 16:45:37.864840+00:00,2026-09-10 16:45:37.863592+00:00,2026-09-10 16:45:37.864597+00:00,2026-09-10 16:45:37.864984+00:00,,,,,0.29,1.0050000000000001,1.248,0.38699999999999996,24.655,27.714,54.051,CONFIRMED
M02,56363,2026-09-10 16:45:38.892576+00:00,2026-09-10 16:45:38.917343+00:00,2026-09-10 16:45:38.868243+00:00,2026-09-10 16:45:38.869920+00:00,2026-09-10 16:45:38.868625+00:00,2026-09-10 16:45:38.870266+00:00,2026-09-10 16:45:38.871152+00:00,,,,,0.382,1.641,1.295,0.886,21.424,24.767,49.099999999999994,CONFIRMED
M02,56364,2026-09-10 16:45:39.899434+00:00,2026-09-10 16:45:39.927005+00:00,2026-09-10 16:45:39.876934+00:00,2026-09-10 16:45:39.878736+00:00,2026-09-10 16:45:39.877318+00:00,2026-09-10 16:45:39.878591+00:00,2026-09-10 16:45:39.879313+00:00,,,,,0.384,1.2730000000000001,1.418,0.722,20.121,27.570999999999998,50.071,CONFIRMED
M02,56365,2026-09-10 16:45:40.907825+00:00,2026-09-10 16:45:40.939998+00:00,2026-09-10 16:45:40.888390+00:00,2026-09-10 16:45:40.891123+00:00,2026-09-10 16:45:40.888830+00:00,2026-09-10 16:45:40.890534+00:00,2026-09-10 16:45:40.891154+00:00,,,,,0.44,1.704,2.2929999999999997,0.62,16.671,32.173,51.608000000000004,CONFIRMED
M02,56366,2026-09-10 16:45:41.912969+00:00,2026-09-10 16:45:41.938121+00:00,2026-09-10 16:45:41.895337+00:00,2026-09-10 16:45:41.896272+00:00,2026-09-10 16:45:41.895530+00:00,2026-09-10 16:45:41.896219+00:00,2026-09-10 16:45:41.896588+00:00,,,,,0.193,0.6890000000000001,0.742,0.36900000000000005,16.381,25.152,42.784000000000006,CONFIRMED
M02,56367,2026-09-10 16:45:42.919465+00:00,2026-09-10 16:45:42.947694+00:00,2026-09-10 16:45:42.898939+00:00,2026-09-10 16:45:42.901371+00:00,2026-09-10 16:45:42.899314+00:00,2026-09-10 16:45:42.901344+00:00,2026-09-10 16:45:42.902164+00:00,,,,,0.375,2.0300000000000002,2.057,0.82,17.301000000000002,28.229,48.755,CONFIRMED
M02,56368,2026-09-10 16:45:43.927245+00:00,2026-09-10 16:45:43.956731+00:00,2026-09-10 16:45:43.905914+00:00,2026-09-10 16:45:43.907848+00:00,2026-09-10 16:45:43.906306+00:00,2026-09-10 16:45:43.907751+00:00,2026-09-10 16:45:43.908546+00:00,,,,,0.392,1.445,1.542,0.795,18.699,29.485999999999997,50.817,CONFIRMED
M02,56369,2026-09-10 16:45:44.949372+00:00,2026-09-10 16:45:44.974427+00:00,2026-09-10 16:45:44.924600+00:00,2026-09-10 16:45:44.926040+00:00,2026-09-10 16:45:44.924844+00:00,2026-09-10 16:45:44.927615+00:00,2026-09-10 16:45:44.928169+00:00,,,,,0.244,2.771,1.196,0.554,21.203,25.055,49.827000000000005,CONFIRMED
M02,56370,2026-09-10 16:45:45.955752+00:00,2026-09-10 16:45:45.981881+00:00,2026-09-10 16:45:45.930769+00:00,2026-09-10 16:45:45.932648+00:00,2026-09-10 16:45:45.931457+00:00,2026-09-10 16:45:45.933266+00:00,2026-09-10 16:45:45.934184+00:00,,,,,0.6880000000000001,1.8090000000000002,1.191,0.9179999999999999,21.568,26.128999999999998,51.111999999999995,CONFIRMED
M02,56371,2026-09-10 16:45:46.964935+00:00,2026-09-10 16:45:46.991935+00:00,2026-09-10 16:45:46.943069+00:00,2026-09-10 16:45:46.946848+00:00,2026-09-10 16:45:46.943545+00:00,2026-09-10 16:45:46.944510+00:00,2026-09-10 16:45:46.944924+00:00,,,,,0.47600000000000003,0.9650000000000001,3.303,0.414,20.011000000000003,27.0,48.866,CONFIRMED
M02,56372,2026-09-10 16:45:47.977286+00:00,2026-09-10 16:45:48.004273+00:00,2026-09-10 16:45:47.951747+00:00,2026-09-10 16:45:47.958985+00:00,2026-09-10 16:45:47.952158+00:00,2026-09-10 16:45:47.958715+00:00,2026-09-10 16:45:47.959102+00:00,,,,,0.41100000000000003,6.557,6.827,0.38699999999999996,18.183999999999997,26.987000000000002,52.526,CONFIRMED
M02,56373,2026-09-10 16:45:48.987299+00:00,2026-09-10 16:45:49.012144+00:00,2026-09-10 16:45:48.964865+00:00,2026-09-10 16:45:48.969956+00:00,2026-09-10 16:45:48.965288+00:00,2026-09-10 16:45:48.969958+00:00,2026-09-10 16:45:48.971119+00:00,,,,,0.423,4.67,4.668,1.161,16.18,24.845,47.279,CONFIRMED
M02,56374,2026-09-10 16:45:50.001538+00:00,2026-09-10 16:45:50.025407+00:00,2026-09-10 16:45:49.974720+00:00,2026-09-10 16:45:49.976730+00:00,2026-09-10 16:45:49.975092+00:00,2026-09-10 16:45:49.976664+00:00,2026-09-10 16:45:49.977505+00:00,,,,,0.372,1.572,1.638,0.841,24.032999999999998,23.869,50.687000000000005,CONFIRMED
M02,56375,2026-09-10 16:45:51.021102+00:00,2026-09-10 16:45:51.046314+00:00,2026-09-10 16:45:50.992478+00:00,2026-09-10 16:45:50.997781+00:00,2026-09-10 16:45:50.992759+00:00,2026-09-10 16:45:50.994399+00:00,2026-09-10 16:45:50.994984+00:00,,,,,0.281,1.64,5.022,0.585,26.118,25.212,53.836,CONFIRMED
M02,56376,2026-09-10 16:45:52.036857+00:00,2026-09-10 16:45:52.061761+00:00,2026-09-10 16:45:52.005236+00:00,2026-09-10 16:45:52.008458+00:00,2026-09-10 16:45:52.005687+00:00,2026-09-10 16:45:52.008206+00:00,2026-09-10 16:45:52.009134+00:00,,,,,0.451,2.519,2.771,0.928,27.723000000000003,24.904,56.525,CONFIRMED
M02,56377,2026-09-10 16:45:53.035619+00:00,2026-09-10 16:45:53.060026+00:00,2026-09-10 16:45:53.012070+00:00,2026-09-10 16:45:53.014418+00:00,2026-09-10 16:45:53.012219+00:00,2026-09-10 16:45:53.013101+00:00,2026-09-10 16:45:53.013516+00:00,,,,,0.149,0.882,2.199,0.415,22.103,24.407,47.955999999999996,CONFIRMED
M02,56378,2026-09-10 16:45:54.047261+00:00,2026-09-10 16:45:54.072691+00:00,2026-09-10 16:45:54.017639+00:00,2026-09-10 16:45:54.020509+00:00,2026-09-10 16:45:54.018046+00:00,2026-09-10 16:45:54.020237+00:00,2026-09-10 16:45:54.021079+00:00,,,,,0.40700000000000003,2.191,2.463,0.842,26.182000000000002,25.43,55.052,CONFIRMED
M02,56379,2026-09-10 16:45:55.055847+00:00,2026-09-10 16:45:55.085773+00:00,2026-09-10 16:45:55.024156+00:00,2026-09-10 16:45:55.025216+00:00,2026-09-10 16:45:55.024348+00:00,2026-09-10 16:45:55.026672+00:00,2026-09-10 16:45:55.027147+00:00,,,,,0.192,2.3240000000000003,0.868,0.475,28.7,29.926000000000002,61.617,CONFIRMED
M02,56380,2026-09-10 16:45:56.052423+00:00,2026-09-10 16:45:56.082940+00:00,2026-09-10 16:45:56.030218+00:00,2026-09-10 16:45:56.033274+00:00,2026-09-10 16:45:56.030356+00:00,2026-09-10 16:45:56.031408+00:00,2026-09-10 16:45:56.032031+00:00,,,,,0.13799999999999998,1.052,2.918,0.623,20.392,30.517,52.722,CONFIRMED
M02,56381,2026-09-10 16:45:57.068240+00:00,2026-09-10 16:45:57.098401+00:00,2026-09-10 16:45:57.035317+00:00,2026-09-10 16:45:57.037429+00:00,2026-09-10 16:45:57.035564+00:00,2026-09-10 16:45:57.036530+00:00,2026-09-10 16:45:57.036988+00:00,,,,,0.247,0.966,1.865,0.458,31.252000000000002,30.161,63.084,CONFIRMED
M02,56382,2026-09-10 16:45:58.057817+00:00,2026-09-10 16:45:58.083484+00:00,2026-09-10 16:45:58.040188+00:00,2026-09-10 16:45:58.041561+00:00,2026-09-10 16:45:58.040336+00:00,2026-09-10 16:45:58.041441+00:00,2026-09-10 16:45:58.041779+00:00,,,,,0.148,1.105,1.2249999999999999,0.33799999999999997,16.038,25.666999999999998,43.296,CONFIRMED
M02,56383,2026-09-10 16:45:59.064075+00:00,2026-09-10 16:45:59.090992+00:00,2026-09-10 16:45:59.043664+00:00,2026-09-10 16:45:59.045565+00:00,2026-09-10 16:45:59.043876+00:00,2026-09-10 16:45:59.044562+00:00,2026-09-10 16:45:59.045007+00:00,,,,,0.212,0.6859999999999999,1.689,0.44499999999999995,19.068,26.917,47.328,CONFIRMED
M02,56384,2026-09-10 16:46:00.076149+00:00,2026-09-10 16:46:00.102244+00:00,2026-09-10 16:46:00.047405+00:00,2026-09-10 16:46:00.048558+00:00,2026-09-10 16:46:00.047727+00:00,2026-09-10 16:46:00.048544+00:00,2026-09-10 16:46:00.048936+00:00,,,,,0.322,0.8170000000000001,0.8310000000000001,0.392,27.213,26.095,54.839,CONFIRMED
M02,56385,2026-09-10 16:46:01.072428+00:00,2026-09-10 16:46:01.099800+00:00,2026-09-10 16:46:01.052661+00:00,2026-09-10 16:46:01.053860+00:00,2026-09-10 16:46:01.052974+00:00,2026-09-10 16:46:01.053678+00:00,2026-09-10 16:46:01.054240+00:00,,,,,0.313,0.704,0.886,0.562,18.188,27.372,47.139,CONFIRMED
M02,56386,2026-09-10 16:46:02.080121+00:00,2026-09-10 16:46:02.113334+00:00,2026-09-10 16:46:02.057686+00:00,2026-09-10 16:46:02.058772+00:00,2026-09-10 16:46:02.058013+00:00,2026-09-10 16:46:02.058801+00:00,2026-09-10 16:46:02.059335+00:00,,,,,0.32699999999999996,0.7879999999999999,0.759,0.5339999999999999,20.785999999999998,33.213,55.648,CONFIRMED
M02,56387,2026-09-10 16:46:03.086272+00:00,2026-09-10 16:46:03.115147+00:00,2026-09-10 16:46:03.062063+00:00,2026-09-10 16:46:03.063894+00:00,2026-09-10 16:46:03.062405+00:00,2026-09-10 16:46:03.064219+00:00,2026-09-10 16:46:03.065164+00:00,,,,,0.342,1.814,1.489,0.945,21.107999999999997,28.875,53.083999999999996,CONFIRMED
M02,56388,2026-09-10 16:46:04.095361+00:00,2026-09-10 16:46:04.121497+00:00,2026-09-10 16:46:04.067760+00:00,2026-09-10 16:46:04.069956+00:00,2026-09-10 16:46:04.068056+00:00,2026-09-10 16:46:04.069860+00:00,2026-09-10 16:46:04.070715+00:00,,,,,0.296,1.804,1.9,0.855,24.646,26.136,53.737,CONFIRMED
M02,56389,2026-09-10 16:46:05.097673+00:00,2026-09-10 16:46:05.124605+00:00,2026-09-10 16:46:05.074499+00:00,2026-09-10 16:46:05.075850+00:00,2026-09-10 16:46:05.074822+00:00,2026-09-10 16:46:05.075739+00:00,2026-09-10 16:46:05.076108+00:00,,,,,0.323,0.9169999999999999,1.028,0.36900000000000005,21.565,26.932000000000002,50.105999999999995,CONFIRMED
M02,56390,2026-09-10 16:46:06.108220+00:00,2026-09-10 16:46:06.137069+00:00,2026-09-10 16:46:06.081543+00:00,2026-09-10 16:46:06.083453+00:00,2026-09-10 16:46:06.082075+00:00,2026-09-10 16:46:06.083453+00:00,2026-09-10 16:46:06.084376+00:00,,,,,0.532,1.3780000000000001,1.3780000000000001,0.923,23.844,28.849,55.525999999999996,CONFIRMED
M02,56391,2026-09-10 16:46:07.114985+00:00,2026-09-10 16:46:07.146551+00:00,2026-09-10 16:46:07.087889+00:00,2026-09-10 16:46:07.099245+00:00,2026-09-10 16:46:07.088263+00:00,2026-09-10 16:46:07.089676+00:00,2026-09-10 16:46:07.090331+00:00,,,,,0.374,1.413,10.982000000000001,0.655,24.654,31.565999999999995,58.662,CONFIRMED
M02,56392,2026-09-10 16:46:08.125940+00:00,2026-09-10 16:46:08.151410+00:00,2026-09-10 16:46:08.104714+00:00,2026-09-10 16:46:08.107175+00:00,2026-09-10 16:46:08.104905+00:00,2026-09-10 16:46:08.105581+00:00,2026-09-10 16:46:08.106141+00:00,,,,,0.191,0.6759999999999999,2.27,0.5599999999999999,19.799,25.47,46.696,CONFIRMED
M02,56393,2026-09-10 16:46:09.140671+00:00,2026-09-10 16:46:09.168478+00:00,2026-09-10 16:46:09.111185+00:00,2026-09-10 16:46:09.114781+00:00,2026-09-10 16:46:09.111551+00:00,2026-09-10 16:46:09.113215+00:00,2026-09-10 16:46:09.114031+00:00,,,,,0.366,1.664,3.23,0.816,26.64,27.807,57.293,CONFIRMED
M02,56394,2026-09-10 16:46:10.139081+00:00,2026-09-10 16:46:10.164406+00:00,2026-09-10 16:46:10.118446+00:00,2026-09-10 16:46:10.122245+00:00,2026-09-10 16:46:10.118807+00:00,2026-09-10 16:46:10.120599+00:00,2026-09-10 16:46:10.121440+00:00,,,,,0.361,1.792,3.438,0.841,17.641000000000002,25.325,45.96,CONFIRMED
M02,56395,2026-09-10 16:46:11.153306+00:00,2026-09-10 16:46:11.178093+00:00,2026-09-10 16:46:11.125176+00:00,2026-09-10 16:46:11.126946+00:00,2026-09-10 16:46:11.125457+00:00,2026-09-10 16:46:11.127122+00:00,2026-09-10 16:46:11.127810+00:00,,,,,0.281,1.665,1.489,0.6880000000000001,25.496000000000002,24.787,52.917,CONFIRMED
M02,56396,2026-09-10 16:46:12.156065+00:00,2026-09-10 16:46:12.181977+00:00,2026-09-10 16:46:12.137980+00:00,2026-09-10 16:46:12.138824+00:00,2026-09-10 16:46:12.138137+00:00,2026-09-10 16:46:12.138901+00:00,2026-09-10 16:46:12.139246+00:00,,,,,0.157,0.764,0.687,0.345,16.819,25.912000000000003,43.997,CONFIRMED
M02,56397,2026-09-10 16:46:13.161491+00:00,2026-09-10 16:46:13.188772+00:00,2026-09-10 16:46:13.141378+00:00,2026-09-10 16:46:13.142385+00:00,2026-09-10 16:46:13.141535+00:00,2026-09-10 16:46:13.142391+00:00,2026-09-10 16:46:13.142801+00:00,,,,,0.157,0.856,0.85,0.41,18.689999999999998,27.281,47.394,CONFIRMED
M02,56398,2026-09-10 16:46:14.173625+00:00,2026-09-10 16:46:14.200971+00:00,2026-09-10 16:46:14.147114+00:00,2026-09-10 16:46:14.148209+00:00,2026-09-10 16:46:14.147336+00:00,2026-09-10 16:46:14.149088+00:00,2026-09-10 16:46:14.149510+00:00,,,,,0.222,1.752,0.873,0.422,24.115000000000002,27.346,53.857,CONFIRMED
M02,56399,2026-09-10 16:46:15.169186+00:00,2026-09-10 16:46:15.195708+00:00,2026-09-10 16:46:15.152648+00:00,2026-09-10 16:46:15.153510+00:00,2026-09-10 16:46:15.152877+00:00,2026-09-10 16:46:15.153448+00:00,2026-09-10 16:46:15.153895+00:00,,,,,0.229,0.571,0.633,0.447,15.291,26.522000000000002,43.06,CONFIRMED
M02,56400,2026-09-10 16:46:16.181406+00:00,2026-09-10 16:46:16.210425+00:00,2026-09-10 16:46:16.161051+00:00,2026-09-10 16:46:16.161802+00:00,2026-09-10 16:46:16.161216+00:00,2026-09-10 16:46:16.161804+00:00,2026-09-10 16:46:16.162273+00:00,,,,,0.165,0.588,0.5860000000000001,0.46900000000000003,19.133,29.019,49.374,CONFIRMED
M02,56401,2026-09-10 16:46:17.186269+00:00,2026-09-10 16:46:17.214551+00:00,2026-09-10 16:46:17.165031+00:00,2026-09-10 16:46:17.165801+00:00,2026-09-10 16:46:17.165184+00:00,2026-09-10 16:46:17.165917+00:00,2026-09-10 16:46:17.166334+00:00,,,,,0.153,0.733,0.617,0.417,19.935000000000002,28.282,49.52,CONFIRMED
M02,56402,2026-09-10 16:46:18.189117+00:00,2026-09-10 16:46:18.215289+00:00,2026-09-10 16:46:18.168327+00:00,2026-09-10 16:46:18.169176+00:00,2026-09-10 16:46:18.168482+00:00,2026-09-10 16:46:18.169150+00:00,2026-09-10 16:46:18.169564+00:00,,,,,0.155,0.6679999999999999,0.694,0.414,19.553,26.172,46.961999999999996,CONFIRMED
M02,56403,2026-09-10 16:46:19.201883+00:00,2026-09-10 16:46:19.226752+00:00,2026-09-10 16:46:19.172423+00:00,2026-09-10 16:46:19.175912+00:00,2026-09-10 16:46:19.172564+00:00,2026-09-10 16:46:19.173640+00:00,2026-09-10 16:46:19.174045+00:00,,,,,0.14100000000000001,1.0759999999999998,3.348,0.40499999999999997,27.838,24.869,54.329,CONFIRMED
M02,56404,2026-09-10 16:46:20.201526+00:00,2026-09-10 16:46:20.231375+00:00,2026-09-10 16:46:20.178005+00:00,2026-09-10 16:46:20.179018+00:00,2026-09-10 16:46:20.178198+00:00,2026-09-10 16:46:20.179034+00:00,2026-09-10 16:46:20.179459+00:00,,,,,0.193,0.8360000000000001,0.82,0.425,22.067,29.849,53.37,CONFIRMED
M02,56405,2026-09-10 16:46:21.208954+00:00,2026-09-10 16:46:21.239170+00:00,2026-09-10 16:46:21.181634+00:00,2026-09-10 16:46:21.182850+00:00,2026-09-10 16:46:21.181830+00:00,2026-09-10 16:46:21.183056+00:00,2026-09-10 16:46:21.183505+00:00,,,,,0.196,1.2260000000000002,1.02,0.449,25.448999999999998,30.216,57.535999999999994,CONFIRMED
M02,56406,2026-09-10 16:46:22.207397+00:00,2026-09-10 16:46:22.234394+00:00,2026-09-10 16:46:22.186711+00:00,2026-09-10 16:46:22.189321+00:00,2026-09-10 16:46:22.186903+00:00,2026-09-10 16:46:22.188529+00:00,2026-09-10 16:46:22.189093+00:00,,,,,0.192,1.6260000000000001,2.418,0.5640000000000001,18.304000000000002,26.997,47.683,CONFIRMED
M02,56407,2026-09-10 16:46:23.212892+00:00,2026-09-10 16:46:23.239007+00:00,2026-09-10 16:46:23.192494+00:00,2026-09-10 16:46:23.193624+00:00,2026-09-10 16:46:23.192718+00:00,2026-09-10 16:46:23.193795+00:00,2026-09-10 16:46:23.194420+00:00,,,,,0.224,1.077,0.906,0.625,18.471999999999998,26.115,46.513,CONFIRMED
M02,56408,2026-09-10 16:46:24.230776+00:00,2026-09-10 16:46:24.257432+00:00,2026-09-10 16:46:24.198121+00:00,2026-09-10 16:46:24.202850+00:00,2026-09-10 16:46:24.198321+00:00,2026-09-10 16:46:24.199572+00:00,2026-09-10 16:46:24.203205+00:00,,,,,0.2,1.251,4.529,3.633,27.570999999999998,26.656,59.311,CONFIRMED
M02,56409,2026-09-10 16:46:25.232380+00:00,2026-09-10 16:46:25.256246+00:00,2026-09-10 16:46:25.209094+00:00,2026-09-10 16:46:25.213003+00:00,2026-09-10 16:46:25.209309+00:00,2026-09-10 16:46:25.210062+00:00,2026-09-10 16:46:25.210460+00:00,,,,,0.215,0.753,3.694,0.398,21.919999999999998,23.866,47.152,CONFIRMED
M02,56410,2026-09-10 16:46:26.248047+00:00,2026-09-10 16:46:26.279662+00:00,2026-09-10 16:46:26.220095+00:00,2026-09-10 16:46:26.229565+00:00,2026-09-10 16:46:26.220240+00:00,2026-09-10 16:46:26.229561+00:00,2026-09-10 16:46:26.230219+00:00,,,,,0.145,9.321,9.325,0.6579999999999999,17.828,31.615,59.567,CONFIRMED
M02,56411,2026-09-10 16:46:27.249706+00:00,2026-09-10 16:46:27.274245+00:00,2026-09-10 16:46:27.232248+00:00,2026-09-10 16:46:27.235801+00:00,2026-09-10 16:46:27.232396+00:00,2026-09-10 16:46:27.233054+00:00,2026-09-10 16:46:27.233389+00:00,,,,,0.148,0.6579999999999999,3.4050000000000002,0.335,16.317,24.538999999999998,41.997,CONFIRMED
M02,56412,2026-09-10 16:46:28.258441+00:00,2026-09-10 16:46:28.284024+00:00,2026-09-10 16:46:28.237495+00:00,2026-09-10 16:46:28.238282+00:00,2026-09-10 16:46:28.237783+00:00,2026-09-10 16:46:28.238356+00:00,2026-09-10 16:46:28.238854+00:00,,,,,0.28800000000000003,0.5730000000000001,0.499,0.49799999999999994,19.587,25.583000000000002,46.529,CONFIRMED
M02,56413,2026-09-10 16:46:29.263979+00:00,2026-09-10 16:46:29.289227+00:00,2026-09-10 16:46:29.240839+00:00,2026-09-10 16:46:29.241929+00:00,2026-09-10 16:46:29.240993+00:00,2026-09-10 16:46:29.242021+00:00,2026-09-10 16:46:29.242481+00:00,,,,,0.154,1.028,0.9359999999999999,0.46,21.498,25.248,48.388,CONFIRMED
M02,56414,2026-09-10 16:46:30.268882+00:00,2026-09-10 16:46:30.294987+00:00,2026-09-10 16:46:30.248037+00:00,2026-09-10 16:46:30.252056+00:00,2026-09-10 16:46:30.248208+00:00,2026-09-10 16:46:30.249137+00:00,2026-09-10 16:46:30.249544+00:00,,,,,0.171,0.929,3.848,0.40700000000000003,19.338,26.105,46.949999999999996,CONFIRMED
M02,56415,2026-09-10 16:46:31.283489+00:00,2026-09-10 16:46:31.312855+00:00,2026-09-10 16:46:31.255448+00:00,2026-09-10 16:46:31.257841+00:00,2026-09-10 16:46:31.255592+00:00,2026-09-10 16:46:31.256527+00:00,2026-09-10 16:46:31.257163+00:00,,,,,0.14400000000000002,0.9349999999999999,2.249,0.636,26.325999999999997,29.366,57.407,CONFIRMED
M02,56416,2026-09-10 16:46:32.310564+00:00,2026-09-10 16:46:32.339022+00:00,2026-09-10 16:46:32.268657+00:00,2026-09-10 16:46:32.271791+00:00,2026-09-10 16:46:32.269091+00:00,2026-09-10 16:46:32.273286+00:00,2026-09-10 16:46:32.278219+00:00,,,,,0.434,4.195,2.7,4.933,32.345,28.458000000000002,70.365,CONFIRMED
M02,56417,2026-09-10 16:46:33.310574+00:00,2026-09-10 16:46:33.339511+00:00,2026-09-10 16:46:33.279235+00:00,2026-09-10 16:46:33.284502+00:00,2026-09-10 16:46:33.279383+00:00,2026-09-10 16:46:33.284196+00:00,2026-09-10 16:46:33.284610+00:00,,,,,0.148,4.813,5.119000000000001,0.414,25.964000000000002,28.937,60.276,CONFIRMED
M02,56418,2026-09-10 16:46:34.323187+00:00,2026-09-10 16:46:34.350224+00:00,2026-09-10 16:46:34.289178+00:00,2026-09-10 16:46:34.293639+00:00,2026-09-10 16:46:34.289533+00:00,2026-09-10 16:46:34.291101+00:00,2026-09-10 16:46:34.292005+00:00,,,,,0.355,1.568,4.106,0.9039999999999999,31.182000000000002,27.037,61.04600000000001,CONFIRMED
M02,56419,2026-09-10 16:46:35.320480+00:00,2026-09-10 16:46:35.346217+00:00,2026-09-10 16:46:35.296404+00:00,2026-09-10 16:46:35.302157+00:00,2026-09-10 16:46:35.296599+00:00,2026-09-10 16:46:35.297963+00:00,2026-09-10 16:46:35.298383+00:00,,,,,0.195,1.3639999999999999,5.558,0.42000000000000004,22.096999999999998,25.737,49.813,CONFIRMED
M02,56420,2026-09-10 16:46:36.328016+00:00,2026-09-10 16:46:36.354606+00:00,2026-09-10 16:46:36.307527+00:00,2026-09-10 16:46:36.311402+00:00,2026-09-10 16:46:36.307886+00:00,2026-09-10 16:46:36.308796+00:00,2026-09-10 16:46:36.309249+00:00,,,,,0.359,0.91,3.516,0.453,18.767,26.59,47.079,CONFIRMED
M02,56421,2026-09-10 16:46:37.335656+00:00,2026-09-10 16:46:37.370191+00:00,2026-09-10 16:46:37.313232+00:00,2026-09-10 16:46:37.317671+00:00,2026-09-10 16:46:37.313378+00:00,2026-09-10 16:46:37.317614+00:00,2026-09-10 16:46:37.318062+00:00,,,,,0.146,4.236,4.293,0.448,17.593999999999998,34.535000000000004,56.959,CONFIRMED
M02,56422,2026-09-10 16:46:38.347147+00:00,2026-09-10 16:46:38.373635+00:00,2026-09-10 16:46:38.319664+00:00,2026-09-10 16:46:38.327048+00:00,2026-09-10 16:46:38.319837+00:00,2026-09-10 16:46:38.324503+00:00,2026-09-10 16:46:38.324886+00:00,,,,,0.17300000000000001,4.666,7.211,0.383,22.261,26.488,53.971,CONFIRMED
M02,56423,2026-09-10 16:46:39.349246+00:00,2026-09-10 16:46:39.384164+00:00,2026-09-10 16:46:39.329271+00:00,2026-09-10 16:46:39.330105+00:00,2026-09-10 16:46:39.329426+00:00,2026-09-10 16:46:39.329981+00:00,2026-09-10 16:46:39.330619+00:00,,,,,0.155,0.555,0.679,0.638,18.627000000000002,34.918,54.893,CONFIRMED
M02,56424,2026-09-10 16:46:40.357477+00:00,2026-09-10 16:46:40.383830+00:00,2026-09-10 16:46:40.332943+00:00,2026-09-10 16:46:40.334812+00:00,2026-09-10 16:46:40.333132+00:00,2026-09-10 16:46:40.334870+00:00,2026-09-10 16:46:40.335384+00:00,,,,,0.189,1.738,1.6800000000000002,0.514,22.093,26.353,50.887,CONFIRMED
M02,56425,2026-09-10 16:46:41.362242+00:00,2026-09-10 16:46:41.396024+00:00,2026-09-10 16:46:41.339863+00:00,2026-09-10 16:46:41.351531+00:00,2026-09-10 16:46:41.340069+00:00,2026-09-10 16:46:41.341292+00:00,2026-09-10 16:46:41.341634+00:00,,,,,0.206,1.2229999999999999,11.462,0.342,20.608,33.782,56.161,CONFIRMED
M02,56426,2026-09-10 16:46:42.375767+00:00,2026-09-10 16:46:42.403860+00:00,2026-09-10 16:46:42.355906+00:00,2026-09-10 16:46:42.357824+00:00,2026-09-10 16:46:42.356132+00:00,2026-09-10 16:46:42.356825+00:00,2026-09-10 16:46:42.357187+00:00,,,,,0.22599999999999998,0.6930000000000001,1.692,0.36200000000000004,18.58,28.093,47.95399999999999,CONFIRMED
M02,56427,2026-09-10 16:46:43.394018+00:00,2026-09-10 16:46:43.420877+00:00,2026-09-10 16:46:43.367043+00:00,2026-09-10 16:46:43.369073+00:00,2026-09-10 16:46:43.367540+00:00,2026-09-10 16:46:43.369239+00:00,2026-09-10 16:46:43.370226+00:00,,,,,0.49700000000000005,1.699,1.5330000000000001,0.987,23.792,26.859,53.834,CONFIRMED
M02,56428,2026-09-10 16:46:44.397271+00:00,2026-09-10 16:46:44.425305+00:00,2026-09-10 16:46:44.374987+00:00,2026-09-10 16:46:44.375930+00:00,2026-09-10 16:46:44.375162+00:00,2026-09-10 16:46:44.376114+00:00,2026-09-10 16:46:44.376639+00:00,,,,,0.175,0.9520000000000001,0.768,0.525,20.632,28.034,50.318000000000005,CONFIRMED
M02,56429,2026-09-10 16:46:45.414939+00:00,2026-09-10 16:46:45.439757+00:00,2026-09-10 16:46:45.388718+00:00,2026-09-10 16:46:45.391646+00:00,2026-09-10 16:46:45.389115+00:00,2026-09-10 16:46:45.391077+00:00,2026-09-10 16:46:45.391868+00:00,,,,,0.397,1.9620000000000002,2.5309999999999997,0.791,23.071,24.818,51.039,CONFIRMED
M02,56430,2026-09-10 16:46:46.417039+00:00,2026-09-10 16:46:46.443719+00:00,2026-09-10 16:46:46.394665+00:00,2026-09-10 16:46:46.398084+00:00,2026-09-10 16:46:46.394846+00:00,2026-09-10 16:46:46.398975+00:00,2026-09-10 16:46:46.399392+00:00,,,,,0.18100000000000002,4.129,3.238,0.417,17.647,26.68,49.054,CONFIRMED
M02,56431,2026-09-10 16:46:47.437533+00:00,2026-09-10 16:46:47.461860+00:00,2026-09-10 16:46:47.402310+00:00,2026-09-10 16:46:47.407880+00:00,2026-09-10 16:46:47.402557+00:00,2026-09-10 16:46:47.417836+00:00,2026-09-10 16:46:47.418500+00:00,,,,,0.247,15.279,5.3229999999999995,0.664,19.033,24.327,59.55,CONFIRMED
M02,56432,2026-09-10 16:46:48.454567+00:00,2026-09-10 16:46:48.483189+00:00,2026-09-10 16:46:48.421519+00:00,2026-09-10 16:46:48.422465+00:00,2026-09-10 16:46:48.421705+00:00,2026-09-10 16:46:48.422512+00:00,2026-09-10 16:46:48.427561+00:00,,,,,0.186,0.8069999999999999,0.76,5.0489999999999995,27.006,28.622,61.67,CONFIRMED
M02,56433,2026-09-10 16:46:49.456365+00:00,2026-09-10 16:46:49.480996+00:00,2026-09-10 16:46:49.428812+00:00,2026-09-10 16:46:49.430525+00:00,2026-09-10 16:46:49.429144+00:00,2026-09-10 16:46:49.430422+00:00,2026-09-10 16:46:49.431153+00:00,,,,,0.332,1.278,1.381,0.731,25.212,24.631,52.184000000000005,CONFIRMED
M02,56434,2026-09-10 16:46:50.463506+00:00,2026-09-10 16:46:50.487332+00:00,2026-09-10 16:46:50.434602+00:00,2026-09-10 16:46:50.437871+00:00,2026-09-10 16:46:50.434790+00:00,2026-09-10 16:46:50.437976+00:00,2026-09-10 16:46:50.438307+00:00,,,,,0.188,3.186,3.081,0.331,25.198999999999998,23.826,52.73,CONFIRMED
M02,56435,2026-09-10 16:46:51.471338+00:00,2026-09-10 16:46:51.503889+00:00,2026-09-10 16:46:51.447780+00:00,2026-09-10 16:46:51.465420+00:00,2026-09-10 16:46:51.447894+00:00,2026-09-10 16:46:51.448747+00:00,2026-09-10 16:46:51.449177+00:00,,,,,0.114,0.853,17.526,0.43,22.161,32.550999999999995,56.109,CONFIRMED
M02,56436,2026-09-10 16:46:52.489740+00:00,2026-09-10 16:46:52.515136+00:00,2026-09-10 16:46:52.468519+00:00,2026-09-10 16:46:52.474223+00:00,2026-09-10 16:46:52.468764+00:00,2026-09-10 16:46:52.469663+00:00,2026-09-10 16:46:52.470082+00:00,,,,,0.245,0.8989999999999999,5.4590000000000005,0.419,19.657999999999998,25.395999999999997,46.617,CONFIRMED
M02,56437,2026-09-10 16:46:53.503799+00:00,2026-09-10 16:46:53.529651+00:00,2026-09-10 16:46:53.478315+00:00,2026-09-10 16:46:53.484814+00:00,2026-09-10 16:46:53.478512+00:00,2026-09-10 16:46:53.480167+00:00,2026-09-10 16:46:53.480619+00:00,,,,,0.19699999999999998,1.655,6.3020000000000005,0.45199999999999996,23.18,25.852,51.336,CONFIRMED
M02,56438,2026-09-10 16:46:54.524973+00:00,2026-09-10 16:46:54.556971+00:00,2026-09-10 16:46:54.489599+00:00,2026-09-10 16:46:54.491363+00:00,2026-09-10 16:46:54.489800+00:00,2026-09-10 16:46:54.492597+00:00,2026-09-10 16:46:54.493467+00:00,,,,,0.201,2.797,1.563,0.87,31.506,31.997999999999998,67.372,CONFIRMED
M02,56439,2026-09-10 16:46:55.526077+00:00,2026-09-10 16:46:55.555781+00:00,2026-09-10 16:46:55.504327+00:00,2026-09-10 16:46:55.506246+00:00,2026-09-10 16:46:55.504496+00:00,2026-09-10 16:46:55.505436+00:00,2026-09-10 16:46:55.505847+00:00,,,,,0.16899999999999998,0.94,1.75,0.41100000000000003,20.23,29.704,51.454,CONFIRMED
M02,56440,2026-09-10 16:46:56.544002+00:00,2026-09-10 16:46:56.570208+00:00,2026-09-10 16:46:56.511756+00:00,2026-09-10 16:46:56.513959+00:00,2026-09-10 16:46:56.512089+00:00,2026-09-10 16:46:56.514141+00:00,2026-09-10 16:46:56.514596+00:00,,,,,0.333,2.052,1.8699999999999999,0.455,29.406000000000002,26.206,58.452,CONFIRMED
M02,56441,2026-09-10 16:46:57.542091+00:00,2026-09-10 16:46:57.581818+00:00,2026-09-10 16:46:57.518260+00:00,2026-09-10 16:46:57.522085+00:00,2026-09-10 16:46:57.518579+00:00,2026-09-10 16:46:57.519848+00:00,2026-09-10 16:46:57.520423+00:00,,,,,0.319,1.269,3.506,0.575,21.668,39.727,63.55800000000001,CONFIRMED
M02,56442,2026-09-10 16:46:58.547912+00:00,2026-09-10 16:46:58.579688+00:00,2026-09-10 16:46:58.526302+00:00,2026-09-10 16:46:58.530213+00:00,2026-09-10 16:46:58.526643+00:00,2026-09-10 16:46:58.528164+00:00,2026-09-10 16:46:58.528841+00:00,,,,,0.34099999999999997,1.521,3.57,0.6769999999999999,19.071,31.776,53.386,CONFIRMED
M02,56443,2026-09-10 16:46:59.553377+00:00,2026-09-10 16:46:59.592272+00:00,2026-09-10 16:46:59.533348+00:00,2026-09-10 16:46:59.538175+00:00,2026-09-10 16:46:59.533614+00:00,2026-09-10 16:46:59.535329+00:00,2026-09-10 16:46:59.535985+00:00,,,,,0.266,1.7149999999999999,4.561,0.656,17.392,38.894999999999996,58.924,CONFIRMED
M02,56444,2026-09-10 16:47:00.560581+00:00,2026-09-10 16:47:00.591106+00:00,2026-09-10 16:47:00.542797+00:00,2026-09-10 16:47:00.544331+00:00,2026-09-10 16:47:00.543022+00:00,2026-09-10 16:47:00.544295+00:00,2026-09-10 16:47:00.544806+00:00,,,,,0.225,1.2730000000000001,1.309,0.5109999999999999,15.775,30.525,48.309,CONFIRMED
M02,56445,2026-09-10 16:47:01.567108+00:00,2026-09-10 16:47:01.597715+00:00,2026-09-10 16:47:01.547367+00:00,2026-09-10 16:47:01.548618+00:00,2026-09-10 16:47:01.547751+00:00,2026-09-10 16:47:01.548730+00:00,2026-09-10 16:47:01.549406+00:00,,,,,0.384,0.9790000000000001,0.867,0.6759999999999999,17.701999999999998,30.607,50.348,CONFIRMED
M02,56446,2026-09-10 16:47:02.573032+00:00,2026-09-10 16:47:02.598888+00:00,2026-09-10 16:47:02.551552+00:00,2026-09-10 16:47:02.552779+00:00,2026-09-10 16:47:02.551897+00:00,2026-09-10 16:47:02.553742+00:00,2026-09-10 16:47:02.554172+00:00,,,,,0.345,1.845,0.882,0.43,18.86,25.856,47.336000000000006,CONFIRMED
M02,56447,2026-09-10 16:47:03.580526+00:00,2026-09-10 16:47:03.606304+00:00,2026-09-10 16:47:03.556748+00:00,2026-09-10 16:47:03.559744+00:00,2026-09-10 16:47:03.557157+00:00,2026-09-10 16:47:03.558979+00:00,2026-09-10 16:47:03.559794+00:00,,,,,0.40900000000000003,1.822,2.5869999999999997,0.815,20.732,25.778,49.556000000000004,CONFIRMED
M02,56448,2026-09-10 16:47:04.591533+00:00,2026-09-10 16:47:04.619383+00:00,2026-09-10 16:47:04.563204+00:00,2026-09-10 16:47:04.563988+00:00,2026-09-10 16:47:04.563385+00:00,2026-09-10 16:47:04.564650+00:00,2026-09-10 16:47:04.565137+00:00,,,,,0.18100000000000002,1.2650000000000001,0.603,0.48700000000000004,26.396,27.85,56.179,CONFIRMED
M02,56449,2026-09-10 16:47:05.597601+00:00,2026-09-10 16:47:05.625862+00:00,2026-09-10 16:47:05.568419+00:00,2026-09-10 16:47:05.576323+00:00,2026-09-10 16:47:05.568825+00:00,2026-09-10 16:47:05.576580+00:00,2026-09-10 16:47:05.576884+00:00,,,,,0.406,7.755,7.498,0.304,20.717,28.261000000000003,57.443,CONFIRMED
M02,56450,2026-09-10 16:47:06.604109+00:00,2026-09-10 16:47:06.637473+00:00,2026-09-10 16:47:06.578784+00:00,2026-09-10 16:47:06.583810+00:00,2026-09-10 16:47:06.579064+00:00,2026-09-10 16:47:06.579961+00:00,2026-09-10 16:47:06.580326+00:00,,,,,0.27999999999999997,0.897,4.746,0.365,23.782999999999998,33.364,58.689,CONFIRMED
M02,56451,2026-09-10 16:47:07.613828+00:00,2026-09-10 16:47:07.640107+00:00,2026-09-10 16:47:07.589426+00:00,2026-09-10 16:47:07.591365+00:00,2026-09-10 16:47:07.589640+00:00,2026-09-10 16:47:07.590902+00:00,2026-09-10 16:47:07.591377+00:00,,,,,0.214,1.262,1.7249999999999999,0.475,22.451,26.279,50.681,CONFIRMED
M02,56452,2026-09-10 16:47:08.622187+00:00,2026-09-10 16:47:08.658357+00:00,2026-09-10 16:47:08.594455+00:00,2026-09-10 16:47:08.614450+00:00,2026-09-10 16:47:08.594735+00:00,2026-09-10 16:47:08.595438+00:00,2026-09-10 16:47:08.595879+00:00,,,,,0.27999999999999997,0.703,19.715,0.441,26.308,36.17,63.902,CONFIRMED
M02,56453,2026-09-10 16:47:09.638283+00:00,2026-09-10 16:47:09.663522+00:00,2026-09-10 16:47:09.617944+00:00,2026-09-10 16:47:09.623009+00:00,2026-09-10 16:47:09.618087+00:00,2026-09-10 16:47:09.619362+00:00,2026-09-10 16:47:09.619797+00:00,,,,,0.14300000000000002,1.2750000000000001,4.922000000000001,0.435,18.486,25.239,45.578,CONFIRMED
M02,56454,2026-09-10 16:47:10.649562+00:00,2026-09-10 16:47:10.674832+00:00,2026-09-10 16:47:10.626811+00:00,2026-09-10 16:47:10.637808+00:00,2026-09-10 16:47:10.626959+00:00,2026-09-10 16:47:10.627760+00:00,2026-09-10 16:47:10.628138+00:00,,,,,0.148,0.8009999999999999,10.848999999999998,0.378,21.424,25.27,48.021,CONFIRMED
M02,56455,2026-09-10 16:47:11.665744+00:00,2026-09-10 16:47:11.690583+00:00,2026-09-10 16:47:11.640709+00:00,2026-09-10 16:47:11.647858+00:00,2026-09-10 16:47:11.640978+00:00,2026-09-10 16:47:11.642249+00:00,2026-09-10 16:47:11.642870+00:00,,,,,0.26899999999999996,1.271,6.88,0.621,22.874,24.839,49.874,CONFIRMED
M02,56456,2026-09-10 16:47:12.679976+00:00,2026-09-10 16:47:12.707214+00:00,2026-09-10 16:47:12.650376+00:00,2026-09-10 16:47:12.662042+00:00,2026-09-10 16:47:12.650768+00:00,2026-09-10 16:47:12.660980+00:00,2026-09-10 16:47:12.664683+00:00,,,,,0.392,10.212,11.274,3.7030000000000003,15.293,27.238,56.838,CONFIRMED
M02,56457,2026-09-10 16:47:13.691121+00:00,2026-09-10 16:47:13.719877+00:00,2026-09-10 16:47:13.666565+00:00,2026-09-10 16:47:13.676098+00:00,2026-09-10 16:47:13.666758+00:00,2026-09-10 16:47:13.667542+00:00,2026-09-10 16:47:13.668021+00:00,,,,,0.193,0.784,9.34,0.479,23.099999999999998,28.756,53.312,CONFIRMED
M02,56458,2026-09-10 16:47:14.708910+00:00,2026-09-10 16:47:14.734364+00:00,2026-09-10 16:47:14.681973+00:00,2026-09-10 16:47:14.683198+00:00,2026-09-10 16:47:14.682299+00:00,2026-09-10 16:47:14.683957+00:00,2026-09-10 16:47:14.684468+00:00,,,,,0.326,1.658,0.8989999999999999,0.5109999999999999,24.442,25.454,52.391,CONFIRMED
M02,56459,2026-09-10 16:47:15.712233+00:00,2026-09-10 16:47:15.740966+00:00,2026-09-10 16:47:15.688120+00:00,2026-09-10 16:47:15.689092+00:00,2026-09-10 16:47:15.688403+00:00,2026-09-10 16:47:15.689115+00:00,2026-09-10 16:47:15.689575+00:00,,,,,0.283,0.712,0.6890000000000001,0.46,22.658,28.733,52.846,CONFIRMED
M02,56460,2026-09-10 16:47:16.715152+00:00,2026-09-10 16:47:16.744552+00:00,2026-09-10 16:47:16.693476+00:00,2026-09-10 16:47:16.695280+00:00,2026-09-10 16:47:16.693685+00:00,2026-09-10 16:47:16.695272+00:00,2026-09-10 16:47:16.695638+00:00,,,,,0.20900000000000002,1.5870000000000002,1.595,0.366,19.514,29.4,51.076,CONFIRMED
M02,56461,2026-09-10 16:47:17.716564+00:00,2026-09-10 16:47:17.742661+00:00,2026-09-10 16:47:17.698602+00:00,2026-09-10 16:47:17.700207+00:00,2026-09-10 16:47:17.698898+00:00,2026-09-10 16:47:17.700196+00:00,2026-09-10 16:47:17.700564+00:00,,,,,0.296,1.2979999999999998,1.309,0.368,16.0,26.096999999999998,44.059,CONFIRMED
M02,56462,2026-09-10 16:47:18.725048+00:00,2026-09-10 16:47:18.751954+00:00,2026-09-10 16:47:18.702818+00:00,2026-09-10 16:47:18.704235+00:00,2026-09-10 16:47:18.702985+00:00,2026-09-10 16:47:18.703582+00:00,2026-09-10 16:47:18.704148+00:00,,,,,0.16699999999999998,0.597,1.25,0.566,20.9,26.906,49.135999999999996,CONFIRMED
M02,56463,2026-09-10 16:47:19.733534+00:00,2026-09-10 16:47:19.760134+00:00,2026-09-10 16:47:19.707205+00:00,2026-09-10 16:47:19.708445+00:00,2026-09-10 16:47:19.707738+00:00,2026-09-10 16:47:19.708545+00:00,2026-09-10 16:47:19.709420+00:00,,,,,0.533,0.8069999999999999,0.707,0.875,24.114,26.599999999999998,52.928999999999995,CONFIRMED
M02,56464,2026-09-10 16:47:20.736419+00:00,2026-09-10 16:47:20.767814+00:00,2026-09-10 16:47:20.719548+00:00,2026-09-10 16:47:20.722067+00:00,2026-09-10 16:47:20.719814+00:00,2026-09-10 16:47:20.720513+00:00,2026-09-10 16:47:20.720777+00:00,,,,,0.266,0.699,2.2529999999999997,0.264,15.642,31.395,48.266000000000005,CONFIRMED
M02,56465,2026-09-10 16:47:21.744318+00:00,2026-09-10 16:47:21.772325+00:00,2026-09-10 16:47:21.724243+00:00,2026-09-10 16:47:21.727547+00:00,2026-09-10 16:47:21.724400+00:00,2026-09-10 16:47:21.725770+00:00,2026-09-10 16:47:21.726186+00:00,,,,,0.157,1.3699999999999999,3.1470000000000002,0.416,18.131999999999998,28.007,48.082,CONFIRMED
M02,56466,2026-09-10 16:47:22.757999+00:00,2026-09-10 16:47:22.783636+00:00,2026-09-10 16:47:22.738999+00:00,2026-09-10 16:47:22.741029+00:00,2026-09-10 16:47:22.739340+00:00,2026-09-10 16:47:22.740660+00:00,2026-09-10 16:47:22.741501+00:00,,,,,0.34099999999999997,1.32,1.689,0.841,16.497999999999998,25.637,44.637,CONFIRMED
M02,56467,2026-09-10 16:47:23.778341+00:00,2026-09-10 16:47:23.808766+00:00,2026-09-10 16:47:23.749481+00:00,2026-09-10 16:47:23.764633+00:00,2026-09-10 16:47:23.749721+00:00,2026-09-10 16:47:23.751645+00:00,2026-09-10 16:47:23.752031+00:00,,,,,0.24000000000000002,1.924,14.911999999999999,0.386,26.31,30.425,59.285,CONFIRMED
M02,56468,2026-09-10 16:47:24.792938+00:00,2026-09-10 16:47:24.827904+00:00,2026-09-10 16:47:24.768456+00:00,2026-09-10 16:47:24.769895+00:00,2026-09-10 16:47:24.768791+00:00,2026-09-10 16:47:24.771467+00:00,2026-09-10 16:47:24.772019+00:00,,,,,0.335,2.676,1.1039999999999999,0.5519999999999999,20.919,34.965999999999994,59.448,CONFIRMED
M02,56469,2026-09-10 16:47:25.798172+00:00,2026-09-10 16:47:25.827830+00:00,2026-09-10 16:47:25.776468+00:00,2026-09-10 16:47:25.777401+00:00,2026-09-10 16:47:25.776681+00:00,2026-09-10 16:47:25.777402+00:00,2026-09-10 16:47:25.777788+00:00,,,,,0.213,0.721,0.7200000000000001,0.386,20.384,29.658,51.361999999999995,CONFIRMED
M02,56470,2026-09-10 16:47:26.812937+00:00,2026-09-10 16:47:26.839281+00:00,2026-09-10 16:47:26.784142+00:00,2026-09-10 16:47:26.785025+00:00,2026-09-10 16:47:26.784284+00:00,2026-09-10 16:47:26.784975+00:00,2026-09-10 16:47:26.785479+00:00,,,,,0.14200000000000002,0.691,0.741,0.504,27.458,26.343999999999998,55.139,CONFIRMED
M02,56471,2026-09-10 16:47:27.835590+00:00,2026-09-10 16:47:27.876922+00:00,2026-09-10 16:47:27.790066+00:00,2026-09-10 16:47:27.793693+00:00,2026-09-10 16:47:27.790329+00:00,2026-09-10 16:47:27.791410+00:00,2026-09-10 16:47:27.792023+00:00,,,,,0.263,1.081,3.364,0.6130000000000001,43.567,41.332,86.85600000000001,CONFIRMED
M02,56472,2026-09-10 16:47:28.837160+00:00,2026-09-10 16:47:28.861194+00:00,2026-09-10 16:47:28.812450+00:00,2026-09-10 16:47:28.816182+00:00,2026-09-10 16:47:28.812834+00:00,2026-09-10 16:47:28.814518+00:00,2026-09-10 16:47:28.815398+00:00,,,,,0.384,1.684,3.348,0.88,21.762,24.034,48.744,CONFIRMED
M02,56473,2026-09-10 16:47:29.850323+00:00,2026-09-10 16:47:29.878176+00:00,2026-09-10 16:47:29.820382+00:00,2026-09-10 16:47:29.823627+00:00,2026-09-10 16:47:29.820795+00:00,2026-09-10 16:47:29.822290+00:00,2026-09-10 16:47:29.823203+00:00,,,,,0.41300000000000003,1.495,2.832,0.9129999999999999,27.119999999999997,27.852999999999998,57.794,CONFIRMED
M02,56474,2026-09-10 16:47:30.859414+00:00,2026-09-10 16:47:30.883717+00:00,2026-09-10 16:47:30.828356+00:00,2026-09-10 16:47:30.834041+00:00,2026-09-10 16:47:30.828924+00:00,2026-09-10 16:47:30.833569+00:00,2026-09-10 16:47:30.833880+00:00,,,,,0.5680000000000001,4.645,5.117,0.311,25.534000000000002,24.303,55.361,CONFIRMED
M02,56475,2026-09-10 16:47:31.860469+00:00,2026-09-10 16:47:31.885380+00:00,2026-09-10 16:47:31.837066+00:00,2026-09-10 16:47:31.839076+00:00,2026-09-10 16:47:31.837527+00:00,2026-09-10 16:47:31.839708+00:00,2026-09-10 16:47:31.841639+00:00,,,,,0.46099999999999997,2.181,1.549,1.931,18.83,24.910999999999998,48.314,CONFIRMED
M02,56476,2026-09-10 16:47:32.889177+00:00,2026-09-10 16:47:32.913888+00:00,2026-09-10 16:47:32.848509+00:00,2026-09-10 16:47:32.850559+00:00,2026-09-10 16:47:32.848876+00:00,2026-09-10 16:47:32.867555+00:00,2026-09-10 16:47:32.868167+00:00,,,,,0.367,18.679000000000002,1.683,0.612,21.01,24.711000000000002,65.379,CONFIRMED
M02,56477,2026-09-10 16:47:33.899021+00:00,2026-09-10 16:47:33.930599+00:00,2026-09-10 16:47:33.870612+00:00,2026-09-10 16:47:33.872677+00:00,2026-09-10 16:47:33.871028+00:00,2026-09-10 16:47:33.872673+00:00,2026-09-10 16:47:33.873020+00:00,,,,,0.416,1.645,1.649,0.347,26.001,31.578000000000003,59.987,CONFIRMED
M02,56478,2026-09-10 16:47:34.912480+00:00,2026-09-10 16:47:34.943806+00:00,2026-09-10 16:47:34.876880+00:00,2026-09-10 16:47:34.879583+00:00,2026-09-10 16:47:34.877140+00:00,2026-09-10 16:47:34.878183+00:00,2026-09-10 16:47:34.878639+00:00,,,,,0.25999999999999995,1.0430000000000001,2.443,0.456,33.841,31.326,66.926,CONFIRMED
M02,56479,2026-09-10 16:47:35.908784+00:00,2026-09-10 16:47:35.932612+00:00,2026-09-10 16:47:35.882524+00:00,2026-09-10 16:47:35.886810+00:00,2026-09-10 16:47:35.882960+00:00,2026-09-10 16:47:35.884834+00:00,2026-09-10 16:47:35.885367+00:00,,,,,0.43600000000000005,1.874,3.85,0.533,23.417,23.828,50.088,CONFIRMED
M02,56480,2026-09-10 16:47:36.916042+00:00,2026-09-10 16:47:36.944335+00:00,2026-09-10 16:47:36.896184+00:00,2026-09-10 16:47:36.903497+00:00,2026-09-10 16:47:36.896534+00:00,2026-09-10 16:47:36.898393+00:00,2026-09-10 16:47:36.899242+00:00,,,,,0.35,1.859,6.962999999999999,0.8490000000000001,16.8,28.293,48.150999999999996,CONFIRMED
M02,56481,2026-09-10 16:47:37.940458+00:00,2026-09-10 16:47:37.964567+00:00,2026-09-10 16:47:37.916485+00:00,2026-09-10 16:47:37.918418+00:00,2026-09-10 16:47:37.916877+00:00,2026-09-10 16:47:37.918380+00:00,2026-09-10 16:47:37.919861+00:00,,,,,0.392,1.503,1.5410000000000001,1.4809999999999999,20.597,24.108999999999998,48.082,CONFIRMED
M02,56482,2026-09-10 16:47:38.948053+00:00,2026-09-10 16:47:38.973062+00:00,2026-09-10 16:47:38.922855+00:00,2026-09-10 16:47:38.924305+00:00,2026-09-10 16:47:38.923158+00:00,2026-09-10 16:47:38.926143+00:00,2026-09-10 16:47:38.926601+00:00,,,,,0.303,2.985,1.147,0.458,21.451999999999998,25.009,50.207,CONFIRMED
M02,56483,2026-09-10 16:47:39.950357+00:00,2026-09-10 16:47:39.975532+00:00,2026-09-10 16:47:39.929578+00:00,2026-09-10 16:47:39.931395+00:00,2026-09-10 16:47:39.929790+00:00,2026-09-10 16:47:39.930514+00:00,2026-09-10 16:47:39.930908+00:00,,,,,0.212,0.7240000000000001,1.605,0.39399999999999996,19.449,25.175,45.954,CONFIRMED
M02,56484,2026-09-10 16:47:40.969902+00:00,2026-09-10 16:47:40.999126+00:00,2026-09-10 16:47:40.939295+00:00,2026-09-10 16:47:40.940870+00:00,2026-09-10 16:47:40.939710+00:00,2026-09-10 16:47:40.942161+00:00,2026-09-10 16:47:40.949758+00:00,,,,,0.415,2.451,1.16,7.5969999999999995,20.144,29.224,59.831,CONFIRMED
M02,56485,2026-09-10 16:47:41.985732+00:00,2026-09-10 16:47:42.020209+00:00,2026-09-10 16:47:41.961773+00:00,2026-09-10 16:47:41.965959+00:00,2026-09-10 16:47:41.962217+00:00,2026-09-10 16:47:41.963758+00:00,2026-09-10 16:47:41.964609+00:00,,,,,0.444,1.5410000000000001,3.742,0.851,21.123,34.477000000000004,58.436,CONFIRMED
M02,56486,2026-09-10 16:47:42.998414+00:00,2026-09-10 16:47:43.026248+00:00,2026-09-10 16:47:42.969476+00:00,2026-09-10 16:47:42.971333+00:00,2026-09-10 16:47:42.969883+00:00,2026-09-10 16:47:42.972433+00:00,2026-09-10 16:47:42.973091+00:00,,,,,0.40700000000000003,2.5500000000000003,1.45,0.6579999999999999,25.322999999999997,27.834,56.772000000000006,CONFIRMED
M02,56487,2026-09-10 16:47:44.000258+00:00,2026-09-10 16:47:44.026328+00:00,2026-09-10 16:47:43.977958+00:00,2026-09-10 16:47:43.982760+00:00,2026-09-10 16:47:43.978420+00:00,2026-09-10 16:47:43.981340+00:00,2026-09-10 16:47:43.982028+00:00,,,,,0.462,2.92,4.34,0.6880000000000001,18.23,26.07,48.370000000000005,CONFIRMED
M02,56488,2026-09-10 16:47:45.018486+00:00,2026-09-10 16:47:45.047479+00:00,2026-09-10 16:47:44.988708+00:00,2026-09-10 16:47:44.989922+00:00,2026-09-10 16:47:44.988969+00:00,2026-09-10 16:47:44.989939+00:00,2026-09-10 16:47:44.990358+00:00,,,,,0.261,0.9700000000000001,0.953,0.419,28.128,28.993000000000002,58.770999999999994,CONFIRMED
M02,56489,2026-09-10 16:47:46.017597+00:00,2026-09-10 16:47:46.043028+00:00,2026-09-10 16:47:45.993289+00:00,2026-09-10 16:47:45.995056+00:00,2026-09-10 16:47:45.993620+00:00,2026-09-10 16:47:45.994985+00:00,2026-09-10 16:47:45.995710+00:00,,,,,0.331,1.365,1.436,0.725,21.887,25.430999999999997,49.739,CONFIRMED
M02,56490,2026-09-10 16:47:47.029844+00:00,2026-09-10 16:47:47.054683+00:00,2026-09-10 16:47:47.008267+00:00,2026-09-10 16:47:47.012136+00:00,2026-09-10 16:47:47.008507+00:00,2026-09-10 16:47:47.011863+00:00,2026-09-10 16:47:47.012381+00:00,,,,,0.24000000000000002,3.356,3.629,0.518,17.463,24.839,46.416,CONFIRMED
M02,56491,2026-09-10 16:47:48.039124+00:00,2026-09-10 16:47:48.074340+00:00,2026-09-10 16:47:48.015599+00:00,2026-09-10 16:47:48.020125+00:00,2026-09-10 16:47:48.016041+00:00,2026-09-10 16:47:48.017493+00:00,2026-09-10 16:47:48.017964+00:00,,,,,0.442,1.452,4.084,0.47100000000000003,21.16,35.215999999999994,58.741,CONFIRMED
M02,56492,2026-09-10 16:47:49.041542+00:00,2026-09-10 16:47:49.078399+00:00,2026-09-10 16:47:49.022709+00:00,2026-09-10 16:47:49.023592+00:00,2026-09-10 16:47:49.022904+00:00,2026-09-10 16:47:49.023519+00:00,2026-09-10 16:47:49.023925+00:00,,,,,0.195,0.615,0.6880000000000001,0.406,17.617,36.857,55.690000000000005,CONFIRMED
M02,56493,2026-09-10 16:47:50.061836+00:00,2026-09-10 16:47:50.087527+00:00,2026-09-10 16:47:50.026660+00:00,2026-09-10 16:47:50.037182+00:00,2026-09-10 16:47:50.027178+00:00,2026-09-10 16:47:50.037218+00:00,2026-09-10 16:47:50.037750+00:00,,,,,0.518,10.040000000000001,10.004000000000001,0.532,24.086,25.691,60.867,CONFIRMED
M02,56494,2026-09-10 16:47:51.079787+00:00,2026-09-10 16:47:51.107582+00:00,2026-09-10 16:47:51.053017+00:00,2026-09-10 16:47:51.055323+00:00,2026-09-10 16:47:51.053187+00:00,2026-09-10 16:47:51.053787+00:00,2026-09-10 16:47:51.054315+00:00,,,,,0.17,0.6,2.1359999999999997,0.528,25.472,27.795,54.565000000000005,CONFIRMED
M02,56495,2026-09-10 16:47:52.089413+00:00,2026-09-10 16:47:52.116921+00:00,2026-09-10 16:47:52.058150+00:00,2026-09-10 16:47:52.062576+00:00,2026-09-10 16:47:52.060276+00:00,2026-09-10 16:47:52.061963+00:00,2026-09-10 16:47:52.062341+00:00,,,,,2.126,1.6869999999999998,2.3,0.378,27.072,27.508000000000003,58.770999999999994,CONFIRMED
M02,56496,2026-09-10 16:47:53.085236+00:00,2026-09-10 16:47:53.111360+00:00,2026-09-10 16:47:53.066228+00:00,2026-09-10 16:47:53.066902+00:00,2026-09-10 16:47:53.066359+00:00,2026-09-10 16:47:53.066851+00:00,2026-09-10 16:47:53.067244+00:00,,,,,0.131,0.49200000000000005,0.5429999999999999,0.393,17.992,26.124000000000002,45.132,CONFIRMED
M02,56497,2026-09-10 16:47:54.090416+00:00,2026-09-10 16:47:54.116018+00:00,2026-09-10 16:47:54.069863+00:00,2026-09-10 16:47:54.073737+00:00,2026-09-10 16:47:54.070074+00:00,2026-09-10 16:47:54.072011+00:00,2026-09-10 16:47:54.072566+00:00,,,,,0.211,1.9369999999999998,3.663,0.555,17.85,25.602,46.155,CONFIRMED
M02,56498,2026-09-10 16:47:55.101811+00:00,2026-09-10 16:47:55.135992+00:00,2026-09-10 16:47:55.076443+00:00,2026-09-10 16:47:55.077079+00:00,2026-09-10 16:47:55.076583+00:00,2026-09-10 16:47:55.077179+00:00,2026-09-10 16:47:55.077761+00:00,,,,,0.13999999999999999,0.596,0.496,0.5820000000000001,24.049999999999997,34.181000000000004,59.549,CONFIRMED
M02,56499,2026-09-10 16:47:56.108655+00:00,2026-09-10 16:47:56.135769+00:00,2026-09-10 16:47:56.080738+00:00,2026-09-10 16:47:56.083722+00:00,2026-09-10 16:47:56.081086+00:00,2026-09-10 16:47:56.082335+00:00,2026-09-10 16:47:56.082961+00:00,,,,,0.348,1.2489999999999999,2.6359999999999997,0.626,25.694000000000003,27.114,55.031,CONFIRMED
M02,56500,2026-09-10 16:47:57.116659+00:00,2026-09-10 16:47:57.144446+00:00,2026-09-10 16:47:57.088549+00:00,2026-09-10 16:47:57.090309+00:00,2026-09-10 16:47:57.088832+00:00,2026-09-10 16:47:57.090234+00:00,2026-09-10 16:47:57.091040+00:00,,,,,0.283,1.4020000000000001,1.477,0.8059999999999999,25.619,27.787,55.897000000000006,CONFIRMED
M02,56501,2026-09-10 16:47:58.120580+00:00,2026-09-10 16:47:58.145417+00:00,2026-09-10 16:47:58.093978+00:00,2026-09-10 16:47:58.096162+00:00,2026-09-10 16:47:58.094381+00:00,2026-09-10 16:47:58.096020+00:00,2026-09-10 16:47:58.096952+00:00,,,,,0.40299999999999997,1.639,1.7810000000000001,0.9319999999999999,23.628,24.837,51.439,CONFIRMED
M02,56502,2026-09-10 16:47:59.131275+00:00,2026-09-10 16:47:59.156439+00:00,2026-09-10 16:47:59.107738+00:00,2026-09-10 16:47:59.110631+00:00,2026-09-10 16:47:59.108141+00:00,2026-09-10 16:47:59.110269+00:00,2026-09-10 16:47:59.110846+00:00,,,,,0.40299999999999997,2.128,2.49,0.5770000000000001,20.429,25.163999999999998,48.701,CONFIRMED
M02,56503,2026-09-10 16:48:00.146885+00:00,2026-09-10 16:48:00.171042+00:00,2026-09-10 16:48:00.117042+00:00,2026-09-10 16:48:00.118648+00:00,2026-09-10 16:48:00.117409+00:00,2026-09-10 16:48:00.118695+00:00,2026-09-10 16:48:00.119844+00:00,,,,,0.367,1.286,1.239,1.149,27.041,24.157,54.0,CONFIRMED
M02,56504,2026-09-10 16:48:01.145723+00:00,2026-09-10 16:48:01.178854+00:00,2026-09-10 16:48:01.122326+00:00,2026-09-10 16:48:01.124139+00:00,2026-09-10 16:48:01.122512+00:00,2026-09-10 16:48:01.124136+00:00,2026-09-10 16:48:01.124676+00:00,,,,,0.186,1.624,1.627,0.54,21.047,33.131,56.528,CONFIRMED
M02,56505,2026-09-10 16:48:02.152792+00:00,2026-09-10 16:48:02.177122+00:00,2026-09-10 16:48:02.129567+00:00,2026-09-10 16:48:02.131558+00:00,2026-09-10 16:48:02.130064+00:00,2026-09-10 16:48:02.131816+00:00,2026-09-10 16:48:02.132328+00:00,,,,,0.49700000000000005,1.752,1.494,0.512,20.464,24.330000000000002,47.555,CONFIRMED
M02,56506,2026-09-10 16:48:03.168105+00:00,2026-09-10 16:48:03.194378+00:00,2026-09-10 16:48:03.139195+00:00,2026-09-10 16:48:03.142975+00:00,2026-09-10 16:48:03.139414+00:00,2026-09-10 16:48:03.143076+00:00,2026-09-10 16:48:03.144612+00:00,,,,,0.219,3.662,3.561,1.536,23.493,26.273,55.183,CONFIRMED
M02,56507,2026-09-10 16:48:04.174159+00:00,2026-09-10 16:48:04.199283+00:00,2026-09-10 16:48:04.146018+00:00,2026-09-10 16:48:04.147373+00:00,2026-09-10 16:48:04.146279+00:00,2026-09-10 16:48:04.147374+00:00,2026-09-10 16:48:04.148560+00:00,,,,,0.261,1.095,1.0939999999999999,1.186,25.599,25.124,53.265,CONFIRMED
M02,56508,2026-09-10 16:48:05.175214+00:00,2026-09-10 16:48:05.203626+00:00,2026-09-10 16:48:05.150395+00:00,2026-09-10 16:48:05.152179+00:00,2026-09-10 16:48:05.150561+00:00,2026-09-10 16:48:05.152108+00:00,2026-09-10 16:48:05.152684+00:00,,,,,0.166,1.547,1.618,0.5760000000000001,22.53,28.412,53.231,CONFIRMED
M02,56509,2026-09-10 16:48:06.180743+00:00,2026-09-10 16:48:06.207760+00:00,2026-09-10 16:48:06.160858+00:00,2026-09-10 16:48:06.165974+00:00,2026-09-10 16:48:06.161317+00:00,2026-09-10 16:48:06.163686+00:00,2026-09-10 16:48:06.164136+00:00,,,,,0.45899999999999996,2.369,4.657,0.45,16.607,27.017,46.902,CONFIRMED
M02,56510,2026-09-10 16:48:07.188763+00:00,2026-09-10 16:48:07.214816+00:00,2026-09-10 16:48:07.168835+00:00,2026-09-10 16:48:07.170818+00:00,2026-09-10 16:48:07.169458+00:00,2026-09-10 16:48:07.171744+00:00,2026-09-10 16:48:07.172112+00:00,,,,,0.623,2.286,1.36,0.368,16.651,26.053,45.981,CONFIRMED
M02,56511,2026-09-10 16:48:08.207511+00:00,2026-09-10 16:48:08.233688+00:00,2026-09-10 16:48:08.179443+00:00,2026-09-10 16:48:08.182369+00:00,2026-09-10 16:48:08.179713+00:00,2026-09-10 16:48:08.180664+00:00,2026-09-10 16:48:08.181269+00:00,,,,,0.27,0.9510000000000001,2.656,0.605,26.242,26.177,54.245000000000005,CONFIRMED
M02,56512,2026-09-10 16:48:09.211064+00:00,2026-09-10 16:48:09.241817+00:00,2026-09-10 16:48:09.186246+00:00,2026-09-10 16:48:09.197705+00:00,2026-09-10 16:48:09.186802+00:00,2026-09-10 16:48:09.189073+00:00,2026-09-10 16:48:09.189860+00:00,,,,,0.5559999999999999,2.271,10.902999999999999,0.787,21.204,30.753,55.571000000000005,CONFIRMED
M02,56513,2026-09-10 16:48:10.230358+00:00,2026-09-10 16:48:10.262619+00:00,2026-09-10 16:48:10.206401+00:00,2026-09-10 16:48:10.207215+00:00,2026-09-10 16:48:10.206562+00:00,2026-09-10 16:48:10.207230+00:00,2026-09-10 16:48:10.207617+00:00,,,,,0.161,0.6679999999999999,0.653,0.38699999999999996,22.741,32.260999999999996,56.217999999999996,CONFIRMED
M02,56514,2026-09-10 16:48:11.240360+00:00,2026-09-10 16:48:11.264918+00:00,2026-09-10 16:48:11.215380+00:00,2026-09-10 16:48:11.217524+00:00,2026-09-10 16:48:11.215527+00:00,2026-09-10 16:48:11.217558+00:00,2026-09-10 16:48:11.218066+00:00,,,,,0.147,2.0309999999999997,1.997,0.508,22.294,24.558,49.538,CONFIRMED
M02,56515,2026-09-10 16:48:12.241936+00:00,2026-09-10 16:48:12.268165+00:00,2026-09-10 16:48:12.220394+00:00,2026-09-10 16:48:12.221617+00:00,2026-09-10 16:48:12.220650+00:00,2026-09-10 16:48:12.221568+00:00,2026-09-10 16:48:12.221984+00:00,,,,,0.256,0.9179999999999999,0.967,0.416,19.952,26.229,47.771,CONFIRMED
M02,56516,2026-09-10 16:48:13.264820+00:00,2026-09-10 16:48:13.288403+00:00,2026-09-10 16:48:13.242463+00:00,2026-09-10 16:48:13.243165+00:00,2026-09-10 16:48:13.242617+00:00,2026-09-10 16:48:13.243263+00:00,2026-09-10 16:48:13.243899+00:00,,,,,0.154,0.646,0.5479999999999999,0.636,20.921,23.583,45.940000000000005,CONFIRMED
M02,56517,2026-09-10 16:48:14.266727+00:00,2026-09-10 16:48:14.299689+00:00,2026-09-10 16:48:14.246177+00:00,2026-09-10 16:48:14.249118+00:00,2026-09-10 16:48:14.246515+00:00,2026-09-10 16:48:14.247974+00:00,2026-09-10 16:48:14.248712+00:00,,,,,0.33799999999999997,1.459,2.6029999999999998,0.7380000000000001,18.015,32.961999999999996,53.512,CONFIRMED
M02,56518,2026-09-10 16:48:15.278836+00:00,2026-09-10 16:48:15.306227+00:00,2026-09-10 16:48:15.254231+00:00,2026-09-10 16:48:15.257433+00:00,2026-09-10 16:48:15.254403+00:00,2026-09-10 16:48:15.257199+00:00,2026-09-10 16:48:15.258686+00:00,,,,,0.17200000000000001,2.796,3.0300000000000002,1.487,20.150000000000002,27.391,51.996,CONFIRMED
M02,56519,2026-09-10 16:48:16.283012+00:00,2026-09-10 16:48:16.312543+00:00,2026-09-10 16:48:16.261594+00:00,2026-09-10 16:48:16.264891+00:00,2026-09-10 16:48:16.261943+00:00,2026-09-10 16:48:16.263693+00:00,2026-09-10 16:48:16.264188+00:00,,,,,0.34900000000000003,1.75,2.948,0.495,18.824,29.531000000000002,50.949,CONFIRMED
M02,56520,2026-09-10 16:48:17.288059+00:00,2026-09-10 16:48:17.316803+00:00,2026-09-10 16:48:17.268639+00:00,2026-09-10 16:48:17.269494+00:00,2026-09-10 16:48:17.268834+00:00,2026-09-10 16:48:17.269468+00:00,2026-09-10 16:48:17.269910+00:00,,,,,0.195,0.634,0.66,0.442,18.148999999999997,28.744,48.164,CONFIRMED
M02,56521,2026-09-10 16:48:18.298483+00:00,2026-09-10 16:48:18.327669+00:00,2026-09-10 16:48:18.273527+00:00,2026-09-10 16:48:18.274497+00:00,2026-09-10 16:48:18.273738+00:00,2026-09-10 16:48:18.274423+00:00,2026-09-10 16:48:18.274865+00:00,,,,,0.211,0.6849999999999999,0.759,0.442,23.618,29.186,54.142,CONFIRMED
M02,56522,2026-09-10 16:48:19.308481+00:00,2026-09-10 16:48:19.337934+00:00,2026-09-10 16:48:19.277181+00:00,2026-09-10 16:48:19.287901+00:00,2026-09-10 16:48:19.277410+00:00,2026-09-10 16:48:19.278167+00:00,2026-09-10 16:48:19.278554+00:00,,,,,0.229,0.757,10.491,0.38699999999999996,29.927,29.453,60.753,CONFIRMED
M02,56523,2026-09-10 16:48:20.313919+00:00,2026-09-10 16:48:20.341689+00:00,2026-09-10 16:48:20.291450+00:00,2026-09-10 16:48:20.292453+00:00,2026-09-10 16:48:20.291745+00:00,2026-09-10 16:48:20.292439+00:00,2026-09-10 16:48:20.292733+00:00,,,,,0.29500000000000004,0.694,0.708,0.294,21.186,27.77,50.239,CONFIRMED
M02,56524,2026-09-10 16:48:21.314451+00:00,2026-09-10 16:48:21.340965+00:00,2026-09-10 16:48:21.294282+00:00,2026-09-10 16:48:21.294922+00:00,2026-09-10 16:48:21.294418+00:00,2026-09-10 16:48:21.294969+00:00,2026-09-10 16:48:21.295234+00:00,,,,,0.136,0.5509999999999999,0.504,0.265,19.217000000000002,26.514,46.683,CONFIRMED
M02,56525,2026-09-10 16:48:22.320994+00:00,2026-09-10 16:48:22.347358+00:00,2026-09-10 16:48:22.301198+00:00,2026-09-10 16:48:22.302412+00:00,2026-09-10 16:48:22.301347+00:00,2026-09-10 16:48:22.302287+00:00,2026-09-10 16:48:22.302700+00:00,,,,,0.149,0.94,1.065,0.41300000000000003,18.294,26.363999999999997,46.16,CONFIRMED
M02,56526,2026-09-10 16:48:23.328967+00:00,2026-09-10 16:48:23.356879+00:00,2026-09-10 16:48:23.305970+00:00,2026-09-10 16:48:23.318596+00:00,2026-09-10 16:48:23.306119+00:00,2026-09-10 16:48:23.306956+00:00,2026-09-10 16:48:23.307319+00:00,,,,,0.149,0.837,12.477,0.363,21.648,27.912,50.909000000000006,CONFIRMED
M02,56527,2026-09-10 16:48:24.352189+00:00,2026-09-10 16:48:24.381693+00:00,2026-09-10 16:48:24.323589+00:00,2026-09-10 16:48:24.335668+00:00,2026-09-10 16:48:24.324343+00:00,2026-09-10 16:48:24.335790+00:00,2026-09-10 16:48:24.336151+00:00,,,,,0.754,11.447000000000001,11.325,0.361,16.038,29.503999999999998,58.104000000000006,CONFIRMED
M02,56528,2026-09-10 16:48:25.360462+00:00,2026-09-10 16:48:25.384884+00:00,2026-09-10 16:48:25.338677+00:00,2026-09-10 16:48:25.341650+00:00,2026-09-10 16:48:25.339000+00:00,2026-09-10 16:48:25.340311+00:00,2026-09-10 16:48:25.340837+00:00,,,,,0.323,1.3110000000000002,2.65,0.526,19.625,24.422,46.207,CONFIRMED
M02,56529,2026-09-10 16:48:26.371564+00:00,2026-09-10 16:48:26.399290+00:00,2026-09-10 16:48:26.344531+00:00,2026-09-10 16:48:26.345606+00:00,2026-09-10 16:48:26.344828+00:00,2026-09-10 16:48:26.347148+00:00,2026-09-10 16:48:26.347932+00:00,,,,,0.297,2.32,0.778,0.784,23.632,27.726,54.759,CONFIRMED
M02,56530,2026-09-10 16:48:27.368811+00:00,2026-09-10 16:48:27.396377+00:00,2026-09-10 16:48:27.348523+00:00,2026-09-10 16:48:27.349744+00:00,2026-09-10 16:48:27.348789+00:00,2026-09-10 16:48:27.349917+00:00,2026-09-10 16:48:27.350408+00:00,,,,,0.266,1.1280000000000001,0.955,0.491,18.403,27.566,47.854,CONFIRMED
M02,56531,2026-09-10 16:48:28.374495+00:00,2026-09-10 16:48:28.399849+00:00,2026-09-10 16:48:28.354377+00:00,2026-09-10 16:48:28.357563+00:00,2026-09-10 16:48:28.354750+00:00,2026-09-10 16:48:28.356149+00:00,2026-09-10 16:48:28.357078+00:00,,,,,0.373,1.399,2.813,0.929,17.416999999999998,25.354000000000003,45.472,CONFIRMED
M02,56532,2026-09-10 16:48:29.380728+00:00,2026-09-10 16:48:29.405989+00:00,2026-09-10 16:48:29.359612+00:00,2026-09-10 16:48:29.361257+00:00,2026-09-10 16:48:29.359860+00:00,2026-09-10 16:48:29.361283+00:00,2026-09-10 16:48:29.361843+00:00,,,,,0.248,1.423,1.397,0.5599999999999999,18.884999999999998,25.261,46.377,CONFIRMED
M02,56533,2026-09-10 16:48:30.390138+00:00,2026-09-10 16:48:30.421907+00:00,2026-09-10 16:48:30.364730+00:00,2026-09-10 16:48:30.368399+00:00,2026-09-10 16:48:30.365006+00:00,2026-09-10 16:48:30.366200+00:00,2026-09-10 16:48:30.366847+00:00,,,,,0.27599999999999997,1.194,3.3930000000000002,0.647,23.291,31.769,57.177,CONFIRMED
M02,56534,2026-09-10 16:48:31.397760+00:00,2026-09-10 16:48:31.422575+00:00,2026-09-10 16:48:31.377248+00:00,2026-09-10 16:48:31.378162+00:00,2026-09-10 16:48:31.377387+00:00,2026-09-10 16:48:31.378147+00:00,2026-09-10 16:48:31.378572+00:00,,,,,0.13899999999999998,0.76,0.775,0.425,19.188,24.815,45.327,CONFIRMED
M02,56535,2026-09-10 16:48:32.402918+00:00,2026-09-10 16:48:32.431277+00:00,2026-09-10 16:48:32.380813+00:00,2026-09-10 16:48:32.382003+00:00,2026-09-10 16:48:32.381001+00:00,2026-09-10 16:48:32.381880+00:00,2026-09-10 16:48:32.382342+00:00,,,,,0.188,0.879,1.002,0.462,20.576,28.358999999999998,50.464,CONFIRMED
M02,56536,2026-09-10 16:48:33.418600+00:00,2026-09-10 16:48:33.448287+00:00,2026-09-10 16:48:33.389266+00:00,2026-09-10 16:48:33.390912+00:00,2026-09-10 16:48:33.389451+00:00,2026-09-10 16:48:33.390967+00:00,2026-09-10 16:48:33.391348+00:00,,,,,0.185,1.516,1.461,0.381,27.252,29.687,59.020999999999994,CONFIRMED
M02,56537,2026-09-10 16:48:34.419557+00:00,2026-09-10 16:48:34.451191+00:00,2026-09-10 16:48:34.393412+00:00,2026-09-10 16:48:34.394859+00:00,2026-09-10 16:48:34.393613+00:00,2026-09-10 16:48:34.394610+00:00,2026-09-10 16:48:34.395058+00:00,,,,,0.201,0.9970000000000001,1.246,0.448,24.499,31.634000000000004,57.778999999999996,CONFIRMED
M02,56538,2026-09-10 16:48:35.422425+00:00,2026-09-10 16:48:35.465704+00:00,2026-09-10 16:48:35.399069+00:00,2026-09-10 16:48:35.400127+00:00,2026-09-10 16:48:35.399313+00:00,2026-09-10 16:48:35.400097+00:00,2026-09-10 16:48:35.400549+00:00,,,,,0.244,0.784,0.8140000000000001,0.45199999999999996,21.876,43.278999999999996,66.635,CONFIRMED
M02,56539,2026-09-10 16:48:36.437620+00:00,2026-09-10 16:48:36.461513+00:00,2026-09-10 16:48:36.411662+00:00,2026-09-10 16:48:36.423615+00:00,2026-09-10 16:48:36.411898+00:00,2026-09-10 16:48:36.412679+00:00,2026-09-10 16:48:36.413228+00:00,,,,,0.236,0.781,11.717,0.549,24.392,23.893,49.851,CONFIRMED
M02,56540,2026-09-10 16:48:37.454302+00:00,2026-09-10 16:48:37.481797+00:00,2026-09-10 16:48:37.430670+00:00,2026-09-10 16:48:37.433651+00:00,2026-09-10 16:48:37.431176+00:00,2026-09-10 16:48:37.433506+00:00,2026-09-10 16:48:37.434331+00:00,,,,,0.506,2.33,2.475,0.825,19.971,27.494999999999997,51.126999999999995,CONFIRMED
M02,56541,2026-09-10 16:48:38.460709+00:00,2026-09-10 16:48:38.488006+00:00,2026-09-10 16:48:38.438079+00:00,2026-09-10 16:48:38.439866+00:00,2026-09-10 16:48:38.438375+00:00,2026-09-10 16:48:38.440026+00:00,2026-09-10 16:48:38.440574+00:00,,,,,0.296,1.6509999999999998,1.4909999999999999,0.5479999999999999,20.135,27.296999999999997,49.927,CONFIRMED
M02,56542,2026-09-10 16:48:39.468028+00:00,2026-09-10 16:48:39.492663+00:00,2026-09-10 16:48:39.445611+00:00,2026-09-10 16:48:39.446842+00:00,2026-09-10 16:48:39.445909+00:00,2026-09-10 16:48:39.446657+00:00,2026-09-10 16:48:39.447341+00:00,,,,,0.298,0.748,0.933,0.684,20.687,24.635,47.052,CONFIRMED
M02,56543,2026-09-10 16:48:40.480048+00:00,2026-09-10 16:48:40.508949+00:00,2026-09-10 16:48:40.451410+00:00,2026-09-10 16:48:40.473347+00:00,2026-09-10 16:48:40.451836+00:00,2026-09-10 16:48:40.453321+00:00,2026-09-10 16:48:40.454301+00:00,,,,,0.426,1.485,21.511,0.98,25.747,28.901,57.539,CONFIRMED
M02,56544,2026-09-10 16:48:41.503048+00:00,2026-09-10 16:48:41.527721+00:00,2026-09-10 16:48:41.475362+00:00,2026-09-10 16:48:41.476766+00:00,2026-09-10 16:48:41.475579+00:00,2026-09-10 16:48:41.476477+00:00,2026-09-10 16:48:41.477120+00:00,,,,,0.217,0.898,1.1869999999999998,0.643,25.928,24.673000000000002,52.359,CONFIRMED
M02,56545,2026-09-10 16:48:42.500963+00:00,2026-09-10 16:48:42.525406+00:00,2026-09-10 16:48:42.480917+00:00,2026-09-10 16:48:42.483664+00:00,2026-09-10 16:48:42.481921+00:00,2026-09-10 16:48:42.482778+00:00,2026-09-10 16:48:42.483162+00:00,,,,,1.004,0.857,1.7429999999999999,0.384,17.801000000000002,24.442999999999998,44.489000000000004,CONFIRMED
M02,56546,2026-09-10 16:48:43.511971+00:00,2026-09-10 16:48:43.538088+00:00,2026-09-10 16:48:43.486061+00:00,2026-09-10 16:48:43.502345+00:00,2026-09-10 16:48:43.486250+00:00,2026-09-10 16:48:43.489425+00:00,2026-09-10 16:48:43.489801+00:00,,,,,0.189,3.175,16.095000000000002,0.376,22.169999999999998,26.117,52.026999999999994,CONFIRMED
M02,56547,2026-09-10 16:48:44.533131+00:00,2026-09-10 16:48:44.569852+00:00,2026-09-10 16:48:44.506004+00:00,2026-09-10 16:48:44.507165+00:00,2026-09-10 16:48:44.506179+00:00,2026-09-10 16:48:44.506848+00:00,2026-09-10 16:48:44.507303+00:00,,,,,0.175,0.669,0.9859999999999999,0.455,25.828,36.721,63.848,CONFIRMED
M02,56548,2026-09-10 16:48:45.528981+00:00,2026-09-10 16:48:45.552863+00:00,2026-09-10 16:48:45.511367+00:00,2026-09-10 16:48:45.512394+00:00,2026-09-10 16:48:45.511579+00:00,2026-09-10 16:48:45.512434+00:00,2026-09-10 16:48:45.513269+00:00,,,,,0.212,0.855,0.815,0.8350000000000001,15.712,23.882,41.495999999999995,CONFIRMED
M02,56549,2026-09-10 16:48:46.541756+00:00,2026-09-10 16:48:46.571400+00:00,2026-09-10 16:48:46.515627+00:00,2026-09-10 16:48:46.518884+00:00,2026-09-10 16:48:46.516120+00:00,2026-09-10 16:48:46.517966+00:00,2026-09-10 16:48:46.518891+00:00,,,,,0.49299999999999994,1.846,2.764,0.925,22.865,29.644000000000002,55.773,CONFIRMED
M02,56550,2026-09-10 16:48:47.548330+00:00,2026-09-10 16:48:47.573589+00:00,2026-09-10 16:48:47.521762+00:00,2026-09-10 16:48:47.525668+00:00,2026-09-10 16:48:47.522161+00:00,2026-09-10 16:48:47.523742+00:00,2026-09-10 16:48:47.524647+00:00,,,,,0.399,1.581,3.507,0.905,23.683,25.259,51.827,CONFIRMED
M02,56551,2026-09-10 16:48:48.560772+00:00,2026-09-10 16:48:48.587472+00:00,2026-09-10 16:48:48.529908+00:00,2026-09-10 16:48:48.533059+00:00,2026-09-10 16:48:48.530533+00:00,2026-09-10 16:48:48.532994+00:00,2026-09-10 16:48:48.533626+00:00,,,,,0.625,2.4610000000000003,2.5260000000000002,0.632,27.146,26.700000000000003,57.564,CONFIRMED
M02,56552,2026-09-10 16:48:49.559020+00:00,2026-09-10 16:48:49.595237+00:00,2026-09-10 16:48:49.536866+00:00,2026-09-10 16:48:49.538721+00:00,2026-09-10 16:48:49.537216+00:00,2026-09-10 16:48:49.538414+00:00,2026-09-10 16:48:49.539303+00:00,,,,,0.35,1.198,1.5050000000000001,0.889,19.717,36.217,58.371,CONFIRMED
M02,56553,2026-09-10 16:48:50.562274+00:00,2026-09-10 16:48:50.586447+00:00,2026-09-10 16:48:50.542936+00:00,2026-09-10 16:48:50.544935+00:00,2026-09-10 16:48:50.543359+00:00,2026-09-10 16:48:50.544978+00:00,2026-09-10 16:48:50.545493+00:00,,,,,0.423,1.619,1.5759999999999998,0.515,16.781000000000002,24.173000000000002,43.511,CONFIRMED
M02,56554,2026-09-10 16:48:51.569964+00:00,2026-09-10 16:48:51.600222+00:00,2026-09-10 16:48:51.549779+00:00,2026-09-10 16:48:51.551193+00:00,2026-09-10 16:48:51.550019+00:00,2026-09-10 16:48:51.551096+00:00,2026-09-10 16:48:51.551480+00:00,,,,,0.24000000000000002,1.077,1.174,0.384,18.484,30.258,50.443000000000005,CONFIRMED
M02,56555,2026-09-10 16:48:52.581703+00:00,2026-09-10 16:48:52.605940+00:00,2026-09-10 16:48:52.554817+00:00,2026-09-10 16:48:52.559296+00:00,2026-09-10 16:48:52.555096+00:00,2026-09-10 16:48:52.557418+00:00,2026-09-10 16:48:52.557809+00:00,,,,,0.279,2.322,4.2,0.391,23.894,24.237000000000002,51.123000000000005,CONFIRMED
M02,56556,2026-09-10 16:48:53.596932+00:00,2026-09-10 16:48:53.638074+00:00,2026-09-10 16:48:53.568701+00:00,2026-09-10 16:48:53.569624+00:00,2026-09-10 16:48:53.568882+00:00,2026-09-10 16:48:53.569544+00:00,2026-09-10 16:48:53.569977+00:00,,,,,0.18100000000000002,0.662,0.742,0.433,26.955,41.141999999999996,69.373,CONFIRMED
M02,56557,2026-09-10 16:48:54.594142+00:00,2026-09-10 16:48:54.621072+00:00,2026-09-10 16:48:54.571690+00:00,2026-09-10 16:48:54.572719+00:00,2026-09-10 16:48:54.571883+00:00,2026-09-10 16:48:54.572680+00:00,2026-09-10 16:48:54.573140+00:00,,,,,0.193,0.7969999999999999,0.8360000000000001,0.46,21.002,26.93,49.382000000000005,CONFIRMED
M02,56558,2026-09-10 16:48:55.623793+00:00,2026-09-10 16:48:55.649107+00:00,2026-09-10 16:48:55.576998+00:00,2026-09-10 16:48:55.598381+00:00,2026-09-10 16:48:55.577743+00:00,2026-09-10 16:48:55.598278+00:00,2026-09-10 16:48:55.598620+00:00,,,,,0.745,20.535,20.638,0.342,25.173000000000002,25.314,72.10900000000001,CONFIRMED
M02,56559,2026-09-10 16:48:56.627054+00:00,2026-09-10 16:48:56.657035+00:00,2026-09-10 16:48:56.600720+00:00,2026-09-10 16:48:56.601707+00:00,2026-09-10 16:48:56.600938+00:00,2026-09-10 16:48:56.601735+00:00,2026-09-10 16:48:56.602123+00:00,,,,,0.21800000000000003,0.7969999999999999,0.769,0.388,24.930999999999997,29.981,56.315,CONFIRMED
M02,56560,2026-09-10 16:48:57.634382+00:00,2026-09-10 16:48:57.661176+00:00,2026-09-10 16:48:57.605378+00:00,2026-09-10 16:48:57.607296+00:00,2026-09-10 16:48:57.605814+00:00,2026-09-10 16:48:57.607513+00:00,2026-09-10 16:48:57.608444+00:00,,,,,0.43600000000000005,1.699,1.482,0.9309999999999999,25.938,26.793999999999997,55.798,CONFIRMED
M02,56561,2026-09-10 16:48:58.637522+00:00,2026-09-10 16:48:58.668327+00:00,2026-09-10 16:48:58.611224+00:00,2026-09-10 16:48:58.613947+00:00,2026-09-10 16:48:58.611418+00:00,2026-09-10 16:48:58.613964+00:00,2026-09-10 16:48:58.614329+00:00,,,,,0.194,2.5460000000000003,2.529,0.365,23.192999999999998,30.805,57.103,CONFIRMED
M02,56562,2026-09-10 16:48:59.641091+00:00,2026-09-10 16:48:59.670577+00:00,2026-09-10 16:48:59.617232+00:00,2026-09-10 16:48:59.618824+00:00,2026-09-10 16:48:59.617439+00:00,2026-09-10 16:48:59.618510+00:00,2026-09-10 16:48:59.619102+00:00,,,,,0.207,1.071,1.385,0.592,21.989,29.485999999999997,53.345,CONFIRMED
M02,56563,2026-09-10 16:49:00.643506+00:00,2026-09-10 16:49:00.672379+00:00,2026-09-10 16:49:00.624786+00:00,2026-09-10 16:49:00.625791+00:00,2026-09-10 16:49:00.625003+00:00,2026-09-10 16:49:00.626392+00:00,2026-09-10 16:49:00.626652+00:00,,,,,0.217,1.389,0.7879999999999999,0.25999999999999995,16.854,28.873,47.593,CONFIRMED
M02,56564,2026-09-10 16:49:01.655079+00:00,2026-09-10 16:49:01.684123+00:00,2026-09-10 16:49:01.628566+00:00,2026-09-10 16:49:01.643028+00:00,2026-09-10 16:49:01.628752+00:00,2026-09-10 16:49:01.629450+00:00,2026-09-10 16:49:01.629835+00:00,,,,,0.186,0.6980000000000001,14.276,0.38499999999999995,25.244,29.044,55.557,CONFIRMED
M02,56565,2026-09-10 16:49:02.668961+00:00,2026-09-10 16:49:02.696065+00:00,2026-09-10 16:49:02.648507+00:00,2026-09-10 16:49:02.649404+00:00,2026-09-10 16:49:02.648659+00:00,2026-09-10 16:49:02.649345+00:00,2026-09-10 16:49:02.649921+00:00,,,,,0.152,0.6859999999999999,0.745,0.5760000000000001,19.040000000000003,27.104,47.558,CONFIRMED
M02,56566,2026-09-10 16:49:03.672382+00:00,2026-09-10 16:49:03.698675+00:00,2026-09-10 16:49:03.654074+00:00,2026-09-10 16:49:03.654743+00:00,2026-09-10 16:49:03.654212+00:00,2026-09-10 16:49:03.654736+00:00,2026-09-10 16:49:03.655383+00:00,,,,,0.13799999999999998,0.524,0.531,0.647,16.999,26.293,44.601,CONFIRMED
M02,56567,2026-09-10 16:49:04.684501+00:00,2026-09-10 16:49:04.716121+00:00,2026-09-10 16:49:04.657492+00:00,2026-09-10 16:49:04.659347+00:00,2026-09-10 16:49:04.657811+00:00,2026-09-10 16:49:04.659371+00:00,2026-09-10 16:49:04.659860+00:00,,,,,0.319,1.56,1.536,0.48899999999999993,24.641,31.62,58.629,CONFIRMED
M02,56568,2026-09-10 16:49:05.693517+00:00,2026-09-10 16:49:05.718250+00:00,2026-09-10 16:49:05.666684+00:00,2026-09-10 16:49:05.673255+00:00,2026-09-10 16:49:05.667027+00:00,2026-09-10 16:49:05.668583+00:00,2026-09-10 16:49:05.669194+00:00,,,,,0.34299999999999997,1.556,6.228,0.611,24.323,24.733,51.566,CONFIRMED
M02,56569,2026-09-10 16:49:06.709224+00:00,2026-09-10 16:49:06.733945+00:00,2026-09-10 16:49:06.676997+00:00,2026-09-10 16:49:06.679100+00:00,2026-09-10 16:49:06.677422+00:00,2026-09-10 16:49:06.680793+00:00,2026-09-10 16:49:06.682160+00:00,,,,,0.425,3.371,1.678,1.367,27.064,24.721,56.948,CONFIRMED
M02,56570,2026-09-10 16:49:07.703711+00:00,2026-09-10 16:49:07.730446+00:00,2026-09-10 16:49:07.683458+00:00,2026-09-10 16:49:07.685309+00:00,2026-09-10 16:49:07.683917+00:00,2026-09-10 16:49:07.685370+00:00,2026-09-10 16:49:07.685897+00:00,,,,,0.45899999999999996,1.453,1.392,0.527,17.814,26.735,46.988,CONFIRMED
M02,56571,2026-09-10 16:49:08.711928+00:00,2026-09-10 16:49:08.736204+00:00,2026-09-10 16:49:08.689856+00:00,2026-09-10 16:49:08.693499+00:00,2026-09-10 16:49:08.690459+00:00,2026-09-10 16:49:08.692167+00:00,2026-09-10 16:49:08.693088+00:00,,,,,0.603,1.7080000000000002,3.04,0.921,18.84,24.276,46.348,CONFIRMED
M02,56572,2026-09-10 16:49:09.730793+00:00,2026-09-10 16:49:09.763296+00:00,2026-09-10 16:49:09.709010+00:00,2026-09-10 16:49:09.712960+00:00,2026-09-10 16:49:09.709430+00:00,2026-09-10 16:49:09.711300+00:00,2026-09-10 16:49:09.711824+00:00,,,,,0.42000000000000004,1.8699999999999999,3.5300000000000002,0.524,18.969,32.503,54.286,CONFIRMED
M02,56573,2026-09-10 16:49:10.750900+00:00,2026-09-10 16:49:10.782265+00:00,2026-09-10 16:49:10.717389+00:00,2026-09-10 16:49:10.729041+00:00,2026-09-10 16:49:10.717860+00:00,2026-09-10 16:49:10.719375+00:00,2026-09-10 16:49:10.720195+00:00,,,,,0.47100000000000003,1.5150000000000001,11.181,0.82,30.705,31.365,64.876,CONFIRMED
M02,56574,2026-09-10 16:49:11.758424+00:00,2026-09-10 16:49:11.784858+00:00,2026-09-10 16:49:11.735952+00:00,2026-09-10 16:49:11.737667+00:00,2026-09-10 16:49:11.736110+00:00,2026-09-10 16:49:11.736967+00:00,2026-09-10 16:49:11.737298+00:00,,,,,0.158,0.857,1.557,0.331,21.125999999999998,26.433999999999997,48.906,CONFIRMED
M02,56575,2026-09-10 16:49:12.770286+00:00,2026-09-10 16:49:12.795835+00:00,2026-09-10 16:49:12.748780+00:00,2026-09-10 16:49:12.749569+00:00,2026-09-10 16:49:12.748989+00:00,2026-09-10 16:49:12.749614+00:00,2026-09-10 16:49:12.750053+00:00,,,,,0.20900000000000002,0.625,0.58,0.439,20.233,25.549,47.055,CONFIRMED
M02,56576,2026-09-10 16:49:13.773559+00:00,2026-09-10 16:49:13.802175+00:00,2026-09-10 16:49:13.752941+00:00,2026-09-10 16:49:13.754752+00:00,2026-09-10 16:49:13.753377+00:00,2026-09-10 16:49:13.754843+00:00,2026-09-10 16:49:13.755594+00:00,,,,,0.43600000000000005,1.466,1.375,0.751,17.965,28.616,49.234,CONFIRMED
M02,56577,2026-09-10 16:49:14.780504+00:00,2026-09-10 16:49:14.805320+00:00,2026-09-10 16:49:14.758763+00:00,2026-09-10 16:49:14.765474+00:00,2026-09-10 16:49:14.758968+00:00,2026-09-10 16:49:14.760527+00:00,2026-09-10 16:49:14.761118+00:00,,,,,0.205,1.5590000000000002,6.505999999999999,0.5910000000000001,19.386,24.816000000000003,46.557,CONFIRMED
M02,56578,2026-09-10 16:49:15.802634+00:00,2026-09-10 16:49:15.830006+00:00,2026-09-10 16:49:15.773878+00:00,2026-09-10 16:49:15.776275+00:00,2026-09-10 16:49:15.774283+00:00,2026-09-10 16:49:15.776304+00:00,2026-09-10 16:49:15.777450+00:00,,,,,0.40499999999999997,2.021,1.9919999999999998,1.1460000000000001,25.184,27.372,56.128,CONFIRMED
M02,56579,2026-09-10 16:49:16.800099+00:00,2026-09-10 16:49:16.825292+00:00,2026-09-10 16:49:16.779589+00:00,2026-09-10 16:49:16.781167+00:00,2026-09-10 16:49:16.779887+00:00,2026-09-10 16:49:16.781242+00:00,2026-09-10 16:49:16.781872+00:00,,,,,0.298,1.355,1.28,0.63,18.227,25.193,45.703,CONFIRMED
M02,56580,2026-09-10 16:49:17.809484+00:00,2026-09-10 16:49:17.839474+00:00,2026-09-10 16:49:17.785431+00:00,2026-09-10 16:49:17.803245+00:00,2026-09-10 16:49:17.785629+00:00,2026-09-10 16:49:17.786537+00:00,2026-09-10 16:49:17.786935+00:00,,,,,0.19799999999999998,0.9079999999999999,17.616,0.398,22.549,29.99,54.043,CONFIRMED
M02,56581,2026-09-10 16:49:18.826691+00:00,2026-09-10 16:49:18.852144+00:00,2026-09-10 16:49:18.806040+00:00,2026-09-10 16:49:18.807265+00:00,2026-09-10 16:49:18.806249+00:00,2026-09-10 16:49:18.807442+00:00,2026-09-10 16:49:18.808118+00:00,,,,,0.20900000000000002,1.193,1.016,0.6759999999999999,18.573,25.453,46.104,CONFIRMED
M02,56582,2026-09-10 16:49:19.840517+00:00,2026-09-10 16:49:19.866190+00:00,2026-09-10 16:49:19.816085+00:00,2026-09-10 16:49:19.817101+00:00,2026-09-10 16:49:19.816307+00:00,2026-09-10 16:49:19.816984+00:00,2026-09-10 16:49:19.817356+00:00,,,,,0.222,0.6769999999999999,0.794,0.372,23.161,25.673000000000002,50.105,CONFIRMED
M02,56583,2026-09-10 16:49:20.850604+00:00,2026-09-10 16:49:20.881079+00:00,2026-09-10 16:49:20.821451+00:00,2026-09-10 16:49:20.837373+00:00,2026-09-10 16:49:20.821627+00:00,2026-09-10 16:49:20.823733+00:00,2026-09-10 16:49:20.824107+00:00,,,,,0.176,2.106,15.746,0.374,26.497,30.474999999999998,59.628,CONFIRMED
M02,56584,2026-09-10 16:49:21.864753+00:00,2026-09-10 16:49:21.890892+00:00,2026-09-10 16:49:21.839839+00:00,2026-09-10 16:49:21.841704+00:00,2026-09-10 16:49:21.840076+00:00,2026-09-10 16:49:21.840772+00:00,2026-09-10 16:49:21.841178+00:00,,,,,0.237,0.696,1.6280000000000001,0.406,23.575,26.139,51.053000000000004,CONFIRMED
M02,56585,2026-09-10 16:49:22.868258+00:00,2026-09-10 16:49:22.901254+00:00,2026-09-10 16:49:22.844108+00:00,2026-09-10 16:49:22.847915+00:00,2026-09-10 16:49:22.844579+00:00,2026-09-10 16:49:22.848050+00:00,2026-09-10 16:49:22.849028+00:00,,,,,0.47100000000000003,3.471,3.336,0.9779999999999999,19.23,32.995999999999995,57.146,CONFIRMED
M02,56586,2026-09-10 16:49:23.883133+00:00,2026-09-10 16:49:23.926529+00:00,2026-09-10 16:49:23.852450+00:00,2026-09-10 16:49:23.859547+00:00,2026-09-10 16:49:23.852770+00:00,2026-09-10 16:49:23.857975+00:00,2026-09-10 16:49:23.858282+00:00,,,,,0.32,5.205,6.777,0.307,24.851000000000003,43.395999999999994,74.07900000000001,CONFIRMED
M02,56587,2026-09-10 16:49:24.883986+00:00,2026-09-10 16:49:24.911596+00:00,2026-09-10 16:49:24.864000+00:00,2026-09-10 16:49:24.866150+00:00,2026-09-10 16:49:24.864459+00:00,2026-09-10 16:49:24.866353+00:00,2026-09-10 16:49:24.868134+00:00,,,,,0.45899999999999996,1.8940000000000001,1.691,1.7810000000000001,15.852000000000002,27.61,47.596,CONFIRMED
M02,56588,2026-09-10 16:49:25.923497+00:00,2026-09-10 16:49:25.954375+00:00,2026-09-10 16:49:25.874198+00:00,2026-09-10 16:49:25.875548+00:00,2026-09-10 16:49:25.874445+00:00,2026-09-10 16:49:25.904859+00:00,2026-09-10 16:49:25.905340+00:00,,,,,0.247,30.414,1.103,0.481,18.157,30.878,80.17699999999999,CONFIRMED
M02,56589,2026-09-10 16:49:26.946599+00:00,2026-09-10 16:49:26.982606+00:00,2026-09-10 16:49:26.909667+00:00,2026-09-10 16:49:26.911837+00:00,2026-09-10 16:49:26.909930+00:00,2026-09-10 16:49:26.910782+00:00,2026-09-10 16:49:26.911213+00:00,,,,,0.263,0.852,1.907,0.431,35.386,36.007,72.93900000000001,CONFIRMED
M02,56590,2026-09-10 16:49:27.935916+00:00,2026-09-10 16:49:27.963716+00:00,2026-09-10 16:49:27.915693+00:00,2026-09-10 16:49:27.917001+00:00,2026-09-10 16:49:27.915967+00:00,2026-09-10 16:49:27.916962+00:00,2026-09-10 16:49:27.917550+00:00,,,,,0.27399999999999997,0.995,1.034,0.588,18.366,27.799999999999997,48.023,CONFIRMED
M02,56591,2026-09-10 16:49:28.967174+00:00,2026-09-10 16:49:28.994700+00:00,2026-09-10 16:49:28.929695+00:00,2026-09-10 16:49:28.948012+00:00,2026-09-10 16:49:28.930149+00:00,2026-09-10 16:49:28.947909+00:00,2026-09-10 16:49:28.948249+00:00,,,,,0.45399999999999996,17.76,17.863,0.34,18.925,27.526,65.005,CONFIRMED
M02,56592,2026-09-10 16:49:29.975552+00:00,2026-09-10 16:49:30.000727+00:00,2026-09-10 16:49:29.951521+00:00,2026-09-10 16:49:29.955351+00:00,2026-09-10 16:49:29.951888+00:00,2026-09-10 16:49:29.953758+00:00,2026-09-10 16:49:29.954584+00:00,,,,,0.367,1.8699999999999999,3.463,0.8260000000000001,20.968,25.175,49.206,CONFIRMED
M02,56593,2026-09-10 16:49:30.985095+00:00,2026-09-10 16:49:31.011468+00:00,2026-09-10 16:49:30.959300+00:00,2026-09-10 16:49:30.969496+00:00,2026-09-10 16:49:30.959592+00:00,2026-09-10 16:49:30.961221+00:00,2026-09-10 16:49:30.961791+00:00,,,,,0.292,1.629,9.904,0.57,23.304,26.373,52.168,CONFIRMED
M02,56594,2026-09-10 16:49:32.004311+00:00,2026-09-10 16:49:32.041195+00:00,2026-09-10 16:49:31.973128+00:00,2026-09-10 16:49:31.990974+00:00,2026-09-10 16:49:31.973373+00:00,2026-09-10 16:49:31.978786+00:00,2026-09-10 16:49:31.979253+00:00,,,,,0.245,5.413,17.601,0.467,25.058,36.884,68.06700000000001,CONFIRMED
M02,56595,2026-09-10 16:49:33.021145+00:00,2026-09-10 16:49:33.049299+00:00,2026-09-10 16:49:32.999709+00:00,2026-09-10 16:49:33.000594+00:00,2026-09-10 16:49:32.999949+00:00,2026-09-10 16:49:33.000649+00:00,2026-09-10 16:49:33.001050+00:00,,,,,0.24000000000000002,0.7,0.6449999999999999,0.40099999999999997,20.095,28.154,49.59,CONFIRMED
M02,56596,2026-09-10 16:49:34.030887+00:00,2026-09-10 16:49:34.059194+00:00,2026-09-10 16:49:34.004408+00:00,2026-09-10 16:49:34.005666+00:00,2026-09-10 16:49:34.004714+00:00,2026-09-10 16:49:34.006696+00:00,2026-09-10 16:49:34.007661+00:00,,,,,0.306,1.9819999999999998,0.9520000000000001,0.9650000000000001,23.226,28.307,54.786,CONFIRMED
M02,56597,2026-09-10 16:49:35.034719+00:00,2026-09-10 16:49:35.060924+00:00,2026-09-10 16:49:35.008563+00:00,2026-09-10 16:49:35.010596+00:00,2026-09-10 16:49:35.009462+00:00,2026-09-10 16:49:35.010290+00:00,2026-09-10 16:49:35.010708+00:00,,,,,0.8989999999999999,0.828,1.1340000000000001,0.41800000000000004,24.011000000000003,26.205,52.361,CONFIRMED
M02,56598,2026-09-10 16:49:36.039703+00:00,2026-09-10 16:49:36.065596+00:00,2026-09-10 16:49:36.021103+00:00,2026-09-10 16:49:36.022564+00:00,2026-09-10 16:49:36.021335+00:00,2026-09-10 16:49:36.022601+00:00,2026-09-10 16:49:36.023093+00:00,,,,,0.232,1.266,1.229,0.49200000000000005,16.61,25.893,44.492999999999995,CONFIRMED
M02,56599,2026-09-10 16:49:37.050024+00:00,2026-09-10 16:49:37.077115+00:00,2026-09-10 16:49:37.026436+00:00,2026-09-10 16:49:37.028080+00:00,2026-09-10 16:49:37.026690+00:00,2026-09-10 16:49:37.027755+00:00,2026-09-10 16:49:37.028176+00:00,,,,,0.254,1.065,1.39,0.421,21.848,27.091,50.679,CONFIRMED
M02,56600,2026-09-10 16:49:38.053270+00:00,2026-09-10 16:49:38.081162+00:00,2026-09-10 16:49:38.031730+00:00,2026-09-10 16:49:38.037649+00:00,2026-09-10 16:49:38.032041+00:00,2026-09-10 16:49:38.033463+00:00,2026-09-10 16:49:38.033982+00:00,,,,,0.311,1.4220000000000002,5.6080000000000005,0.519,19.288,27.892,49.431999999999995,CONFIRMED
M02,56601,2026-09-10 16:49:39.069788+00:00,2026-09-10 16:49:39.097592+00:00,2026-09-10 16:49:39.045135+00:00,2026-09-10 16:49:39.046458+00:00,2026-09-10 16:49:39.045446+00:00,2026-09-10 16:49:39.047172+00:00,2026-09-10 16:49:39.047579+00:00,,,,,0.311,1.7260000000000002,1.012,0.40700000000000003,22.209,27.804,52.456999999999994,CONFIRMED
M02,56602,2026-09-10 16:49:40.084478+00:00,2026-09-10 16:49:40.109908+00:00,2026-09-10 16:49:40.049596+00:00,2026-09-10 16:49:40.051990+00:00,2026-09-10 16:49:40.049987+00:00,2026-09-10 16:49:40.051259+00:00,2026-09-10 16:49:40.063354+00:00,,,,,0.391,1.272,2.003,12.095,21.124,25.43,60.312,CONFIRMED
M02,56603,2026-09-10 16:49:41.091333+00:00,2026-09-10 16:49:41.125893+00:00,2026-09-10 16:49:41.068608+00:00,2026-09-10 16:49:41.070548+00:00,2026-09-10 16:49:41.069004+00:00,2026-09-10 16:49:41.070792+00:00,2026-09-10 16:49:41.071814+00:00,,,,,0.39599999999999996,1.788,1.544,1.0219999999999998,19.519000000000002,34.56,57.285000000000004,CONFIRMED
M02,56604,2026-09-10 16:49:42.098497+00:00,2026-09-10 16:49:42.125109+00:00,2026-09-10 16:49:42.080487+00:00,2026-09-10 16:49:42.081474+00:00,2026-09-10 16:49:42.080691+00:00,2026-09-10 16:49:42.081488+00:00,2026-09-10 16:49:42.082113+00:00,,,,,0.204,0.7969999999999999,0.7829999999999999,0.625,16.384,26.612000000000002,44.622,CONFIRMED
M02,56605,2026-09-10 16:49:43.118474+00:00,2026-09-10 16:49:43.143146+00:00,2026-09-10 16:49:43.085670+00:00,2026-09-10 16:49:43.099576+00:00,2026-09-10 16:49:43.085862+00:00,2026-09-10 16:49:43.099663+00:00,2026-09-10 16:49:43.100282+00:00,,,,,0.192,13.801,13.714,0.619,18.192,24.672,57.476,CONFIRMED
M02,56606,2026-09-10 16:49:44.131255+00:00,2026-09-10 16:49:44.156403+00:00,2026-09-10 16:49:44.102399+00:00,2026-09-10 16:49:44.104971+00:00,2026-09-10 16:49:44.102830+00:00,2026-09-10 16:49:44.104827+00:00,2026-09-10 16:49:44.105365+00:00,,,,,0.431,1.997,2.141,0.5379999999999999,25.89,25.148,54.004000000000005,CONFIRMED
M02,56607,2026-09-10 16:49:45.134181+00:00,2026-09-10 16:49:45.167409+00:00,2026-09-10 16:49:45.109302+00:00,2026-09-10 16:49:45.110151+00:00,2026-09-10 16:49:45.109473+00:00,2026-09-10 16:49:45.110243+00:00,2026-09-10 16:49:45.110795+00:00,,,,,0.171,0.7699999999999999,0.678,0.5519999999999999,23.386,33.228,58.107,CONFIRMED
M02,56608,2026-09-10 16:49:46.136171+00:00,2026-09-10 16:49:46.162339+00:00,2026-09-10 16:49:46.112667+00:00,2026-09-10 16:49:46.115020+00:00,2026-09-10 16:49:46.113147+00:00,2026-09-10 16:49:46.115446+00:00,2026-09-10 16:49:46.118542+00:00,,,,,0.48000000000000004,2.299,1.873,3.0959999999999996,17.628999999999998,26.168,49.672000000000004,CONFIRMED
M02,56609,2026-09-10 16:49:47.151498+00:00,2026-09-10 16:49:47.180341+00:00,2026-09-10 16:49:47.121390+00:00,2026-09-10 16:49:47.124355+00:00,2026-09-10 16:49:47.121757+00:00,2026-09-10 16:49:47.124384+00:00,2026-09-10 16:49:47.124790+00:00,,,,,0.367,2.627,2.598,0.406,26.708,28.843,58.951,CONFIRMED
M02,56610,2026-09-10 16:49:48.155655+00:00,2026-09-10 16:49:48.179641+00:00,2026-09-10 16:49:48.129498+00:00,2026-09-10 16:49:48.131342+00:00,2026-09-10 16:49:48.129892+00:00,2026-09-10 16:49:48.131427+00:00,2026-09-10 16:49:48.132540+00:00,,,,,0.39399999999999996,1.535,1.45,1.113,23.115,23.986,50.143,CONFIRMED
M02,56611,2026-09-10 16:49:49.158439+00:00,2026-09-10 16:49:49.184854+00:00,2026-09-10 16:49:49.135336+00:00,2026-09-10 16:49:49.137244+00:00,2026-09-10 16:49:49.135750+00:00,2026-09-10 16:49:49.137245+00:00,2026-09-10 16:49:49.138133+00:00,,,,,0.414,1.495,1.494,0.888,20.306,26.415000000000003,49.518,CONFIRMED
M02,56612,2026-09-10 16:49:50.165770+00:00,2026-09-10 16:49:50.203021+00:00,2026-09-10 16:49:50.141300+00:00,2026-09-10 16:49:50.142501+00:00,2026-09-10 16:49:50.141501+00:00,2026-09-10 16:49:50.142188+00:00,2026-09-10 16:49:50.142612+00:00,,,,,0.201,0.687,1.0,0.424,23.158,37.251,61.721,CONFIRMED
M02,56613,2026-09-10 16:49:51.168898+00:00,2026-09-10 16:49:51.194625+00:00,2026-09-10 16:49:51.145930+00:00,2026-09-10 16:49:51.148426+00:00,2026-09-10 16:49:51.146308+00:00,2026-09-10 16:49:51.148262+00:00,2026-09-10 16:49:51.148887+00:00,,,,,0.378,1.954,2.118,0.625,20.011000000000003,25.727,48.695,CONFIRMED
M02,56614,2026-09-10 16:49:52.178350+00:00,2026-09-10 16:49:52.206320+00:00,2026-09-10 16:49:52.155526+00:00,2026-09-10 16:49:52.156817+00:00,2026-09-10 16:49:52.155952+00:00,2026-09-10 16:49:52.157242+00:00,2026-09-10 16:49:52.157582+00:00,,,,,0.426,1.2899999999999998,0.865,0.34,20.767999999999997,27.97,50.794,CONFIRMED
M02,56615,2026-09-10 16:49:53.183118+00:00,2026-09-10 16:49:53.211431+00:00,2026-09-10 16:49:53.162825+00:00,2026-09-10 16:49:53.165861+00:00,2026-09-10 16:49:53.163304+00:00,2026-09-10 16:49:53.166086+00:00,2026-09-10 16:49:53.166740+00:00,,,,,0.479,2.782,2.557,0.6539999999999999,16.378,28.313000000000002,48.606,CONFIRMED
M02,56616,2026-09-10 16:49:54.194280+00:00,2026-09-10 16:49:54.219314+00:00,2026-09-10 16:49:54.172851+00:00,2026-09-10 16:49:54.173776+00:00,2026-09-10 16:49:54.173129+00:00,2026-09-10 16:49:54.173856+00:00,2026-09-10 16:49:54.174391+00:00,,,,,0.27799999999999997,0.727,0.647,0.535,19.889,25.034,46.462999999999994,CONFIRMED
M02,56617,2026-09-10 16:49:55.200116+00:00,2026-09-10 16:49:55.225890+00:00,2026-09-10 16:49:55.177051+00:00,2026-09-10 16:49:55.179399+00:00,2026-09-10 16:49:55.177515+00:00,2026-09-10 16:49:55.179719+00:00,2026-09-10 16:49:55.180265+00:00,,,,,0.464,2.2039999999999997,1.8840000000000001,0.546,19.851,25.773999999999997,48.839,CONFIRMED
M02,56618,2026-09-10 16:49:56.205799+00:00,2026-09-10 16:49:56.230276+00:00,2026-09-10 16:49:56.185236+00:00,2026-09-10 16:49:56.187592+00:00,2026-09-10 16:49:56.185634+00:00,2026-09-10 16:49:56.188012+00:00,2026-09-10 16:49:56.188632+00:00,,,,,0.398,2.378,1.9580000000000002,0.62,17.167,24.477,45.04,CONFIRMED
M02,56619,2026-09-10 16:49:57.221663+00:00,2026-09-10 16:49:57.247650+00:00,2026-09-10 16:49:57.191819+00:00,2026-09-10 16:49:57.192465+00:00,2026-09-10 16:49:57.191968+00:00,2026-09-10 16:49:57.192603+00:00,2026-09-10 16:49:57.192923+00:00,,,,,0.149,0.635,0.49700000000000005,0.32,28.740000000000002,25.987,55.830999999999996,CONFIRMED
M02,56620,2026-09-10 16:49:58.221076+00:00,2026-09-10 16:49:58.245663+00:00,2026-09-10 16:49:58.195942+00:00,2026-09-10 16:49:58.198532+00:00,2026-09-10 16:49:58.196334+00:00,2026-09-10 16:49:58.198471+00:00,2026-09-10 16:49:58.199283+00:00,,,,,0.392,2.137,2.198,0.812,21.793,24.587,49.721000000000004,CONFIRMED
M02,56621,2026-09-10 16:49:59.231342+00:00,2026-09-10 16:49:59.259161+00:00,2026-09-10 16:49:59.204228+00:00,2026-09-10 16:49:59.205061+00:00,2026-09-10 16:49:59.204420+00:00,2026-09-10 16:49:59.205094+00:00,2026-09-10 16:49:59.205561+00:00,,,,,0.192,0.674,0.641,0.467,25.781,27.819,54.933,CONFIRMED
M02,56622,2026-09-10 16:50:00.233567+00:00,2026-09-10 16:50:00.265437+00:00,2026-09-10 16:50:00.213249+00:00,2026-09-10 16:50:00.232611+00:00,2026-09-10 16:50:00.213603+00:00,2026-09-10 16:50:00.214828+00:00,2026-09-10 16:50:00.215463+00:00,,,,,0.354,1.2249999999999999,19.008,0.635,18.104,31.87,52.187999999999995,CONFIRMED
M02,56623,2026-09-10 16:50:01.257409+00:00,2026-09-10 16:50:01.283243+00:00,2026-09-10 16:50:01.236687+00:00,2026-09-10 16:50:01.246426+00:00,2026-09-10 16:50:01.236957+00:00,2026-09-10 16:50:01.237861+00:00,2026-09-10 16:50:01.238379+00:00,,,,,0.27,0.9039999999999999,9.469,0.518,19.029999999999998,25.834,46.556,CONFIRMED
M02,56624,2026-09-10 16:50:02.281792+00:00,2026-09-10 16:50:02.308427+00:00,2026-09-10 16:50:02.249336+00:00,2026-09-10 16:50:02.258399+00:00,2026-09-10 16:50:02.253658+00:00,2026-09-10 16:50:02.258407+00:00,2026-09-10 16:50:02.259160+00:00,,,,,4.322,4.749,4.7410000000000005,0.753,22.631999999999998,26.634999999999998,59.091,CONFIRMED
M02,56625,2026-09-10 16:50:03.280927+00:00,2026-09-10 16:50:03.309284+00:00,2026-09-10 16:50:03.261094+00:00,2026-09-10 16:50:03.262968+00:00,2026-09-10 16:50:03.261354+00:00,2026-09-10 16:50:03.262569+00:00,2026-09-10 16:50:03.263381+00:00,,,,,0.25999999999999995,1.2149999999999999,1.6139999999999999,0.812,17.546,28.357,48.19,CONFIRMED
M02,56626,2026-09-10 16:50:04.304919+00:00,2026-09-10 16:50:04.332223+00:00,2026-09-10 16:50:04.269499+00:00,2026-09-10 16:50:04.271116+00:00,2026-09-10 16:50:04.269905+00:00,2026-09-10 16:50:04.271350+00:00,2026-09-10 16:50:04.272174+00:00,,,,,0.406,1.445,1.211,0.824,32.745000000000005,27.304,62.724000000000004,CONFIRMED
M02,56627,2026-09-10 16:50:05.332865+00:00,2026-09-10 16:50:05.357252+00:00,2026-09-10 16:50:05.305537+00:00,2026-09-10 16:50:05.307634+00:00,2026-09-10 16:50:05.305877+00:00,2026-09-10 16:50:05.308376+00:00,2026-09-10 16:50:05.309045+00:00,,,,,0.34,2.499,1.7570000000000001,0.669,23.82,24.387,51.714999999999996,CONFIRMED
M02,56628,2026-09-10 16:50:06.332930+00:00,2026-09-10 16:50:06.356765+00:00,2026-09-10 16:50:06.311869+00:00,2026-09-10 16:50:06.313834+00:00,2026-09-10 16:50:06.312230+00:00,2026-09-10 16:50:06.312965+00:00,2026-09-10 16:50:06.313335+00:00,,,,,0.361,0.735,1.6039999999999999,0.37,19.595000000000002,23.834999999999997,44.896,CONFIRMED
M02,56629,2026-09-10 16:50:07.339063+00:00,2026-09-10 16:50:07.368774+00:00,2026-09-10 16:50:07.317242+00:00,2026-09-10 16:50:07.320587+00:00,2026-09-10 16:50:07.317430+00:00,2026-09-10 16:50:07.318033+00:00,2026-09-10 16:50:07.318414+00:00,,,,,0.188,0.603,3.157,0.381,20.649,29.711000000000002,51.532000000000004,CONFIRMED
M02,56630,2026-09-10 16:50:08.347828+00:00,2026-09-10 16:50:08.377813+00:00,2026-09-10 16:50:08.323273+00:00,2026-09-10 16:50:08.324054+00:00,2026-09-10 16:50:08.323435+00:00,2026-09-10 16:50:08.324065+00:00,2026-09-10 16:50:08.324413+00:00,,,,,0.162,0.63,0.619,0.348,23.415,29.985000000000003,54.54,CONFIRMED
M02,56631,2026-09-10 16:50:09.357266+00:00,2026-09-10 16:50:09.383233+00:00,2026-09-10 16:50:09.326919+00:00,2026-09-10 16:50:09.329511+00:00,2026-09-10 16:50:09.327296+00:00,2026-09-10 16:50:09.330480+00:00,2026-09-10 16:50:09.331841+00:00,,,,,0.377,3.184,2.215,1.361,25.425,25.967,56.314,CONFIRMED
M02,56632,2026-09-10 16:50:10.365303+00:00,2026-09-10 16:50:10.392946+00:00,2026-09-10 16:50:10.333273+00:00,2026-09-10 16:50:10.339073+00:00,2026-09-10 16:50:10.337110+00:00,2026-09-10 16:50:10.338302+00:00,2026-09-10 16:50:10.339440+00:00,,,,,3.837,1.192,1.9629999999999999,1.138,25.863,27.643,59.672999999999995,CONFIRMED
M02,56633,2026-09-10 16:50:11.369662+00:00,2026-09-10 16:50:11.395814+00:00,2026-09-10 16:50:11.346347+00:00,2026-09-10 16:50:11.349203+00:00,2026-09-10 16:50:11.346761+00:00,2026-09-10 16:50:11.348671+00:00,2026-09-10 16:50:11.349423+00:00,,,,,0.414,1.91,2.442,0.752,20.239,26.152,49.467,CONFIRMED
M02,56634,2026-09-10 16:50:12.380338+00:00,2026-09-10 16:50:12.412456+00:00,2026-09-10 16:50:12.353990+00:00,2026-09-10 16:50:12.355279+00:00,2026-09-10 16:50:12.354272+00:00,2026-09-10 16:50:12.355327+00:00,2026-09-10 16:50:12.355963+00:00,,,,,0.28200000000000003,1.055,1.0070000000000001,0.636,24.375,32.118,58.465999999999994,CONFIRMED
M02,56635,2026-09-10 16:50:13.382848+00:00,2026-09-10 16:50:13.409547+00:00,2026-09-10 16:50:13.360337+00:00,2026-09-10 16:50:13.361458+00:00,2026-09-10 16:50:13.360642+00:00,2026-09-10 16:50:13.361383+00:00,2026-09-10 16:50:13.361726+00:00,,,,,0.305,0.741,0.816,0.34299999999999997,21.122,26.699,49.209999999999994,CONFIRMED
M02,56636,2026-09-10 16:50:14.394932+00:00,2026-09-10 16:50:14.421349+00:00,2026-09-10 16:50:14.367910+00:00,2026-09-10 16:50:14.369792+00:00,2026-09-10 16:50:14.368288+00:00,2026-09-10 16:50:14.369649+00:00,2026-09-10 16:50:14.370161+00:00,,,,,0.378,1.361,1.504,0.512,24.771,26.416999999999998,53.439,CONFIRMED
M02,56637,2026-09-10 16:50:15.396120+00:00,2026-09-10 16:50:15.423687+00:00,2026-09-10 16:50:15.373229+00:00,2026-09-10 16:50:15.378014+00:00,2026-09-10 16:50:15.373537+00:00,2026-09-10 16:50:15.377939+00:00,2026-09-10 16:50:15.378949+00:00,,,,,0.308,4.401999999999999,4.477,1.01,17.171,27.567,50.458000000000006,CONFIRMED
M02,56638,2026-09-10 16:50:16.406418+00:00,2026-09-10 16:50:16.432683+00:00,2026-09-10 16:50:16.380822+00:00,2026-09-10 16:50:16.381633+00:00,2026-09-10 16:50:16.381013+00:00,2026-09-10 16:50:16.381672+00:00,2026-09-10 16:50:16.382172+00:00,,,,,0.191,0.6589999999999999,0.62,0.5,24.246,26.265,51.861,CONFIRMED
M02,56639,2026-09-10 16:50:17.418658+00:00,2026-09-10 16:50:17.447012+00:00,2026-09-10 16:50:17.384350+00:00,2026-09-10 16:50:17.389751+00:00,2026-09-10 16:50:17.384521+00:00,2026-09-10 16:50:17.388778+00:00,2026-09-10 16:50:17.389266+00:00,,,,,0.171,4.257000000000001,5.23,0.488,29.392000000000003,28.354,62.66199999999999,CONFIRMED
M02,56640,2026-09-10 16:50:18.425114+00:00,2026-09-10 16:50:18.453030+00:00,2026-09-10 16:50:18.397265+00:00,2026-09-10 16:50:18.398246+00:00,2026-09-10 16:50:18.397449+00:00,2026-09-10 16:50:18.399076+00:00,2026-09-10 16:50:18.399496+00:00,,,,,0.184,1.627,0.7969999999999999,0.42000000000000004,25.618,27.916,55.765,CONFIRMED
M02,56641,2026-09-10 16:50:19.434347+00:00,2026-09-10 16:50:19.459092+00:00,2026-09-10 16:50:19.411051+00:00,2026-09-10 16:50:19.413281+00:00,2026-09-10 16:50:19.411303+00:00,2026-09-10 16:50:19.412692+00:00,2026-09-10 16:50:19.413348+00:00,,,,,0.252,1.389,1.9780000000000002,0.656,20.999,24.745,48.041,CONFIRMED
M02,56642,2026-09-10 16:50:20.442600+00:00,2026-09-10 16:50:20.468536+00:00,2026-09-10 16:50:20.418459+00:00,2026-09-10 16:50:20.419917+00:00,2026-09-10 16:50:20.418769+00:00,2026-09-10 16:50:20.419648+00:00,2026-09-10 16:50:20.420180+00:00,,,,,0.31,0.879,1.148,0.532,22.419999999999998,25.936,50.077000000000005,CONFIRMED
M02,56643,2026-09-10 16:50:21.450364+00:00,2026-09-10 16:50:21.475055+00:00,2026-09-10 16:50:21.423944+00:00,2026-09-10 16:50:21.425688+00:00,2026-09-10 16:50:21.424337+00:00,2026-09-10 16:50:21.425455+00:00,2026-09-10 16:50:21.426150+00:00,,,,,0.393,1.118,1.351,0.695,24.214,24.691000000000003,51.111,CONFIRMED
M02,56644,2026-09-10 16:50:22.459810+00:00,2026-09-10 16:50:22.487674+00:00,2026-09-10 16:50:22.439438+00:00,2026-09-10 16:50:22.441635+00:00,2026-09-10 16:50:22.440037+00:00,2026-09-10 16:50:22.441469+00:00,2026-09-10 16:50:22.442257+00:00,,,,,0.599,1.432,1.598,0.7879999999999999,17.553,27.864,48.236000000000004,CONFIRMED
M02,56645,2026-09-10 16:50:23.468612+00:00,2026-09-10 16:50:23.496743+00:00,2026-09-10 16:50:23.445748+00:00,2026-09-10 16:50:23.446539+00:00,2026-09-10 16:50:23.445914+00:00,2026-09-10 16:50:23.446489+00:00,2026-09-10 16:50:23.446901+00:00,,,,,0.166,0.575,0.625,0.412,21.711000000000002,28.131,50.995,CONFIRMED
M02,56646,2026-09-10 16:50:24.475527+00:00,2026-09-10 16:50:24.503908+00:00,2026-09-10 16:50:24.449754+00:00,2026-09-10 16:50:24.450962+00:00,2026-09-10 16:50:24.450018+00:00,2026-09-10 16:50:24.450981+00:00,2026-09-10 16:50:24.451426+00:00,,,,,0.264,0.963,0.944,0.44499999999999995,24.101000000000003,28.381,54.154,CONFIRMED
M02,56647,2026-09-10 16:50:25.472156+00:00,2026-09-10 16:50:25.499976+00:00,2026-09-10 16:50:25.454022+00:00,2026-09-10 16:50:25.457564+00:00,2026-09-10 16:50:25.454262+00:00,2026-09-10 16:50:25.455310+00:00,2026-09-10 16:50:25.455722+00:00,,,,,0.24000000000000002,1.048,3.3019999999999996,0.412,16.434,27.82,45.954,CONFIRMED
M02,56648,2026-09-10 16:50:26.485463+00:00,2026-09-10 16:50:26.516501+00:00,2026-09-10 16:50:26.460818+00:00,2026-09-10 16:50:26.462156+00:00,2026-09-10 16:50:26.461115+00:00,2026-09-10 16:50:26.461838+00:00,2026-09-10 16:50:26.462290+00:00,,,,,0.297,0.723,1.0410000000000001,0.45199999999999996,23.173,31.038,55.683,CONFIRMED
M02,56649,2026-09-10 16:50:27.491109+00:00,2026-09-10 16:50:27.516446+00:00,2026-09-10 16:50:27.465535+00:00,2026-09-10 16:50:27.467556+00:00,2026-09-10 16:50:27.465849+00:00,2026-09-10 16:50:27.467467+00:00,2026-09-10 16:50:27.468500+00:00,,,,,0.314,1.618,1.707,1.0330000000000001,22.609,25.337,50.911,CONFIRMED
M02,56650,2026-09-10 16:50:28.492287+00:00,2026-09-10 16:50:28.518801+00:00,2026-09-10 16:50:28.472296+00:00,2026-09-10 16:50:28.473693+00:00,2026-09-10 16:50:28.472574+00:00,2026-09-10 16:50:28.474107+00:00,2026-09-10 16:50:28.474532+00:00,,,,,0.27799999999999997,1.5330000000000001,1.119,0.425,17.755,26.514,46.504999999999995,CONFIRMED
M02,56651,2026-09-10 16:50:29.503692+00:00,2026-09-10 16:50:29.532653+00:00,2026-09-10 16:50:29.477449+00:00,2026-09-10 16:50:29.478622+00:00,2026-09-10 16:50:29.477725+00:00,2026-09-10 16:50:29.481237+00:00,2026-09-10 16:50:29.481611+00:00,,,,,0.27599999999999997,3.512,0.897,0.374,22.081,28.961000000000002,55.204,CONFIRMED
M02,56652,2026-09-10 16:50:30.513465+00:00,2026-09-10 16:50:30.545289+00:00,2026-09-10 16:50:30.482922+00:00,2026-09-10 16:50:30.483931+00:00,2026-09-10 16:50:30.483117+00:00,2026-09-10 16:50:30.483779+00:00,2026-09-10 16:50:30.484160+00:00,,,,,0.195,0.662,0.8140000000000001,0.381,29.305,31.823999999999998,62.367,CONFIRMED
M02,56653,2026-09-10 16:50:31.528930+00:00,2026-09-10 16:50:31.561811+00:00,2026-09-10 16:50:31.502040+00:00,2026-09-10 16:50:31.507483+00:00,2026-09-10 16:50:31.502191+00:00,2026-09-10 16:50:31.502968+00:00,2026-09-10 16:50:31.503334+00:00,,,,,0.15100000000000002,0.777,5.292,0.366,25.596,32.881,59.771,CONFIRMED
M02,56654,2026-09-10 16:50:32.545972+00:00,2026-09-10 16:50:32.575118+00:00,2026-09-10 16:50:32.520729+00:00,2026-09-10 16:50:32.529456+00:00,2026-09-10 16:50:32.521084+00:00,2026-09-10 16:50:32.522107+00:00,2026-09-10 16:50:32.522443+00:00,,,,,0.355,1.0230000000000001,8.372,0.33599999999999997,23.529,29.145999999999997,54.389,CONFIRMED
M02,56655,2026-09-10 16:50:33.551691+00:00,2026-09-10 16:50:33.580934+00:00,2026-09-10 16:50:33.533135+00:00,2026-09-10 16:50:33.534449+00:00,2026-09-10 16:50:33.533323+00:00,2026-09-10 16:50:33.534197+00:00,2026-09-10 16:50:33.534553+00:00,,,,,0.188,0.874,1.1260000000000001,0.356,17.138,29.243000000000002,47.799,CONFIRMED
