machine,sequence,BLOCKCHAIN_SUBMITTED,CONFIRMED,CREATED,MQTT_ACKNOWLEDGED,MQTT_SUBMITTED,RECEIVED,VALIDATED,MQTT_FAILED,SECURITY_REJECTED,BLOCKCHAIN_REJECTED,BLOCKCHAIN_FAILED,latency_creation_mqtt_ms,latency_mqtt_ms,latency_mqtt_ack_ms,latency_validation_ms,latency_edge_ms,latency_blockchain_ms,latency_total_ms,final_status
M01,59024,2026-09-10 17:11:22.788313+00:00,2026-09-10 17:11:22.819140+00:00,2026-09-10 17:11:22.748276+00:00,2026-09-10 17:11:22.749150+00:00,2026-09-10 17:11:22.748446+00:00,2026-09-10 17:11:22.749560+00:00,2026-09-10 17:11:22.750856+00:00,,,,,0.17,1.1139999999999999,0.704,1.296,37.457,30.827,70.86399999999999,CONFIRMED
M01,59025,2026-09-10 17:11:22.844467+00:00,2026-09-10 17:11:22.874461+00:00,2026-09-10 17:11:22.802643+00:00,2026-09-10 17:11:22.806023+00:00,2026-09-10 17:11:22.802806+00:00,2026-09-10 17:11:22.819753+00:00,2026-09-10 17:11:22.820119+00:00,,,,,0.163,16.947,3.2169999999999996,0.366,24.348000000000003,29.994,71.81800000000001,CONFIRMED
M01,59026,2026-09-10 17:11:22.895600+00:00,2026-09-10 17:11:22.924889+00:00,2026-09-10 17:11:22.859220+00:00,2026-09-10 17:11:22.860148+00:00,2026-09-10 17:11:22.859365+00:00,2026-09-10 17:11:22.874834+00:00,2026-09-10 17:11:22.875244+00:00,,,,,0.145,15.469,0.7829999999999999,0.41,20.355999999999998,29.288999999999998,65.66900000000001,CONFIRMED
M01,59027,2026-09-10 17:11:22.948012+00:00,2026-09-10 17:11:22.978395+00:00,2026-09-10 17:11:22.911954+00:00,2026-09-10 17:11:22.915269+00:00,2026-09-10 17:11:22.912078+00:00,2026-09-10 17:11:22.925449+00:00,2026-09-10 17:11:22.925810+00:00,,,,,0.124,13.370999999999999,3.191,0.361,22.201999999999998,30.383,66.441,CONFIRMED
M01,59028,2026-09-10 17:11:22.996440+00:00,2026-09-10 17:11:23.024236+00:00,2026-09-10 17:11:22.969824+00:00,2026-09-10 17:11:22.970614+00:00,2026-09-10 17:11:22.969953+00:00,2026-09-10 17:11:22.978812+00:00,2026-09-10 17:11:22.979051+00:00,,,,,0.129,8.859,0.661,0.23900000000000002,17.389000000000003,27.796000000000003,54.412,CONFIRMED
M01,59029,2026-09-10 17:11:23.052579+00:00,2026-09-10 17:11:23.094912+00:00,2026-09-10 17:11:23.024045+00:00,2026-09-10 17:11:23.024749+00:00,2026-09-10 17:11:23.024166+00:00,2026-09-10 17:11:23.024870+00:00,2026-09-10 17:11:23.025229+00:00,,,,,0.121,0.704,0.583,0.359,27.349999999999998,42.333000000000006,70.867,CONFIRMED
M01,59030,2026-09-10 17:11:23.115646+00:00,2026-09-10 17:11:23.145766+00:00,2026-09-10 17:11:23.081007+00:00,2026-09-10 17:11:23.081635+00:00,2026-09-10 17:11:23.081178+00:00,2026-09-10 17:11:23.095280+00:00,2026-09-10 17:11:23.095522+00:00,,,,,0.171,14.102,0.457,0.242,20.124,30.12,64.759,CONFIRMED
M01,59031,2026-09-10 17:11:23.168124+00:00,2026-09-10 17:11:23.193428+00:00,2026-09-10 17:11:23.133167+00:00,2026-09-10 17:11:23.135989+00:00,2026-09-10 17:11:23.133315+00:00,2026-09-10 17:11:23.146275+00:00,2026-09-10 17:11:23.146668+00:00,,,,,0.148,12.959999999999999,2.6740000000000004,0.393,21.456,25.304,60.261,CONFIRMED
M01,59032,2026-09-10 17:11:23.210333+00:00,2026-09-10 17:11:23.238803+00:00,2026-09-10 17:11:23.187639+00:00,2026-09-10 17:11:23.188820+00:00,2026-09-10 17:11:23.187831+00:00,2026-09-10 17:11:23.193877+00:00,2026-09-10 17:11:23.194178+00:00,,,,,0.192,6.046,0.9890000000000001,0.301,16.154999999999998,28.47,51.164,CONFIRMED
M01,59033,2026-09-10 17:11:23.259829+00:00,2026-09-10 17:11:23.290864+00:00,2026-09-10 17:11:23.240114+00:00,2026-09-10 17:11:23.240952+00:00,2026-09-10 17:11:23.240196+00:00,2026-09-10 17:11:23.240907+00:00,2026-09-10 17:11:23.241217+00:00,,,,,0.082,0.7110000000000001,0.756,0.31,18.612,31.035,50.75,CONFIRMED
M01,59034,2026-09-10 17:11:23.320701+00:00,2026-09-10 17:11:23.347857+00:00,2026-09-10 17:11:23.297666+00:00,2026-09-10 17:11:23.298347+00:00,2026-09-10 17:11:23.297772+00:00,2026-09-10 17:11:23.298339+00:00,2026-09-10 17:11:23.298714+00:00,,,,,0.106,0.5670000000000001,0.575,0.375,21.987,27.156,50.191,CONFIRMED
M01,59035,2026-09-10 17:11:23.373960+00:00,2026-09-10 17:11:23.401315+00:00,2026-09-10 17:11:23.353147+00:00,2026-09-10 17:11:23.354391+00:00,2026-09-10 17:11:23.353336+00:00,2026-09-10 17:11:23.354224+00:00,2026-09-10 17:11:23.354530+00:00,,,,,0.189,0.888,1.055,0.306,19.43,27.355,48.168,CONFIRMED
M01,59036,2026-09-10 17:11:23.434561+00:00,2026-09-10 17:11:23.462230+00:00,2026-09-10 17:11:23.413980+00:00,2026-09-10 17:11:23.416113+00:00,2026-09-10 17:11:23.414229+00:00,2026-09-10 17:11:23.414938+00:00,2026-09-10 17:11:23.415379+00:00,,,,,0.24899999999999997,0.709,1.8840000000000001,0.441,19.182000000000002,27.669,48.25,CONFIRMED
M01,59037,2026-09-10 17:11:23.491669+00:00,2026-09-10 17:11:23.519820+00:00,2026-09-10 17:11:23.468625+00:00,2026-09-10 17:11:23.469653+00:00,2026-09-10 17:11:23.468729+00:00,2026-09-10 17:11:23.469675+00:00,2026-09-10 17:11:23.469971+00:00,,,,,0.104,0.9460000000000001,0.924,0.296,21.697999999999997,28.151,51.195,CONFIRMED
M01,59038,2026-09-10 17:11:23.547412+00:00,2026-09-10 17:11:23.580848+00:00,2026-09-10 17:11:23.524170+00:00,2026-09-10 17:11:23.524833+00:00,2026-09-10 17:11:23.524251+00:00,2026-09-10 17:11:23.524900+00:00,2026-09-10 17:11:23.525240+00:00,,,,,0.081,0.6489999999999999,0.5820000000000001,0.34,22.172,33.436,56.678,CONFIRMED
M01,59039,2026-09-10 17:11:23.601004+00:00,2026-09-10 17:11:23.638415+00:00,2026-09-10 17:11:23.576472+00:00,2026-09-10 17:11:23.577327+00:00,2026-09-10 17:11:23.576619+00:00,2026-09-10 17:11:23.581350+00:00,2026-09-10 17:11:23.581789+00:00,,,,,0.147,4.731,0.708,0.439,19.215,37.411,61.943,CONFIRMED
M01,59040,2026-09-10 17:11:23.662038+00:00,2026-09-10 17:11:23.688750+00:00,2026-09-10 17:11:23.630579+00:00,2026-09-10 17:11:23.633836+00:00,2026-09-10 17:11:23.630800+00:00,2026-09-10 17:11:23.638974+00:00,2026-09-10 17:11:23.639332+00:00,,,,,0.221,8.174000000000001,3.036,0.358,22.706,26.712,58.171,CONFIRMED
M01,59041,2026-09-10 17:11:23.707893+00:00,2026-09-10 17:11:23.746518+00:00,2026-09-10 17:11:23.686202+00:00,2026-09-10 17:11:23.687010+00:00,2026-09-10 17:11:23.686324+00:00,2026-09-10 17:11:23.689384+00:00,2026-09-10 17:11:23.689739+00:00,,,,,0.122,3.0599999999999996,0.6859999999999999,0.355,18.154,38.625,60.316,CONFIRMED
M01,59042,2026-09-10 17:11:23.763908+00:00,2026-09-10 17:11:23.793859+00:00,2026-09-10 17:11:23.739405+00:00,2026-09-10 17:11:23.740391+00:00,2026-09-10 17:11:23.739684+00:00,2026-09-10 17:11:23.746939+00:00,2026-09-10 17:11:23.747586+00:00,,,,,0.279,7.255,0.707,0.647,16.322,29.950999999999997,54.454,CONFIRMED
M01,59043,2026-09-10 17:11:23.822211+00:00,2026-09-10 17:11:23.848269+00:00,2026-09-10 17:11:23.795101+00:00,2026-09-10 17:11:23.798435+00:00,2026-09-10 17:11:23.795181+00:00,2026-09-10 17:11:23.795781+00:00,2026-09-10 17:11:23.796306+00:00,,,,,0.08,0.6,3.254,0.525,25.905,26.058,53.168,CONFIRMED
M01,59044,2026-09-10 17:11:23.872212+00:00,2026-09-10 17:11:23.902616+00:00,2026-09-10 17:11:23.850171+00:00,2026-09-10 17:11:23.850734+00:00,2026-09-10 17:11:23.850292+00:00,2026-09-10 17:11:23.850717+00:00,2026-09-10 17:11:23.850990+00:00,,,,,0.121,0.425,0.442,0.273,21.222,30.404,52.445,CONFIRMED
M01,59045,2026-09-10 17:11:23.925363+00:00,2026-09-10 17:11:23.956172+00:00,2026-09-10 17:11:23.905309+00:00,2026-09-10 17:11:23.906447+00:00,2026-09-10 17:11:23.905544+00:00,2026-09-10 17:11:23.906495+00:00,2026-09-10 17:11:23.906971+00:00,,,,,0.235,0.9510000000000001,0.903,0.47600000000000003,18.392,30.809,50.863,CONFIRMED
M01,59046,2026-09-10 17:11:23.982399+00:00,2026-09-10 17:11:24.009134+00:00,2026-09-10 17:11:23.959146+00:00,2026-09-10 17:11:23.960229+00:00,2026-09-10 17:11:23.959411+00:00,2026-09-10 17:11:23.960395+00:00,2026-09-10 17:11:23.960929+00:00,,,,,0.265,0.9840000000000001,0.8180000000000001,0.5339999999999999,21.47,26.735,49.988,CONFIRMED
M01,59047,2026-09-10 17:11:24.040296+00:00,2026-09-10 17:11:24.068258+00:00,2026-09-10 17:11:24.013043+00:00,2026-09-10 17:11:24.017367+00:00,2026-09-10 17:11:24.013146+00:00,2026-09-10 17:11:24.017143+00:00,2026-09-10 17:11:24.017470+00:00,,,,,0.103,3.997,4.221,0.32699999999999996,22.826,27.962,55.215,CONFIRMED
M01,59048,2026-09-10 17:11:24.088312+00:00,2026-09-10 17:11:24.116522+00:00,2026-09-10 17:11:24.069750+00:00,2026-09-10 17:11:24.070354+00:00,2026-09-10 17:11:24.069849+00:00,2026-09-10 17:11:24.070425+00:00,2026-09-10 17:11:24.070806+00:00,,,,,0.09899999999999999,0.5760000000000001,0.505,0.381,17.506,28.209999999999997,46.772,CONFIRMED
M01,59049,2026-09-10 17:11:24.138661+00:00,2026-09-10 17:11:24.165452+00:00,2026-09-10 17:11:24.122270+00:00,2026-09-10 17:11:24.122966+00:00,2026-09-10 17:11:24.122381+00:00,2026-09-10 17:11:24.122905+00:00,2026-09-10 17:11:24.123172+00:00,,,,,0.111,0.524,0.585,0.26699999999999996,15.488999999999999,26.791,43.181999999999995,CONFIRMED
M01,59050,2026-09-10 17:11:24.202513+00:00,2026-09-10 17:11:24.233601+00:00,2026-09-10 17:11:24.175775+00:00,2026-09-10 17:11:24.176772+00:00,2026-09-10 17:11:24.176006+00:00,2026-09-10 17:11:24.176628+00:00,2026-09-10 17:11:24.176936+00:00,,,,,0.231,0.622,0.766,0.308,25.576999999999998,31.088,57.826,CONFIRMED
M01,59051,2026-09-10 17:11:24.253679+00:00,2026-09-10 17:11:24.282643+00:00,2026-09-10 17:11:24.231394+00:00,2026-09-10 17:11:24.232165+00:00,2026-09-10 17:11:24.231562+00:00,2026-09-10 17:11:24.234099+00:00,2026-09-10 17:11:24.234419+00:00,,,,,0.16799999999999998,2.5370000000000004,0.603,0.32,19.259999999999998,28.964,51.249,CONFIRMED
M01,59052,2026-09-10 17:11:24.304345+00:00,2026-09-10 17:11:24.330453+00:00,2026-09-10 17:11:24.283524+00:00,2026-09-10 17:11:24.290140+00:00,2026-09-10 17:11:24.283617+00:00,2026-09-10 17:11:24.286521+00:00,2026-09-10 17:11:24.286877+00:00,,,,,0.093,2.904,6.523000000000001,0.356,17.468,26.108,46.929,CONFIRMED
M01,59053,2026-09-10 17:11:24.363654+00:00,2026-09-10 17:11:24.401752+00:00,2026-09-10 17:11:24.341897+00:00,2026-09-10 17:11:24.344427+00:00,2026-09-10 17:11:24.342039+00:00,2026-09-10 17:11:24.342681+00:00,2026-09-10 17:11:24.342964+00:00,,,,,0.14200000000000002,0.642,2.388,0.283,20.69,38.098,59.855,CONFIRMED
M01,59054,2026-09-10 17:11:24.425750+00:00,2026-09-10 17:11:24.454350+00:00,2026-09-10 17:11:24.396862+00:00,2026-09-10 17:11:24.397681+00:00,2026-09-10 17:11:24.397039+00:00,2026-09-10 17:11:24.402275+00:00,2026-09-10 17:11:24.402610+00:00,,,,,0.177,5.236,0.642,0.335,23.14,28.6,57.488,CONFIRMED
M01,59055,2026-09-10 17:11:24.473868+00:00,2026-09-10 17:11:24.500685+00:00,2026-09-10 17:11:24.450745+00:00,2026-09-10 17:11:24.454686+00:00,2026-09-10 17:11:24.450943+00:00,2026-09-10 17:11:24.454774+00:00,2026-09-10 17:11:24.455086+00:00,,,,,0.19799999999999998,3.8310000000000004,3.743,0.312,18.782,26.817,49.94,CONFIRMED
M01,59056,2026-09-10 17:11:24.530649+00:00,2026-09-10 17:11:24.558307+00:00,2026-09-10 17:11:24.506825+00:00,2026-09-10 17:11:24.507810+00:00,2026-09-10 17:11:24.506964+00:00,2026-09-10 17:11:24.507840+00:00,2026-09-10 17:11:24.508410+00:00,,,,,0.13899999999999998,0.876,0.846,0.57,22.238999999999997,27.657999999999998,51.482,CONFIRMED
M01,59057,2026-09-10 17:11:24.587117+00:00,2026-09-10 17:11:24.614882+00:00,2026-09-10 17:11:24.560862+00:00,2026-09-10 17:11:24.561459+00:00,2026-09-10 17:11:24.560989+00:00,2026-09-10 17:11:24.561964+00:00,2026-09-10 17:11:24.562414+00:00,,,,,0.127,0.975,0.47,0.45,24.703,27.765,54.019999999999996,CONFIRMED
M01,59058,2026-09-10 17:11:24.631791+00:00,2026-09-10 17:11:24.759640+00:00,2026-09-10 17:11:24.612995+00:00,2026-09-10 17:11:24.613650+00:00,2026-09-10 17:11:24.613085+00:00,2026-09-10 17:11:24.615542+00:00,2026-09-10 17:11:24.615898+00:00,,,,,0.09000000000000001,2.457,0.565,0.356,15.893,127.84899999999999,146.645,CONFIRMED
M01,59059,2026-09-10 17:11:24.785596+00:00,2026-09-10 17:11:24.825156+00:00,2026-09-10 17:11:24.682550+00:00,2026-09-10 17:11:24.686528+00:00,2026-09-10 17:11:24.682755+00:00,2026-09-10 17:11:24.760775+00:00,2026-09-10 17:11:24.761071+00:00,,,,,0.205,78.02000000000001,3.7729999999999997,0.296,24.525000000000002,39.559999999999995,142.60600000000002,CONFIRMED
M01,59060,2026-09-10 17:11:24.844545+00:00,2026-09-10 17:11:24.870723+00:00,2026-09-10 17:11:24.809877+00:00,2026-09-10 17:11:24.814520+00:00,2026-09-10 17:11:24.810084+00:00,2026-09-10 17:11:24.825690+00:00,2026-09-10 17:11:24.826053+00:00,,,,,0.207,15.606,4.436,0.363,18.492,26.178,60.846,CONFIRMED
M01,59061,2026-09-10 17:11:24.890987+00:00,2026-09-10 17:11:24.919146+00:00,2026-09-10 17:11:24.866500+00:00,2026-09-10 17:11:24.867723+00:00,2026-09-10 17:11:24.866695+00:00,2026-09-10 17:11:24.871138+00:00,2026-09-10 17:11:24.871403+00:00,,,,,0.195,4.443,1.028,0.265,19.584,28.159,52.646,CONFIRMED
M01,59062,2026-09-10 17:11:24.945551+00:00,2026-09-10 17:11:24.973565+00:00,2026-09-10 17:11:24.919530+00:00,2026-09-10 17:11:24.920502+00:00,2026-09-10 17:11:24.919790+00:00,2026-09-10 17:11:24.920464+00:00,2026-09-10 17:11:24.920879+00:00,,,,,0.25999999999999995,0.674,0.712,0.415,24.672,28.014,54.035,CONFIRMED
M01,59063,2026-09-10 17:11:24.992429+00:00,2026-09-10 17:11:25.022280+00:00,2026-09-10 17:11:24.972510+00:00,2026-09-10 17:11:24.973690+00:00,2026-09-10 17:11:24.972646+00:00,2026-09-10 17:11:24.973930+00:00,2026-09-10 17:11:24.974232+00:00,,,,,0.136,1.284,1.044,0.30200000000000005,18.197000000000003,29.851,49.77,CONFIRMED
M01,59064,2026-09-10 17:11:25.044029+00:00,2026-09-10 17:11:25.069914+00:00,2026-09-10 17:11:25.026844+00:00,2026-09-10 17:11:25.027721+00:00,2026-09-10 17:11:25.026971+00:00,2026-09-10 17:11:25.027465+00:00,2026-09-10 17:11:25.027779+00:00,,,,,0.127,0.494,0.75,0.314,16.25,25.884999999999998,43.07,CONFIRMED
M01,59065,2026-09-10 17:11:25.106207+00:00,2026-09-10 17:11:25.139261+00:00,2026-09-10 17:11:25.079504+00:00,2026-09-10 17:11:25.080374+00:00,2026-09-10 17:11:25.079607+00:00,2026-09-10 17:11:25.080317+00:00,2026-09-10 17:11:25.080677+00:00,,,,,0.103,0.71,0.767,0.36000000000000004,25.53,33.054,59.757,CONFIRMED
M01,59066,2026-09-10 17:11:25.162447+00:00,2026-09-10 17:11:25.191006+00:00,2026-09-10 17:11:25.133583+00:00,2026-09-10 17:11:25.136305+00:00,2026-09-10 17:11:25.133768+00:00,2026-09-10 17:11:25.139645+00:00,2026-09-10 17:11:25.139997+00:00,,,,,0.185,5.877000000000001,2.5370000000000004,0.352,22.450000000000003,28.559,57.423,CONFIRMED
M01,59067,2026-09-10 17:11:25.219556+00:00,2026-09-10 17:11:25.246897+00:00,2026-09-10 17:11:25.188207+00:00,2026-09-10 17:11:25.188960+00:00,2026-09-10 17:11:25.188315+00:00,2026-09-10 17:11:25.191379+00:00,2026-09-10 17:11:25.191869+00:00,,,,,0.108,3.064,0.6449999999999999,0.49,27.687,27.341,58.69,CONFIRMED
M01,59068,2026-09-10 17:11:25.273753+00:00,2026-09-10 17:11:25.307304+00:00,2026-09-10 17:11:25.241457+00:00,2026-09-10 17:11:25.244940+00:00,2026-09-10 17:11:25.241613+00:00,2026-09-10 17:11:25.247406+00:00,2026-09-10 17:11:25.247799+00:00,,,,,0.156,5.793,3.327,0.393,25.954,33.550999999999995,65.84700000000001,CONFIRMED
M01,59069,2026-09-10 17:11:25.325207+00:00,2026-09-10 17:11:25.351109+00:00,2026-09-10 17:11:25.298061+00:00,2026-09-10 17:11:25.301057+00:00,2026-09-10 17:11:25.298316+00:00,2026-09-10 17:11:25.307666+00:00,2026-09-10 17:11:25.307900+00:00,,,,,0.255,9.350000000000001,2.741,0.23399999999999999,17.307,25.902,53.047999999999995,CONFIRMED
M01,59070,2026-09-10 17:11:25.372833+00:00,2026-09-10 17:11:25.403318+00:00,2026-09-10 17:11:25.352952+00:00,2026-09-10 17:11:25.353474+00:00,2026-09-10 17:11:25.353036+00:00,2026-09-10 17:11:25.353477+00:00,2026-09-10 17:11:25.353770+00:00,,,,,0.08399999999999999,0.441,0.438,0.29300000000000004,19.063,30.485000000000003,50.366,CONFIRMED
M01,59071,2026-09-10 17:11:25.430367+00:00,2026-09-10 17:11:25.456998+00:00,2026-09-10 17:11:25.405326+00:00,2026-09-10 17:11:25.407898+00:00,2026-09-10 17:11:25.405423+00:00,2026-09-10 17:11:25.406244+00:00,2026-09-10 17:11:25.406572+00:00,,,,,0.097,0.821,2.475,0.328,23.795,26.630999999999997,51.672000000000004,CONFIRMED
M01,59072,2026-09-10 17:11:25.485571+00:00,2026-09-10 17:11:25.513091+00:00,2026-09-10 17:11:25.459763+00:00,2026-09-10 17:11:25.460597+00:00,2026-09-10 17:11:25.459913+00:00,2026-09-10 17:11:25.460611+00:00,2026-09-10 17:11:25.460967+00:00,,,,,0.15,0.6980000000000001,0.684,0.356,24.604,27.52,53.328,CONFIRMED
M01,59073,2026-09-10 17:11:25.544433+00:00,2026-09-10 17:11:25.574537+00:00,2026-09-10 17:11:25.518111+00:00,2026-09-10 17:11:25.519112+00:00,2026-09-10 17:11:25.518226+00:00,2026-09-10 17:11:25.518865+00:00,2026-09-10 17:11:25.519245+00:00,,,,,0.115,0.639,0.886,0.38,25.188,30.104,56.425999999999995,CONFIRMED
M01,59074,2026-09-10 17:11:25.600575+00:00,2026-09-10 17:11:25.625912+00:00,2026-09-10 17:11:25.570902+00:00,2026-09-10 17:11:25.572711+00:00,2026-09-10 17:11:25.571074+00:00,2026-09-10 17:11:25.575179+00:00,2026-09-10 17:11:25.575598+00:00,,,,,0.17200000000000001,4.105,1.637,0.419,24.977,25.337,55.010000000000005,CONFIRMED
M01,59075,2026-09-10 17:11:25.646517+00:00,2026-09-10 17:11:25.676048+00:00,2026-09-10 17:11:25.624440+00:00,2026-09-10 17:11:25.625088+00:00,2026-09-10 17:11:25.624568+00:00,2026-09-10 17:11:25.626529+00:00,2026-09-10 17:11:25.626934+00:00,,,,,0.128,1.961,0.5199999999999999,0.40499999999999997,19.583,29.531000000000002,51.608000000000004,CONFIRMED
M01,59076,2026-09-10 17:11:25.697195+00:00,2026-09-10 17:11:25.725601+00:00,2026-09-10 17:11:25.676912+00:00,2026-09-10 17:11:25.677601+00:00,2026-09-10 17:11:25.677007+00:00,2026-09-10 17:11:25.677583+00:00,2026-09-10 17:11:25.678776+00:00,,,,,0.095,0.5760000000000001,0.594,1.193,18.419,28.406000000000002,48.689,CONFIRMED
M01,59077,2026-09-10 17:11:25.750985+00:00,2026-09-10 17:11:25.781834+00:00,2026-09-10 17:11:25.731157+00:00,2026-09-10 17:11:25.731840+00:00,2026-09-10 17:11:25.731303+00:00,2026-09-10 17:11:25.731875+00:00,2026-09-10 17:11:25.732259+00:00,,,,,0.146,0.5720000000000001,0.537,0.384,18.726,30.849,50.677,CONFIRMED
M01,59078,2026-09-10 17:11:25.812335+00:00,2026-09-10 17:11:25.847929+00:00,2026-09-10 17:11:25.787118+00:00,2026-09-10 17:11:25.788046+00:00,2026-09-10 17:11:25.787242+00:00,2026-09-10 17:11:25.787991+00:00,2026-09-10 17:11:25.788313+00:00,,,,,0.124,0.749,0.804,0.322,24.022000000000002,35.594,60.811,CONFIRMED
M01,59079,2026-09-10 17:11:25.868938+00:00,2026-09-10 17:11:25.895804+00:00,2026-09-10 17:11:25.840372+00:00,2026-09-10 17:11:25.841231+00:00,2026-09-10 17:11:25.840536+00:00,2026-09-10 17:11:25.848416+00:00,2026-09-10 17:11:25.848760+00:00,,,,,0.164,7.88,0.695,0.34400000000000003,20.178,26.866,55.432,CONFIRMED
M01,59080,2026-09-10 17:11:25.914087+00:00,2026-09-10 17:11:25.945062+00:00,2026-09-10 17:11:25.892921+00:00,2026-09-10 17:11:25.894574+00:00,2026-09-10 17:11:25.893087+00:00,2026-09-10 17:11:25.896191+00:00,2026-09-10 17:11:25.896501+00:00,,,,,0.166,3.104,1.487,0.31,17.586000000000002,30.974999999999998,52.141,CONFIRMED
M01,59081,2026-09-10 17:11:25.967925+00:00,2026-09-10 17:11:26.000277+00:00,2026-09-10 17:11:25.947155+00:00,2026-09-10 17:11:25.948349+00:00,2026-09-10 17:11:25.947283+00:00,2026-09-10 17:11:25.947877+00:00,2026-09-10 17:11:25.948242+00:00,,,,,0.128,0.594,1.066,0.365,19.683,32.352,53.122,CONFIRMED
M01,59082,2026-09-10 17:11:26.018753+00:00,2026-09-10 17:11:26.044436+00:00,2026-09-10 17:11:26.000838+00:00,2026-09-10 17:11:26.001926+00:00,2026-09-10 17:11:26.000927+00:00,2026-09-10 17:11:26.001890+00:00,2026-09-10 17:11:26.002142+00:00,,,,,0.089,0.963,0.9990000000000001,0.252,16.611,25.683,43.598,CONFIRMED
M01,59083,2026-09-10 17:11:26.074325+00:00,2026-09-10 17:11:26.106425+00:00,2026-09-10 17:11:26.053613+00:00,2026-09-10 17:11:26.058982+00:00,2026-09-10 17:11:26.053757+00:00,2026-09-10 17:11:26.054384+00:00,2026-09-10 17:11:26.054755+00:00,,,,,0.14400000000000002,0.627,5.225,0.371,19.57,32.099999999999994,52.812,CONFIRMED
M01,59084,2026-09-10 17:11:26.136153+00:00,2026-09-10 17:11:26.160731+00:00,2026-09-10 17:11:26.110659+00:00,2026-09-10 17:11:26.111526+00:00,2026-09-10 17:11:26.110781+00:00,2026-09-10 17:11:26.111379+00:00,2026-09-10 17:11:26.111757+00:00,,,,,0.122,0.598,0.745,0.378,24.396,24.578,50.071999999999996,CONFIRMED
M01,59085,2026-09-10 17:11:26.181610+00:00,2026-09-10 17:11:26.211313+00:00,2026-09-10 17:11:26.164439+00:00,2026-09-10 17:11:26.165410+00:00,2026-09-10 17:11:26.164629+00:00,2026-09-10 17:11:26.165439+00:00,2026-09-10 17:11:26.165844+00:00,,,,,0.19,0.8099999999999999,0.781,0.40499999999999997,15.765999999999998,29.703,46.874,CONFIRMED
M01,59086,2026-09-10 17:11:26.239206+00:00,2026-09-10 17:11:26.281159+00:00,2026-09-10 17:11:26.217651+00:00,2026-09-10 17:11:26.218334+00:00,2026-09-10 17:11:26.217787+00:00,2026-09-10 17:11:26.218369+00:00,2026-09-10 17:11:26.219029+00:00,,,,,0.136,0.5820000000000001,0.5469999999999999,0.66,20.177,41.952999999999996,63.507999999999996,CONFIRMED
M01,59087,2026-09-10 17:11:26.305931+00:00,2026-09-10 17:11:26.333264+00:00,2026-09-10 17:11:26.271017+00:00,2026-09-10 17:11:26.272431+00:00,2026-09-10 17:11:26.271265+00:00,2026-09-10 17:11:26.281650+00:00,2026-09-10 17:11:26.282007+00:00,,,,,0.248,10.385,1.166,0.357,23.924,27.333,62.247,CONFIRMED
M01,59088,2026-09-10 17:11:26.349322+00:00,2026-09-10 17:11:26.378907+00:00,2026-09-10 17:11:26.324560+00:00,2026-09-10 17:11:26.325217+00:00,2026-09-10 17:11:26.324682+00:00,2026-09-10 17:11:26.333634+00:00,2026-09-10 17:11:26.333864+00:00,,,,,0.122,8.952,0.535,0.23,15.458,29.585,54.347,CONFIRMED
M01,59089,2026-09-10 17:11:26.398824+00:00,2026-09-10 17:11:26.425651+00:00,2026-09-10 17:11:26.376876+00:00,2026-09-10 17:11:26.377812+00:00,2026-09-10 17:11:26.377045+00:00,2026-09-10 17:11:26.379424+00:00,2026-09-10 17:11:26.379785+00:00,,,,,0.16899999999999998,2.379,0.767,0.361,19.039,26.827,48.775,CONFIRMED
M01,59090,2026-09-10 17:11:26.449945+00:00,2026-09-10 17:11:26.483567+00:00,2026-09-10 17:11:26.430969+00:00,2026-09-10 17:11:26.433874+00:00,2026-09-10 17:11:26.431198+00:00,2026-09-10 17:11:26.432035+00:00,2026-09-10 17:11:26.432525+00:00,,,,,0.229,0.837,2.676,0.49,17.42,33.622,52.598,CONFIRMED
M01,59091,2026-09-10 17:11:26.507019+00:00,2026-09-10 17:11:26.534524+00:00,2026-09-10 17:11:26.485653+00:00,2026-09-10 17:11:26.486134+00:00,2026-09-10 17:11:26.485771+00:00,2026-09-10 17:11:26.486186+00:00,2026-09-10 17:11:26.486565+00:00,,,,,0.118,0.415,0.363,0.379,20.454,27.505000000000003,48.870999999999995,CONFIRMED
M01,59092,2026-09-10 17:11:26.560417+00:00,2026-09-10 17:11:26.591842+00:00,2026-09-10 17:11:26.538166+00:00,2026-09-10 17:11:26.539018+00:00,2026-09-10 17:11:26.538283+00:00,2026-09-10 17:11:26.539039+00:00,2026-09-10 17:11:26.539449+00:00,,,,,0.11699999999999999,0.756,0.735,0.41,20.968,31.425,53.676,CONFIRMED
M01,59093,2026-09-10 17:11:26.625502+00:00,2026-09-10 17:11:26.663974+00:00,2026-09-10 17:11:26.590716+00:00,2026-09-10 17:11:26.593802+00:00,2026-09-10 17:11:26.590860+00:00,2026-09-10 17:11:26.593654+00:00,2026-09-10 17:11:26.594091+00:00,,,,,0.14400000000000002,2.794,2.942,0.437,31.411,38.472,73.25800000000001,CONFIRMED
M01,59094,2026-09-10 17:11:26.683318+00:00,2026-09-10 17:11:26.716535+00:00,2026-09-10 17:11:26.646665+00:00,2026-09-10 17:11:26.647426+00:00,2026-09-10 17:11:26.646857+00:00,2026-09-10 17:11:26.664406+00:00,2026-09-10 17:11:26.664662+00:00,,,,,0.192,17.549,0.569,0.256,18.656,33.217000000000006,69.87,CONFIRMED
M01,59095,2026-09-10 17:11:26.739801+00:00,2026-09-10 17:11:26.774729+00:00,2026-09-10 17:11:26.700056+00:00,2026-09-10 17:11:26.701092+00:00,2026-09-10 17:11:26.700265+00:00,2026-09-10 17:11:26.717173+00:00,2026-09-10 17:11:26.717541+00:00,,,,,0.20900000000000002,16.907999999999998,0.8270000000000001,0.368,22.259999999999998,34.928,74.673,CONFIRMED
M01,59096,2026-09-10 17:11:26.800113+00:00,2026-09-10 17:11:26.828273+00:00,2026-09-10 17:11:26.752929+00:00,2026-09-10 17:11:26.753887+00:00,2026-09-10 17:11:26.753111+00:00,2026-09-10 17:11:26.775154+00:00,2026-09-10 17:11:26.775439+00:00,,,,,0.182,22.043,0.776,0.285,24.674000000000003,28.16,75.344,CONFIRMED
M01,59097,2026-09-10 17:11:26.847144+00:00,2026-09-10 17:11:26.877299+00:00,2026-09-10 17:11:26.808453+00:00,2026-09-10 17:11:26.810812+00:00,2026-09-10 17:11:26.808555+00:00,2026-09-10 17:11:26.828612+00:00,2026-09-10 17:11:26.828858+00:00,,,,,0.102,20.057,2.2569999999999997,0.24600000000000002,18.286,30.155,68.846,CONFIRMED
M01,59098,2026-09-10 17:11:26.898630+00:00,2026-09-10 17:11:26.927358+00:00,2026-09-10 17:11:26.863114+00:00,2026-09-10 17:11:26.867331+00:00,2026-09-10 17:11:26.863580+00:00,2026-09-10 17:11:26.877641+00:00,2026-09-10 17:11:26.877886+00:00,,,,,0.46599999999999997,14.061,3.751,0.245,20.744,28.728,64.244,CONFIRMED
M01,59099,2026-09-10 17:11:26.948982+00:00,2026-09-10 17:11:26.990815+00:00,2026-09-10 17:11:26.919236+00:00,2026-09-10 17:11:26.919916+00:00,2026-09-10 17:11:26.919388+00:00,2026-09-10 17:11:26.928225+00:00,2026-09-10 17:11:26.928533+00:00,,,,,0.152,8.837,0.528,0.308,20.448999999999998,41.833000000000006,71.57900000000001,CONFIRMED
M01,59100,2026-09-10 17:11:27.009696+00:00,2026-09-10 17:11:27.040136+00:00,2026-09-10 17:11:26.973109+00:00,2026-09-10 17:11:26.974235+00:00,2026-09-10 17:11:26.973310+00:00,2026-09-10 17:11:26.991286+00:00,2026-09-10 17:11:26.991535+00:00,,,,,0.201,17.976,0.925,0.24899999999999997,18.161,30.439999999999998,67.027,CONFIRMED
M01,59101,2026-09-10 17:11:27.056126+00:00,2026-09-10 17:11:27.088726+00:00,2026-09-10 17:11:27.026466+00:00,2026-09-10 17:11:27.027247+00:00,2026-09-10 17:11:27.026668+00:00,2026-09-10 17:11:27.040509+00:00,2026-09-10 17:11:27.040769+00:00,,,,,0.202,13.841,0.579,0.25999999999999995,15.357000000000001,32.599999999999994,62.260000000000005,CONFIRMED
M01,59102,2026-09-10 17:11:27.108793+00:00,2026-09-10 17:11:27.139036+00:00,2026-09-10 17:11:27.078928+00:00,2026-09-10 17:11:27.083416+00:00,2026-09-10 17:11:27.079095+00:00,2026-09-10 17:11:27.089086+00:00,2026-09-10 17:11:27.089325+00:00,,,,,0.16699999999999998,9.991,4.321000000000001,0.23900000000000002,19.468,30.243,60.108000000000004,CONFIRMED
M01,59103,2026-09-10 17:11:27.157753+00:00,2026-09-10 17:11:27.195310+00:00,2026-09-10 17:11:27.136054+00:00,2026-09-10 17:11:27.138017+00:00,2026-09-10 17:11:27.136253+00:00,2026-09-10 17:11:27.139429+00:00,2026-09-10 17:11:27.139661+00:00,,,,,0.199,3.176,1.764,0.232,18.092,37.557,59.256,CONFIRMED
M01,59104,2026-09-10 17:11:27.224063+00:00,2026-09-10 17:11:27.259407+00:00,2026-09-10 17:11:27.189599+00:00,2026-09-10 17:11:27.193470+00:00,2026-09-10 17:11:27.189783+00:00,2026-09-10 17:11:27.195777+00:00,2026-09-10 17:11:27.196194+00:00,,,,,0.184,5.994,3.6870000000000003,0.417,27.869,35.344,69.80799999999999,CONFIRMED
M01,59105,2026-09-10 17:11:27.280052+00:00,2026-09-10 17:11:27.314127+00:00,2026-09-10 17:11:27.246405+00:00,2026-09-10 17:11:27.249181+00:00,2026-09-10 17:11:27.246626+00:00,2026-09-10 17:11:27.260368+00:00,2026-09-10 17:11:27.260674+00:00,,,,,0.221,13.742,2.555,0.306,19.378,34.075,67.72200000000001,CONFIRMED
M01,59106,2026-09-10 17:11:27.333232+00:00,2026-09-10 17:11:27.362431+00:00,2026-09-10 17:11:27.302464+00:00,2026-09-10 17:11:27.303086+00:00,2026-09-10 17:11:27.302614+00:00,2026-09-10 17:11:27.314726+00:00,2026-09-10 17:11:27.315114+00:00,,,,,0.15,12.112,0.472,0.388,18.118,29.198999999999998,59.967,CONFIRMED
M01,59107,2026-09-10 17:11:27.380441+00:00,2026-09-10 17:11:27.407312+00:00,2026-09-10 17:11:27.355214+00:00,2026-09-10 17:11:27.356377+00:00,2026-09-10 17:11:27.355378+00:00,2026-09-10 17:11:27.363098+00:00,2026-09-10 17:11:27.363472+00:00,,,,,0.164,7.720000000000001,0.9990000000000001,0.374,16.969,26.871,52.098,CONFIRMED
M01,59108,2026-09-10 17:11:27.427959+00:00,2026-09-10 17:11:27.455780+00:00,2026-09-10 17:11:27.408172+00:00,2026-09-10 17:11:27.408963+00:00,2026-09-10 17:11:27.408299+00:00,2026-09-10 17:11:27.408863+00:00,2026-09-10 17:11:27.409140+00:00,,,,,0.127,0.5640000000000001,0.664,0.277,18.819,27.820999999999998,47.608,CONFIRMED
M01,59109,2026-09-10 17:11:27.481366+00:00,2026-09-10 17:11:27.508150+00:00,2026-09-10 17:11:27.460742+00:00,2026-09-10 17:11:27.462121+00:00,2026-09-10 17:11:27.460901+00:00,2026-09-10 17:11:27.462124+00:00,2026-09-10 17:11:27.462652+00:00,,,,,0.159,1.2229999999999999,1.22,0.528,18.714000000000002,26.784,47.408,CONFIRMED
M01,59110,2026-09-10 17:11:27.533526+00:00,2026-09-10 17:11:27.561394+00:00,2026-09-10 17:11:27.514000+00:00,2026-09-10 17:11:27.514854+00:00,2026-09-10 17:11:27.514103+00:00,2026-09-10 17:11:27.515699+00:00,2026-09-10 17:11:27.516212+00:00,,,,,0.103,1.596,0.751,0.513,17.314,27.868000000000002,47.394,CONFIRMED
M01,59111,2026-09-10 17:11:27.584950+00:00,2026-09-10 17:11:27.611342+00:00,2026-09-10 17:11:27.566371+00:00,2026-09-10 17:11:27.567034+00:00,2026-09-10 17:11:27.566466+00:00,2026-09-10 17:11:27.567000+00:00,2026-09-10 17:11:27.567379+00:00,,,,,0.095,0.5339999999999999,0.5680000000000001,0.379,17.571,26.392,44.971,CONFIRMED
M01,59112,2026-09-10 17:11:27.640512+00:00,2026-09-10 17:11:27.667587+00:00,2026-09-10 17:11:27.618547+00:00,2026-09-10 17:11:27.619363+00:00,2026-09-10 17:11:27.618685+00:00,2026-09-10 17:11:27.620120+00:00,2026-09-10 17:11:27.620755+00:00,,,,,0.13799999999999998,1.435,0.678,0.635,19.757,27.075,49.04,CONFIRMED
M01,59113,2026-09-10 17:11:27.698141+00:00,2026-09-10 17:11:27.723770+00:00,2026-09-10 17:11:27.673886+00:00,2026-09-10 17:11:27.675789+00:00,2026-09-10 17:11:27.674004+00:00,2026-09-10 17:11:27.675169+00:00,2026-09-10 17:11:27.675540+00:00,,,,,0.118,1.165,1.785,0.371,22.601,25.628999999999998,49.884,CONFIRMED
M01,59114,2026-09-10 17:11:27.752415+00:00,2026-09-10 17:11:27.780509+00:00,2026-09-10 17:11:27.729134+00:00,2026-09-10 17:11:27.729835+00:00,2026-09-10 17:11:27.729291+00:00,2026-09-10 17:11:27.729879+00:00,2026-09-10 17:11:27.730261+00:00,,,,,0.157,0.588,0.544,0.382,22.154,28.094,51.375,CONFIRMED
M01,59115,2026-09-10 17:11:27.802070+00:00,2026-09-10 17:11:27.829526+00:00,2026-09-10 17:11:27.783904+00:00,2026-09-10 17:11:27.784680+00:00,2026-09-10 17:11:27.784045+00:00,2026-09-10 17:11:27.784905+00:00,2026-09-10 17:11:27.785305+00:00,,,,,0.14100000000000001,0.86,0.635,0.4,16.764999999999997,27.456,45.622,CONFIRMED
M01,59116,2026-09-10 17:11:27.859060+00:00,2026-09-10 17:11:27.887376+00:00,2026-09-10 17:11:27.836991+00:00,2026-09-10 17:11:27.838775+00:00,2026-09-10 17:11:27.837122+00:00,2026-09-10 17:11:27.837744+00:00,2026-09-10 17:11:27.838155+00:00,,,,,0.131,0.622,1.653,0.41100000000000003,20.905,28.316000000000003,50.385,CONFIRMED
M01,59117,2026-09-10 17:11:27.913667+00:00,2026-09-10 17:11:27.940143+00:00,2026-09-10 17:11:27.890787+00:00,2026-09-10 17:11:27.891427+00:00,2026-09-10 17:11:27.890900+00:00,2026-09-10 17:11:27.891367+00:00,2026-09-10 17:11:27.891736+00:00,,,,,0.11299999999999999,0.467,0.527,0.36900000000000005,21.930999999999997,26.476,49.355999999999995,CONFIRMED
M01,59118,2026-09-10 17:11:27.965061+00:00,2026-09-10 17:11:27.998071+00:00,2026-09-10 17:11:27.944081+00:00,2026-09-10 17:11:27.944754+00:00,2026-09-10 17:11:27.944196+00:00,2026-09-10 17:11:27.944697+00:00,2026-09-10 17:11:27.945039+00:00,,,,,0.115,0.501,0.558,0.342,20.022000000000002,33.01,53.99,CONFIRMED
M01,59119,2026-09-10 17:11:28.020840+00:00,2026-09-10 17:11:28.045911+00:00,2026-09-10 17:11:27.997814+00:00,2026-09-10 17:11:27.998470+00:00,2026-09-10 17:11:27.997951+00:00,2026-09-10 17:11:27.998546+00:00,2026-09-10 17:11:27.998901+00:00,,,,,0.13699999999999998,0.5950000000000001,0.519,0.355,21.939,25.070999999999998,48.097,CONFIRMED
M01,59120,2026-09-10 17:11:28.068483+00:00,2026-09-10 17:11:28.100359+00:00,2026-09-10 17:11:28.052098+00:00,2026-09-10 17:11:28.052694+00:00,2026-09-10 17:11:28.052230+00:00,2026-09-10 17:11:28.052707+00:00,2026-09-10 17:11:28.052970+00:00,,,,,0.132,0.477,0.464,0.263,15.513,31.876,48.260999999999996,CONFIRMED
M01,59121,2026-09-10 17:11:28.128120+00:00,2026-09-10 17:11:28.156294+00:00,2026-09-10 17:11:28.104699+00:00,2026-09-10 17:11:28.105352+00:00,2026-09-10 17:11:28.104828+00:00,2026-09-10 17:11:28.105360+00:00,2026-09-10 17:11:28.105689+00:00,,,,,0.129,0.532,0.524,0.32899999999999996,22.431,28.174,51.595,CONFIRMED
M01,59122,2026-09-10 17:11:28.181474+00:00,2026-09-10 17:11:28.210727+00:00,2026-09-10 17:11:28.158256+00:00,2026-09-10 17:11:28.158998+00:00,2026-09-10 17:11:28.158345+00:00,2026-09-10 17:11:28.158961+00:00,2026-09-10 17:11:28.159309+00:00,,,,,0.089,0.616,0.653,0.348,22.165,29.253,52.471,CONFIRMED
M01,59123,2026-09-10 17:11:28.228715+00:00,2026-09-10 17:11:28.256831+00:00,2026-09-10 17:11:28.210994+00:00,2026-09-10 17:11:28.212459+00:00,2026-09-10 17:11:28.211838+00:00,2026-09-10 17:11:28.212304+00:00,2026-09-10 17:11:28.212578+00:00,,,,,0.844,0.46599999999999997,0.621,0.27399999999999997,16.136999999999997,28.116,45.837,CONFIRMED
M01,59124,2026-09-10 17:11:28.283273+00:00,2026-09-10 17:11:28.307324+00:00,2026-09-10 17:11:28.264048+00:00,2026-09-10 17:11:28.264667+00:00,2026-09-10 17:11:28.264177+00:00,2026-09-10 17:11:28.264668+00:00,2026-09-10 17:11:28.264982+00:00,,,,,0.129,0.491,0.49,0.314,18.291,24.051,43.276,CONFIRMED
M01,59125,2026-09-10 17:11:28.336285+00:00,2026-09-10 17:11:28.360953+00:00,2026-09-10 17:11:28.318650+00:00,2026-09-10 17:11:28.319357+00:00,2026-09-10 17:11:28.318829+00:00,2026-09-10 17:11:28.319351+00:00,2026-09-10 17:11:28.319786+00:00,,,,,0.179,0.522,0.528,0.435,16.499,24.668,42.303,CONFIRMED
M01,59126,2026-09-10 17:11:28.391206+00:00,2026-09-10 17:11:28.416475+00:00,2026-09-10 17:11:28.373118+00:00,2026-09-10 17:11:28.374798+00:00,2026-09-10 17:11:28.373273+00:00,2026-09-10 17:11:28.374019+00:00,2026-09-10 17:11:28.374346+00:00,,,,,0.155,0.746,1.5250000000000001,0.32699999999999996,16.86,25.269,43.357,CONFIRMED
M01,59127,2026-09-10 17:11:28.445304+00:00,2026-09-10 17:11:28.474431+00:00,2026-09-10 17:11:28.427486+00:00,2026-09-10 17:11:28.428246+00:00,2026-09-10 17:11:28.427662+00:00,2026-09-10 17:11:28.428369+00:00,2026-09-10 17:11:28.428669+00:00,,,,,0.176,0.707,0.584,0.3,16.635,29.127,46.945,CONFIRMED
M01,59128,2026-09-10 17:11:28.502134+00:00,2026-09-10 17:11:28.527343+00:00,2026-09-10 17:11:28.480289+00:00,2026-09-10 17:11:28.481134+00:00,2026-09-10 17:11:28.480440+00:00,2026-09-10 17:11:28.481031+00:00,2026-09-10 17:11:28.481403+00:00,,,,,0.15100000000000002,0.5910000000000001,0.694,0.372,20.730999999999998,25.209,47.054,CONFIRMED
M01,59129,2026-09-10 17:11:28.555394+00:00,2026-09-10 17:11:28.583561+00:00,2026-09-10 17:11:28.533662+00:00,2026-09-10 17:11:28.536072+00:00,2026-09-10 17:11:28.533786+00:00,2026-09-10 17:11:28.534302+00:00,2026-09-10 17:11:28.534595+00:00,,,,,0.124,0.516,2.286,0.29300000000000004,20.799000000000003,28.167,49.899,CONFIRMED
M01,59130,2026-09-10 17:11:28.607561+00:00,2026-09-10 17:11:28.636151+00:00,2026-09-10 17:11:28.588314+00:00,2026-09-10 17:11:28.591291+00:00,2026-09-10 17:11:28.588643+00:00,2026-09-10 17:11:28.591319+00:00,2026-09-10 17:11:28.591710+00:00,,,,,0.32899999999999996,2.676,2.648,0.391,15.851,28.59,47.836999999999996,CONFIRMED
M01,59131,2026-09-10 17:11:28.664124+00:00,2026-09-10 17:11:28.695027+00:00,2026-09-10 17:11:28.644293+00:00,2026-09-10 17:11:28.645060+00:00,2026-09-10 17:11:28.644465+00:00,2026-09-10 17:11:28.645110+00:00,2026-09-10 17:11:28.645515+00:00,,,,,0.17200000000000001,0.6449999999999999,0.5950000000000001,0.40499999999999997,18.609,30.903,50.734,CONFIRMED
M01,59132,2026-09-10 17:11:28.714029+00:00,2026-09-10 17:11:28.740511+00:00,2026-09-10 17:11:28.697269+00:00,2026-09-10 17:11:28.698029+00:00,2026-09-10 17:11:28.697409+00:00,2026-09-10 17:11:28.698049+00:00,2026-09-10 17:11:28.698435+00:00,,,,,0.13999999999999999,0.64,0.62,0.386,15.594,26.482,43.242000000000004,CONFIRMED
M01,59133,2026-09-10 17:11:28.770005+00:00,2026-09-10 17:11:28.803110+00:00,2026-09-10 17:11:28.750757+00:00,2026-09-10 17:11:28.752222+00:00,2026-09-10 17:11:28.750916+00:00,2026-09-10 17:11:28.751474+00:00,2026-09-10 17:11:28.751807+00:00,,,,,0.159,0.558,1.306,0.333,18.198,33.105000000000004,52.352999999999994,CONFIRMED
M01,59134,2026-09-10 17:11:28.824150+00:00,2026-09-10 17:11:28.851563+00:00,2026-09-10 17:11:28.804847+00:00,2026-09-10 17:11:28.805643+00:00,2026-09-10 17:11:28.804954+00:00,2026-09-10 17:11:28.805518+00:00,2026-09-10 17:11:28.805859+00:00,,,,,0.107,0.5640000000000001,0.6890000000000001,0.34099999999999997,18.291,27.413,46.716,CONFIRMED
M01,59135,2026-09-10 17:11:28.888058+00:00,2026-09-10 17:11:28.915626+00:00,2026-09-10 17:11:28.858899+00:00,2026-09-10 17:11:28.859889+00:00,2026-09-10 17:11:28.859064+00:00,2026-09-10 17:11:28.859884+00:00,2026-09-10 17:11:28.860326+00:00,,,,,0.165,0.82,0.825,0.442,27.732,27.567999999999998,56.727,CONFIRMED
M01,59136,2026-09-10 17:11:28.943599+00:00,2026-09-10 17:11:28.975937+00:00,2026-09-10 17:11:28.917190+00:00,2026-09-10 17:11:28.918025+00:00,2026-09-10 17:11:28.917285+00:00,2026-09-10 17:11:28.918017+00:00,2026-09-10 17:11:28.918414+00:00,,,,,0.095,0.732,0.74,0.397,25.185,32.338,58.747,CONFIRMED
M01,59137,2026-09-10 17:11:28.999561+00:00,2026-09-10 17:11:29.028460+00:00,2026-09-10 17:11:28.971807+00:00,2026-09-10 17:11:28.976334+00:00,2026-09-10 17:11:28.972015+00:00,2026-09-10 17:11:28.976482+00:00,2026-09-10 17:11:28.977030+00:00,,,,,0.208,4.467,4.319,0.5479999999999999,22.531,28.899,56.653,CONFIRMED
M01,59138,2026-09-10 17:11:29.048908+00:00,2026-09-10 17:11:29.077532+00:00,2026-09-10 17:11:29.028807+00:00,2026-09-10 17:11:29.029562+00:00,2026-09-10 17:11:29.028970+00:00,2026-09-10 17:11:29.029596+00:00,2026-09-10 17:11:29.029996+00:00,,,,,0.163,0.626,0.592,0.4,18.912000000000003,28.624,48.724999999999994,CONFIRMED
M01,59139,2026-09-10 17:11:29.104590+00:00,2026-09-10 17:11:29.131079+00:00,2026-09-10 17:11:29.082824+00:00,2026-09-10 17:11:29.083802+00:00,2026-09-10 17:11:29.082932+00:00,2026-09-10 17:11:29.083782+00:00,2026-09-10 17:11:29.084035+00:00,,,,,0.108,0.85,0.87,0.253,20.555,26.488999999999997,48.255,CONFIRMED
M01,59140,2026-09-10 17:11:29.156382+00:00,2026-09-10 17:11:29.183762+00:00,2026-09-10 17:11:29.136042+00:00,2026-09-10 17:11:29.137040+00:00,2026-09-10 17:11:29.136159+00:00,2026-09-10 17:11:29.136770+00:00,2026-09-10 17:11:29.137175+00:00,,,,,0.11699999999999999,0.611,0.8809999999999999,0.40499999999999997,19.206999999999997,27.380000000000003,47.72,CONFIRMED
M01,59141,2026-09-10 17:11:29.209830+00:00,2026-09-10 17:11:29.237419+00:00,2026-09-10 17:11:29.190012+00:00,2026-09-10 17:11:29.190943+00:00,2026-09-10 17:11:29.190148+00:00,2026-09-10 17:11:29.191572+00:00,2026-09-10 17:11:29.191962+00:00,,,,,0.136,1.424,0.795,0.39,17.868,27.589,47.407,CONFIRMED
M01,59142,2026-09-10 17:11:29.267824+00:00,2026-09-10 17:11:29.303025+00:00,2026-09-10 17:11:29.243141+00:00,2026-09-10 17:11:29.243770+00:00,2026-09-10 17:11:29.243256+00:00,2026-09-10 17:11:29.243818+00:00,2026-09-10 17:11:29.244186+00:00,,,,,0.115,0.562,0.514,0.368,23.637999999999998,35.201,59.884,CONFIRMED
M01,59143,2026-09-10 17:11:29.328587+00:00,2026-09-10 17:11:29.354157+00:00,2026-09-10 17:11:29.295652+00:00,2026-09-10 17:11:29.296504+00:00,2026-09-10 17:11:29.295859+00:00,2026-09-10 17:11:29.303551+00:00,2026-09-10 17:11:29.303889+00:00,,,,,0.207,7.692,0.6449999999999999,0.33799999999999997,24.698,25.57,58.505,CONFIRMED
M01,59144,2026-09-10 17:11:29.371792+00:00,2026-09-10 17:11:29.400453+00:00,2026-09-10 17:11:29.353534+00:00,2026-09-10 17:11:29.354157+00:00,2026-09-10 17:11:29.353616+00:00,2026-09-10 17:11:29.354665+00:00,2026-09-10 17:11:29.355089+00:00,,,,,0.082,1.049,0.541,0.424,16.703,28.660999999999998,46.919000000000004,CONFIRMED
M01,59145,2026-09-10 17:11:29.422608+00:00,2026-09-10 17:11:29.449805+00:00,2026-09-10 17:11:29.405553+00:00,2026-09-10 17:11:29.406695+00:00,2026-09-10 17:11:29.405686+00:00,2026-09-10 17:11:29.406213+00:00,2026-09-10 17:11:29.406518+00:00,,,,,0.133,0.527,1.009,0.305,16.09,27.197,44.252,CONFIRMED
M01,59146,2026-09-10 17:11:29.477484+00:00,2026-09-10 17:11:29.505484+00:00,2026-09-10 17:11:29.458511+00:00,2026-09-10 17:11:29.461741+00:00,2026-09-10 17:11:29.458640+00:00,2026-09-10 17:11:29.459183+00:00,2026-09-10 17:11:29.459518+00:00,,,,,0.129,0.5429999999999999,3.101,0.335,17.966,28.0,46.973,CONFIRMED
M01,59147,2026-09-10 17:11:29.534429+00:00,2026-09-10 17:11:29.564600+00:00,2026-09-10 17:11:29.514092+00:00,2026-09-10 17:11:29.515085+00:00,2026-09-10 17:11:29.514237+00:00,2026-09-10 17:11:29.514979+00:00,2026-09-10 17:11:29.515323+00:00,,,,,0.145,0.742,0.848,0.34400000000000003,19.106,30.171,50.507999999999996,CONFIRMED
M01,59148,2026-09-10 17:11:29.584420+00:00,2026-09-10 17:11:29.609948+00:00,2026-09-10 17:11:29.567417+00:00,2026-09-10 17:11:29.568139+00:00,2026-09-10 17:11:29.567533+00:00,2026-09-10 17:11:29.568253+00:00,2026-09-10 17:11:29.568596+00:00,,,,,0.116,0.7200000000000001,0.606,0.34299999999999997,15.824000000000002,25.528,42.531,CONFIRMED
M01,59149,2026-09-10 17:11:29.650620+00:00,2026-09-10 17:11:29.678902+00:00,2026-09-10 17:11:29.620430+00:00,2026-09-10 17:11:29.621048+00:00,2026-09-10 17:11:29.620557+00:00,2026-09-10 17:11:29.621069+00:00,2026-09-10 17:11:29.621432+00:00,,,,,0.127,0.512,0.491,0.363,29.188,28.282,58.472,CONFIRMED
M01,59150,2026-09-10 17:11:29.702980+00:00,2026-09-10 17:11:29.731893+00:00,2026-09-10 17:11:29.673031+00:00,2026-09-10 17:11:29.673862+00:00,2026-09-10 17:11:29.673191+00:00,2026-09-10 17:11:29.679429+00:00,2026-09-10 17:11:29.679745+00:00,,,,,0.16,6.2379999999999995,0.671,0.316,23.235,28.913,58.861999999999995,CONFIRMED
M01,59151,2026-09-10 17:11:29.750925+00:00,2026-09-10 17:11:29.776850+00:00,2026-09-10 17:11:29.728255+00:00,2026-09-10 17:11:29.729084+00:00,2026-09-10 17:11:29.728398+00:00,2026-09-10 17:11:29.732315+00:00,2026-09-10 17:11:29.732600+00:00,,,,,0.14300000000000002,3.9170000000000003,0.6859999999999999,0.285,18.325,25.925,48.595,CONFIRMED
M01,59152,2026-09-10 17:11:29.804698+00:00,2026-09-10 17:11:29.831093+00:00,2026-09-10 17:11:29.781264+00:00,2026-09-10 17:11:29.781942+00:00,2026-09-10 17:11:29.781362+00:00,2026-09-10 17:11:29.782040+00:00,2026-09-10 17:11:29.782295+00:00,,,,,0.098,0.678,0.58,0.255,22.403,26.395,49.829,CONFIRMED
M01,59153,2026-09-10 17:11:29.856399+00:00,2026-09-10 17:11:29.883814+00:00,2026-09-10 17:11:29.836420+00:00,2026-09-10 17:11:29.837188+00:00,2026-09-10 17:11:29.836549+00:00,2026-09-10 17:11:29.837257+00:00,2026-09-10 17:11:29.837630+00:00,,,,,0.129,0.708,0.639,0.373,18.769000000000002,27.415,47.394,CONFIRMED
M01,59154,2026-09-10 17:11:29.907853+00:00,2026-09-10 17:11:29.934486+00:00,2026-09-10 17:11:29.890854+00:00,2026-09-10 17:11:29.891772+00:00,2026-09-10 17:11:29.890985+00:00,2026-09-10 17:11:29.891633+00:00,2026-09-10 17:11:29.892053+00:00,,,,,0.131,0.648,0.787,0.42000000000000004,15.8,26.633,43.632,CONFIRMED
M01,59155,2026-09-10 17:11:29.964599+00:00,2026-09-10 17:11:29.994782+00:00,2026-09-10 17:11:29.944006+00:00,2026-09-10 17:11:29.944778+00:00,2026-09-10 17:11:29.944126+00:00,2026-09-10 17:11:29.944741+00:00,2026-09-10 17:11:29.945138+00:00,,,,,0.12000000000000001,0.615,0.652,0.397,19.461,30.183,50.776,CONFIRMED
M01,59156,2026-09-10 17:11:30.019099+00:00,2026-09-10 17:11:30.047820+00:00,2026-09-10 17:11:29.998101+00:00,2026-09-10 17:11:29.999549+00:00,2026-09-10 17:11:29.998214+00:00,2026-09-10 17:11:29.998804+00:00,2026-09-10 17:11:29.999143+00:00,,,,,0.11299999999999999,0.5900000000000001,1.335,0.339,19.956000000000003,28.721,49.719,CONFIRMED
M01,59157,2026-09-10 17:11:30.072279+00:00,2026-09-10 17:11:30.099484+00:00,2026-09-10 17:11:30.053222+00:00,2026-09-10 17:11:30.053857+00:00,2026-09-10 17:11:30.053318+00:00,2026-09-10 17:11:30.053867+00:00,2026-09-10 17:11:30.054136+00:00,,,,,0.096,0.549,0.539,0.26899999999999996,18.143,27.205,46.262,CONFIRMED
M01,59158,2026-09-10 17:11:30.128510+00:00,2026-09-10 17:11:30.154767+00:00,2026-09-10 17:11:30.105866+00:00,2026-09-10 17:11:30.106738+00:00,2026-09-10 17:11:30.106014+00:00,2026-09-10 17:11:30.106542+00:00,2026-09-10 17:11:30.106827+00:00,,,,,0.148,0.528,0.7240000000000001,0.285,21.683,26.256999999999998,48.901,CONFIRMED
M01,59159,2026-09-10 17:11:30.183788+00:00,2026-09-10 17:11:30.208523+00:00,2026-09-10 17:11:30.158741+00:00,2026-09-10 17:11:30.159587+00:00,2026-09-10 17:11:30.158858+00:00,2026-09-10 17:11:30.159665+00:00,2026-09-10 17:11:30.160169+00:00,,,,,0.11699999999999999,0.8069999999999999,0.7290000000000001,0.504,23.619,24.735,49.782,CONFIRMED
M01,59160,2026-09-10 17:11:30.238120+00:00,2026-09-10 17:11:30.266895+00:00,2026-09-10 17:11:30.211539+00:00,2026-09-10 17:11:30.213526+00:00,2026-09-10 17:11:30.211798+00:00,2026-09-10 17:11:30.212820+00:00,2026-09-10 17:11:30.213232+00:00,,,,,0.259,1.0219999999999998,1.728,0.412,24.888,28.775,55.356,CONFIRMED
M01,59161,2026-09-10 17:11:30.291368+00:00,2026-09-10 17:11:30.315444+00:00,2026-09-10 17:11:30.267574+00:00,2026-09-10 17:11:30.268228+00:00,2026-09-10 17:11:30.267683+00:00,2026-09-10 17:11:30.268222+00:00,2026-09-10 17:11:30.268569+00:00,,,,,0.10900000000000001,0.539,0.545,0.347,22.799,24.076,47.870000000000005,CONFIRMED
M01,59162,2026-09-10 17:11:30.338631+00:00,2026-09-10 17:11:30.363146+00:00,2026-09-10 17:11:30.320978+00:00,2026-09-10 17:11:30.321486+00:00,2026-09-10 17:11:30.321062+00:00,2026-09-10 17:11:30.321703+00:00,2026-09-10 17:11:30.322158+00:00,,,,,0.08399999999999999,0.641,0.424,0.455,16.473000000000003,24.514999999999997,42.168,CONFIRMED
M01,59163,2026-09-10 17:11:30.394472+00:00,2026-09-10 17:11:30.424112+00:00,2026-09-10 17:11:30.373100+00:00,2026-09-10 17:11:30.373740+00:00,2026-09-10 17:11:30.373215+00:00,2026-09-10 17:11:30.373659+00:00,2026-09-10 17:11:30.374002+00:00,,,,,0.115,0.444,0.525,0.34299999999999997,20.47,29.64,51.012,CONFIRMED
M01,59164,2026-09-10 17:11:30.452509+00:00,2026-09-10 17:11:30.481392+00:00,2026-09-10 17:11:30.430519+00:00,2026-09-10 17:11:30.431342+00:00,2026-09-10 17:11:30.430653+00:00,2026-09-10 17:11:30.431449+00:00,2026-09-10 17:11:30.431827+00:00,,,,,0.134,0.796,0.6890000000000001,0.378,20.682,28.883,50.873000000000005,CONFIRMED
M01,59165,2026-09-10 17:11:30.503171+00:00,2026-09-10 17:11:30.530769+00:00,2026-09-10 17:11:30.483245+00:00,2026-09-10 17:11:30.484697+00:00,2026-09-10 17:11:30.483362+00:00,2026-09-10 17:11:30.484122+00:00,2026-09-10 17:11:30.484485+00:00,,,,,0.11699999999999999,0.76,1.335,0.363,18.686,27.598000000000003,47.523999999999994,CONFIRMED
M01,59166,2026-09-10 17:11:30.558862+00:00,2026-09-10 17:11:30.584989+00:00,2026-09-10 17:11:30.536768+00:00,2026-09-10 17:11:30.538131+00:00,2026-09-10 17:11:30.536890+00:00,2026-09-10 17:11:30.538149+00:00,2026-09-10 17:11:30.538504+00:00,,,,,0.122,1.259,1.2409999999999999,0.355,20.358,26.127000000000002,48.221,CONFIRMED
M01,59167,2026-09-10 17:11:30.610096+00:00,2026-09-10 17:11:30.636097+00:00,2026-09-10 17:11:30.590750+00:00,2026-09-10 17:11:30.591402+00:00,2026-09-10 17:11:30.590890+00:00,2026-09-10 17:11:30.591501+00:00,2026-09-10 17:11:30.591848+00:00,,,,,0.13999999999999999,0.611,0.512,0.347,18.248,26.001,45.347,CONFIRMED
M01,59168,2026-09-10 17:11:30.662180+00:00,2026-09-10 17:11:30.690467+00:00,2026-09-10 17:11:30.643370+00:00,2026-09-10 17:11:30.644082+00:00,2026-09-10 17:11:30.643474+00:00,2026-09-10 17:11:30.644066+00:00,2026-09-10 17:11:30.644410+00:00,,,,,0.104,0.592,0.608,0.34400000000000003,17.77,28.287,47.097,CONFIRMED
M01,59169,2026-09-10 17:11:30.716459+00:00,2026-09-10 17:11:30.742379+00:00,2026-09-10 17:11:30.698644+00:00,2026-09-10 17:11:30.699375+00:00,2026-09-10 17:11:30.698787+00:00,2026-09-10 17:11:30.699423+00:00,2026-09-10 17:11:30.700109+00:00,,,,,0.14300000000000002,0.636,0.588,0.6859999999999999,16.35,25.919999999999998,43.73500000000001,CONFIRMED
M01,59170,2026-09-10 17:11:30.768341+00:00,2026-09-10 17:11:30.796791+00:00,2026-09-10 17:11:30.751207+00:00,2026-09-10 17:11:30.751895+00:00,2026-09-10 17:11:30.751324+00:00,2026-09-10 17:11:30.752010+00:00,2026-09-10 17:11:30.752406+00:00,,,,,0.11699999999999999,0.6859999999999999,0.571,0.39599999999999996,15.935,28.45,45.583999999999996,CONFIRMED
M01,59171,2026-09-10 17:11:30.826325+00:00,2026-09-10 17:11:30.852170+00:00,2026-09-10 17:11:30.804207+00:00,2026-09-10 17:11:30.804844+00:00,2026-09-10 17:11:30.804322+00:00,2026-09-10 17:11:30.804844+00:00,2026-09-10 17:11:30.805228+00:00,,,,,0.115,0.522,0.522,0.384,21.097,25.845,47.963,CONFIRMED
M01,59172,2026-09-10 17:11:30.899425+00:00,2026-09-10 17:11:30.933211+00:00,2026-09-10 17:11:30.860510+00:00,2026-09-10 17:11:30.868789+00:00,2026-09-10 17:11:30.867813+00:00,2026-09-10 17:11:30.870724+00:00,2026-09-10 17:11:30.871331+00:00,,,,,7.303,2.911,0.976,0.607,28.094,33.785999999999994,72.70100000000001,CONFIRMED
M01,59173,2026-09-10 17:11:30.955905+00:00,2026-09-10 17:11:30.982837+00:00,2026-09-10 17:11:30.921523+00:00,2026-09-10 17:11:30.928379+00:00,2026-09-10 17:11:30.921756+00:00,2026-09-10 17:11:30.933551+00:00,2026-09-10 17:11:30.933784+00:00,,,,,0.23299999999999998,11.795,6.623,0.23299999999999998,22.121,26.932000000000002,61.314,CONFIRMED
M01,59174,2026-09-10 17:11:31.003676+00:00,2026-09-10 17:11:31.044566+00:00,2026-09-10 17:11:30.980744+00:00,2026-09-10 17:11:30.981396+00:00,2026-09-10 17:11:30.980852+00:00,2026-09-10 17:11:30.983317+00:00,2026-09-10 17:11:30.983700+00:00,,,,,0.108,2.4650000000000003,0.544,0.383,19.976,40.89,63.822,CONFIRMED
M01,59175,2026-09-10 17:11:31.064539+00:00,2026-09-10 17:11:31.094764+00:00,2026-09-10 17:11:31.033357+00:00,2026-09-10 17:11:31.037548+00:00,2026-09-10 17:11:31.033620+00:00,2026-09-10 17:11:31.045139+00:00,2026-09-10 17:11:31.045439+00:00,,,,,0.263,11.519,3.928,0.3,19.099999999999998,30.224999999999998,61.407000000000004,CONFIRMED
M01,59176,2026-09-10 17:11:31.111298+00:00,2026-09-10 17:11:31.142592+00:00,2026-09-10 17:11:31.090164+00:00,2026-09-10 17:11:31.091197+00:00,2026-09-10 17:11:31.090304+00:00,2026-09-10 17:11:31.095444+00:00,2026-09-10 17:11:31.095834+00:00,,,,,0.13999999999999999,5.14,0.893,0.39,15.464,31.294000000000004,52.428000000000004,CONFIRMED
M01,59177,2026-09-10 17:11:31.167495+00:00,2026-09-10 17:11:31.196304+00:00,2026-09-10 17:11:31.143200+00:00,2026-09-10 17:11:31.143866+00:00,2026-09-10 17:11:31.143280+00:00,2026-09-10 17:11:31.143706+00:00,2026-09-10 17:11:31.144183+00:00,,,,,0.08,0.426,0.5860000000000001,0.477,23.311999999999998,28.809,53.104,CONFIRMED
M01,59178,2026-09-10 17:11:31.215989+00:00,2026-09-10 17:11:31.244056+00:00,2026-09-10 17:11:31.197077+00:00,2026-09-10 17:11:31.197875+00:00,2026-09-10 17:11:31.197209+00:00,2026-09-10 17:11:31.198040+00:00,2026-09-10 17:11:31.198415+00:00,,,,,0.132,0.8310000000000001,0.666,0.375,17.573999999999998,28.067,46.979,CONFIRMED
M01,59179,2026-09-10 17:11:31.271386+00:00,2026-09-10 17:11:31.299570+00:00,2026-09-10 17:11:31.251026+00:00,2026-09-10 17:11:31.252943+00:00,2026-09-10 17:11:31.251185+00:00,2026-09-10 17:11:31.251821+00:00,2026-09-10 17:11:31.252131+00:00,,,,,0.159,0.636,1.758,0.31,19.255000000000003,28.184,48.544,CONFIRMED
M01,59180,2026-09-10 17:11:31.332874+00:00,2026-09-10 17:11:31.367852+00:00,2026-09-10 17:11:31.306572+00:00,2026-09-10 17:11:31.307345+00:00,2026-09-10 17:11:31.306738+00:00,2026-09-10 17:11:31.307392+00:00,2026-09-10 17:11:31.307859+00:00,,,,,0.166,0.6539999999999999,0.607,0.467,25.015,34.978,61.28,CONFIRMED
M01,59181,2026-09-10 17:11:31.390091+00:00,2026-09-10 17:11:31.425102+00:00,2026-09-10 17:11:31.361662+00:00,2026-09-10 17:11:31.362754+00:00,2026-09-10 17:11:31.362017+00:00,2026-09-10 17:11:31.368350+00:00,2026-09-10 17:11:31.368715+00:00,,,,,0.355,6.333,0.737,0.365,21.375999999999998,35.011,63.44,CONFIRMED
M01,59182,2026-09-10 17:11:31.447635+00:00,2026-09-10 17:11:31.476842+00:00,2026-09-10 17:11:31.416728+00:00,2026-09-10 17:11:31.417627+00:00,2026-09-10 17:11:31.416948+00:00,2026-09-10 17:11:31.425459+00:00,2026-09-10 17:11:31.425693+00:00,,,,,0.22,8.511,0.679,0.23399999999999999,21.942,29.207,60.114000000000004,CONFIRMED
M01,59183,2026-09-10 17:11:31.498227+00:00,2026-09-10 17:11:31.532832+00:00,2026-09-10 17:11:31.469680+00:00,2026-09-10 17:11:31.470611+00:00,2026-09-10 17:11:31.469889+00:00,2026-09-10 17:11:31.477592+00:00,2026-09-10 17:11:31.478133+00:00,,,,,0.20900000000000002,7.702999999999999,0.722,0.541,20.094,34.605,63.152,CONFIRMED
M01,59184,2026-09-10 17:11:31.550770+00:00,2026-09-10 17:11:31.577874+00:00,2026-09-10 17:11:31.523279+00:00,2026-09-10 17:11:31.523910+00:00,2026-09-10 17:11:31.523435+00:00,2026-09-10 17:11:31.533304+00:00,2026-09-10 17:11:31.533567+00:00,,,,,0.156,9.869,0.475,0.263,17.203,27.104,54.595,CONFIRMED
M01,59185,2026-09-10 17:11:31.595443+00:00,2026-09-10 17:11:31.622695+00:00,2026-09-10 17:11:31.575811+00:00,2026-09-10 17:11:31.577013+00:00,2026-09-10 17:11:31.575936+00:00,2026-09-10 17:11:31.578251+00:00,2026-09-10 17:11:31.578500+00:00,,,,,0.125,2.315,1.077,0.24899999999999997,16.943,27.252,46.884,CONFIRMED
M01,59186,2026-09-10 17:11:31.648272+00:00,2026-09-10 17:11:31.677050+00:00,2026-09-10 17:11:31.630384+00:00,2026-09-10 17:11:31.631268+00:00,2026-09-10 17:11:31.630563+00:00,2026-09-10 17:11:31.631137+00:00,2026-09-10 17:11:31.631475+00:00,,,,,0.179,0.574,0.705,0.33799999999999997,16.797,28.778000000000002,46.666,CONFIRMED
M01,59187,2026-09-10 17:11:31.704230+00:00,2026-09-10 17:11:31.732885+00:00,2026-09-10 17:11:31.682920+00:00,2026-09-10 17:11:31.684581+00:00,2026-09-10 17:11:31.683220+00:00,2026-09-10 17:11:31.684702+00:00,2026-09-10 17:11:31.685125+00:00,,,,,0.3,1.482,1.361,0.423,19.105,28.655,49.965,CONFIRMED
M01,59188,2026-09-10 17:11:31.764443+00:00,2026-09-10 17:11:31.791749+00:00,2026-09-10 17:11:31.738404+00:00,2026-09-10 17:11:31.739107+00:00,2026-09-10 17:11:31.738533+00:00,2026-09-10 17:11:31.739076+00:00,2026-09-10 17:11:31.739351+00:00,,,,,0.129,0.5429999999999999,0.574,0.275,25.092,27.306,53.345,CONFIRMED
M01,59189,2026-09-10 17:11:31.815226+00:00,2026-09-10 17:11:31.842767+00:00,2026-09-10 17:11:31.790750+00:00,2026-09-10 17:11:31.791601+00:00,2026-09-10 17:11:31.790871+00:00,2026-09-10 17:11:31.792247+00:00,2026-09-10 17:11:31.792574+00:00,,,,,0.121,1.3760000000000001,0.73,0.32699999999999996,22.651999999999997,27.541,52.017,CONFIRMED
M01,59190,2026-09-10 17:11:31.869648+00:00,2026-09-10 17:11:31.900679+00:00,2026-09-10 17:11:31.844477+00:00,2026-09-10 17:11:31.845324+00:00,2026-09-10 17:11:31.844627+00:00,2026-09-10 17:11:31.845337+00:00,2026-09-10 17:11:31.845731+00:00,,,,,0.15,0.71,0.6970000000000001,0.39399999999999996,23.917,31.031,56.202000000000005,CONFIRMED
M01,59191,2026-09-10 17:11:31.921074+00:00,2026-09-10 17:11:31.948645+00:00,2026-09-10 17:11:31.897379+00:00,2026-09-10 17:11:31.898652+00:00,2026-09-10 17:11:31.897579+00:00,2026-09-10 17:11:31.901823+00:00,2026-09-10 17:11:31.902148+00:00,,,,,0.2,4.244000000000001,1.073,0.325,18.926,27.570999999999998,51.266,CONFIRMED
M01,59192,2026-09-10 17:11:31.971977+00:00,2026-09-10 17:11:32.000302+00:00,2026-09-10 17:11:31.949977+00:00,2026-09-10 17:11:31.950965+00:00,2026-09-10 17:11:31.950097+00:00,2026-09-10 17:11:31.950670+00:00,2026-09-10 17:11:31.950997+00:00,,,,,0.12000000000000001,0.5730000000000001,0.868,0.32699999999999996,20.979999999999997,28.325,50.325,CONFIRMED
M01,59193,2026-09-10 17:11:32.027168+00:00,2026-09-10 17:11:32.056343+00:00,2026-09-10 17:11:32.003231+00:00,2026-09-10 17:11:32.005924+00:00,2026-09-10 17:11:32.003343+00:00,2026-09-10 17:11:32.004267+00:00,2026-09-10 17:11:32.004576+00:00,,,,,0.112,0.924,2.581,0.309,22.592000000000002,29.175,53.112,CONFIRMED
M01,59194,2026-09-10 17:11:32.080420+00:00,2026-09-10 17:11:32.107768+00:00,2026-09-10 17:11:32.057860+00:00,2026-09-10 17:11:32.058909+00:00,2026-09-10 17:11:32.057942+00:00,2026-09-10 17:11:32.058763+00:00,2026-09-10 17:11:32.059022+00:00,,,,,0.082,0.821,0.967,0.259,21.398,27.348000000000003,49.908,CONFIRMED
M01,59195,2026-09-10 17:11:32.129367+00:00,2026-09-10 17:11:32.163141+00:00,2026-09-10 17:11:32.111000+00:00,2026-09-10 17:11:32.112325+00:00,2026-09-10 17:11:32.111128+00:00,2026-09-10 17:11:32.111929+00:00,2026-09-10 17:11:32.112237+00:00,,,,,0.128,0.8009999999999999,1.1969999999999998,0.308,17.13,33.774,52.141,CONFIRMED
M01,59196,2026-09-10 17:11:32.187511+00:00,2026-09-10 17:11:32.215867+00:00,2026-09-10 17:11:32.164530+00:00,2026-09-10 17:11:32.168690+00:00,2026-09-10 17:11:32.164641+00:00,2026-09-10 17:11:32.165285+00:00,2026-09-10 17:11:32.165631+00:00,,,,,0.111,0.644,4.0489999999999995,0.34600000000000003,21.88,28.355999999999998,51.337,CONFIRMED
M01,59197,2026-09-10 17:11:32.240221+00:00,2026-09-10 17:11:32.275812+00:00,2026-09-10 17:11:32.220795+00:00,2026-09-10 17:11:32.221838+00:00,2026-09-10 17:11:32.220953+00:00,2026-09-10 17:11:32.221518+00:00,2026-09-10 17:11:32.221831+00:00,,,,,0.158,0.565,0.885,0.313,18.39,35.591,55.017,CONFIRMED
M01,59198,2026-09-10 17:11:32.297343+00:00,2026-09-10 17:11:32.327605+00:00,2026-09-10 17:11:32.273284+00:00,2026-09-10 17:11:32.274183+00:00,2026-09-10 17:11:32.273436+00:00,2026-09-10 17:11:32.276934+00:00,2026-09-10 17:11:32.277430+00:00,,,,,0.152,3.4979999999999998,0.747,0.496,19.913,30.262,54.321,CONFIRMED
M01,59199,2026-09-10 17:11:32.352858+00:00,2026-09-10 17:11:32.381078+00:00,2026-09-10 17:11:32.326029+00:00,2026-09-10 17:11:32.326953+00:00,2026-09-10 17:11:32.326156+00:00,2026-09-10 17:11:32.328320+00:00,2026-09-10 17:11:32.328698+00:00,,,,,0.127,2.164,0.7969999999999999,0.378,24.16,28.22,55.049,CONFIRMED
M01,59200,2026-09-10 17:11:32.405795+00:00,2026-09-10 17:11:32.432344+00:00,2026-09-10 17:11:32.378967+00:00,2026-09-10 17:11:32.380008+00:00,2026-09-10 17:11:32.379096+00:00,2026-09-10 17:11:32.381483+00:00,2026-09-10 17:11:32.381988+00:00,,,,,0.129,2.387,0.912,0.505,23.807,26.549,53.377,CONFIRMED
M01,59201,2026-09-10 17:11:32.454517+00:00,2026-09-10 17:11:32.489089+00:00,2026-09-10 17:11:32.434057+00:00,2026-09-10 17:11:32.435240+00:00,2026-09-10 17:11:32.434175+00:00,2026-09-10 17:11:32.435206+00:00,2026-09-10 17:11:32.435458+00:00,,,,,0.118,1.031,1.065,0.252,19.059,34.571999999999996,55.032,CONFIRMED
M01,59202,2026-09-10 17:11:32.508897+00:00,2026-09-10 17:11:32.535609+00:00,2026-09-10 17:11:32.487001+00:00,2026-09-10 17:11:32.487736+00:00,2026-09-10 17:11:32.487131+00:00,2026-09-10 17:11:32.489631+00:00,2026-09-10 17:11:32.489884+00:00,,,,,0.12999999999999998,2.5,0.605,0.253,19.012999999999998,26.712,48.608,CONFIRMED
M01,59203,2026-09-10 17:11:32.562373+00:00,2026-09-10 17:11:32.588609+00:00,2026-09-10 17:11:32.540139+00:00,2026-09-10 17:11:32.540687+00:00,2026-09-10 17:11:32.540260+00:00,2026-09-10 17:11:32.540834+00:00,2026-09-10 17:11:32.541159+00:00,,,,,0.121,0.574,0.42700000000000005,0.325,21.214,26.236,48.47,CONFIRMED
M01,59204,2026-09-10 17:11:32.611135+00:00,2026-09-10 17:11:32.636301+00:00,2026-09-10 17:11:32.593866+00:00,2026-09-10 17:11:32.594645+00:00,2026-09-10 17:11:32.594110+00:00,2026-09-10 17:11:32.594650+00:00,2026-09-10 17:11:32.595157+00:00,,,,,0.244,0.54,0.535,0.507,15.978,25.166,42.435,CONFIRMED
M01,59205,2026-09-10 17:11:32.667536+00:00,2026-09-10 17:11:32.700892+00:00,2026-09-10 17:11:32.646863+00:00,2026-09-10 17:11:32.647691+00:00,2026-09-10 17:11:32.647011+00:00,2026-09-10 17:11:32.647580+00:00,2026-09-10 17:11:32.648034+00:00,,,,,0.148,0.569,0.68,0.45399999999999996,19.502,33.355999999999995,54.029,CONFIRMED
M01,59206,2026-09-10 17:11:32.722361+00:00,2026-09-10 17:11:32.748244+00:00,2026-09-10 17:11:32.699893+00:00,2026-09-10 17:11:32.700705+00:00,2026-09-10 17:11:32.700017+00:00,2026-09-10 17:11:32.701368+00:00,2026-09-10 17:11:32.701649+00:00,,,,,0.124,1.351,0.6880000000000001,0.281,20.712,25.883,48.351,CONFIRMED
M01,59207,2026-09-10 17:11:32.773156+00:00,2026-09-10 17:11:32.801865+00:00,2026-09-10 17:11:32.754604+00:00,2026-09-10 17:11:32.756685+00:00,2026-09-10 17:11:32.754890+00:00,2026-09-10 17:11:32.755963+00:00,2026-09-10 17:11:32.756256+00:00,,,,,0.28600000000000003,1.073,1.795,0.29300000000000004,16.9,28.709,47.260999999999996,CONFIRMED
M01,59208,2026-09-10 17:11:32.828160+00:00,2026-09-10 17:11:32.914034+00:00,2026-09-10 17:11:32.808311+00:00,2026-09-10 17:11:32.809049+00:00,2026-09-10 17:11:32.808412+00:00,2026-09-10 17:11:32.809468+00:00,2026-09-10 17:11:32.809863+00:00,,,,,0.101,1.056,0.637,0.395,18.297,85.87400000000001,105.723,CONFIRMED
M01,59209,2026-09-10 17:11:32.934268+00:00,2026-09-10 17:11:32.962094+00:00,2026-09-10 17:11:32.862145+00:00,2026-09-10 17:11:32.863017+00:00,2026-09-10 17:11:32.862300+00:00,2026-09-10 17:11:32.914761+00:00,2026-09-10 17:11:32.915140+00:00,,,,,0.155,52.461,0.717,0.379,19.128,27.826,99.949,CONFIRMED
M01,59210,2026-09-10 17:11:32.983450+00:00,2026-09-10 17:11:33.011694+00:00,2026-09-10 17:11:32.915103+00:00,2026-09-10 17:11:32.916129+00:00,2026-09-10 17:11:32.915246+00:00,2026-09-10 17:11:32.962558+00:00,2026-09-10 17:11:32.962940+00:00,,,,,0.14300000000000002,47.312,0.883,0.382,20.51,28.244,96.591,CONFIRMED
M01,59211,2026-09-10 17:11:33.050185+00:00,2026-09-10 17:11:33.083646+00:00,2026-09-10 17:11:32.968372+00:00,2026-09-10 17:11:32.969888+00:00,2026-09-10 17:11:32.968500+00:00,2026-09-10 17:11:33.012198+00:00,2026-09-10 17:11:33.012520+00:00,,,,,0.128,43.698,1.388,0.322,37.665,33.461,115.274,CONFIRMED
M01,59212,2026-09-10 17:11:33.102287+00:00,2026-09-10 17:11:33.127833+00:00,2026-09-10 17:11:33.022066+00:00,2026-09-10 17:11:33.024688+00:00,2026-09-10 17:11:33.022215+00:00,2026-09-10 17:11:33.084185+00:00,2026-09-10 17:11:33.084584+00:00,,,,,0.149,61.97,2.473,0.399,17.703,25.546,105.767,CONFIRMED
M01,59213,2026-09-10 17:11:33.148772+00:00,2026-09-10 17:11:33.182093+00:00,2026-09-10 17:11:33.076446+00:00,2026-09-10 17:11:33.077249+00:00,2026-09-10 17:11:33.076608+00:00,2026-09-10 17:11:33.128336+00:00,2026-09-10 17:11:33.128615+00:00,,,,,0.162,51.728,0.641,0.279,20.157,33.321000000000005,105.647,CONFIRMED
M01,59214,2026-09-10 17:11:33.202675+00:00,2026-09-10 17:11:33.229599+00:00,2026-09-10 17:11:33.130129+00:00,2026-09-10 17:11:33.130843+00:00,2026-09-10 17:11:33.130231+00:00,2026-09-10 17:11:33.182646+00:00,2026-09-10 17:11:33.183025+00:00,,,,,0.102,52.415000000000006,0.612,0.379,19.650000000000002,26.924,99.47,CONFIRMED
M01,59215,2026-09-10 17:11:33.258964+00:00,2026-09-10 17:11:33.295459+00:00,2026-09-10 17:11:33.182408+00:00,2026-09-10 17:11:33.183410+00:00,2026-09-10 17:11:33.182562+00:00,2026-09-10 17:11:33.230954+00:00,2026-09-10 17:11:33.231373+00:00,,,,,0.154,48.391999999999996,0.848,0.419,27.591,36.495,113.051,CONFIRMED
M01,59216,2026-09-10 17:11:33.316914+00:00,2026-09-10 17:11:33.346114+00:00,2026-09-10 17:11:33.236046+00:00,2026-09-10 17:11:33.238810+00:00,2026-09-10 17:11:33.236206+00:00,2026-09-10 17:11:33.295947+00:00,2026-09-10 17:11:33.296377+00:00,,,,,0.16,59.741,2.604,0.43,20.537,29.2,110.068,CONFIRMED
M01,59217,2026-09-10 17:11:33.371872+00:00,2026-09-10 17:11:33.402722+00:00,2026-09-10 17:11:33.294003+00:00,2026-09-10 17:11:33.294988+00:00,2026-09-10 17:11:33.294151+00:00,2026-09-10 17:11:33.346536+00:00,2026-09-10 17:11:33.346929+00:00,,,,,0.148,52.385,0.837,0.393,24.943,30.849999999999998,108.719,CONFIRMED
M01,59218,2026-09-10 17:11:33.423774+00:00,2026-09-10 17:11:33.466697+00:00,2026-09-10 17:11:33.347227+00:00,2026-09-10 17:11:33.347819+00:00,2026-09-10 17:11:33.347346+00:00,2026-09-10 17:11:33.403305+00:00,2026-09-10 17:11:33.403724+00:00,,,,,0.11900000000000001,55.959,0.47300000000000003,0.419,20.049999999999997,42.923,119.47000000000001,CONFIRMED
M01,59219,2026-09-10 17:11:33.496582+00:00,2026-09-10 17:11:33.531445+00:00,2026-09-10 17:11:33.399636+00:00,2026-09-10 17:11:33.400488+00:00,2026-09-10 17:11:33.399814+00:00,2026-09-10 17:11:33.467287+00:00,2026-09-10 17:11:33.467665+00:00,,,,,0.178,67.473,0.674,0.378,28.917,34.863,131.809,CONFIRMED
M01,59220,2026-09-10 17:11:33.552698+00:00,2026-09-10 17:11:33.578648+00:00,2026-09-10 17:11:33.460525+00:00,2026-09-10 17:11:33.461412+00:00,2026-09-10 17:11:33.460813+00:00,2026-09-10 17:11:33.531838+00:00,2026-09-10 17:11:33.532120+00:00,,,,,0.28800000000000003,71.025,0.599,0.28200000000000003,20.578,25.95,118.123,CONFIRMED
M01,59221,2026-09-10 17:11:33.595769+00:00,2026-09-10 17:11:33.622979+00:00,2026-09-10 17:11:33.516117+00:00,2026-09-10 17:11:33.516975+00:00,2026-09-10 17:11:33.516358+00:00,2026-09-10 17:11:33.579163+00:00,2026-09-10 17:11:33.579458+00:00,,,,,0.241,62.805,0.617,0.29500000000000004,16.311,27.21,106.862,CONFIRMED
M01,59222,2026-09-10 17:11:33.639245+00:00,2026-09-10 17:11:33.667503+00:00,2026-09-10 17:11:33.568426+00:00,2026-09-10 17:11:33.569152+00:00,2026-09-10 17:11:33.568580+00:00,2026-09-10 17:11:33.623343+00:00,2026-09-10 17:11:33.623623+00:00,,,,,0.154,54.763,0.5720000000000001,0.27999999999999997,15.622,28.258,99.077,CONFIRMED
M01,59223,2026-09-10 17:11:33.688784+00:00,2026-09-10 17:11:33.719685+00:00,2026-09-10 17:11:33.620819+00:00,2026-09-10 17:11:33.622143+00:00,2026-09-10 17:11:33.620928+00:00,2026-09-10 17:11:33.667876+00:00,2026-09-10 17:11:33.668161+00:00,,,,,0.10900000000000001,46.94799999999999,1.2149999999999999,0.285,20.622999999999998,30.901,98.866,CONFIRMED
M01,59224,2026-09-10 17:11:33.742535+00:00,2026-09-10 17:11:33.771248+00:00,2026-09-10 17:11:33.676494+00:00,2026-09-10 17:11:33.677545+00:00,2026-09-10 17:11:33.676675+00:00,2026-09-10 17:11:33.720086+00:00,2026-09-10 17:11:33.720539+00:00,,,,,0.18100000000000002,43.411,0.87,0.453,21.996000000000002,28.712999999999997,94.754,CONFIRMED
M01,59225,2026-09-10 17:11:33.798565+00:00,2026-09-10 17:11:33.824247+00:00,2026-09-10 17:11:33.730070+00:00,2026-09-10 17:11:33.730721+00:00,2026-09-10 17:11:33.730196+00:00,2026-09-10 17:11:33.771879+00:00,2026-09-10 17:11:33.772243+00:00,,,,,0.126,41.683,0.525,0.364,26.322000000000003,25.682,94.17699999999999,CONFIRMED
M01,59226,2026-09-10 17:11:33.843290+00:00,2026-09-10 17:11:33.871026+00:00,2026-09-10 17:11:33.782643+00:00,2026-09-10 17:11:33.784074+00:00,2026-09-10 17:11:33.782768+00:00,2026-09-10 17:11:33.824587+00:00,2026-09-10 17:11:33.824819+00:00,,,,,0.125,41.819,1.306,0.232,18.471,27.736,88.38300000000001,CONFIRMED
M01,59227,2026-09-10 17:11:33.887037+00:00,2026-09-10 17:11:33.919636+00:00,2026-09-10 17:11:33.839786+00:00,2026-09-10 17:11:33.840452+00:00,2026-09-10 17:11:33.839931+00:00,2026-09-10 17:11:33.871423+00:00,2026-09-10 17:11:33.871724+00:00,,,,,0.145,31.492,0.521,0.301,15.313,32.599000000000004,79.85000000000001,CONFIRMED
M01,59228,2026-09-10 17:11:33.936519+00:00,2026-09-10 17:11:33.974008+00:00,2026-09-10 17:11:33.892895+00:00,2026-09-10 17:11:33.893553+00:00,2026-09-10 17:11:33.893001+00:00,2026-09-10 17:11:33.920062+00:00,2026-09-10 17:11:33.920424+00:00,,,,,0.106,27.061,0.5519999999999999,0.36200000000000004,16.095000000000002,37.489000000000004,81.113,CONFIRMED
M01,59229,2026-09-10 17:11:33.991863+00:00,2026-09-10 17:11:34.018830+00:00,2026-09-10 17:11:33.946025+00:00,2026-09-10 17:11:33.946765+00:00,2026-09-10 17:11:33.946135+00:00,2026-09-10 17:11:33.974487+00:00,2026-09-10 17:11:33.974854+00:00,,,,,0.11,28.352,0.63,0.367,17.009,26.967000000000002,72.80499999999999,CONFIRMED
M01,59230,2026-09-10 17:11:34.042337+00:00,2026-09-10 17:11:34.077979+00:00,2026-09-10 17:11:33.998272+00:00,2026-09-10 17:11:33.998804+00:00,2026-09-10 17:11:33.998376+00:00,2026-09-10 17:11:34.019249+00:00,2026-09-10 17:11:34.019597+00:00,,,,,0.104,20.872999999999998,0.428,0.348,22.74,35.642,79.707,CONFIRMED
M01,59231,2026-09-10 17:11:34.098249+00:00,2026-09-10 17:11:34.126827+00:00,2026-09-10 17:11:34.050531+00:00,2026-09-10 17:11:34.051352+00:00,2026-09-10 17:11:34.050680+00:00,2026-09-10 17:11:34.078531+00:00,2026-09-10 17:11:34.078918+00:00,,,,,0.149,27.851,0.6719999999999999,0.38699999999999996,19.331,28.578,76.296,CONFIRMED
M01,59232,2026-09-10 17:11:34.240023+00:00,2026-09-10 17:11:34.281176+00:00,2026-09-10 17:11:34.103210+00:00,2026-09-10 17:11:34.104873+00:00,2026-09-10 17:11:34.103349+00:00,2026-09-10 17:11:34.127421+00:00,2026-09-10 17:11:34.127810+00:00,,,,,0.13899999999999998,24.072,1.524,0.389,112.213,41.153,177.966,CONFIRMED
M01,59233,2026-09-10 17:11:34.304428+00:00,2026-09-10 17:11:34.330541+00:00,2026-09-10 17:11:34.165607+00:00,2026-09-10 17:11:34.197467+00:00,2026-09-10 17:11:34.165771+00:00,2026-09-10 17:11:34.281736+00:00,2026-09-10 17:11:34.282116+00:00,,,,,0.164,115.965,31.696,0.38,22.311999999999998,26.113,164.934,CONFIRMED
M01,59234,2026-09-10 17:11:34.349841+00:00,2026-09-10 17:11:34.377859+00:00,2026-09-10 17:11:34.290864+00:00,2026-09-10 17:11:34.292939+00:00,2026-09-10 17:11:34.291000+00:00,2026-09-10 17:11:34.331078+00:00,2026-09-10 17:11:34.331371+00:00,,,,,0.136,40.078,1.939,0.29300000000000004,18.47,28.018,86.995,CONFIRMED
M01,59235,2026-09-10 17:11:34.400317+00:00,2026-09-10 17:11:34.430304+00:00,2026-09-10 17:11:34.344765+00:00,2026-09-10 17:11:34.345543+00:00,2026-09-10 17:11:34.344929+00:00,2026-09-10 17:11:34.378465+00:00,2026-09-10 17:11:34.378795+00:00,,,,,0.164,33.536,0.614,0.33,21.522,29.987,85.539,CONFIRMED
M01,59236,2026-09-10 17:11:34.448929+00:00,2026-09-10 17:11:34.479674+00:00,2026-09-10 17:11:34.397313+00:00,2026-09-10 17:11:34.398031+00:00,2026-09-10 17:11:34.397470+00:00,2026-09-10 17:11:34.430774+00:00,2026-09-10 17:11:34.431248+00:00,,,,,0.157,33.304,0.5609999999999999,0.474,17.680999999999997,30.745,82.361,CONFIRMED
M01,59237,2026-09-10 17:11:34.497229+00:00,2026-09-10 17:11:34.528179+00:00,2026-09-10 17:11:34.450137+00:00,2026-09-10 17:11:34.450684+00:00,2026-09-10 17:11:34.450227+00:00,2026-09-10 17:11:34.480202+00:00,2026-09-10 17:11:34.480611+00:00,,,,,0.09000000000000001,29.975,0.457,0.40900000000000003,16.618000000000002,30.95,78.042,CONFIRMED
M01,59238,2026-09-10 17:11:34.546572+00:00,2026-09-10 17:11:34.575091+00:00,2026-09-10 17:11:34.502273+00:00,2026-09-10 17:11:34.502811+00:00,2026-09-10 17:11:34.502362+00:00,2026-09-10 17:11:34.528527+00:00,2026-09-10 17:11:34.528767+00:00,,,,,0.089,26.165,0.449,0.24000000000000002,17.805,28.519,72.818,CONFIRMED
M01,59239,2026-09-10 17:11:34.593557+00:00,2026-09-10 17:11:34.621128+00:00,2026-09-10 17:11:34.556081+00:00,2026-09-10 17:11:34.556694+00:00,2026-09-10 17:11:34.556194+00:00,2026-09-10 17:11:34.575553+00:00,2026-09-10 17:11:34.576066+00:00,,,,,0.11299999999999999,19.359,0.5,0.513,17.491,27.570999999999998,65.047,CONFIRMED
M01,59240,2026-09-10 17:11:34.663673+00:00,2026-09-10 17:11:34.694036+00:00,2026-09-10 17:11:34.608292+00:00,2026-09-10 17:11:34.610139+00:00,2026-09-10 17:11:34.608443+00:00,2026-09-10 17:11:34.621923+00:00,2026-09-10 17:11:34.622248+00:00,,,,,0.15100000000000002,13.48,1.696,0.325,41.425,30.363,85.744,CONFIRMED
M01,59241,2026-09-10 17:11:34.709660+00:00,2026-09-10 17:11:34.740638+00:00,2026-09-10 17:11:34.663292+00:00,2026-09-10 17:11:34.663893+00:00,2026-09-10 17:11:34.663438+00:00,2026-09-10 17:11:34.694442+00:00,2026-09-10 17:11:34.694686+00:00,,,,,0.146,31.004,0.455,0.244,14.974,30.977999999999998,77.346,CONFIRMED
M01,59242,2026-09-10 17:11:34.757643+00:00,2026-09-10 17:11:34.791273+00:00,2026-09-10 17:11:34.715613+00:00,2026-09-10 17:11:34.716118+00:00,2026-09-10 17:11:34.715723+00:00,2026-09-10 17:11:34.741161+00:00,2026-09-10 17:11:34.741737+00:00,,,,,0.11,25.438,0.395,0.5760000000000001,15.906,33.63,75.66000000000001,CONFIRMED
M01,59243,2026-09-10 17:11:34.813682+00:00,2026-09-10 17:11:34.843811+00:00,2026-09-10 17:11:34.767900+00:00,2026-09-10 17:11:34.770017+00:00,2026-09-10 17:11:34.768041+00:00,2026-09-10 17:11:34.791873+00:00,2026-09-10 17:11:34.792379+00:00,,,,,0.14100000000000001,23.832,1.976,0.506,21.302999999999997,30.128999999999998,75.911,CONFIRMED
M01,59244,2026-09-10 17:11:34.860756+00:00,2026-09-10 17:11:34.892338+00:00,2026-09-10 17:11:34.824479+00:00,2026-09-10 17:11:34.827486+00:00,2026-09-10 17:11:34.824622+00:00,2026-09-10 17:11:34.844201+00:00,2026-09-10 17:11:34.844490+00:00,,,,,0.14300000000000002,19.579,2.864,0.289,16.266,31.582,67.85900000000001,CONFIRMED
M01,59245,2026-09-10 17:11:34.916558+00:00,2026-09-10 17:11:34.951400+00:00,2026-09-10 17:11:34.879506+00:00,2026-09-10 17:11:34.880690+00:00,2026-09-10 17:11:34.879652+00:00,2026-09-10 17:11:34.892921+00:00,2026-09-10 17:11:34.893325+00:00,,,,,0.146,13.269,1.038,0.404,23.233,34.842,71.894,CONFIRMED
M01,59246,2026-09-10 17:11:34.970925+00:00,2026-09-10 17:11:35.009282+00:00,2026-09-10 17:11:34.934228+00:00,2026-09-10 17:11:34.935247+00:00,2026-09-10 17:11:34.934409+00:00,2026-09-10 17:11:34.952064+00:00,2026-09-10 17:11:34.952499+00:00,,,,,0.18100000000000002,17.655,0.838,0.435,18.426000000000002,38.357,75.054,CONFIRMED
M01,59247,2026-09-10 17:11:35.032066+00:00,2026-09-10 17:11:35.069338+00:00,2026-09-10 17:11:34.987205+00:00,2026-09-10 17:11:34.989641+00:00,2026-09-10 17:11:34.987372+00:00,2026-09-10 17:11:35.009855+00:00,2026-09-10 17:11:35.010309+00:00,,,,,0.16699999999999998,22.483,2.269,0.45399999999999996,21.756999999999998,37.272,82.133,CONFIRMED
M01,59248,2026-09-10 17:11:35.090238+00:00,2026-09-10 17:11:35.120827+00:00,2026-09-10 17:11:35.041862+00:00,2026-09-10 17:11:35.043787+00:00,2026-09-10 17:11:35.042301+00:00,2026-09-10 17:11:35.071029+00:00,2026-09-10 17:11:35.071408+00:00,,,,,0.439,28.728,1.486,0.379,18.83,30.589000000000002,78.96499999999999,CONFIRMED
M01,59249,2026-09-10 17:11:35.138599+00:00,2026-09-10 17:11:35.169391+00:00,2026-09-10 17:11:35.096991+00:00,2026-09-10 17:11:35.097851+00:00,2026-09-10 17:11:35.097125+00:00,2026-09-10 17:11:35.121150+00:00,2026-09-10 17:11:35.121391+00:00,,,,,0.134,24.025000000000002,0.726,0.241,17.208000000000002,30.792,72.4,CONFIRMED
M01,59250,2026-09-10 17:11:35.194489+00:00,2026-09-10 17:11:35.226144+00:00,2026-09-10 17:11:35.149659+00:00,2026-09-10 17:11:35.152828+00:00,2026-09-10 17:11:35.149830+00:00,2026-09-10 17:11:35.169945+00:00,2026-09-10 17:11:35.170271+00:00,,,,,0.171,20.115000000000002,2.9979999999999998,0.326,24.218,31.655,76.485,CONFIRMED
M01,59251,2026-09-10 17:11:35.245740+00:00,2026-09-10 17:11:35.279396+00:00,2026-09-10 17:11:35.205699+00:00,2026-09-10 17:11:35.207058+00:00,2026-09-10 17:11:35.205819+00:00,2026-09-10 17:11:35.226647+00:00,2026-09-10 17:11:35.227030+00:00,,,,,0.12000000000000001,20.828,1.239,0.383,18.71,33.656,73.697,CONFIRMED
M01,59252,2026-09-10 17:11:35.298370+00:00,2026-09-10 17:11:35.338052+00:00,2026-09-10 17:11:35.260096+00:00,2026-09-10 17:11:35.263730+00:00,2026-09-10 17:11:35.260261+00:00,2026-09-10 17:11:35.279909+00:00,2026-09-10 17:11:35.280243+00:00,,,,,0.165,19.648,3.469,0.33399999999999996,18.127000000000002,39.682,77.956,CONFIRMED
M01,59253,2026-09-10 17:11:35.358476+00:00,2026-09-10 17:11:35.390344+00:00,2026-09-10 17:11:35.316525+00:00,2026-09-10 17:11:35.317390+00:00,2026-09-10 17:11:35.316773+00:00,2026-09-10 17:11:35.338529+00:00,2026-09-10 17:11:35.338856+00:00,,,,,0.248,21.756,0.617,0.32699999999999996,19.619999999999997,31.868000000000002,73.819,CONFIRMED
M01,59254,2026-09-10 17:11:35.413364+00:00,2026-09-10 17:11:35.447126+00:00,2026-09-10 17:11:35.371111+00:00,2026-09-10 17:11:35.375904+00:00,2026-09-10 17:11:35.371269+00:00,2026-09-10 17:11:35.390870+00:00,2026-09-10 17:11:35.391218+00:00,,,,,0.158,19.601,4.635,0.348,22.146,33.762,76.015,CONFIRMED
M01,59255,2026-09-10 17:11:35.467088+00:00,2026-09-10 17:11:35.502930+00:00,2026-09-10 17:11:35.428430+00:00,2026-09-10 17:11:35.429606+00:00,2026-09-10 17:11:35.428630+00:00,2026-09-10 17:11:35.447676+00:00,2026-09-10 17:11:35.448054+00:00,,,,,0.2,19.046,0.976,0.378,19.034,35.842,74.5,CONFIRMED
M01,59256,2026-09-10 17:11:35.522285+00:00,2026-09-10 17:11:35.558151+00:00,2026-09-10 17:11:35.482681+00:00,2026-09-10 17:11:35.483610+00:00,2026-09-10 17:11:35.482824+00:00,2026-09-10 17:11:35.503560+00:00,2026-09-10 17:11:35.503899+00:00,,,,,0.14300000000000002,20.736,0.786,0.339,18.386,35.866,75.47,CONFIRMED
M01,59257,2026-09-10 17:11:35.582967+00:00,2026-09-10 17:11:35.622620+00:00,2026-09-10 17:11:35.538074+00:00,2026-09-10 17:11:35.538955+00:00,2026-09-10 17:11:35.538267+00:00,2026-09-10 17:11:35.558649+00:00,2026-09-10 17:11:35.559069+00:00,,,,,0.193,20.382,0.6880000000000001,0.42000000000000004,23.898,39.653,84.54599999999999,CONFIRMED
M01,59258,2026-09-10 17:11:35.639627+00:00,2026-09-10 17:11:35.676164+00:00,2026-09-10 17:11:35.591343+00:00,2026-09-10 17:11:35.594362+00:00,2026-09-10 17:11:35.591528+00:00,2026-09-10 17:11:35.623225+00:00,2026-09-10 17:11:35.623525+00:00,,,,,0.185,31.697000000000003,2.834,0.3,16.102,36.537,84.821,CONFIRMED
M01,59259,2026-09-10 17:11:35.695430+00:00,2026-09-10 17:11:35.723793+00:00,2026-09-10 17:11:35.646147+00:00,2026-09-10 17:11:35.647958+00:00,2026-09-10 17:11:35.646337+00:00,2026-09-10 17:11:35.676710+00:00,2026-09-10 17:11:35.677090+00:00,,,,,0.19,30.373,1.621,0.38,18.34,28.363,77.646,CONFIRMED
M01,59260,2026-09-10 17:11:35.740128+00:00,2026-09-10 17:11:35.770585+00:00,2026-09-10 17:11:35.699646+00:00,2026-09-10 17:11:35.702462+00:00,2026-09-10 17:11:35.699806+00:00,2026-09-10 17:11:35.724133+00:00,2026-09-10 17:11:35.724424+00:00,,,,,0.16,24.327,2.656,0.29100000000000004,15.703999999999999,30.457,70.93900000000001,CONFIRMED
M01,59261,2026-09-10 17:11:35.790587+00:00,2026-09-10 17:11:35.821459+00:00,2026-09-10 17:11:35.754156+00:00,2026-09-10 17:11:35.754987+00:00,2026-09-10 17:11:35.754331+00:00,2026-09-10 17:11:35.771074+00:00,2026-09-10 17:11:35.771460+00:00,,,,,0.175,16.743000000000002,0.656,0.386,19.127000000000002,30.872,67.303,CONFIRMED
M01,59262,2026-09-10 17:11:35.841113+00:00,2026-09-10 17:11:35.872223+00:00,2026-09-10 17:11:35.806873+00:00,2026-09-10 17:11:35.807649+00:00,2026-09-10 17:11:35.807098+00:00,2026-09-10 17:11:35.822017+00:00,2026-09-10 17:11:35.822308+00:00,,,,,0.225,14.919,0.5509999999999999,0.29100000000000004,18.805,31.11,65.35000000000001,CONFIRMED
M01,59263,2026-09-10 17:11:35.893047+00:00,2026-09-10 17:11:35.926579+00:00,2026-09-10 17:11:35.859415+00:00,2026-09-10 17:11:35.861387+00:00,2026-09-10 17:11:35.859556+00:00,2026-09-10 17:11:35.872851+00:00,2026-09-10 17:11:35.873178+00:00,,,,,0.14100000000000001,13.295,1.831,0.32699999999999996,19.869,33.532,67.164,CONFIRMED
M01,59264,2026-09-10 17:11:35.956508+00:00,2026-09-10 17:11:35.984300+00:00,2026-09-10 17:11:35.914690+00:00,2026-09-10 17:11:35.915910+00:00,2026-09-10 17:11:35.914902+00:00,2026-09-10 17:11:35.927643+00:00,2026-09-10 17:11:35.928185+00:00,,,,,0.212,12.741000000000001,1.008,0.5419999999999999,28.323,27.792,69.61,CONFIRMED
M01,59265,2026-09-10 17:11:36.005319+00:00,2026-09-10 17:11:36.032243+00:00,2026-09-10 17:11:35.969034+00:00,2026-09-10 17:11:35.971400+00:00,2026-09-10 17:11:35.969196+00:00,2026-09-10 17:11:35.984721+00:00,2026-09-10 17:11:35.985022+00:00,,,,,0.162,15.525,2.2039999999999997,0.301,20.297,26.924,63.209,CONFIRMED
M01,59266,2026-09-10 17:11:36.048350+00:00,2026-09-10 17:11:36.076033+00:00,2026-09-10 17:11:36.025662+00:00,2026-09-10 17:11:36.026773+00:00,2026-09-10 17:11:36.025852+00:00,2026-09-10 17:11:36.032724+00:00,2026-09-10 17:11:36.032986+00:00,,,,,0.19,6.872,0.921,0.262,15.363999999999999,27.683,50.371,CONFIRMED
M01,59267,2026-09-10 17:11:36.107575+00:00,2026-09-10 17:11:36.135047+00:00,2026-09-10 17:11:36.081595+00:00,2026-09-10 17:11:36.082318+00:00,2026-09-10 17:11:36.081697+00:00,2026-09-10 17:11:36.082426+00:00,2026-09-10 17:11:36.082934+00:00,,,,,0.102,0.7290000000000001,0.621,0.508,24.641,27.472,53.452,CONFIRMED
M01,59268,2026-09-10 17:11:36.154223+00:00,2026-09-10 17:11:36.180164+00:00,2026-09-10 17:11:36.134235+00:00,2026-09-10 17:11:36.138068+00:00,2026-09-10 17:11:36.134343+00:00,2026-09-10 17:11:36.135563+00:00,2026-09-10 17:11:36.135991+00:00,,,,,0.108,1.22,3.725,0.428,18.232000000000003,25.941,45.928999999999995,CONFIRMED
M01,59269,2026-09-10 17:11:36.221394+00:00,2026-09-10 17:11:36.251080+00:00,2026-09-10 17:11:36.194000+00:00,2026-09-10 17:11:36.195294+00:00,2026-09-10 17:11:36.194251+00:00,2026-09-10 17:11:36.195070+00:00,2026-09-10 17:11:36.195464+00:00,,,,,0.251,0.819,1.0430000000000001,0.39399999999999996,25.930000000000003,29.686,57.08,CONFIRMED
M01,59270,2026-09-10 17:11:36.278848+00:00,2026-09-10 17:11:36.304800+00:00,2026-09-10 17:11:36.247010+00:00,2026-09-10 17:11:36.248223+00:00,2026-09-10 17:11:36.247161+00:00,2026-09-10 17:11:36.251608+00:00,2026-09-10 17:11:36.251939+00:00,,,,,0.15100000000000002,4.447,1.062,0.331,26.909,25.951999999999998,57.79,CONFIRMED
M01,59271,2026-09-10 17:11:36.331693+00:00,2026-09-10 17:11:36.363374+00:00,2026-09-10 17:11:36.301149+00:00,2026-09-10 17:11:36.301938+00:00,2026-09-10 17:11:36.301294+00:00,2026-09-10 17:11:36.305707+00:00,2026-09-10 17:11:36.306075+00:00,,,,,0.145,4.413,0.644,0.368,25.618,31.681,62.225,CONFIRMED
M01,59272,2026-09-10 17:11:36.385847+00:00,2026-09-10 17:11:36.410735+00:00,2026-09-10 17:11:36.354223+00:00,2026-09-10 17:11:36.355146+00:00,2026-09-10 17:11:36.354388+00:00,2026-09-10 17:11:36.363937+00:00,2026-09-10 17:11:36.364254+00:00,,,,,0.165,9.549,0.758,0.317,21.593,24.888,56.512,CONFIRMED
M01,59273,2026-09-10 17:11:36.426547+00:00,2026-09-10 17:11:36.452674+00:00,2026-09-10 17:11:36.407048+00:00,2026-09-10 17:11:36.407975+00:00,2026-09-10 17:11:36.407248+00:00,2026-09-10 17:11:36.411101+00:00,2026-09-10 17:11:36.411358+00:00,,,,,0.2,3.853,0.727,0.257,15.189,26.127000000000002,45.626,CONFIRMED
M01,59274,2026-09-10 17:11:36.480313+00:00,2026-09-10 17:11:36.505992+00:00,2026-09-10 17:11:36.459477+00:00,2026-09-10 17:11:36.460219+00:00,2026-09-10 17:11:36.459646+00:00,2026-09-10 17:11:36.460351+00:00,2026-09-10 17:11:36.460824+00:00,,,,,0.16899999999999998,0.705,0.5730000000000001,0.47300000000000003,19.489,25.679000000000002,46.515,CONFIRMED
M01,59275,2026-09-10 17:11:36.539389+00:00,2026-09-10 17:11:36.565509+00:00,2026-09-10 17:11:36.514599+00:00,2026-09-10 17:11:36.515616+00:00,2026-09-10 17:11:36.514733+00:00,2026-09-10 17:11:36.515555+00:00,2026-09-10 17:11:36.515983+00:00,,,,,0.134,0.8220000000000001,0.883,0.428,23.406,26.12,50.91,CONFIRMED
M01,59276,2026-09-10 17:11:36.584731+00:00,2026-09-10 17:11:36.610052+00:00,2026-09-10 17:11:36.567787+00:00,2026-09-10 17:11:36.568829+00:00,2026-09-10 17:11:36.567976+00:00,2026-09-10 17:11:36.569073+00:00,2026-09-10 17:11:36.569341+00:00,,,,,0.189,1.0970000000000002,0.853,0.268,15.389999999999999,25.321,42.265,CONFIRMED
M01,59277,2026-09-10 17:11:36.642323+00:00,2026-09-10 17:11:36.667707+00:00,2026-09-10 17:11:36.620437+00:00,2026-09-10 17:11:36.621384+00:00,2026-09-10 17:11:36.620552+00:00,2026-09-10 17:11:36.621133+00:00,2026-09-10 17:11:36.621514+00:00,,,,,0.115,0.5810000000000001,0.832,0.381,20.809,25.384,47.269999999999996,CONFIRMED
M01,59278,2026-09-10 17:11:36.709403+00:00,2026-09-10 17:11:36.735767+00:00,2026-09-10 17:11:36.672841+00:00,2026-09-10 17:11:36.674025+00:00,2026-09-10 17:11:36.672985+00:00,2026-09-10 17:11:36.673740+00:00,2026-09-10 17:11:36.674096+00:00,,,,,0.14400000000000002,0.755,1.0399999999999998,0.356,35.306999999999995,26.363999999999997,62.925999999999995,CONFIRMED
M01,59279,2026-09-10 17:11:36.755954+00:00,2026-09-10 17:11:36.781390+00:00,2026-09-10 17:11:36.728116+00:00,2026-09-10 17:11:36.729014+00:00,2026-09-10 17:11:36.728252+00:00,2026-09-10 17:11:36.736568+00:00,2026-09-10 17:11:36.736978+00:00,,,,,0.136,8.316,0.762,0.41,18.976,25.436,53.274,CONFIRMED
M01,59280,2026-09-10 17:11:36.813666+00:00,2026-09-10 17:11:36.848389+00:00,2026-09-10 17:11:36.780816+00:00,2026-09-10 17:11:36.781490+00:00,2026-09-10 17:11:36.780944+00:00,2026-09-10 17:11:36.782287+00:00,2026-09-10 17:11:36.783072+00:00,,,,,0.128,1.343,0.546,0.785,30.594,34.723,67.573,CONFIRMED
M01,59281,2026-09-10 17:11:36.866587+00:00,2026-09-10 17:11:36.895077+00:00,2026-09-10 17:11:36.835769+00:00,2026-09-10 17:11:36.836787+00:00,2026-09-10 17:11:36.835947+00:00,2026-09-10 17:11:36.848765+00:00,2026-09-10 17:11:36.849070+00:00,,,,,0.178,12.818,0.8400000000000001,0.305,17.517000000000003,28.490000000000002,59.308,CONFIRMED
M01,59282,2026-09-10 17:11:36.914262+00:00,2026-09-10 17:11:36.942298+00:00,2026-09-10 17:11:36.890180+00:00,2026-09-10 17:11:36.890776+00:00,2026-09-10 17:11:36.890369+00:00,2026-09-10 17:11:36.895411+00:00,2026-09-10 17:11:36.895640+00:00,,,,,0.189,5.042,0.40700000000000003,0.229,18.622,28.035999999999998,52.117999999999995,CONFIRMED
M01,59283,2026-09-10 17:11:36.964535+00:00,2026-09-10 17:11:36.988990+00:00,2026-09-10 17:11:36.944259+00:00,2026-09-10 17:11:36.944887+00:00,2026-09-10 17:11:36.944355+00:00,2026-09-10 17:11:36.944790+00:00,2026-09-10 17:11:36.945049+00:00,,,,,0.096,0.435,0.532,0.259,19.486,24.455000000000002,44.731,CONFIRMED
M01,59284,2026-09-10 17:11:37.016220+00:00,2026-09-10 17:11:37.041403+00:00,2026-09-10 17:11:36.996147+00:00,2026-09-10 17:11:36.996972+00:00,2026-09-10 17:11:36.996242+00:00,2026-09-10 17:11:36.996729+00:00,2026-09-10 17:11:36.997024+00:00,,,,,0.095,0.48700000000000004,0.73,0.29500000000000004,19.196,25.183,45.256,CONFIRMED
M01,59285,2026-09-10 17:11:37.075395+00:00,2026-09-10 17:11:37.110297+00:00,2026-09-10 17:11:37.048967+00:00,2026-09-10 17:11:37.049742+00:00,2026-09-10 17:11:37.049131+00:00,2026-09-10 17:11:37.049754+00:00,2026-09-10 17:11:37.050083+00:00,,,,,0.164,0.623,0.611,0.32899999999999996,25.312,34.902,61.330000000000005,CONFIRMED
M01,59286,2026-09-10 17:11:37.126994+00:00,2026-09-10 17:11:37.155729+00:00,2026-09-10 17:11:37.104097+00:00,2026-09-10 17:11:37.104789+00:00,2026-09-10 17:11:37.104244+00:00,2026-09-10 17:11:37.110985+00:00,2026-09-10 17:11:37.111301+00:00,,,,,0.147,6.741,0.545,0.316,15.692999999999998,28.735,51.632,CONFIRMED
M01,59287,2026-09-10 17:11:37.180885+00:00,2026-09-10 17:11:37.207388+00:00,2026-09-10 17:11:37.156804+00:00,2026-09-10 17:11:37.157387+00:00,2026-09-10 17:11:37.156885+00:00,2026-09-10 17:11:37.157315+00:00,2026-09-10 17:11:37.157803+00:00,,,,,0.081,0.43,0.502,0.488,23.081999999999997,26.503,50.583999999999996,CONFIRMED
M01,59288,2026-09-10 17:11:37.232248+00:00,2026-09-10 17:11:37.257805+00:00,2026-09-10 17:11:37.210872+00:00,2026-09-10 17:11:37.211686+00:00,2026-09-10 17:11:37.211002+00:00,2026-09-10 17:11:37.211566+00:00,2026-09-10 17:11:37.211990+00:00,,,,,0.12999999999999998,0.5640000000000001,0.684,0.424,20.258000000000003,25.557,46.933,CONFIRMED
M01,59289,2026-09-10 17:11:37.289328+00:00,2026-09-10 17:11:37.321551+00:00,2026-09-10 17:11:37.265880+00:00,2026-09-10 17:11:37.266745+00:00,2026-09-10 17:11:37.266116+00:00,2026-09-10 17:11:37.266695+00:00,2026-09-10 17:11:37.267044+00:00,,,,,0.236,0.579,0.629,0.34900000000000003,22.284000000000002,32.223,55.671,CONFIRMED
M01,59290,2026-09-10 17:11:37.344118+00:00,2026-09-10 17:11:37.380389+00:00,2026-09-10 17:11:37.318419+00:00,2026-09-10 17:11:37.322683+00:00,2026-09-10 17:11:37.318562+00:00,2026-09-10 17:11:37.322462+00:00,2026-09-10 17:11:37.322875+00:00,,,,,0.14300000000000002,3.9,4.1209999999999996,0.41300000000000003,21.243000000000002,36.271,61.97,CONFIRMED
M01,59291,2026-09-10 17:11:37.400588+00:00,2026-09-10 17:11:37.429115+00:00,2026-09-10 17:11:37.374928+00:00,2026-09-10 17:11:37.376181+00:00,2026-09-10 17:11:37.375106+00:00,2026-09-10 17:11:37.380880+00:00,2026-09-10 17:11:37.381269+00:00,,,,,0.178,5.774,1.075,0.389,19.319,28.527,54.187,CONFIRMED
M01,59292,2026-09-10 17:11:37.445036+00:00,2026-09-10 17:11:37.471158+00:00,2026-09-10 17:11:37.428276+00:00,2026-09-10 17:11:37.429005+00:00,2026-09-10 17:11:37.428394+00:00,2026-09-10 17:11:37.429471+00:00,2026-09-10 17:11:37.429935+00:00,,,,,0.118,1.077,0.611,0.464,15.100999999999999,26.122,42.882000000000005,CONFIRMED
M01,59293,2026-09-10 17:11:37.500486+00:00,2026-09-10 17:11:37.528279+00:00,2026-09-10 17:11:37.480447+00:00,2026-09-10 17:11:37.481169+00:00,2026-09-10 17:11:37.480571+00:00,2026-09-10 17:11:37.481113+00:00,2026-09-10 17:11:37.481403+00:00,,,,,0.124,0.5419999999999999,0.598,0.29,19.083,27.793000000000003,47.832,CONFIRMED
M01,59294,2026-09-10 17:11:37.552358+00:00,2026-09-10 17:11:37.580126+00:00,2026-09-10 17:11:37.533043+00:00,2026-09-10 17:11:37.533674+00:00,2026-09-10 17:11:37.533151+00:00,2026-09-10 17:11:37.533638+00:00,2026-09-10 17:11:37.534045+00:00,,,,,0.108,0.48700000000000004,0.523,0.40700000000000003,18.313,27.768,47.083,CONFIRMED
M01,59295,2026-09-10 17:11:37.609632+00:00,2026-09-10 17:11:37.644046+00:00,2026-09-10 17:11:37.587397+00:00,2026-09-10 17:11:37.587975+00:00,2026-09-10 17:11:37.587502+00:00,2026-09-10 17:11:37.590463+00:00,2026-09-10 17:11:37.590917+00:00,,,,,0.10500000000000001,2.9610000000000003,0.47300000000000003,0.45399999999999996,18.715,34.414,56.649,CONFIRMED
M01,59296,2026-09-10 17:11:37.670812+00:00,2026-09-10 17:11:37.709555+00:00,2026-09-10 17:11:37.639953+00:00,2026-09-10 17:11:37.640861+00:00,2026-09-10 17:11:37.640111+00:00,2026-09-10 17:11:37.644631+00:00,2026-09-10 17:11:37.645010+00:00,,,,,0.158,4.52,0.75,0.379,25.802,38.743,69.602,CONFIRMED
M01,59297,2026-09-10 17:11:37.734612+00:00,2026-09-10 17:11:37.772090+00:00,2026-09-10 17:11:37.693087+00:00,2026-09-10 17:11:37.694155+00:00,2026-09-10 17:11:37.693225+00:00,2026-09-10 17:11:37.710206+00:00,2026-09-10 17:11:37.710594+00:00,,,,,0.13799999999999998,16.980999999999998,0.93,0.388,24.018,37.477999999999994,79.003,CONFIRMED
M01,59298,2026-09-10 17:11:37.793440+00:00,2026-09-10 17:11:37.828327+00:00,2026-09-10 17:11:37.745755+00:00,2026-09-10 17:11:37.746478+00:00,2026-09-10 17:11:37.745936+00:00,2026-09-10 17:11:37.772583+00:00,2026-09-10 17:11:37.772936+00:00,,,,,0.18100000000000002,26.647000000000002,0.5419999999999999,0.35300000000000004,20.504,34.887,82.572,CONFIRMED
M01,59299,2026-09-10 17:11:37.845181+00:00,2026-09-10 17:11:37.872524+00:00,2026-09-10 17:11:37.800381+00:00,2026-09-10 17:11:37.801510+00:00,2026-09-10 17:11:37.800529+00:00,2026-09-10 17:11:37.828801+00:00,2026-09-10 17:11:37.829065+00:00,,,,,0.148,28.272,0.9810000000000001,0.264,16.116,27.343,72.143,CONFIRMED
M01,59300,2026-09-10 17:11:37.890251+00:00,2026-09-10 17:11:37.915250+00:00,2026-09-10 17:11:37.854303+00:00,2026-09-10 17:11:37.856286+00:00,2026-09-10 17:11:37.854458+00:00,2026-09-10 17:11:37.872974+00:00,2026-09-10 17:11:37.873255+00:00,,,,,0.155,18.516000000000002,1.828,0.281,16.996000000000002,24.999,60.947,CONFIRMED
M01,59301,2026-09-10 17:11:37.930179+00:00,2026-09-10 17:11:37.954307+00:00,2026-09-10 17:11:37.909591+00:00,2026-09-10 17:11:37.911165+00:00,2026-09-10 17:11:37.909751+00:00,2026-09-10 17:11:37.915564+00:00,2026-09-10 17:11:37.915790+00:00,,,,,0.16,5.813,1.414,0.22599999999999998,14.389000000000001,24.128,44.716,CONFIRMED
M01,59302,2026-09-10 17:11:37.985550+00:00,2026-09-10 17:11:38.014541+00:00,2026-09-10 17:11:37.963572+00:00,2026-09-10 17:11:37.967151+00:00,2026-09-10 17:11:37.963709+00:00,2026-09-10 17:11:37.964225+00:00,2026-09-10 17:11:37.964567+00:00,,,,,0.13699999999999998,0.516,3.442,0.342,20.983,28.991,50.969,CONFIRMED
M01,59303,2026-09-10 17:11:38.043848+00:00,2026-09-10 17:11:38.070957+00:00,2026-09-10 17:11:38.018869+00:00,2026-09-10 17:11:38.019875+00:00,2026-09-10 17:11:38.018974+00:00,2026-09-10 17:11:38.019783+00:00,2026-09-10 17:11:38.020167+00:00,,,,,0.10500000000000001,0.809,0.901,0.384,23.681,27.109,52.088,CONFIRMED
M01,59304,2026-09-10 17:11:38.094771+00:00,2026-09-10 17:11:38.121054+00:00,2026-09-10 17:11:38.073178+00:00,2026-09-10 17:11:38.074517+00:00,2026-09-10 17:11:38.073314+00:00,2026-09-10 17:11:38.074636+00:00,2026-09-10 17:11:38.075130+00:00,,,,,0.136,1.322,1.203,0.494,19.641,26.283,47.876000000000005,CONFIRMED
M01,59305,2026-09-10 17:11:38.156652+00:00,2026-09-10 17:11:38.192686+00:00,2026-09-10 17:11:38.129733+00:00,2026-09-10 17:11:38.130736+00:00,2026-09-10 17:11:38.129883+00:00,2026-09-10 17:11:38.130674+00:00,2026-09-10 17:11:38.131015+00:00,,,,,0.15,0.791,0.853,0.34099999999999997,25.637,36.034,62.952999999999996,CONFIRMED
M01,59306,2026-09-10 17:11:38.214486+00:00,2026-09-10 17:11:38.244303+00:00,2026-09-10 17:11:38.187945+00:00,2026-09-10 17:11:38.190395+00:00,2026-09-10 17:11:38.188129+00:00,2026-09-10 17:11:38.193331+00:00,2026-09-10 17:11:38.193752+00:00,,,,,0.184,5.202,2.2659999999999996,0.421,20.733999999999998,29.817,56.358,CONFIRMED
M01,59307,2026-09-10 17:11:38.263955+00:00,2026-09-10 17:11:38.296341+00:00,2026-09-10 17:11:38.243153+00:00,2026-09-10 17:11:38.243971+00:00,2026-09-10 17:11:38.243255+00:00,2026-09-10 17:11:38.244740+00:00,2026-09-10 17:11:38.244962+00:00,,,,,0.102,1.485,0.716,0.222,18.993,32.385999999999996,53.188,CONFIRMED
M01,59308,2026-09-10 17:11:38.319504+00:00,2026-09-10 17:11:38.345855+00:00,2026-09-10 17:11:38.298242+00:00,2026-09-10 17:11:38.298958+00:00,2026-09-10 17:11:38.298361+00:00,2026-09-10 17:11:38.298929+00:00,2026-09-10 17:11:38.299297+00:00,,,,,0.11900000000000001,0.5680000000000001,0.597,0.368,20.207,26.351,47.613,CONFIRMED
M01,59309,2026-09-10 17:11:38.370996+00:00,2026-09-10 17:11:38.398473+00:00,2026-09-10 17:11:38.350943+00:00,2026-09-10 17:11:38.353148+00:00,2026-09-10 17:11:38.351055+00:00,2026-09-10 17:11:38.351592+00:00,2026-09-10 17:11:38.351969+00:00,,,,,0.112,0.537,2.093,0.377,19.026999999999997,27.477,47.53,CONFIRMED
M01,59310,2026-09-10 17:11:38.430520+00:00,2026-09-10 17:11:38.457914+00:00,2026-09-10 17:11:38.405429+00:00,2026-09-10 17:11:38.406118+00:00,2026-09-10 17:11:38.405559+00:00,2026-09-10 17:11:38.406117+00:00,2026-09-10 17:11:38.406483+00:00,,,,,0.12999999999999998,0.558,0.559,0.366,24.037,27.394000000000002,52.485,CONFIRMED
M01,59311,2026-09-10 17:11:38.474976+00:00,2026-09-10 17:11:38.500648+00:00,2026-09-10 17:11:38.459039+00:00,2026-09-10 17:11:38.459709+00:00,2026-09-10 17:11:38.459142+00:00,2026-09-10 17:11:38.459595+00:00,2026-09-10 17:11:38.459871+00:00,,,,,0.103,0.453,0.5670000000000001,0.27599999999999997,15.105,25.672,41.609,CONFIRMED
M01,59312,2026-09-10 17:11:38.535928+00:00,2026-09-10 17:11:38.561690+00:00,2026-09-10 17:11:38.511616+00:00,2026-09-10 17:11:38.512414+00:00,2026-09-10 17:11:38.511745+00:00,2026-09-10 17:11:38.512275+00:00,2026-09-10 17:11:38.512555+00:00,,,,,0.129,0.53,0.669,0.27999999999999997,23.373,25.762,50.074,CONFIRMED
M01,59313,2026-09-10 17:11:38.587568+00:00,2026-09-10 17:11:38.613945+00:00,2026-09-10 17:11:38.567962+00:00,2026-09-10 17:11:38.568851+00:00,2026-09-10 17:11:38.568084+00:00,2026-09-10 17:11:38.568822+00:00,2026-09-10 17:11:38.569194+00:00,,,,,0.122,0.7380000000000001,0.767,0.372,18.374000000000002,26.377000000000002,45.983000000000004,CONFIRMED
M01,59314,2026-09-10 17:11:38.636463+00:00,2026-09-10 17:11:38.663300+00:00,2026-09-10 17:11:38.620305+00:00,2026-09-10 17:11:38.621207+00:00,2026-09-10 17:11:38.620416+00:00,2026-09-10 17:11:38.620833+00:00,2026-09-10 17:11:38.621106+00:00,,,,,0.111,0.417,0.791,0.273,15.357000000000001,26.837,42.995,CONFIRMED
M01,59315,2026-09-10 17:11:38.699032+00:00,2026-09-10 17:11:38.729169+00:00,2026-09-10 17:11:38.673735+00:00,2026-09-10 17:11:38.676038+00:00,2026-09-10 17:11:38.673953+00:00,2026-09-10 17:11:38.674564+00:00,2026-09-10 17:11:38.675087+00:00,,,,,0.21800000000000003,0.611,2.085,0.523,23.945,30.137,55.434,CONFIRMED
M01,59316,2026-09-10 17:11:38.749870+00:00,2026-09-10 17:11:38.789946+00:00,2026-09-10 17:11:38.727966+00:00,2026-09-10 17:11:38.728918+00:00,2026-09-10 17:11:38.728085+00:00,2026-09-10 17:11:38.729968+00:00,2026-09-10 17:11:38.730301+00:00,,,,,0.11900000000000001,1.883,0.833,0.333,19.569,40.076,61.98,CONFIRMED
M01,59317,2026-09-10 17:11:38.809232+00:00,2026-09-10 17:11:38.836937+00:00,2026-09-10 17:11:38.780777+00:00,2026-09-10 17:11:38.782789+00:00,2026-09-10 17:11:38.780990+00:00,2026-09-10 17:11:38.790459+00:00,2026-09-10 17:11:38.790829+00:00,,,,,0.213,9.469,1.799,0.37,18.403,27.705000000000002,56.160000000000004,CONFIRMED
M01,59318,2026-09-10 17:11:38.860079+00:00,2026-09-10 17:11:38.887680+00:00,2026-09-10 17:11:38.837703+00:00,2026-09-10 17:11:38.838863+00:00,2026-09-10 17:11:38.837784+00:00,2026-09-10 17:11:38.838732+00:00,2026-09-10 17:11:38.839090+00:00,,,,,0.081,0.948,1.0790000000000002,0.358,20.989,27.601,49.977000000000004,CONFIRMED
M01,59319,2026-09-10 17:11:38.909669+00:00,2026-09-10 17:11:38.935571+00:00,2026-09-10 17:11:38.890743+00:00,2026-09-10 17:11:38.891331+00:00,2026-09-10 17:11:38.890849+00:00,2026-09-10 17:11:38.891262+00:00,2026-09-10 17:11:38.891610+00:00,,,,,0.106,0.41300000000000003,0.482,0.348,18.058999999999997,25.902,44.828,CONFIRMED
M01,59320,2026-09-10 17:11:38.964815+00:00,2026-09-10 17:11:38.990678+00:00,2026-09-10 17:11:38.943305+00:00,2026-09-10 17:11:38.943984+00:00,2026-09-10 17:11:38.943411+00:00,2026-09-10 17:11:38.943998+00:00,2026-09-10 17:11:38.944441+00:00,,,,,0.106,0.587,0.5730000000000001,0.443,20.374,25.863,47.373,CONFIRMED
M01,59321,2026-09-10 17:11:39.020040+00:00,2026-09-10 17:11:39.046943+00:00,2026-09-10 17:11:38.995997+00:00,2026-09-10 17:11:38.997573+00:00,2026-09-10 17:11:38.996171+00:00,2026-09-10 17:11:38.996910+00:00,2026-09-10 17:11:38.997327+00:00,,,,,0.174,0.739,1.4020000000000001,0.417,22.713,26.903,50.946,CONFIRMED
M01,59322,2026-09-10 17:11:39.071028+00:00,2026-09-10 17:11:39.101662+00:00,2026-09-10 17:11:39.050186+00:00,2026-09-10 17:11:39.050972+00:00,2026-09-10 17:11:39.050338+00:00,2026-09-10 17:11:39.050988+00:00,2026-09-10 17:11:39.051378+00:00,,,,,0.152,0.65,0.634,0.39,19.650000000000002,30.634,51.476,CONFIRMED
M01,59323,2026-09-10 17:11:39.125598+00:00,2026-09-10 17:11:39.152816+00:00,2026-09-10 17:11:39.108662+00:00,2026-09-10 17:11:39.110444+00:00,2026-09-10 17:11:39.108894+00:00,2026-09-10 17:11:39.109654+00:00,2026-09-10 17:11:39.109931+00:00,,,,,0.232,0.76,1.55,0.277,15.667,27.218,44.153999999999996,CONFIRMED
M01,59324,2026-09-10 17:11:39.184911+00:00,2026-09-10 17:11:39.212873+00:00,2026-09-10 17:11:39.163086+00:00,2026-09-10 17:11:39.163852+00:00,2026-09-10 17:11:39.163233+00:00,2026-09-10 17:11:39.164678+00:00,2026-09-10 17:11:39.165317+00:00,,,,,0.147,1.445,0.619,0.639,19.594,27.962,49.787,CONFIRMED
M01,59325,2026-09-10 17:11:39.237923+00:00,2026-09-10 17:11:39.272225+00:00,2026-09-10 17:11:39.216143+00:00,2026-09-10 17:11:39.217226+00:00,2026-09-10 17:11:39.216258+00:00,2026-09-10 17:11:39.217528+00:00,2026-09-10 17:11:39.217859+00:00,,,,,0.115,1.27,0.968,0.331,20.064,34.302,56.082,CONFIRMED
M01,59326,2026-09-10 17:11:39.294451+00:00,2026-09-10 17:11:39.321096+00:00,2026-09-10 17:11:39.269148+00:00,2026-09-10 17:11:39.269872+00:00,2026-09-10 17:11:39.269255+00:00,2026-09-10 17:11:39.272742+00:00,2026-09-10 17:11:39.273000+00:00,,,,,0.107,3.487,0.617,0.258,21.451,26.645,51.948,CONFIRMED
M01,59327,2026-09-10 17:11:39.346378+00:00,2026-09-10 17:11:39.371683+00:00,2026-09-10 17:11:39.326436+00:00,2026-09-10 17:11:39.327183+00:00,2026-09-10 17:11:39.326592+00:00,2026-09-10 17:11:39.327169+00:00,2026-09-10 17:11:39.327473+00:00,,,,,0.156,0.5770000000000001,0.5910000000000001,0.304,18.905,25.305,45.247,CONFIRMED
M01,59328,2026-09-10 17:11:39.403223+00:00,2026-09-10 17:11:39.436230+00:00,2026-09-10 17:11:39.382308+00:00,2026-09-10 17:11:39.383428+00:00,2026-09-10 17:11:39.382451+00:00,2026-09-10 17:11:39.383318+00:00,2026-09-10 17:11:39.383690+00:00,,,,,0.14300000000000002,0.867,0.977,0.372,19.532999999999998,33.007000000000005,53.922,CONFIRMED
M01,59329,2026-09-10 17:11:39.457313+00:00,2026-09-10 17:11:39.488936+00:00,2026-09-10 17:11:39.435433+00:00,2026-09-10 17:11:39.436018+00:00,2026-09-10 17:11:39.435541+00:00,2026-09-10 17:11:39.437432+00:00,2026-09-10 17:11:39.438013+00:00,,,,,0.108,1.891,0.477,0.5810000000000001,19.3,31.622999999999998,53.503,CONFIRMED
M01,59330,2026-09-10 17:11:39.508622+00:00,2026-09-10 17:11:39.539291+00:00,2026-09-10 17:11:39.488371+00:00,2026-09-10 17:11:39.490021+00:00,2026-09-10 17:11:39.488479+00:00,2026-09-10 17:11:39.489287+00:00,2026-09-10 17:11:39.489536+00:00,,,,,0.108,0.808,1.542,0.24899999999999997,19.086,30.668999999999997,50.92,CONFIRMED
M01,59331,2026-09-10 17:11:39.562740+00:00,2026-09-10 17:11:39.590901+00:00,2026-09-10 17:11:39.541983+00:00,2026-09-10 17:11:39.543883+00:00,2026-09-10 17:11:39.542084+00:00,2026-09-10 17:11:39.542590+00:00,2026-09-10 17:11:39.542922+00:00,,,,,0.101,0.506,1.799,0.332,19.817999999999998,28.160999999999998,48.918000000000006,CONFIRMED
M01,59332,2026-09-10 17:11:39.615269+00:00,2026-09-10 17:11:39.641371+00:00,2026-09-10 17:11:39.595813+00:00,2026-09-10 17:11:39.596620+00:00,2026-09-10 17:11:39.595926+00:00,2026-09-10 17:11:39.596606+00:00,2026-09-10 17:11:39.597069+00:00,,,,,0.11299999999999999,0.68,0.694,0.46299999999999997,18.2,26.102,45.558,CONFIRMED
M01,59333,2026-09-10 17:11:39.667562+00:00,2026-09-10 17:11:39.698134+00:00,2026-09-10 17:11:39.650188+00:00,2026-09-10 17:11:39.650808+00:00,2026-09-10 17:11:39.650300+00:00,2026-09-10 17:11:39.650841+00:00,2026-09-10 17:11:39.651194+00:00,,,,,0.112,0.541,0.508,0.35300000000000004,16.368000000000002,30.572,47.946000000000005,CONFIRMED
M01,59334,2026-09-10 17:11:39.729233+00:00,2026-09-10 17:11:39.769034+00:00,2026-09-10 17:11:39.702870+00:00,2026-09-10 17:11:39.703787+00:00,2026-09-10 17:11:39.703067+00:00,2026-09-10 17:11:39.703652+00:00,2026-09-10 17:11:39.703995+00:00,,,,,0.19699999999999998,0.585,0.7200000000000001,0.34299999999999997,25.238,39.801,66.164,CONFIRMED
M01,59335,2026-09-10 17:11:39.792597+00:00,2026-09-10 17:11:39.841395+00:00,2026-09-10 17:11:39.756023+00:00,2026-09-10 17:11:39.757464+00:00,2026-09-10 17:11:39.756199+00:00,2026-09-10 17:11:39.769713+00:00,2026-09-10 17:11:39.770074+00:00,,,,,0.176,13.514,1.2650000000000001,0.361,22.523,48.798,85.372,CONFIRMED
M01,59336,2026-09-10 17:11:39.870717+00:00,2026-09-10 17:11:39.911181+00:00,2026-09-10 17:11:39.809291+00:00,2026-09-10 17:11:39.810279+00:00,2026-09-10 17:11:39.809511+00:00,2026-09-10 17:11:39.842103+00:00,2026-09-10 17:11:39.842541+00:00,,,,,0.22,32.592000000000006,0.768,0.438,28.176,40.464,101.89,CONFIRMED
M01,59337,2026-09-10 17:11:39.939156+00:00,2026-09-10 17:11:39.976677+00:00,2026-09-10 17:11:39.864816+00:00,2026-09-10 17:11:39.868392+00:00,2026-09-10 17:11:39.865018+00:00,2026-09-10 17:11:39.911824+00:00,2026-09-10 17:11:39.912352+00:00,,,,,0.202,46.806,3.3739999999999997,0.528,26.804000000000002,37.521,111.861,CONFIRMED
M01,59338,2026-09-10 17:11:40.002640+00:00,2026-09-10 17:11:40.038294+00:00,2026-09-10 17:11:39.920875+00:00,2026-09-10 17:11:39.925927+00:00,2026-09-10 17:11:39.921079+00:00,2026-09-10 17:11:39.977232+00:00,2026-09-10 17:11:39.977570+00:00,,,,,0.204,56.153,4.848,0.33799999999999997,25.07,35.653999999999996,117.419,CONFIRMED
M01,59339,2026-09-10 17:11:40.060139+00:00,2026-09-10 17:11:40.096552+00:00,2026-09-10 17:11:39.979218+00:00,2026-09-10 17:11:39.980218+00:00,2026-09-10 17:11:39.979349+00:00,2026-09-10 17:11:40.038937+00:00,2026-09-10 17:11:40.039305+00:00,,,,,0.131,59.588,0.869,0.368,20.834,36.413000000000004,117.33399999999999,CONFIRMED
M01,59340,2026-09-10 17:11:40.117083+00:00,2026-09-10 17:11:40.153311+00:00,2026-09-10 17:11:40.032410+00:00,2026-09-10 17:11:40.033345+00:00,2026-09-10 17:11:40.032624+00:00,2026-09-10 17:11:40.097110+00:00,2026-09-10 17:11:40.097577+00:00,,,,,0.214,64.486,0.721,0.467,19.506,36.228,120.901,CONFIRMED
M01,59341,2026-09-10 17:11:40.174138+00:00,2026-09-10 17:11:40.201867+00:00,2026-09-10 17:11:40.086580+00:00,2026-09-10 17:11:40.088316+00:00,2026-09-10 17:11:40.086792+00:00,2026-09-10 17:11:40.153778+00:00,2026-09-10 17:11:40.154106+00:00,,,,,0.212,66.986,1.524,0.328,20.032,27.729,115.287,CONFIRMED
M01,59342,2026-09-10 17:11:40.217259+00:00,2026-09-10 17:11:40.243298+00:00,2026-09-10 17:11:40.140732+00:00,2026-09-10 17:11:40.144404+00:00,2026-09-10 17:11:40.140924+00:00,2026-09-10 17:11:40.202233+00:00,2026-09-10 17:11:40.202467+00:00,,,,,0.192,61.309000000000005,3.48,0.23399999999999999,14.792,26.038999999999998,102.566,CONFIRMED
M01,59343,2026-09-10 17:11:40.269775+00:00,2026-09-10 17:11:40.298523+00:00,2026-09-10 17:11:40.196124+00:00,2026-09-10 17:11:40.197104+00:00,2026-09-10 17:11:40.196292+00:00,2026-09-10 17:11:40.243687+00:00,2026-09-10 17:11:40.243965+00:00,,,,,0.16799999999999998,47.395,0.812,0.27799999999999997,25.81,28.747999999999998,102.399,CONFIRMED
M01,59344,2026-09-10 17:11:40.317182+00:00,2026-09-10 17:11:40.347223+00:00,2026-09-10 17:11:40.248859+00:00,2026-09-10 17:11:40.250252+00:00,2026-09-10 17:11:40.249073+00:00,2026-09-10 17:11:40.298993+00:00,2026-09-10 17:11:40.299354+00:00,,,,,0.214,49.92,1.1789999999999998,0.361,17.828,30.041,98.36399999999999,CONFIRMED
M01,59345,2026-09-10 17:11:40.365584+00:00,2026-09-10 17:11:40.394672+00:00,2026-09-10 17:11:40.303033+00:00,2026-09-10 17:11:40.303670+00:00,2026-09-10 17:11:40.303149+00:00,2026-09-10 17:11:40.347725+00:00,2026-09-10 17:11:40.348068+00:00,,,,,0.116,44.576,0.521,0.34299999999999997,17.516000000000002,29.088,91.639,CONFIRMED
M01,59346,2026-09-10 17:11:40.415192+00:00,2026-09-10 17:11:40.450023+00:00,2026-09-10 17:11:40.356731+00:00,2026-09-10 17:11:40.360286+00:00,2026-09-10 17:11:40.356908+00:00,2026-09-10 17:11:40.395172+00:00,2026-09-10 17:11:40.395517+00:00,,,,,0.177,38.264,3.378,0.345,19.675,34.831,93.292,CONFIRMED
M01,59347,2026-09-10 17:11:40.471535+00:00,2026-09-10 17:11:40.503717+00:00,2026-09-10 17:11:40.412517+00:00,2026-09-10 17:11:40.413595+00:00,2026-09-10 17:11:40.412676+00:00,2026-09-10 17:11:40.450847+00:00,2026-09-10 17:11:40.451224+00:00,,,,,0.159,38.171,0.919,0.377,20.311,32.182,91.2,CONFIRMED
M01,59348,2026-09-10 17:11:40.520559+00:00,2026-09-10 17:11:40.551135+00:00,2026-09-10 17:11:40.466249+00:00,2026-09-10 17:11:40.467154+00:00,2026-09-10 17:11:40.466470+00:00,2026-09-10 17:11:40.504170+00:00,2026-09-10 17:11:40.504495+00:00,,,,,0.221,37.699999999999996,0.684,0.325,16.064,30.576,84.88600000000001,CONFIRMED
M01,59349,2026-09-10 17:11:40.570313+00:00,2026-09-10 17:11:40.600592+00:00,2026-09-10 17:11:40.521345+00:00,2026-09-10 17:11:40.522019+00:00,2026-09-10 17:11:40.521503+00:00,2026-09-10 17:11:40.551656+00:00,2026-09-10 17:11:40.551996+00:00,,,,,0.158,30.153,0.516,0.34,18.317,30.279,79.247,CONFIRMED
M01,59350,2026-09-10 17:11:40.619375+00:00,2026-09-10 17:11:40.650675+00:00,2026-09-10 17:11:40.573859+00:00,2026-09-10 17:11:40.574805+00:00,2026-09-10 17:11:40.573992+00:00,2026-09-10 17:11:40.601060+00:00,2026-09-10 17:11:40.601553+00:00,,,,,0.133,27.067999999999998,0.8130000000000001,0.49299999999999994,17.822000000000003,31.3,76.816,CONFIRMED
M01,59351,2026-09-10 17:11:40.668178+00:00,2026-09-10 17:11:40.696105+00:00,2026-09-10 17:11:40.626596+00:00,2026-09-10 17:11:40.627885+00:00,2026-09-10 17:11:40.626692+00:00,2026-09-10 17:11:40.651749+00:00,2026-09-10 17:11:40.652090+00:00,,,,,0.096,25.057,1.193,0.34099999999999997,16.088,27.927,69.509,CONFIRMED
M01,59352,2026-09-10 17:11:40.713466+00:00,2026-09-10 17:11:40.746086+00:00,2026-09-10 17:11:40.679381+00:00,2026-09-10 17:11:40.680858+00:00,2026-09-10 17:11:40.679531+00:00,2026-09-10 17:11:40.696718+00:00,2026-09-10 17:11:40.697095+00:00,,,,,0.15,17.187,1.327,0.377,16.371,32.620000000000005,66.705,CONFIRMED
M01,59353,2026-09-10 17:11:40.766231+00:00,2026-09-10 17:11:40.798246+00:00,2026-09-10 17:11:40.734422+00:00,2026-09-10 17:11:40.737977+00:00,2026-09-10 17:11:40.734596+00:00,2026-09-10 17:11:40.746577+00:00,2026-09-10 17:11:40.746893+00:00,,,,,0.174,11.981,3.381,0.316,19.338,32.015,63.824000000000005,CONFIRMED
M01,59354,2026-09-10 17:11:40.820138+00:00,2026-09-10 17:11:40.847474+00:00,2026-09-10 17:11:40.790048+00:00,2026-09-10 17:11:40.792286+00:00,2026-09-10 17:11:40.790247+00:00,2026-09-10 17:11:40.798765+00:00,2026-09-10 17:11:40.799097+00:00,,,,,0.199,8.517999999999999,2.039,0.332,21.041,27.336,57.425999999999995,CONFIRMED
M01,59355,2026-09-10 17:11:40.865848+00:00,2026-09-10 17:11:40.904256+00:00,2026-09-10 17:11:40.844015+00:00,2026-09-10 17:11:40.844724+00:00,2026-09-10 17:11:40.844105+00:00,2026-09-10 17:11:40.847976+00:00,2026-09-10 17:11:40.848300+00:00,,,,,0.09000000000000001,3.871,0.619,0.324,17.548000000000002,38.408,60.241,CONFIRMED
M01,59356,2026-09-10 17:11:40.926182+00:00,2026-09-10 17:11:40.956686+00:00,2026-09-10 17:11:40.897363+00:00,2026-09-10 17:11:40.898159+00:00,2026-09-10 17:11:40.897531+00:00,2026-09-10 17:11:40.904653+00:00,2026-09-10 17:11:40.905144+00:00,,,,,0.16799999999999998,7.122,0.628,0.491,21.038,30.504,59.323,CONFIRMED
M01,59357,2026-09-10 17:11:40.984069+00:00,2026-09-10 17:11:41.014214+00:00,2026-09-10 17:11:40.951128+00:00,2026-09-10 17:11:40.955068+00:00,2026-09-10 17:11:40.951395+00:00,2026-09-10 17:11:40.957198+00:00,2026-09-10 17:11:40.957542+00:00,,,,,0.26699999999999996,5.803,3.673,0.34400000000000003,26.526999999999997,30.145000000000003,63.086000000000006,CONFIRMED
M01,59358,2026-09-10 17:11:41.037049+00:00,2026-09-10 17:11:41.065936+00:00,2026-09-10 17:11:41.012797+00:00,2026-09-10 17:11:41.013543+00:00,2026-09-10 17:11:41.012942+00:00,2026-09-10 17:11:41.014849+00:00,2026-09-10 17:11:41.015142+00:00,,,,,0.145,1.907,0.601,0.29300000000000004,21.907,28.887,53.138999999999996,CONFIRMED
M01,59359,2026-09-10 17:11:41.094598+00:00,2026-09-10 17:11:41.133461+00:00,2026-09-10 17:11:41.065252+00:00,2026-09-10 17:11:41.066551+00:00,2026-09-10 17:11:41.065345+00:00,2026-09-10 17:11:41.066289+00:00,2026-09-10 17:11:41.066733+00:00,,,,,0.093,0.944,1.206,0.444,27.865000000000002,38.863,68.209,CONFIRMED
M01,59360,2026-09-10 17:11:41.163701+00:00,2026-09-10 17:11:41.194777+00:00,2026-09-10 17:11:41.118514+00:00,2026-09-10 17:11:41.121021+00:00,2026-09-10 17:11:41.118806+00:00,2026-09-10 17:11:41.134301+00:00,2026-09-10 17:11:41.134750+00:00,,,,,0.292,15.495,2.215,0.449,28.951,31.076,76.26299999999999,CONFIRMED
M01,59361,2026-09-10 17:11:41.212491+00:00,2026-09-10 17:11:41.241721+00:00,2026-09-10 17:11:41.173412+00:00,2026-09-10 17:11:41.175491+00:00,2026-09-10 17:11:41.173556+00:00,2026-09-10 17:11:41.195217+00:00,2026-09-10 17:11:41.195486+00:00,,,,,0.14400000000000002,21.661,1.935,0.26899999999999996,17.005,29.23,68.309,CONFIRMED
M01,59362,2026-09-10 17:11:41.258689+00:00,2026-09-10 17:11:41.284913+00:00,2026-09-10 17:11:41.227843+00:00,2026-09-10 17:11:41.229887+00:00,2026-09-10 17:11:41.228078+00:00,2026-09-10 17:11:41.242179+00:00,2026-09-10 17:11:41.242509+00:00,,,,,0.235,14.101,1.8090000000000002,0.33,16.18,26.224,57.07,CONFIRMED
M01,59363,2026-09-10 17:11:41.301638+00:00,2026-09-10 17:11:41.330908+00:00,2026-09-10 17:11:41.281974+00:00,2026-09-10 17:11:41.284044+00:00,2026-09-10 17:11:41.282087+00:00,2026-09-10 17:11:41.285422+00:00,2026-09-10 17:11:41.285743+00:00,,,,,0.11299999999999999,3.335,1.957,0.321,15.895,29.27,48.934,CONFIRMED
M01,59364,2026-09-10 17:11:41.362080+00:00,2026-09-10 17:11:41.395375+00:00,2026-09-10 17:11:41.336608+00:00,2026-09-10 17:11:41.341690+00:00,2026-09-10 17:11:41.336811+00:00,2026-09-10 17:11:41.337764+00:00,2026-09-10 17:11:41.338168+00:00,,,,,0.203,0.953,4.879,0.404,23.912,33.295,58.767,CONFIRMED
M01,59365,2026-09-10 17:11:41.411084+00:00,2026-09-10 17:11:41.437826+00:00,2026-09-10 17:11:41.393508+00:00,2026-09-10 17:11:41.394547+00:00,2026-09-10 17:11:41.393596+00:00,2026-09-10 17:11:41.395746+00:00,2026-09-10 17:11:41.396097+00:00,,,,,0.088,2.15,0.9510000000000001,0.35100000000000003,14.987,26.741999999999997,44.318000000000005,CONFIRMED
M01,59366,2026-09-10 17:11:41.472969+00:00,2026-09-10 17:11:41.502104+00:00,2026-09-10 17:11:41.447905+00:00,2026-09-10 17:11:41.448700+00:00,2026-09-10 17:11:41.448075+00:00,2026-09-10 17:11:41.448703+00:00,2026-09-10 17:11:41.449241+00:00,,,,,0.17,0.628,0.625,0.5379999999999999,23.727999999999998,29.135,54.199,CONFIRMED
M01,59367,2026-09-10 17:11:41.522334+00:00,2026-09-10 17:11:41.550816+00:00,2026-09-10 17:11:41.500767+00:00,2026-09-10 17:11:41.501953+00:00,2026-09-10 17:11:41.500922+00:00,2026-09-10 17:11:41.502567+00:00,2026-09-10 17:11:41.502849+00:00,,,,,0.155,1.645,1.031,0.28200000000000003,19.485,28.482,50.04900000000001,CONFIRMED
M01,59368,2026-09-10 17:11:41.575385+00:00,2026-09-10 17:11:41.604163+00:00,2026-09-10 17:11:41.555750+00:00,2026-09-10 17:11:41.559144+00:00,2026-09-10 17:11:41.555880+00:00,2026-09-10 17:11:41.558096+00:00,2026-09-10 17:11:41.558416+00:00,,,,,0.12999999999999998,2.216,3.264,0.32,16.969,28.778000000000002,48.413,CONFIRMED
M01,59369,2026-09-10 17:11:41.638865+00:00,2026-09-10 17:11:41.695886+00:00,2026-09-10 17:11:41.611950+00:00,2026-09-10 17:11:41.612726+00:00,2026-09-10 17:11:41.612082+00:00,2026-09-10 17:11:41.615897+00:00,2026-09-10 17:11:41.616345+00:00,,,,,0.132,3.815,0.644,0.448,22.52,57.021,83.93599999999999,CONFIRMED
M01,59370,2026-09-10 17:11:41.715159+00:00,2026-09-10 17:11:41.752454+00:00,2026-09-10 17:11:41.664811+00:00,2026-09-10 17:11:41.665970+00:00,2026-09-10 17:11:41.665048+00:00,2026-09-10 17:11:41.696404+00:00,2026-09-10 17:11:41.696653+00:00,,,,,0.237,31.356,0.9219999999999999,0.24899999999999997,18.506,37.295,87.643,CONFIRMED
M01,59371,2026-09-10 17:11:41.778756+00:00,2026-09-10 17:11:41.815520+00:00,2026-09-10 17:11:41.720113+00:00,2026-09-10 17:11:41.720861+00:00,2026-09-10 17:11:41.720247+00:00,2026-09-10 17:11:41.753153+00:00,2026-09-10 17:11:41.753522+00:00,,,,,0.134,32.906,0.614,0.36900000000000005,25.233999999999998,36.763999999999996,95.40700000000001,CONFIRMED
M01,59372,2026-09-10 17:11:41.847730+00:00,2026-09-10 17:11:41.884184+00:00,2026-09-10 17:11:41.774111+00:00,2026-09-10 17:11:41.775154+00:00,2026-09-10 17:11:41.774316+00:00,2026-09-10 17:11:41.816014+00:00,2026-09-10 17:11:41.816295+00:00,,,,,0.205,41.698,0.838,0.281,31.435,36.454,110.07300000000001,CONFIRMED
M01,59373,2026-09-10 17:11:41.903630+00:00,2026-09-10 17:11:41.933882+00:00,2026-09-10 17:11:41.827189+00:00,2026-09-10 17:11:41.828046+00:00,2026-09-10 17:11:41.827359+00:00,2026-09-10 17:11:41.884703+00:00,2026-09-10 17:11:41.885145+00:00,,,,,0.17,57.344,0.687,0.442,18.485000000000003,30.252000000000002,106.693,CONFIRMED
M01,59374,2026-09-10 17:11:41.960937+00:00,2026-09-10 17:11:41.989157+00:00,2026-09-10 17:11:41.882675+00:00,2026-09-10 17:11:41.883627+00:00,2026-09-10 17:11:41.882833+00:00,2026-09-10 17:11:41.934397+00:00,2026-09-10 17:11:41.934689+00:00,,,,,0.158,51.564,0.794,0.292,26.248,28.22,106.482,CONFIRMED
M01,59375,2026-09-10 17:11:42.009205+00:00,2026-09-10 17:11:42.041343+00:00,2026-09-10 17:11:41.944739+00:00,2026-09-10 17:11:41.945659+00:00,2026-09-10 17:11:41.944881+00:00,2026-09-10 17:11:41.989608+00:00,2026-09-10 17:11:41.989853+00:00,,,,,0.14200000000000002,44.727000000000004,0.778,0.245,19.352,32.138,96.604,CONFIRMED
M01,59376,2026-09-10 17:11:42.062760+00:00,2026-09-10 17:11:42.097142+00:00,2026-09-10 17:11:41.998856+00:00,2026-09-10 17:11:41.999466+00:00,2026-09-10 17:11:41.998994+00:00,2026-09-10 17:11:42.041885+00:00,2026-09-10 17:11:42.042245+00:00,,,,,0.13799999999999998,42.891,0.472,0.36000000000000004,20.514999999999997,34.382000000000005,98.286,CONFIRMED
M01,59377,2026-09-10 17:11:42.128203+00:00,2026-09-10 17:11:42.174701+00:00,2026-09-10 17:11:42.052463+00:00,2026-09-10 17:11:42.055557+00:00,2026-09-10 17:11:42.052668+00:00,2026-09-10 17:11:42.097984+00:00,2026-09-10 17:11:42.098506+00:00,,,,,0.205,45.316,2.8890000000000002,0.522,29.697000000000003,46.498,122.238,CONFIRMED
M01,59378,2026-09-10 17:11:42.199436+00:00,2026-09-10 17:11:42.230274+00:00,2026-09-10 17:11:42.107494+00:00,2026-09-10 17:11:42.108616+00:00,2026-09-10 17:11:42.107697+00:00,2026-09-10 17:11:42.175269+00:00,2026-09-10 17:11:42.175763+00:00,,,,,0.203,67.57199999999999,0.919,0.494,23.673,30.838,122.78,CONFIRMED
M01,59379,2026-09-10 17:11:42.252402+00:00,2026-09-10 17:11:42.281216+00:00,2026-09-10 17:11:42.163218+00:00,2026-09-10 17:11:42.164239+00:00,2026-09-10 17:11:42.163372+00:00,2026-09-10 17:11:42.232251+00:00,2026-09-10 17:11:42.232632+00:00,,,,,0.154,68.87899999999999,0.867,0.381,19.77,28.814,117.998,CONFIRMED
M01,59380,2026-09-10 17:11:42.303419+00:00,2026-09-10 17:11:42.335884+00:00,2026-09-10 17:11:42.216292+00:00,2026-09-10 17:11:42.217020+00:00,2026-09-10 17:11:42.216454+00:00,2026-09-10 17:11:42.281694+00:00,2026-09-10 17:11:42.282012+00:00,,,,,0.162,65.24000000000001,0.566,0.318,21.407,32.465,119.592,CONFIRMED
M01,59381,2026-09-10 17:11:42.352556+00:00,2026-09-10 17:11:42.377832+00:00,2026-09-10 17:11:42.268398+00:00,2026-09-10 17:11:42.269056+00:00,2026-09-10 17:11:42.268559+00:00,2026-09-10 17:11:42.336450+00:00,2026-09-10 17:11:42.336845+00:00,,,,,0.161,67.891,0.49700000000000005,0.395,15.710999999999999,25.276,109.434,CONFIRMED
M01,59382,2026-09-10 17:11:42.393711+00:00,2026-09-10 17:11:42.427619+00:00,2026-09-10 17:11:42.321157+00:00,2026-09-10 17:11:42.322041+00:00,2026-09-10 17:11:42.321330+00:00,2026-09-10 17:11:42.378164+00:00,2026-09-10 17:11:42.378471+00:00,,,,,0.17300000000000001,56.834,0.7110000000000001,0.307,15.24,33.908,106.462,CONFIRMED
M01,59383,2026-09-10 17:11:42.445830+00:00,2026-09-10 17:11:42.476135+00:00,2026-09-10 17:11:42.373515+00:00,2026-09-10 17:11:42.375014+00:00,2026-09-10 17:11:42.373719+00:00,2026-09-10 17:11:42.428008+00:00,2026-09-10 17:11:42.428490+00:00,,,,,0.204,54.288999999999994,1.295,0.482,17.34,30.305,102.62,CONFIRMED
M01,59384,2026-09-10 17:11:42.495124+00:00,2026-09-10 17:11:42.526304+00:00,2026-09-10 17:11:42.426725+00:00,2026-09-10 17:11:42.427553+00:00,2026-09-10 17:11:42.426921+00:00,2026-09-10 17:11:42.476623+00:00,2026-09-10 17:11:42.476861+00:00,,,,,0.196,49.702000000000005,0.632,0.23800000000000002,18.263,31.18,99.57900000000001,CONFIRMED
M01,59385,2026-09-10 17:11:42.544316+00:00,2026-09-10 17:11:42.571626+00:00,2026-09-10 17:11:42.479081+00:00,2026-09-10 17:11:42.480043+00:00,2026-09-10 17:11:42.479216+00:00,2026-09-10 17:11:42.526836+00:00,2026-09-10 17:11:42.527175+00:00,,,,,0.135,47.620000000000005,0.8270000000000001,0.339,17.141,27.310000000000002,92.545,CONFIRMED
M01,59386,2026-09-10 17:11:42.591656+00:00,2026-09-10 17:11:42.619854+00:00,2026-09-10 17:11:42.532790+00:00,2026-09-10 17:11:42.533486+00:00,2026-09-10 17:11:42.532911+00:00,2026-09-10 17:11:42.572069+00:00,2026-09-10 17:11:42.572425+00:00,,,,,0.121,39.158,0.575,0.356,19.231,28.198,87.06400000000001,CONFIRMED
M01,59387,2026-09-10 17:11:42.639064+00:00,2026-09-10 17:11:42.670348+00:00,2026-09-10 17:11:42.586990+00:00,2026-09-10 17:11:42.587867+00:00,2026-09-10 17:11:42.587182+00:00,2026-09-10 17:11:42.620385+00:00,2026-09-10 17:11:42.620731+00:00,,,,,0.192,33.203,0.6849999999999999,0.34600000000000003,18.333,31.284,83.358,CONFIRMED
M01,59388,2026-09-10 17:11:42.688726+00:00,2026-09-10 17:11:42.718540+00:00,2026-09-10 17:11:42.643104+00:00,2026-09-10 17:11:42.643745+00:00,2026-09-10 17:11:42.643224+00:00,2026-09-10 17:11:42.670859+00:00,2026-09-10 17:11:42.671137+00:00,,,,,0.12000000000000001,27.635,0.521,0.27799999999999997,17.589000000000002,29.814,75.436,CONFIRMED
M01,59389,2026-09-10 17:11:42.737311+00:00,2026-09-10 17:11:42.768513+00:00,2026-09-10 17:11:42.695458+00:00,2026-09-10 17:11:42.696072+00:00,2026-09-10 17:11:42.695574+00:00,2026-09-10 17:11:42.719126+00:00,2026-09-10 17:11:42.719398+00:00,,,,,0.116,23.552,0.49799999999999994,0.272,17.912999999999997,31.202,73.05499999999999,CONFIRMED
M01,59390,2026-09-10 17:11:42.785310+00:00,2026-09-10 17:11:42.822028+00:00,2026-09-10 17:11:42.748319+00:00,2026-09-10 17:11:42.749147+00:00,2026-09-10 17:11:42.748484+00:00,2026-09-10 17:11:42.769000+00:00,2026-09-10 17:11:42.769247+00:00,,,,,0.165,20.516,0.6629999999999999,0.247,16.063000000000002,36.718,73.709,CONFIRMED
M01,59391,2026-09-10 17:11:42.840473+00:00,2026-09-10 17:11:42.871357+00:00,2026-09-10 17:11:42.806246+00:00,2026-09-10 17:11:42.807208+00:00,2026-09-10 17:11:42.806412+00:00,2026-09-10 17:11:42.822810+00:00,2026-09-10 17:11:42.823222+00:00,,,,,0.166,16.398,0.796,0.412,17.250999999999998,30.884,65.111,CONFIRMED
M01,59392,2026-09-10 17:11:42.891952+00:00,2026-09-10 17:11:42.920365+00:00,2026-09-10 17:11:42.859252+00:00,2026-09-10 17:11:42.862413+00:00,2026-09-10 17:11:42.859383+00:00,2026-09-10 17:11:42.871895+00:00,2026-09-10 17:11:42.872371+00:00,,,,,0.131,12.512,3.0300000000000002,0.47600000000000003,19.581,28.413,61.113,CONFIRMED
M01,59393,2026-09-10 17:11:42.937159+00:00,2026-09-10 17:11:42.963289+00:00,2026-09-10 17:11:42.914891+00:00,2026-09-10 17:11:42.917042+00:00,2026-09-10 17:11:42.915059+00:00,2026-09-10 17:11:42.920761+00:00,2026-09-10 17:11:42.921005+00:00,,,,,0.16799999999999998,5.702,1.9829999999999999,0.244,16.154000000000003,26.13,48.397999999999996,CONFIRMED
M01,59394,2026-09-10 17:11:42.985733+00:00,2026-09-10 17:11:43.012571+00:00,2026-09-10 17:11:42.969318+00:00,2026-09-10 17:11:42.970059+00:00,2026-09-10 17:11:42.969443+00:00,2026-09-10 17:11:42.970033+00:00,2026-09-10 17:11:42.970401+00:00,,,,,0.125,0.5900000000000001,0.616,0.368,15.332,26.838,43.253,CONFIRMED
M01,59395,2026-09-10 17:11:43.044043+00:00,2026-09-10 17:11:43.072032+00:00,2026-09-10 17:11:43.022011+00:00,2026-09-10 17:11:43.023044+00:00,2026-09-10 17:11:43.022194+00:00,2026-09-10 17:11:43.022807+00:00,2026-09-10 17:11:43.023175+00:00,,,,,0.183,0.6130000000000001,0.85,0.368,20.868000000000002,27.989,50.021,CONFIRMED
M01,59396,2026-09-10 17:11:43.093762+00:00,2026-09-10 17:11:43.122022+00:00,2026-09-10 17:11:43.076916+00:00,2026-09-10 17:11:43.077685+00:00,2026-09-10 17:11:43.077045+00:00,2026-09-10 17:11:43.077716+00:00,2026-09-10 17:11:43.077976+00:00,,,,,0.129,0.671,0.64,0.25999999999999995,15.786000000000001,28.26,45.106,CONFIRMED
M01,59397,2026-09-10 17:11:43.160452+00:00,2026-09-10 17:11:43.193288+00:00,2026-09-10 17:11:43.129602+00:00,2026-09-10 17:11:43.130385+00:00,2026-09-10 17:11:43.129808+00:00,2026-09-10 17:11:43.130423+00:00,2026-09-10 17:11:43.130835+00:00,,,,,0.206,0.615,0.5770000000000001,0.412,29.617,32.836,63.68600000000001,CONFIRMED
M01,59398,2026-09-10 17:11:43.213153+00:00,2026-09-10 17:11:43.239336+00:00,2026-09-10 17:11:43.182178+00:00,2026-09-10 17:11:43.183043+00:00,2026-09-10 17:11:43.182390+00:00,2026-09-10 17:11:43.193779+00:00,2026-09-10 17:11:43.194066+00:00,,,,,0.212,11.389,0.653,0.287,19.087,26.183,57.158,CONFIRMED
M01,59399,2026-09-10 17:11:43.258109+00:00,2026-09-10 17:11:43.287442+00:00,2026-09-10 17:11:43.235396+00:00,2026-09-10 17:11:43.236200+00:00,2026-09-10 17:11:43.235550+00:00,2026-09-10 17:11:43.239699+00:00,2026-09-10 17:11:43.239988+00:00,,,,,0.154,4.149,0.65,0.289,18.121000000000002,29.333000000000002,52.046,CONFIRMED
M01,59400,2026-09-10 17:11:43.312654+00:00,2026-09-10 17:11:43.345505+00:00,2026-09-10 17:11:43.288103+00:00,2026-09-10 17:11:43.288933+00:00,2026-09-10 17:11:43.288293+00:00,2026-09-10 17:11:43.288853+00:00,2026-09-10 17:11:43.289193+00:00,,,,,0.19,0.5599999999999999,0.64,0.34,23.461,32.851,57.402,CONFIRMED
M01,59401,2026-09-10 17:11:43.366909+00:00,2026-09-10 17:11:43.394716+00:00,2026-09-10 17:11:43.341114+00:00,2026-09-10 17:11:43.345066+00:00,2026-09-10 17:11:43.344074+00:00,2026-09-10 17:11:43.346124+00:00,2026-09-10 17:11:43.346514+00:00,,,,,2.96,2.0500000000000003,0.992,0.39,20.395,27.807,53.602,CONFIRMED
M01,59402,2026-09-10 17:11:43.423589+00:00,2026-09-10 17:11:43.449061+00:00,2026-09-10 17:11:43.396614+00:00,2026-09-10 17:11:43.397793+00:00,2026-09-10 17:11:43.396704+00:00,2026-09-10 17:11:43.399615+00:00,2026-09-10 17:11:43.400159+00:00,,,,,0.09000000000000001,2.911,1.089,0.544,23.43,25.472,52.447,CONFIRMED
M01,59403,2026-09-10 17:11:43.468071+00:00,2026-09-10 17:11:43.496152+00:00,2026-09-10 17:11:43.449237+00:00,2026-09-10 17:11:43.449767+00:00,2026-09-10 17:11:43.449318+00:00,2026-09-10 17:11:43.449744+00:00,2026-09-10 17:11:43.450069+00:00,,,,,0.081,0.426,0.449,0.325,18.002,28.081,46.915,CONFIRMED
M01,59404,2026-09-10 17:11:43.522925+00:00,2026-09-10 17:11:43.549962+00:00,2026-09-10 17:11:43.501893+00:00,2026-09-10 17:11:43.502552+00:00,2026-09-10 17:11:43.502067+00:00,2026-09-10 17:11:43.502546+00:00,2026-09-10 17:11:43.502855+00:00,,,,,0.174,0.479,0.48500000000000004,0.309,20.07,27.037,48.069,CONFIRMED
M01,59405,2026-09-10 17:11:43.571596+00:00,2026-09-10 17:11:43.599460+00:00,2026-09-10 17:11:43.554155+00:00,2026-09-10 17:11:43.554847+00:00,2026-09-10 17:11:43.554250+00:00,2026-09-10 17:11:43.554831+00:00,2026-09-10 17:11:43.555629+00:00,,,,,0.095,0.5810000000000001,0.597,0.798,15.966999999999999,27.864,45.305,CONFIRMED
M01,59406,2026-09-10 17:11:43.632645+00:00,2026-09-10 17:11:43.663879+00:00,2026-09-10 17:11:43.610864+00:00,2026-09-10 17:11:43.611541+00:00,2026-09-10 17:11:43.611026+00:00,2026-09-10 17:11:43.611618+00:00,2026-09-10 17:11:43.611957+00:00,,,,,0.162,0.592,0.515,0.339,20.688000000000002,31.234,53.015,CONFIRMED
M01,59407,2026-09-10 17:11:43.687798+00:00,2026-09-10 17:11:43.715409+00:00,2026-09-10 17:11:43.666918+00:00,2026-09-10 17:11:43.667744+00:00,2026-09-10 17:11:43.667028+00:00,2026-09-10 17:11:43.667714+00:00,2026-09-10 17:11:43.668110+00:00,,,,,0.11,0.6859999999999999,0.716,0.39599999999999996,19.688000000000002,27.611,48.491,CONFIRMED
M01,59408,2026-09-10 17:11:43.736880+00:00,2026-09-10 17:11:43.763582+00:00,2026-09-10 17:11:43.720738+00:00,2026-09-10 17:11:43.721332+00:00,2026-09-10 17:11:43.720869+00:00,2026-09-10 17:11:43.721342+00:00,2026-09-10 17:11:43.721599+00:00,,,,,0.131,0.47300000000000003,0.46299999999999997,0.257,15.280999999999999,26.702,42.844,CONFIRMED
M01,59409,2026-09-10 17:11:43.795863+00:00,2026-09-10 17:11:43.823753+00:00,2026-09-10 17:11:43.772814+00:00,2026-09-10 17:11:43.773651+00:00,2026-09-10 17:11:43.772954+00:00,2026-09-10 17:11:43.773646+00:00,2026-09-10 17:11:43.774027+00:00,,,,,0.13999999999999999,0.6920000000000001,0.6970000000000001,0.381,21.836000000000002,27.89,50.939,CONFIRMED
M01,59410,2026-09-10 17:11:43.847971+00:00,2026-09-10 17:11:43.875007+00:00,2026-09-10 17:11:43.825789+00:00,2026-09-10 17:11:43.827023+00:00,2026-09-10 17:11:43.825972+00:00,2026-09-10 17:11:43.827307+00:00,2026-09-10 17:11:43.827664+00:00,,,,,0.183,1.335,1.0510000000000002,0.357,20.307,27.036,49.217999999999996,CONFIRMED
M01,59411,2026-09-10 17:11:43.910360+00:00,2026-09-10 17:11:43.948251+00:00,2026-09-10 17:11:43.879142+00:00,2026-09-10 17:11:43.879727+00:00,2026-09-10 17:11:43.879248+00:00,2026-09-10 17:11:43.879783+00:00,2026-09-10 17:11:43.880128+00:00,,,,,0.106,0.535,0.479,0.345,30.232,37.891,69.10900000000001,CONFIRMED
M01,59412,2026-09-10 17:11:43.965521+00:00,2026-09-10 17:11:43.991772+00:00,2026-09-10 17:11:43.932544+00:00,2026-09-10 17:11:43.933395+00:00,2026-09-10 17:11:43.932798+00:00,2026-09-10 17:11:43.948733+00:00,2026-09-10 17:11:43.949031+00:00,,,,,0.254,15.935,0.597,0.298,16.490000000000002,26.251,59.228,CONFIRMED
M01,59413,2026-09-10 17:11:44.010438+00:00,2026-09-10 17:11:44.040361+00:00,2026-09-10 17:11:43.985285+00:00,2026-09-10 17:11:43.986017+00:00,2026-09-10 17:11:43.985444+00:00,2026-09-10 17:11:43.992108+00:00,2026-09-10 17:11:43.992334+00:00,,,,,0.159,6.664,0.5730000000000001,0.22599999999999998,18.104,29.923000000000002,55.076,CONFIRMED
M01,59414,2026-09-10 17:11:44.062736+00:00,2026-09-10 17:11:44.091490+00:00,2026-09-10 17:11:44.038625+00:00,2026-09-10 17:11:44.039816+00:00,2026-09-10 17:11:44.038803+00:00,2026-09-10 17:11:44.041080+00:00,2026-09-10 17:11:44.041472+00:00,,,,,0.178,2.277,1.013,0.392,21.264000000000003,28.753999999999998,52.865,CONFIRMED
M01,59415,2026-09-10 17:11:44.120616+00:00,2026-09-10 17:11:44.149754+00:00,2026-09-10 17:11:44.091455+00:00,2026-09-10 17:11:44.092121+00:00,2026-09-10 17:11:44.091547+00:00,2026-09-10 17:11:44.092289+00:00,2026-09-10 17:11:44.092725+00:00,,,,,0.092,0.742,0.574,0.43600000000000005,27.891,29.138,58.299,CONFIRMED
M01,59416,2026-09-10 17:11:44.174724+00:00,2026-09-10 17:11:44.209644+00:00,2026-09-10 17:11:44.146789+00:00,2026-09-10 17:11:44.147956+00:00,2026-09-10 17:11:44.146927+00:00,2026-09-10 17:11:44.150340+00:00,2026-09-10 17:11:44.150727+00:00,,,,,0.13799999999999998,3.413,1.029,0.38699999999999996,23.997,34.92,62.855,CONFIRMED
M01,59417,2026-09-10 17:11:44.226369+00:00,2026-09-10 17:11:44.254934+00:00,2026-09-10 17:11:44.200625+00:00,2026-09-10 17:11:44.201555+00:00,2026-09-10 17:11:44.200865+00:00,2026-09-10 17:11:44.210136+00:00,2026-09-10 17:11:44.210437+00:00,,,,,0.24000000000000002,9.270999999999999,0.69,0.301,15.932000000000002,28.565,54.309000000000005,CONFIRMED
M01,59418,2026-09-10 17:11:44.282067+00:00,2026-09-10 17:11:44.312840+00:00,2026-09-10 17:11:44.255792+00:00,2026-09-10 17:11:44.256317+00:00,2026-09-10 17:11:44.255886+00:00,2026-09-10 17:11:44.256269+00:00,2026-09-10 17:11:44.256532+00:00,,,,,0.094,0.383,0.431,0.263,25.535,30.773,57.048,CONFIRMED
M01,59419,2026-09-10 17:11:44.335884+00:00,2026-09-10 17:11:44.364558+00:00,2026-09-10 17:11:44.308321+00:00,2026-09-10 17:11:44.309027+00:00,2026-09-10 17:11:44.308416+00:00,2026-09-10 17:11:44.313558+00:00,2026-09-10 17:11:44.314127+00:00,,,,,0.095,5.1419999999999995,0.611,0.569,21.756999999999998,28.674000000000003,56.237,CONFIRMED
M01,59420,2026-09-10 17:11:44.390303+00:00,2026-09-10 17:11:44.422952+00:00,2026-09-10 17:11:44.361761+00:00,2026-09-10 17:11:44.363016+00:00,2026-09-10 17:11:44.361911+00:00,2026-09-10 17:11:44.365192+00:00,2026-09-10 17:11:44.365596+00:00,,,,,0.15,3.281,1.105,0.404,24.707,32.649,61.191,CONFIRMED
M01,59421,2026-09-10 17:11:44.444273+00:00,2026-09-10 17:11:44.469784+00:00,2026-09-10 17:11:44.415518+00:00,2026-09-10 17:11:44.417834+00:00,2026-09-10 17:11:44.415731+00:00,2026-09-10 17:11:44.423595+00:00,2026-09-10 17:11:44.424022+00:00,,,,,0.213,7.864,2.1029999999999998,0.42700000000000005,20.251,25.511,54.266,CONFIRMED
M01,59422,2026-09-10 17:11:44.488303+00:00,2026-09-10 17:11:44.517202+00:00,2026-09-10 17:11:44.469626+00:00,2026-09-10 17:11:44.470344+00:00,2026-09-10 17:11:44.469758+00:00,2026-09-10 17:11:44.470139+00:00,2026-09-10 17:11:44.470401+00:00,,,,,0.132,0.381,0.5860000000000001,0.262,17.902,28.899,47.576,CONFIRMED
M01,59423,2026-09-10 17:11:44.545204+00:00,2026-09-10 17:11:44.574795+00:00,2026-09-10 17:11:44.523208+00:00,2026-09-10 17:11:44.523955+00:00,2026-09-10 17:11:44.523321+00:00,2026-09-10 17:11:44.524050+00:00,2026-09-10 17:11:44.524472+00:00,,,,,0.11299999999999999,0.7290000000000001,0.634,0.422,20.732,29.590999999999998,51.587,CONFIRMED
M01,59424,2026-09-10 17:11:44.599063+00:00,2026-09-10 17:11:44.623937+00:00,2026-09-10 17:11:44.576422+00:00,2026-09-10 17:11:44.577239+00:00,2026-09-10 17:11:44.576688+00:00,2026-09-10 17:11:44.577887+00:00,2026-09-10 17:11:44.578271+00:00,,,,,0.266,1.199,0.5509999999999999,0.384,20.792,24.874,47.515,CONFIRMED
M01,59425,2026-09-10 17:11:44.648128+00:00,2026-09-10 17:11:44.677793+00:00,2026-09-10 17:11:44.628781+00:00,2026-09-10 17:11:44.629544+00:00,2026-09-10 17:11:44.628917+00:00,2026-09-10 17:11:44.629672+00:00,2026-09-10 17:11:44.630280+00:00,,,,,0.136,0.755,0.627,0.608,17.848,29.665,49.012,CONFIRMED
M01,59426,2026-09-10 17:11:44.698776+00:00,2026-09-10 17:11:44.726090+00:00,2026-09-10 17:11:44.681265+00:00,2026-09-10 17:11:44.681993+00:00,2026-09-10 17:11:44.681353+00:00,2026-09-10 17:11:44.681774+00:00,2026-09-10 17:11:44.682022+00:00,,,,,0.088,0.421,0.64,0.248,16.754,27.314,44.824999999999996,CONFIRMED
M01,59427,2026-09-10 17:11:44.752504+00:00,2026-09-10 17:11:44.779243+00:00,2026-09-10 17:11:44.736374+00:00,2026-09-10 17:11:44.737134+00:00,2026-09-10 17:11:44.736535+00:00,2026-09-10 17:11:44.737131+00:00,2026-09-10 17:11:44.737417+00:00,,,,,0.161,0.596,0.599,0.28600000000000003,15.087,26.738999999999997,42.869,CONFIRMED
M01,59428,2026-09-10 17:11:44.818890+00:00,2026-09-10 17:11:44.846316+00:00,2026-09-10 17:11:44.788989+00:00,2026-09-10 17:11:44.789727+00:00,2026-09-10 17:11:44.789122+00:00,2026-09-10 17:11:44.789694+00:00,2026-09-10 17:11:44.790078+00:00,,,,,0.133,0.5720000000000001,0.605,0.384,28.812,27.426,57.327000000000005,CONFIRMED
M01,59429,2026-09-10 17:11:44.868225+00:00,2026-09-10 17:11:44.893126+00:00,2026-09-10 17:11:44.843672+00:00,2026-09-10 17:11:44.844467+00:00,2026-09-10 17:11:44.843789+00:00,2026-09-10 17:11:44.846772+00:00,2026-09-10 17:11:44.847089+00:00,,,,,0.11699999999999999,2.983,0.678,0.317,21.136,24.901,49.454,CONFIRMED
M01,59430,2026-09-10 17:11:44.918873+00:00,2026-09-10 17:11:44.948330+00:00,2026-09-10 17:11:44.896331+00:00,2026-09-10 17:11:44.896969+00:00,2026-09-10 17:11:44.896423+00:00,2026-09-10 17:11:44.896895+00:00,2026-09-10 17:11:44.897251+00:00,,,,,0.092,0.472,0.546,0.356,21.622,29.457,51.998999999999995,CONFIRMED
M01,59431,2026-09-10 17:11:44.971156+00:00,2026-09-10 17:11:44.995600+00:00,2026-09-10 17:11:44.948977+00:00,2026-09-10 17:11:44.949478+00:00,2026-09-10 17:11:44.949078+00:00,2026-09-10 17:11:44.949547+00:00,2026-09-10 17:11:44.949914+00:00,,,,,0.101,0.46900000000000003,0.4,0.367,21.242,24.444,46.623,CONFIRMED
M01,59432,2026-09-10 17:11:45.020808+00:00,2026-09-10 17:11:45.049656+00:00,2026-09-10 17:11:45.001411+00:00,2026-09-10 17:11:45.002564+00:00,2026-09-10 17:11:45.001513+00:00,2026-09-10 17:11:45.002075+00:00,2026-09-10 17:11:45.002434+00:00,,,,,0.102,0.562,1.0510000000000002,0.359,18.374000000000002,28.848,48.245000000000005,CONFIRMED
M01,59433,2026-09-10 17:11:45.073170+00:00,2026-09-10 17:11:45.100001+00:00,2026-09-10 17:11:45.054489+00:00,2026-09-10 17:11:45.055585+00:00,2026-09-10 17:11:45.054671+00:00,2026-09-10 17:11:45.055510+00:00,2026-09-10 17:11:45.057027+00:00,,,,,0.182,0.839,0.914,1.517,16.143,26.831,45.512,CONFIRMED
M01,59434,2026-09-10 17:11:45.131287+00:00,2026-09-10 17:11:45.157034+00:00,2026-09-10 17:11:45.112250+00:00,2026-09-10 17:11:45.113096+00:00,2026-09-10 17:11:45.112403+00:00,2026-09-10 17:11:45.113049+00:00,2026-09-10 17:11:45.113321+00:00,,,,,0.153,0.646,0.6930000000000001,0.272,17.966,25.747,44.784,CONFIRMED
M01,59435,2026-09-10 17:11:45.189920+00:00,2026-09-10 17:11:45.217916+00:00,2026-09-10 17:11:45.167226+00:00,2026-09-10 17:11:45.167936+00:00,2026-09-10 17:11:45.167358+00:00,2026-09-10 17:11:45.167975+00:00,2026-09-10 17:11:45.168408+00:00,,,,,0.132,0.617,0.578,0.433,21.512,27.996,50.69,CONFIRMED
M01,59436,2026-09-10 17:11:45.242634+00:00,2026-09-10 17:11:45.271144+00:00,2026-09-10 17:11:45.219739+00:00,2026-09-10 17:11:45.221277+00:00,2026-09-10 17:11:45.219876+00:00,2026-09-10 17:11:45.221258+00:00,2026-09-10 17:11:45.221734+00:00,,,,,0.13699999999999998,1.382,1.4009999999999998,0.47600000000000003,20.9,28.51,51.405,CONFIRMED
M01,59437,2026-09-10 17:11:45.294686+00:00,2026-09-10 17:11:45.332783+00:00,2026-09-10 17:11:45.273273+00:00,2026-09-10 17:11:45.274998+00:00,2026-09-10 17:11:45.273392+00:00,2026-09-10 17:11:45.274578+00:00,2026-09-10 17:11:45.275055+00:00,,,,,0.11900000000000001,1.186,1.606,0.477,19.631,38.097,59.51,CONFIRMED
M01,59438,2026-09-10 17:11:45.351022+00:00,2026-09-10 17:11:45.377745+00:00,2026-09-10 17:11:45.327112+00:00,2026-09-10 17:11:45.327732+00:00,2026-09-10 17:11:45.327213+00:00,2026-09-10 17:11:45.333345+00:00,2026-09-10 17:11:45.333672+00:00,,,,,0.101,6.132000000000001,0.519,0.32699999999999996,17.35,26.723,50.632999999999996,CONFIRMED
M01,59439,2026-09-10 17:11:45.403815+00:00,2026-09-10 17:11:45.429818+00:00,2026-09-10 17:11:45.379823+00:00,2026-09-10 17:11:45.380588+00:00,2026-09-10 17:11:45.379956+00:00,2026-09-10 17:11:45.382745+00:00,2026-09-10 17:11:45.383189+00:00,,,,,0.133,2.7889999999999997,0.632,0.444,20.625999999999998,26.003,49.995,CONFIRMED
M01,59440,2026-09-10 17:11:45.456208+00:00,2026-09-10 17:11:45.481913+00:00,2026-09-10 17:11:45.437672+00:00,2026-09-10 17:11:45.438502+00:00,2026-09-10 17:11:45.437819+00:00,2026-09-10 17:11:45.438484+00:00,2026-09-10 17:11:45.438897+00:00,,,,,0.147,0.665,0.683,0.41300000000000003,17.311,25.705,44.241,CONFIRMED
M01,59441,2026-09-10 17:11:45.508805+00:00,2026-09-10 17:11:45.536175+00:00,2026-09-10 17:11:45.490915+00:00,2026-09-10 17:11:45.491626+00:00,2026-09-10 17:11:45.491039+00:00,2026-09-10 17:11:45.491626+00:00,2026-09-10 17:11:45.492088+00:00,,,,,0.124,0.587,0.587,0.462,16.717,27.369999999999997,45.260000000000005,CONFIRMED
M01,59442,2026-09-10 17:11:45.574774+00:00,2026-09-10 17:11:45.600596+00:00,2026-09-10 17:11:45.543303+00:00,2026-09-10 17:11:45.544284+00:00,2026-09-10 17:11:45.543502+00:00,2026-09-10 17:11:45.545154+00:00,2026-09-10 17:11:45.545886+00:00,,,,,0.199,1.6520000000000001,0.782,0.732,28.888,25.822000000000003,57.293,CONFIRMED
M01,59443,2026-09-10 17:11:45.617944+00:00,2026-09-10 17:11:45.646549+00:00,2026-09-10 17:11:45.596446+00:00,2026-09-10 17:11:45.597225+00:00,2026-09-10 17:11:45.596589+00:00,2026-09-10 17:11:45.601073+00:00,2026-09-10 17:11:45.601353+00:00,,,,,0.14300000000000002,4.484,0.636,0.27999999999999997,16.591,28.604999999999997,50.103,CONFIRMED
M01,59444,2026-09-10 17:11:45.673828+00:00,2026-09-10 17:11:45.698838+00:00,2026-09-10 17:11:45.648948+00:00,2026-09-10 17:11:45.649620+00:00,2026-09-10 17:11:45.649030+00:00,2026-09-10 17:11:45.649524+00:00,2026-09-10 17:11:45.649863+00:00,,,,,0.082,0.494,0.5900000000000001,0.339,23.965,25.01,49.88999999999999,CONFIRMED
M01,59445,2026-09-10 17:11:45.726951+00:00,2026-09-10 17:11:45.758972+00:00,2026-09-10 17:11:45.702647+00:00,2026-09-10 17:11:45.703370+00:00,2026-09-10 17:11:45.702768+00:00,2026-09-10 17:11:45.703303+00:00,2026-09-10 17:11:45.703653+00:00,,,,,0.121,0.535,0.602,0.35,23.298,32.021,56.325,CONFIRMED
M01,59446,2026-09-10 17:11:45.780933+00:00,2026-09-10 17:11:45.809097+00:00,2026-09-10 17:11:45.760385+00:00,2026-09-10 17:11:45.762158+00:00,2026-09-10 17:11:45.760530+00:00,2026-09-10 17:11:45.762136+00:00,2026-09-10 17:11:45.762525+00:00,,,,,0.145,1.606,1.6280000000000001,0.389,18.408,28.164,48.711999999999996,CONFIRMED
M01,59447,2026-09-10 17:11:45.832463+00:00,2026-09-10 17:11:45.857051+00:00,2026-09-10 17:11:45.814528+00:00,2026-09-10 17:11:45.815242+00:00,2026-09-10 17:11:45.814624+00:00,2026-09-10 17:11:45.815196+00:00,2026-09-10 17:11:45.815481+00:00,,,,,0.096,0.5720000000000001,0.618,0.285,16.982,24.587999999999997,42.522999999999996,CONFIRMED
M01,59448,2026-09-10 17:11:45.888469+00:00,2026-09-10 17:11:45.914512+00:00,2026-09-10 17:11:45.867170+00:00,2026-09-10 17:11:45.868119+00:00,2026-09-10 17:11:45.867332+00:00,2026-09-10 17:11:45.868087+00:00,2026-09-10 17:11:45.868487+00:00,,,,,0.162,0.755,0.787,0.4,19.982,26.043,47.342,CONFIRMED
M01,59449,2026-09-10 17:11:45.942208+00:00,2026-09-10 17:11:45.970406+00:00,2026-09-10 17:11:45.920189+00:00,2026-09-10 17:11:45.920891+00:00,2026-09-10 17:11:45.920307+00:00,2026-09-10 17:11:45.923859+00:00,2026-09-10 17:11:45.924309+00:00,,,,,0.118,3.552,0.584,0.45,17.899,28.198,50.217,CONFIRMED
M01,59450,2026-09-10 17:11:45.999871+00:00,2026-09-10 17:11:46.031141+00:00,2026-09-10 17:11:45.973019+00:00,2026-09-10 17:11:45.975119+00:00,2026-09-10 17:11:45.973158+00:00,2026-09-10 17:11:45.974579+00:00,2026-09-10 17:11:45.974956+00:00,,,,,0.13899999999999998,1.421,1.961,0.377,24.915,31.27,58.122,CONFIRMED
M01,59451,2026-09-10 17:11:46.054842+00:00,2026-09-10 17:11:46.081048+00:00,2026-09-10 17:11:46.029787+00:00,2026-09-10 17:11:46.032788+00:00,2026-09-10 17:11:46.029919+00:00,2026-09-10 17:11:46.034223+00:00,2026-09-10 17:11:46.034747+00:00,,,,,0.132,4.303999999999999,2.869,0.524,20.095,26.206,51.261,CONFIRMED
M01,59452,2026-09-10 17:11:46.104966+00:00,2026-09-10 17:11:46.131614+00:00,2026-09-10 17:11:46.084430+00:00,2026-09-10 17:11:46.085650+00:00,2026-09-10 17:11:46.084532+00:00,2026-09-10 17:11:46.085430+00:00,2026-09-10 17:11:46.085751+00:00,,,,,0.102,0.898,1.118,0.321,19.215,26.648000000000003,47.184,CONFIRMED
M01,59453,2026-09-10 17:11:46.167721+00:00,2026-09-10 17:11:46.211210+00:00,2026-09-10 17:11:46.137570+00:00,2026-09-10 17:11:46.140573+00:00,2026-09-10 17:11:46.137660+00:00,2026-09-10 17:11:46.140093+00:00,2026-09-10 17:11:46.140452+00:00,,,,,0.09000000000000001,2.433,2.913,0.359,27.269000000000002,43.489,73.64,CONFIRMED
M01,59454,2026-09-10 17:11:46.231068+00:00,2026-09-10 17:11:46.257765+00:00,2026-09-10 17:11:46.194350+00:00,2026-09-10 17:11:46.195959+00:00,2026-09-10 17:11:46.194803+00:00,2026-09-10 17:11:46.211802+00:00,2026-09-10 17:11:46.212080+00:00,,,,,0.453,16.999,1.156,0.27799999999999997,18.988000000000003,26.697,63.415,CONFIRMED
M01,59455,2026-09-10 17:11:46.277380+00:00,2026-09-10 17:11:46.303668+00:00,2026-09-10 17:11:46.247794+00:00,2026-09-10 17:11:46.248398+00:00,2026-09-10 17:11:46.247986+00:00,2026-09-10 17:11:46.258146+00:00,2026-09-10 17:11:46.258422+00:00,,,,,0.192,10.16,0.412,0.27599999999999997,18.958,26.288,55.874,CONFIRMED
M01,59456,2026-09-10 17:11:46.326001+00:00,2026-09-10 17:11:46.353405+00:00,2026-09-10 17:11:46.300282+00:00,2026-09-10 17:11:46.301099+00:00,2026-09-10 17:11:46.300446+00:00,2026-09-10 17:11:46.304134+00:00,2026-09-10 17:11:46.304396+00:00,,,,,0.164,3.6879999999999997,0.653,0.262,21.605,27.404,53.123,CONFIRMED
M01,59457,2026-09-10 17:11:46.376313+00:00,2026-09-10 17:11:46.403718+00:00,2026-09-10 17:11:46.353463+00:00,2026-09-10 17:11:46.354060+00:00,2026-09-10 17:11:46.353574+00:00,2026-09-10 17:11:46.354004+00:00,2026-09-10 17:11:46.354364+00:00,,,,,0.111,0.43,0.486,0.36000000000000004,21.948999999999998,27.404999999999998,50.255,CONFIRMED
M01,59458,2026-09-10 17:11:46.423118+00:00,2026-09-10 17:11:46.449075+00:00,2026-09-10 17:11:46.405932+00:00,2026-09-10 17:11:46.407374+00:00,2026-09-10 17:11:46.406118+00:00,2026-09-10 17:11:46.407271+00:00,2026-09-10 17:11:46.407597+00:00,,,,,0.186,1.153,1.256,0.326,15.521,25.957,43.143,CONFIRMED
M01,59459,2026-09-10 17:11:46.485353+00:00,2026-09-10 17:11:46.509971+00:00,2026-09-10 17:11:46.459476+00:00,2026-09-10 17:11:46.460242+00:00,2026-09-10 17:11:46.459585+00:00,2026-09-10 17:11:46.460111+00:00,2026-09-10 17:11:46.460487+00:00,,,,,0.10900000000000001,0.526,0.657,0.376,24.866,24.618000000000002,50.495,CONFIRMED
M01,59460,2026-09-10 17:11:46.533589+00:00,2026-09-10 17:11:46.560948+00:00,2026-09-10 17:11:46.513548+00:00,2026-09-10 17:11:46.514214+00:00,2026-09-10 17:11:46.513636+00:00,2026-09-10 17:11:46.514237+00:00,2026-09-10 17:11:46.514614+00:00,,,,,0.088,0.601,0.578,0.377,18.974999999999998,27.359,47.4,CONFIRMED
M01,59461,2026-09-10 17:11:46.586304+00:00,2026-09-10 17:11:46.613771+00:00,2026-09-10 17:11:46.565905+00:00,2026-09-10 17:11:46.566702+00:00,2026-09-10 17:11:46.566008+00:00,2026-09-10 17:11:46.566559+00:00,2026-09-10 17:11:46.566880+00:00,,,,,0.103,0.5509999999999999,0.694,0.321,19.424,27.467,47.866,CONFIRMED
M01,59462,2026-09-10 17:11:46.643486+00:00,2026-09-10 17:11:46.672663+00:00,2026-09-10 17:11:46.618325+00:00,2026-09-10 17:11:46.621014+00:00,2026-09-10 17:11:46.618594+00:00,2026-09-10 17:11:46.619612+00:00,2026-09-10 17:11:46.620030+00:00,,,,,0.26899999999999996,1.018,2.42,0.41800000000000004,23.456,29.177000000000003,54.337999999999994,CONFIRMED
M01,59463,2026-09-10 17:11:46.701028+00:00,2026-09-10 17:11:46.728840+00:00,2026-09-10 17:11:46.673839+00:00,2026-09-10 17:11:46.675781+00:00,2026-09-10 17:11:46.673961+00:00,2026-09-10 17:11:46.675077+00:00,2026-09-10 17:11:46.675735+00:00,,,,,0.122,1.116,1.82,0.6579999999999999,25.293,27.812,55.001000000000005,CONFIRMED
M01,59464,2026-09-10 17:11:46.749004+00:00,2026-09-10 17:11:46.781684+00:00,2026-09-10 17:11:46.727733+00:00,2026-09-10 17:11:46.728503+00:00,2026-09-10 17:11:46.727867+00:00,2026-09-10 17:11:46.729625+00:00,2026-09-10 17:11:46.729907+00:00,,,,,0.134,1.758,0.636,0.28200000000000003,19.096999999999998,32.68,53.951,CONFIRMED
M01,59465,2026-09-10 17:11:46.797901+00:00,2026-09-10 17:11:46.823502+00:00,2026-09-10 17:11:46.780510+00:00,2026-09-10 17:11:46.781435+00:00,2026-09-10 17:11:46.780597+00:00,2026-09-10 17:11:46.782998+00:00,2026-09-10 17:11:46.783327+00:00,,,,,0.087,2.401,0.838,0.32899999999999996,14.574,25.601,42.992000000000004,CONFIRMED
M01,59466,2026-09-10 17:11:46.849764+00:00,2026-09-10 17:11:46.876343+00:00,2026-09-10 17:11:46.832710+00:00,2026-09-10 17:11:46.833382+00:00,2026-09-10 17:11:46.832827+00:00,2026-09-10 17:11:46.833334+00:00,2026-09-10 17:11:46.833728+00:00,,,,,0.11699999999999999,0.507,0.555,0.39399999999999996,16.036,26.578999999999997,43.632999999999996,CONFIRMED
M01,59467,2026-09-10 17:11:46.908580+00:00,2026-09-10 17:11:46.936176+00:00,2026-09-10 17:11:46.885403+00:00,2026-09-10 17:11:46.888358+00:00,2026-09-10 17:11:46.885510+00:00,2026-09-10 17:11:46.886044+00:00,2026-09-10 17:11:46.886417+00:00,,,,,0.107,0.5339999999999999,2.848,0.373,22.163,27.596,50.772999999999996,CONFIRMED
M01,59468,2026-09-10 17:11:46.963645+00:00,2026-09-10 17:11:46.989830+00:00,2026-09-10 17:11:46.940395+00:00,2026-09-10 17:11:46.941058+00:00,2026-09-10 17:11:46.940502+00:00,2026-09-10 17:11:46.941025+00:00,2026-09-10 17:11:46.941384+00:00,,,,,0.107,0.523,0.5559999999999999,0.359,22.261,26.185,49.435,CONFIRMED
M01,59469,2026-09-10 17:11:47.014270+00:00,2026-09-10 17:11:47.039603+00:00,2026-09-10 17:11:46.994117+00:00,2026-09-10 17:11:46.994811+00:00,2026-09-10 17:11:46.994210+00:00,2026-09-10 17:11:46.994729+00:00,2026-09-10 17:11:46.995080+00:00,,,,,0.093,0.519,0.601,0.35100000000000003,19.189999999999998,25.333000000000002,45.486,CONFIRMED
M01,59470,2026-09-10 17:11:47.065702+00:00,2026-09-10 17:11:47.094038+00:00,2026-09-10 17:11:47.047068+00:00,2026-09-10 17:11:47.048974+00:00,2026-09-10 17:11:47.047183+00:00,2026-09-10 17:11:47.047791+00:00,2026-09-10 17:11:47.048122+00:00,,,,,0.115,0.608,1.7910000000000001,0.331,17.58,28.336,46.97,CONFIRMED
M01,59471,2026-09-10 17:11:47.119366+00:00,2026-09-10 17:11:47.147168+00:00,2026-09-10 17:11:47.100465+00:00,2026-09-10 17:11:47.101101+00:00,2026-09-10 17:11:47.100570+00:00,2026-09-10 17:11:47.103863+00:00,2026-09-10 17:11:47.104223+00:00,,,,,0.10500000000000001,3.2929999999999997,0.531,0.36000000000000004,15.143,27.802,46.703,CONFIRMED
M01,59472,2026-09-10 17:11:47.170536+00:00,2026-09-10 17:11:47.216198+00:00,2026-09-10 17:11:47.152787+00:00,2026-09-10 17:11:47.153545+00:00,2026-09-10 17:11:47.152923+00:00,2026-09-10 17:11:47.153536+00:00,2026-09-10 17:11:47.153879+00:00,,,,,0.136,0.6130000000000001,0.622,0.34299999999999997,16.657,45.662,63.410999999999994,CONFIRMED
M01,59473,2026-09-10 17:11:47.233992+00:00,2026-09-10 17:11:47.267362+00:00,2026-09-10 17:11:47.205424+00:00,2026-09-10 17:11:47.206248+00:00,2026-09-10 17:11:47.205578+00:00,2026-09-10 17:11:47.216824+00:00,2026-09-10 17:11:47.217059+00:00,,,,,0.154,11.246,0.67,0.235,16.933,33.37,61.938,CONFIRMED
M01,59474,2026-09-10 17:11:47.284821+00:00,2026-09-10 17:11:47.310985+00:00,2026-09-10 17:11:47.265691+00:00,2026-09-10 17:11:47.266428+00:00,2026-09-10 17:11:47.265863+00:00,2026-09-10 17:11:47.268660+00:00,2026-09-10 17:11:47.268969+00:00,,,,,0.17200000000000001,2.797,0.565,0.309,15.852000000000002,26.164,45.294000000000004,CONFIRMED
M01,59475,2026-09-10 17:11:47.336829+00:00,2026-09-10 17:11:47.363031+00:00,2026-09-10 17:11:47.319326+00:00,2026-09-10 17:11:47.321795+00:00,2026-09-10 17:11:47.319434+00:00,2026-09-10 17:11:47.320437+00:00,2026-09-10 17:11:47.321051+00:00,,,,,0.108,1.003,2.3609999999999998,0.614,15.778,26.201999999999998,43.705,CONFIRMED
M01,59476,2026-09-10 17:11:47.401154+00:00,2026-09-10 17:11:47.429811+00:00,2026-09-10 17:11:47.374501+00:00,2026-09-10 17:11:47.375426+00:00,2026-09-10 17:11:47.374643+00:00,2026-09-10 17:11:47.375223+00:00,2026-09-10 17:11:47.375638+00:00,,,,,0.14200000000000002,0.58,0.7829999999999999,0.415,25.516000000000002,28.657,55.309999999999995,CONFIRMED
M01,59477,2026-09-10 17:11:47.457008+00:00,2026-09-10 17:11:47.489459+00:00,2026-09-10 17:11:47.429359+00:00,2026-09-10 17:11:47.430192+00:00,2026-09-10 17:11:47.429504+00:00,2026-09-10 17:11:47.430759+00:00,2026-09-10 17:11:47.431317+00:00,,,,,0.145,1.2550000000000001,0.6880000000000001,0.558,25.691,32.451,60.1,CONFIRMED
M01,59478,2026-09-10 17:11:47.509136+00:00,2026-09-10 17:11:47.535872+00:00,2026-09-10 17:11:47.483218+00:00,2026-09-10 17:11:47.485845+00:00,2026-09-10 17:11:47.483365+00:00,2026-09-10 17:11:47.490033+00:00,2026-09-10 17:11:47.490378+00:00,,,,,0.147,6.668,2.48,0.345,18.758,26.736,52.653999999999996,CONFIRMED
M01,59479,2026-09-10 17:11:47.555487+00:00,2026-09-10 17:11:47.580991+00:00,2026-09-10 17:11:47.538084+00:00,2026-09-10 17:11:47.538760+00:00,2026-09-10 17:11:47.538171+00:00,2026-09-10 17:11:47.538875+00:00,2026-09-10 17:11:47.539201+00:00,,,,,0.087,0.704,0.589,0.326,16.285999999999998,25.503999999999998,42.907000000000004,CONFIRMED
M01,59480,2026-09-10 17:11:47.610987+00:00,2026-09-10 17:11:47.639296+00:00,2026-09-10 17:11:47.591409+00:00,2026-09-10 17:11:47.592269+00:00,2026-09-10 17:11:47.591545+00:00,2026-09-10 17:11:47.593119+00:00,2026-09-10 17:11:47.593506+00:00,,,,,0.136,1.574,0.7240000000000001,0.38699999999999996,17.481,28.309,47.887,CONFIRMED
M01,59481,2026-09-10 17:11:47.665192+00:00,2026-09-10 17:11:47.691695+00:00,2026-09-10 17:11:47.644045+00:00,2026-09-10 17:11:47.644532+00:00,2026-09-10 17:11:47.644134+00:00,2026-09-10 17:11:47.644653+00:00,2026-09-10 17:11:47.645075+00:00,,,,,0.089,0.519,0.398,0.422,20.117,26.503,47.65,CONFIRMED
M01,59482,2026-09-10 17:11:47.715920+00:00,2026-09-10 17:11:47.741085+00:00,2026-09-10 17:11:47.696032+00:00,2026-09-10 17:11:47.698549+00:00,2026-09-10 17:11:47.696219+00:00,2026-09-10 17:11:47.697136+00:00,2026-09-10 17:11:47.697538+00:00,,,,,0.187,0.9169999999999999,2.33,0.402,18.381999999999998,25.165,45.053000000000004,CONFIRMED
M01,59483,2026-09-10 17:11:47.770701+00:00,2026-09-10 17:11:47.801075+00:00,2026-09-10 17:11:47.751208+00:00,2026-09-10 17:11:47.751804+00:00,2026-09-10 17:11:47.751321+00:00,2026-09-10 17:11:47.753860+00:00,2026-09-10 17:11:47.754171+00:00,,,,,0.11299999999999999,2.539,0.483,0.311,16.53,30.374000000000002,49.867000000000004,CONFIRMED
M01,59484,2026-09-10 17:11:47.826019+00:00,2026-09-10 17:11:47.853674+00:00,2026-09-10 17:11:47.803579+00:00,2026-09-10 17:11:47.804528+00:00,2026-09-10 17:11:47.803700+00:00,2026-09-10 17:11:47.804472+00:00,2026-09-10 17:11:47.804886+00:00,,,,,0.121,0.772,0.828,0.414,21.133,27.654999999999998,50.095,CONFIRMED
M01,59485,2026-09-10 17:11:47.874541+00:00,2026-09-10 17:11:47.904212+00:00,2026-09-10 17:11:47.856073+00:00,2026-09-10 17:11:47.857214+00:00,2026-09-10 17:11:47.856195+00:00,2026-09-10 17:11:47.856730+00:00,2026-09-10 17:11:47.857150+00:00,,,,,0.122,0.535,1.019,0.42000000000000004,17.391000000000002,29.671,48.139,CONFIRMED
M01,59486,2026-09-10 17:11:47.931742+00:00,2026-09-10 17:11:47.958210+00:00,2026-09-10 17:11:47.911270+00:00,2026-09-10 17:11:47.915517+00:00,2026-09-10 17:11:47.911393+00:00,2026-09-10 17:11:47.911918+00:00,2026-09-10 17:11:47.912267+00:00,,,,,0.12300000000000001,0.525,4.124,0.34900000000000003,19.474999999999998,26.468,46.940000000000005,CONFIRMED
M01,59487,2026-09-10 17:11:47.989612+00:00,2026-09-10 17:11:48.016516+00:00,2026-09-10 17:11:47.967742+00:00,2026-09-10 17:11:47.969151+00:00,2026-09-10 17:11:47.967932+00:00,2026-09-10 17:11:47.969975+00:00,2026-09-10 17:11:47.970512+00:00,,,,,0.19,2.043,1.219,0.537,19.099999999999998,26.904,48.774,CONFIRMED
M01,59488,2026-09-10 17:11:48.056414+00:00,2026-09-10 17:11:48.094736+00:00,2026-09-10 17:11:48.021438+00:00,2026-09-10 17:11:48.022328+00:00,2026-09-10 17:11:48.021541+00:00,2026-09-10 17:11:48.022153+00:00,2026-09-10 17:11:48.022524+00:00,,,,,0.103,0.612,0.787,0.371,33.89,38.322,73.298,CONFIRMED
M01,59489,2026-09-10 17:11:48.114987+00:00,2026-09-10 17:11:48.146235+00:00,2026-09-10 17:11:48.074994+00:00,2026-09-10 17:11:48.075797+00:00,2026-09-10 17:11:48.075134+00:00,2026-09-10 17:11:48.095346+00:00,2026-09-10 17:11:48.095612+00:00,,,,,0.13999999999999999,20.212,0.6629999999999999,0.266,19.375,31.248,71.241,CONFIRMED
M01,59490,2026-09-10 17:11:48.164246+00:00,2026-09-10 17:11:48.194777+00:00,2026-09-10 17:11:48.127548+00:00,2026-09-10 17:11:48.128687+00:00,2026-09-10 17:11:48.127701+00:00,2026-09-10 17:11:48.146593+00:00,2026-09-10 17:11:48.146820+00:00,,,,,0.153,18.892,0.9859999999999999,0.22699999999999998,17.426000000000002,30.531,67.229,CONFIRMED
M01,59491,2026-09-10 17:11:48.215033+00:00,2026-09-10 17:11:48.251514+00:00,2026-09-10 17:11:48.180627+00:00,2026-09-10 17:11:48.181763+00:00,2026-09-10 17:11:48.180841+00:00,2026-09-10 17:11:48.195291+00:00,2026-09-10 17:11:48.195593+00:00,,,,,0.214,14.45,0.9219999999999999,0.30200000000000005,19.439999999999998,36.481,70.887,CONFIRMED
M01,59492,2026-09-10 17:11:48.269518+00:00,2026-09-10 17:11:48.296295+00:00,2026-09-10 17:11:48.233933+00:00,2026-09-10 17:11:48.237869+00:00,2026-09-10 17:11:48.234166+00:00,2026-09-10 17:11:48.251904+00:00,2026-09-10 17:11:48.252170+00:00,,,,,0.23299999999999998,17.738,3.7030000000000003,0.266,17.348,26.776999999999997,62.362,CONFIRMED
M01,59493,2026-09-10 17:11:48.311863+00:00,2026-09-10 17:11:48.339512+00:00,2026-09-10 17:11:48.290567+00:00,2026-09-10 17:11:48.291658+00:00,2026-09-10 17:11:48.290738+00:00,2026-09-10 17:11:48.296643+00:00,2026-09-10 17:11:48.296873+00:00,,,,,0.171,5.904999999999999,0.92,0.23,14.99,27.649,48.945,CONFIRMED
M01,59494,2026-09-10 17:11:48.361515+00:00,2026-09-10 17:11:48.386298+00:00,2026-09-10 17:11:48.344993+00:00,2026-09-10 17:11:48.345629+00:00,2026-09-10 17:11:48.345093+00:00,2026-09-10 17:11:48.345600+00:00,2026-09-10 17:11:48.345891+00:00,,,,,0.1,0.507,0.536,0.29100000000000004,15.624,24.783,41.305,CONFIRMED
M01,59495,2026-09-10 17:11:48.417146+00:00,2026-09-10 17:11:48.443215+00:00,2026-09-10 17:11:48.398205+00:00,2026-09-10 17:11:48.399980+00:00,2026-09-10 17:11:48.398356+00:00,2026-09-10 17:11:48.399050+00:00,2026-09-10 17:11:48.399400+00:00,,,,,0.15100000000000002,0.694,1.624,0.35,17.746000000000002,26.069,45.01,CONFIRMED
M01,59496,2026-09-10 17:11:48.471015+00:00,2026-09-10 17:11:48.497910+00:00,2026-09-10 17:11:48.451644+00:00,2026-09-10 17:11:48.452243+00:00,2026-09-10 17:11:48.451780+00:00,2026-09-10 17:11:48.452319+00:00,2026-09-10 17:11:48.452689+00:00,,,,,0.136,0.539,0.46299999999999997,0.37,18.325999999999997,26.895,46.266,CONFIRMED
M01,59497,2026-09-10 17:11:48.530492+00:00,2026-09-10 17:11:48.556442+00:00,2026-09-10 17:11:48.503763+00:00,2026-09-10 17:11:48.504858+00:00,2026-09-10 17:11:48.503911+00:00,2026-09-10 17:11:48.504409+00:00,2026-09-10 17:11:48.504673+00:00,,,,,0.148,0.49799999999999994,0.9470000000000001,0.264,25.819000000000003,25.95,52.678999999999995,CONFIRMED
M01,59498,2026-09-10 17:11:48.581414+00:00,2026-09-10 17:11:48.610642+00:00,2026-09-10 17:11:48.557123+00:00,2026-09-10 17:11:48.558265+00:00,2026-09-10 17:11:48.557245+00:00,2026-09-10 17:11:48.558215+00:00,2026-09-10 17:11:48.558995+00:00,,,,,0.122,0.9700000000000001,1.02,0.78,22.419,29.228,53.519,CONFIRMED
M01,59499,2026-09-10 17:11:48.633563+00:00,2026-09-10 17:11:48.662074+00:00,2026-09-10 17:11:48.610309+00:00,2026-09-10 17:11:48.612285+00:00,2026-09-10 17:11:48.610414+00:00,2026-09-10 17:11:48.611228+00:00,2026-09-10 17:11:48.611608+00:00,,,,,0.10500000000000001,0.8140000000000001,1.871,0.38,21.955,28.511000000000003,51.765,CONFIRMED
M01,59500,2026-09-10 17:11:48.685192+00:00,2026-09-10 17:11:48.711492+00:00,2026-09-10 17:11:48.664185+00:00,2026-09-10 17:11:48.665598+00:00,2026-09-10 17:11:48.664261+00:00,2026-09-10 17:11:48.665848+00:00,2026-09-10 17:11:48.666184+00:00,,,,,0.076,1.5870000000000002,1.3370000000000002,0.33599999999999997,19.008,26.3,47.307,CONFIRMED
M01,59501,2026-09-10 17:11:48.736406+00:00,2026-09-10 17:11:48.764970+00:00,2026-09-10 17:11:48.717854+00:00,2026-09-10 17:11:48.718785+00:00,2026-09-10 17:11:48.718011+00:00,2026-09-10 17:11:48.718802+00:00,2026-09-10 17:11:48.719159+00:00,,,,,0.157,0.791,0.7739999999999999,0.357,17.247,28.564,47.116,CONFIRMED
M01,59502,2026-09-10 17:11:48.797684+00:00,2026-09-10 17:11:48.827342+00:00,2026-09-10 17:11:48.771047+00:00,2026-09-10 17:11:48.771775+00:00,2026-09-10 17:11:48.771163+00:00,2026-09-10 17:11:48.771756+00:00,2026-09-10 17:11:48.772049+00:00,,,,,0.116,0.593,0.612,0.29300000000000004,25.635,29.658,56.294999999999995,CONFIRMED
M01,59503,2026-09-10 17:11:48.852279+00:00,2026-09-10 17:11:48.880896+00:00,2026-09-10 17:11:48.824936+00:00,2026-09-10 17:11:48.826751+00:00,2026-09-10 17:11:48.825105+00:00,2026-09-10 17:11:48.827800+00:00,2026-09-10 17:11:48.828232+00:00,,,,,0.16899999999999998,2.695,1.646,0.432,24.047,28.617,55.96,CONFIRMED
M01,59504,2026-09-10 17:11:48.907402+00:00,2026-09-10 17:11:48.937909+00:00,2026-09-10 17:11:48.878878+00:00,2026-09-10 17:11:48.879725+00:00,2026-09-10 17:11:48.879048+00:00,2026-09-10 17:11:48.881404+00:00,2026-09-10 17:11:48.881730+00:00,,,,,0.17,2.356,0.6769999999999999,0.326,25.672,30.506999999999998,59.031,CONFIRMED
M01,59505,2026-09-10 17:11:48.956481+00:00,2026-09-10 17:11:48.982665+00:00,2026-09-10 17:11:48.931970+00:00,2026-09-10 17:11:48.932803+00:00,2026-09-10 17:11:48.932166+00:00,2026-09-10 17:11:48.938626+00:00,2026-09-10 17:11:48.939097+00:00,,,,,0.196,6.46,0.637,0.47100000000000003,17.384,26.183999999999997,50.695,CONFIRMED
M01,59506,2026-09-10 17:11:49.007312+00:00,2026-09-10 17:11:49.033213+00:00,2026-09-10 17:11:48.986253+00:00,2026-09-10 17:11:48.987626+00:00,2026-09-10 17:11:48.986366+00:00,2026-09-10 17:11:48.986979+00:00,2026-09-10 17:11:48.987376+00:00,,,,,0.11299999999999999,0.6130000000000001,1.26,0.397,19.936,25.901,46.96,CONFIRMED
M01,59507,2026-09-10 17:11:49.055559+00:00,2026-09-10 17:11:49.080486+00:00,2026-09-10 17:11:49.039571+00:00,2026-09-10 17:11:49.040187+00:00,2026-09-10 17:11:49.039698+00:00,2026-09-10 17:11:49.040170+00:00,2026-09-10 17:11:49.040443+00:00,,,,,0.127,0.472,0.48899999999999993,0.273,15.116,24.927,40.915,CONFIRMED
M01,59508,2026-09-10 17:11:49.114022+00:00,2026-09-10 17:11:49.138882+00:00,2026-09-10 17:11:49.092333+00:00,2026-09-10 17:11:49.093178+00:00,2026-09-10 17:11:49.092485+00:00,2026-09-10 17:11:49.093103+00:00,2026-09-10 17:11:49.093376+00:00,,,,,0.152,0.618,0.6930000000000001,0.273,20.646,24.86,46.549,CONFIRMED
M01,59509,2026-09-10 17:11:49.166595+00:00,2026-09-10 17:11:49.194350+00:00,2026-09-10 17:11:49.145299+00:00,2026-09-10 17:11:49.146121+00:00,2026-09-10 17:11:49.145431+00:00,2026-09-10 17:11:49.146054+00:00,2026-09-10 17:11:49.146465+00:00,,,,,0.132,0.623,0.69,0.41100000000000003,20.13,27.755,49.050999999999995,CONFIRMED
M01,59510,2026-09-10 17:11:49.230333+00:00,2026-09-10 17:11:49.258014+00:00,2026-09-10 17:11:49.200813+00:00,2026-09-10 17:11:49.204171+00:00,2026-09-10 17:11:49.200959+00:00,2026-09-10 17:11:49.201674+00:00,2026-09-10 17:11:49.202322+00:00,,,,,0.146,0.7150000000000001,3.212,0.648,28.011000000000003,27.681,57.201,CONFIRMED
M01,59511,2026-09-10 17:11:49.278771+00:00,2026-09-10 17:11:49.303085+00:00,2026-09-10 17:11:49.257550+00:00,2026-09-10 17:11:49.258430+00:00,2026-09-10 17:11:49.257657+00:00,2026-09-10 17:11:49.258450+00:00,2026-09-10 17:11:49.258844+00:00,,,,,0.107,0.7929999999999999,0.773,0.39399999999999996,19.927,24.314,45.535,CONFIRMED
M01,59512,2026-09-10 17:11:49.327496+00:00,2026-09-10 17:11:49.353474+00:00,2026-09-10 17:11:49.310582+00:00,2026-09-10 17:11:49.311629+00:00,2026-09-10 17:11:49.310719+00:00,2026-09-10 17:11:49.311158+00:00,2026-09-10 17:11:49.311501+00:00,,,,,0.13699999999999998,0.439,0.91,0.34299999999999997,15.995,25.978,42.892,CONFIRMED
M01,59513,2026-09-10 17:11:49.391584+00:00,2026-09-10 17:11:49.416420+00:00,2026-09-10 17:11:49.363614+00:00,2026-09-10 17:11:49.364334+00:00,2026-09-10 17:11:49.363785+00:00,2026-09-10 17:11:49.364340+00:00,2026-09-10 17:11:49.364749+00:00,,,,,0.171,0.555,0.549,0.40900000000000003,26.835,24.836000000000002,52.806,CONFIRMED
M01,59514,2026-09-10 17:11:49.436475+00:00,2026-09-10 17:11:49.464078+00:00,2026-09-10 17:11:49.416167+00:00,2026-09-10 17:11:49.417069+00:00,2026-09-10 17:11:49.416272+00:00,2026-09-10 17:11:49.416960+00:00,2026-09-10 17:11:49.417283+00:00,,,,,0.10500000000000001,0.6880000000000001,0.7969999999999999,0.323,19.192,27.602999999999998,47.911,CONFIRMED
M01,59515,2026-09-10 17:11:49.493701+00:00,2026-09-10 17:11:49.525920+00:00,2026-09-10 17:11:49.470552+00:00,2026-09-10 17:11:49.471164+00:00,2026-09-10 17:11:49.470652+00:00,2026-09-10 17:11:49.471152+00:00,2026-09-10 17:11:49.471486+00:00,,,,,0.1,0.5,0.512,0.33399999999999996,22.215,32.218999999999994,55.368,CONFIRMED
M01,59516,2026-09-10 17:11:49.541744+00:00,2026-09-10 17:11:49.572089+00:00,2026-09-10 17:11:49.523086+00:00,2026-09-10 17:11:49.523784+00:00,2026-09-10 17:11:49.523191+00:00,2026-09-10 17:11:49.526358+00:00,2026-09-10 17:11:49.526685+00:00,,,,,0.10500000000000001,3.1670000000000003,0.593,0.32699999999999996,15.059,30.345,49.003,CONFIRMED
M01,59517,2026-09-10 17:11:49.592548+00:00,2026-09-10 17:11:49.617376+00:00,2026-09-10 17:11:49.575928+00:00,2026-09-10 17:11:49.576722+00:00,2026-09-10 17:11:49.576091+00:00,2026-09-10 17:11:49.576729+00:00,2026-09-10 17:11:49.577000+00:00,,,,,0.163,0.638,0.631,0.27099999999999996,15.548,24.828,41.448,CONFIRMED
M01,59518,2026-09-10 17:11:49.651264+00:00,2026-09-10 17:11:49.678922+00:00,2026-09-10 17:11:49.628982+00:00,2026-09-10 17:11:49.632179+00:00,2026-09-10 17:11:49.629085+00:00,2026-09-10 17:11:49.632184+00:00,2026-09-10 17:11:49.632548+00:00,,,,,0.103,3.099,3.094,0.364,18.716,27.657999999999998,49.94,CONFIRMED
M01,59519,2026-09-10 17:11:49.708323+00:00,2026-09-10 17:11:49.734319+00:00,2026-09-10 17:11:49.684082+00:00,2026-09-10 17:11:49.686458+00:00,2026-09-10 17:11:49.684180+00:00,2026-09-10 17:11:49.685051+00:00,2026-09-10 17:11:49.685479+00:00,,,,,0.098,0.871,2.278,0.428,22.844,25.996,50.236999999999995,CONFIRMED
M01,59520,2026-09-10 17:11:49.755774+00:00,2026-09-10 17:11:49.787188+00:00,2026-09-10 17:11:49.738516+00:00,2026-09-10 17:11:49.739131+00:00,2026-09-10 17:11:49.738613+00:00,2026-09-10 17:11:49.739113+00:00,2026-09-10 17:11:49.739510+00:00,,,,,0.097,0.5,0.518,0.397,16.264,31.413999999999998,48.672,CONFIRMED
M01,59521,2026-09-10 17:11:49.809118+00:00,2026-09-10 17:11:49.835059+00:00,2026-09-10 17:11:49.790739+00:00,2026-09-10 17:11:49.791527+00:00,2026-09-10 17:11:49.790826+00:00,2026-09-10 17:11:49.791357+00:00,2026-09-10 17:11:49.791628+00:00,,,,,0.087,0.531,0.7010000000000001,0.27099999999999996,17.49,25.941,44.32,CONFIRMED
M01,59522,2026-09-10 17:11:49.858945+00:00,2026-09-10 17:11:49.886954+00:00,2026-09-10 17:11:49.843271+00:00,2026-09-10 17:11:49.843914+00:00,2026-09-10 17:11:49.843386+00:00,2026-09-10 17:11:49.843972+00:00,2026-09-10 17:11:49.844408+00:00,,,,,0.115,0.5860000000000001,0.528,0.43600000000000005,14.536999999999999,28.009,43.683,CONFIRMED
M01,59523,2026-09-10 17:11:49.919483+00:00,2026-09-10 17:11:49.946104+00:00,2026-09-10 17:11:49.895699+00:00,2026-09-10 17:11:49.896436+00:00,2026-09-10 17:11:49.895853+00:00,2026-09-10 17:11:49.896477+00:00,2026-09-10 17:11:49.896858+00:00,,,,,0.154,0.624,0.583,0.381,22.625,26.621,50.405,CONFIRMED
M01,59524,2026-09-10 17:11:49.968185+00:00,2026-09-10 17:11:49.993334+00:00,2026-09-10 17:11:49.949897+00:00,2026-09-10 17:11:49.950780+00:00,2026-09-10 17:11:49.950004+00:00,2026-09-10 17:11:49.950824+00:00,2026-09-10 17:11:49.951162+00:00,,,,,0.107,0.82,0.776,0.33799999999999997,17.023,25.149,43.437000000000005,CONFIRMED
M01,59525,2026-09-10 17:11:50.022598+00:00,2026-09-10 17:11:50.048605+00:00,2026-09-10 17:11:50.003860+00:00,2026-09-10 17:11:50.004583+00:00,2026-09-10 17:11:50.004018+00:00,2026-09-10 17:11:50.004580+00:00,2026-09-10 17:11:50.005001+00:00,,,,,0.158,0.562,0.565,0.421,17.597,26.006999999999998,44.745,CONFIRMED
M01,59526,2026-09-10 17:11:50.077772+00:00,2026-09-10 17:11:50.104832+00:00,2026-09-10 17:11:50.057728+00:00,2026-09-10 17:11:50.058674+00:00,2026-09-10 17:11:50.057975+00:00,2026-09-10 17:11:50.058639+00:00,2026-09-10 17:11:50.059020+00:00,,,,,0.247,0.664,0.699,0.381,18.752000000000002,27.060000000000002,47.104,CONFIRMED
M01,59527,2026-09-10 17:11:50.139127+00:00,2026-09-10 17:11:50.168123+00:00,2026-09-10 17:11:50.114687+00:00,2026-09-10 17:11:50.116028+00:00,2026-09-10 17:11:50.114845+00:00,2026-09-10 17:11:50.115448+00:00,2026-09-10 17:11:50.115910+00:00,,,,,0.158,0.603,1.183,0.462,23.217000000000002,28.996000000000002,53.436,CONFIRMED
M01,59528,2026-09-10 17:11:50.187601+00:00,2026-09-10 17:11:50.214263+00:00,2026-09-10 17:11:50.169159+00:00,2026-09-10 17:11:50.169802+00:00,2026-09-10 17:11:50.169254+00:00,2026-09-10 17:11:50.169815+00:00,2026-09-10 17:11:50.170266+00:00,,,,,0.095,0.5609999999999999,0.5479999999999999,0.451,17.335,26.662000000000003,45.104,CONFIRMED
M01,59529,2026-09-10 17:11:50.249128+00:00,2026-09-10 17:11:50.276624+00:00,2026-09-10 17:11:50.221854+00:00,2026-09-10 17:11:50.224275+00:00,2026-09-10 17:11:50.221993+00:00,2026-09-10 17:11:50.223067+00:00,2026-09-10 17:11:50.223439+00:00,,,,,0.13899999999999998,1.074,2.282,0.372,25.689,27.496,54.769999999999996,CONFIRMED
M01,59530,2026-09-10 17:11:50.295808+00:00,2026-09-10 17:11:50.320189+00:00,2026-09-10 17:11:50.277097+00:00,2026-09-10 17:11:50.277653+00:00,2026-09-10 17:11:50.277187+00:00,2026-09-10 17:11:50.277630+00:00,2026-09-10 17:11:50.278075+00:00,,,,,0.09000000000000001,0.443,0.46599999999999997,0.44499999999999995,17.732999999999997,24.381,43.092,CONFIRMED
M01,59531,2026-09-10 17:11:50.351278+00:00,2026-09-10 17:11:50.381177+00:00,2026-09-10 17:11:50.331857+00:00,2026-09-10 17:11:50.332712+00:00,2026-09-10 17:11:50.332006+00:00,2026-09-10 17:11:50.332672+00:00,2026-09-10 17:11:50.333095+00:00,,,,,0.149,0.666,0.7060000000000001,0.423,18.183,29.898999999999997,49.32,CONFIRMED
M01,59532,2026-09-10 17:11:50.404413+00:00,2026-09-10 17:11:50.431977+00:00,2026-09-10 17:11:50.386046+00:00,2026-09-10 17:11:50.386729+00:00,2026-09-10 17:11:50.386154+00:00,2026-09-10 17:11:50.386715+00:00,2026-09-10 17:11:50.387067+00:00,,,,,0.108,0.5609999999999999,0.575,0.352,17.346,27.564,45.931,CONFIRMED
M01,59533,2026-09-10 17:11:50.465190+00:00,2026-09-10 17:11:50.491548+00:00,2026-09-10 17:11:50.440371+00:00,2026-09-10 17:11:50.441324+00:00,2026-09-10 17:11:50.440538+00:00,2026-09-10 17:11:50.441364+00:00,2026-09-10 17:11:50.441720+00:00,,,,,0.16699999999999998,0.8260000000000001,0.786,0.356,23.470000000000002,26.358,51.177,CONFIRMED
M01,59534,2026-09-10 17:11:50.519418+00:00,2026-09-10 17:11:50.546791+00:00,2026-09-10 17:11:50.493818+00:00,2026-09-10 17:11:50.495078+00:00,2026-09-10 17:11:50.494004+00:00,2026-09-10 17:11:50.494785+00:00,2026-09-10 17:11:50.495074+00:00,,,,,0.186,0.781,1.074,0.289,24.344,27.373,52.973,CONFIRMED
M01,59535,2026-09-10 17:11:50.566671+00:00,2026-09-10 17:11:50.593616+00:00,2026-09-10 17:11:50.547151+00:00,2026-09-10 17:11:50.548030+00:00,2026-09-10 17:11:50.547263+00:00,2026-09-10 17:11:50.548117+00:00,2026-09-10 17:11:50.548444+00:00,,,,,0.112,0.8540000000000001,0.767,0.32699999999999996,18.227,26.945,46.464999999999996,CONFIRMED
M01,59536,2026-09-10 17:11:50.617489+00:00,2026-09-10 17:11:50.643846+00:00,2026-09-10 17:11:50.600449+00:00,2026-09-10 17:11:50.601222+00:00,2026-09-10 17:11:50.600608+00:00,2026-09-10 17:11:50.601182+00:00,2026-09-10 17:11:50.601495+00:00,,,,,0.159,0.574,0.614,0.313,15.994000000000002,26.357,43.397,CONFIRMED
M01,59537,2026-09-10 17:11:50.674396+00:00,2026-09-10 17:11:50.704417+00:00,2026-09-10 17:11:50.655566+00:00,2026-09-10 17:11:50.656288+00:00,2026-09-10 17:11:50.655723+00:00,2026-09-10 17:11:50.656223+00:00,2026-09-10 17:11:50.656629+00:00,,,,,0.157,0.5,0.565,0.406,17.767000000000003,30.021,48.851,CONFIRMED
M01,59538,2026-09-10 17:11:50.730753+00:00,2026-09-10 17:11:50.759263+00:00,2026-09-10 17:11:50.709657+00:00,2026-09-10 17:11:50.710446+00:00,2026-09-10 17:11:50.709855+00:00,2026-09-10 17:11:50.710480+00:00,2026-09-10 17:11:50.710788+00:00,,,,,0.19799999999999998,0.625,0.5910000000000001,0.308,19.965,28.51,49.605999999999995,CONFIRMED
M01,59539,2026-09-10 17:11:50.782722+00:00,2026-09-10 17:11:50.809721+00:00,2026-09-10 17:11:50.762847+00:00,2026-09-10 17:11:50.763565+00:00,2026-09-10 17:11:50.762986+00:00,2026-09-10 17:11:50.763555+00:00,2026-09-10 17:11:50.763922+00:00,,,,,0.13899999999999998,0.569,0.579,0.367,18.8,26.999,46.874,CONFIRMED
M01,59540,2026-09-10 17:11:50.835031+00:00,2026-09-10 17:11:50.864496+00:00,2026-09-10 17:11:50.815827+00:00,2026-09-10 17:11:50.816466+00:00,2026-09-10 17:11:50.815974+00:00,2026-09-10 17:11:50.816434+00:00,2026-09-10 17:11:50.816735+00:00,,,,,0.147,0.46,0.49200000000000005,0.301,18.296,29.465,48.669,CONFIRMED
M01,59541,2026-09-10 17:11:50.901736+00:00,2026-09-10 17:11:50.929075+00:00,2026-09-10 17:11:50.868796+00:00,2026-09-10 17:11:50.869624+00:00,2026-09-10 17:11:50.868971+00:00,2026-09-10 17:11:50.869594+00:00,2026-09-10 17:11:50.869953+00:00,,,,,0.175,0.623,0.653,0.359,31.782999999999998,27.339,60.278999999999996,CONFIRMED
M01,59542,2026-09-10 17:11:50.948226+00:00,2026-09-10 17:11:50.976702+00:00,2026-09-10 17:11:50.921518+00:00,2026-09-10 17:11:50.922416+00:00,2026-09-10 17:11:50.921681+00:00,2026-09-10 17:11:50.929540+00:00,2026-09-10 17:11:50.929827+00:00,,,,,0.163,7.859,0.735,0.287,18.398999999999997,28.476000000000003,55.184,CONFIRMED
M01,59543,2026-09-10 17:11:50.997370+00:00,2026-09-10 17:11:51.028553+00:00,2026-09-10 17:11:50.974159+00:00,2026-09-10 17:11:50.975207+00:00,2026-09-10 17:11:50.974262+00:00,2026-09-10 17:11:50.977229+00:00,2026-09-10 17:11:50.977531+00:00,,,,,0.103,2.967,0.945,0.30200000000000005,19.839,31.183,54.394,CONFIRMED
M01,59544,2026-09-10 17:11:51.057556+00:00,2026-09-10 17:11:51.087125+00:00,2026-09-10 17:11:51.029187+00:00,2026-09-10 17:11:51.029914+00:00,2026-09-10 17:11:51.029311+00:00,2026-09-10 17:11:51.029855+00:00,2026-09-10 17:11:51.030258+00:00,,,,,0.124,0.544,0.603,0.40299999999999997,27.298,29.569000000000003,57.938,CONFIRMED
M01,59545,2026-09-10 17:11:51.109615+00:00,2026-09-10 17:11:51.147608+00:00,2026-09-10 17:11:51.081778+00:00,2026-09-10 17:11:51.085290+00:00,2026-09-10 17:11:51.082020+00:00,2026-09-10 17:11:51.087624+00:00,2026-09-10 17:11:51.090283+00:00,,,,,0.242,5.603999999999999,3.27,2.659,19.331999999999997,37.993,65.83,CONFIRMED
M01,59546,2026-09-10 17:11:51.169081+00:00,2026-09-10 17:11:51.194368+00:00,2026-09-10 17:11:51.137100+00:00,2026-09-10 17:11:51.140958+00:00,2026-09-10 17:11:51.137282+00:00,2026-09-10 17:11:51.148019+00:00,2026-09-10 17:11:51.148354+00:00,,,,,0.182,10.737,3.676,0.335,20.727,25.287,57.268,CONFIRMED
M01,59547,2026-09-10 17:11:51.211717+00:00,2026-09-10 17:11:51.247127+00:00,2026-09-10 17:11:51.193056+00:00,2026-09-10 17:11:51.193790+00:00,2026-09-10 17:11:51.193240+00:00,2026-09-10 17:11:51.194713+00:00,2026-09-10 17:11:51.194945+00:00,,,,,0.184,1.4729999999999999,0.55,0.232,16.772,35.41,54.071,CONFIRMED
M01,59548,2026-09-10 17:11:51.276378+00:00,2026-09-10 17:11:51.302063+00:00,2026-09-10 17:11:51.253853+00:00,2026-09-10 17:11:51.255797+00:00,2026-09-10 17:11:51.253988+00:00,2026-09-10 17:11:51.254539+00:00,2026-09-10 17:11:51.254894+00:00,,,,,0.135,0.5509999999999999,1.8090000000000002,0.355,21.483999999999998,25.685,48.21,CONFIRMED
M01,59549,2026-09-10 17:11:51.324880+00:00,2026-09-10 17:11:51.352136+00:00,2026-09-10 17:11:51.309404+00:00,2026-09-10 17:11:51.310154+00:00,2026-09-10 17:11:51.309505+00:00,2026-09-10 17:11:51.310056+00:00,2026-09-10 17:11:51.310319+00:00,,,,,0.101,0.5509999999999999,0.6489999999999999,0.263,14.561,27.256,42.732,CONFIRMED
M01,59550,2026-09-10 17:11:51.380121+00:00,2026-09-10 17:11:51.406619+00:00,2026-09-10 17:11:51.361682+00:00,2026-09-10 17:11:51.362299+00:00,2026-09-10 17:11:51.361838+00:00,2026-09-10 17:11:51.363978+00:00,2026-09-10 17:11:51.364248+00:00,,,,,0.156,2.14,0.46099999999999997,0.27,15.873000000000001,26.498,44.937,CONFIRMED
M01,59551,2026-09-10 17:11:51.436143+00:00,2026-09-10 17:11:51.463331+00:00,2026-09-10 17:11:51.414443+00:00,2026-09-10 17:11:51.414991+00:00,2026-09-10 17:11:51.414550+00:00,2026-09-10 17:11:51.415040+00:00,2026-09-10 17:11:51.415459+00:00,,,,,0.107,0.49,0.441,0.419,20.684,27.188,48.888,CONFIRMED
M01,59552,2026-09-10 17:11:51.493487+00:00,2026-09-10 17:11:51.518987+00:00,2026-09-10 17:11:51.466824+00:00,2026-09-10 17:11:51.467460+00:00,2026-09-10 17:11:51.466949+00:00,2026-09-10 17:11:51.467488+00:00,2026-09-10 17:11:51.467724+00:00,,,,,0.125,0.539,0.5109999999999999,0.236,25.763,25.5,52.163000000000004,CONFIRMED
M01,59553,2026-09-10 17:11:51.547772+00:00,2026-09-10 17:11:51.572907+00:00,2026-09-10 17:11:51.524650+00:00,2026-09-10 17:11:51.525382+00:00,2026-09-10 17:11:51.524739+00:00,2026-09-10 17:11:51.525360+00:00,2026-09-10 17:11:51.525786+00:00,,,,,0.089,0.621,0.643,0.426,21.985999999999997,25.135,48.257,CONFIRMED
M01,59554,2026-09-10 17:11:51.601921+00:00,2026-09-10 17:11:51.628141+00:00,2026-09-10 17:11:51.577960+00:00,2026-09-10 17:11:51.578803+00:00,2026-09-10 17:11:51.578121+00:00,2026-09-10 17:11:51.579168+00:00,2026-09-10 17:11:51.579735+00:00,,,,,0.161,1.047,0.6819999999999999,0.5670000000000001,22.186,26.22,50.181000000000004,CONFIRMED
M01,59555,2026-09-10 17:11:51.652020+00:00,2026-09-10 17:11:51.677833+00:00,2026-09-10 17:11:51.631606+00:00,2026-09-10 17:11:51.632290+00:00,2026-09-10 17:11:51.631726+00:00,2026-09-10 17:11:51.632360+00:00,2026-09-10 17:11:51.632772+00:00,,,,,0.12000000000000001,0.634,0.5640000000000001,0.412,19.248,25.813,46.227,CONFIRMED
M01,59556,2026-09-10 17:11:51.707586+00:00,2026-09-10 17:11:51.734300+00:00,2026-09-10 17:11:51.684050+00:00,2026-09-10 17:11:51.684583+00:00,2026-09-10 17:11:51.684156+00:00,2026-09-10 17:11:51.687133+00:00,2026-09-10 17:11:51.687451+00:00,,,,,0.106,2.977,0.42700000000000005,0.318,20.135,26.714000000000002,50.25,CONFIRMED
M01,59557,2026-09-10 17:11:51.757991+00:00,2026-09-10 17:11:51.788983+00:00,2026-09-10 17:11:51.736256+00:00,2026-09-10 17:11:51.737335+00:00,2026-09-10 17:11:51.736393+00:00,2026-09-10 17:11:51.737546+00:00,2026-09-10 17:11:51.738045+00:00,,,,,0.13699999999999998,1.153,0.9420000000000001,0.499,19.945999999999998,30.991999999999997,52.727000000000004,CONFIRMED
M01,59558,2026-09-10 17:11:51.810425+00:00,2026-09-10 17:11:51.837571+00:00,2026-09-10 17:11:51.789346+00:00,2026-09-10 17:11:51.790440+00:00,2026-09-10 17:11:51.789591+00:00,2026-09-10 17:11:51.790164+00:00,2026-09-10 17:11:51.790507+00:00,,,,,0.245,0.5730000000000001,0.8490000000000001,0.34299999999999997,19.918000000000003,27.146,48.224999999999994,CONFIRMED
M01,59559,2026-09-10 17:11:51.862245+00:00,2026-09-10 17:11:51.888216+00:00,2026-09-10 17:11:51.844320+00:00,2026-09-10 17:11:51.845096+00:00,2026-09-10 17:11:51.844413+00:00,2026-09-10 17:11:51.845000+00:00,2026-09-10 17:11:51.845402+00:00,,,,,0.093,0.587,0.683,0.402,16.843,25.971,43.896,CONFIRMED
M01,59560,2026-09-10 17:11:51.916938+00:00,2026-09-10 17:11:51.945181+00:00,2026-09-10 17:11:51.897565+00:00,2026-09-10 17:11:51.898257+00:00,2026-09-10 17:11:51.897705+00:00,2026-09-10 17:11:51.898307+00:00,2026-09-10 17:11:51.898644+00:00,,,,,0.13999999999999999,0.602,0.5519999999999999,0.337,18.294,28.243000000000002,47.616,CONFIRMED
M01,59561,2026-09-10 17:11:51.971971+00:00,2026-09-10 17:11:51.997554+00:00,2026-09-10 17:11:51.950211+00:00,2026-09-10 17:11:51.952379+00:00,2026-09-10 17:11:51.950389+00:00,2026-09-10 17:11:51.952045+00:00,2026-09-10 17:11:51.952450+00:00,,,,,0.178,1.656,1.99,0.40499999999999997,19.521,25.583000000000002,47.343,CONFIRMED
M01,59562,2026-09-10 17:11:52.025913+00:00,2026-09-10 17:11:52.051881+00:00,2026-09-10 17:11:52.004570+00:00,2026-09-10 17:11:52.005269+00:00,2026-09-10 17:11:52.004698+00:00,2026-09-10 17:11:52.008052+00:00,2026-09-10 17:11:52.008467+00:00,,,,,0.128,3.354,0.571,0.415,17.445999999999998,25.968,47.311,CONFIRMED
M01,59563,2026-09-10 17:11:52.077856+00:00,2026-09-10 17:11:52.105857+00:00,2026-09-10 17:11:52.056910+00:00,2026-09-10 17:11:52.057534+00:00,2026-09-10 17:11:52.057006+00:00,2026-09-10 17:11:52.057548+00:00,2026-09-10 17:11:52.057884+00:00,,,,,0.096,0.5419999999999999,0.528,0.33599999999999997,19.972,28.001,48.946999999999996,CONFIRMED
M01,59564,2026-09-10 17:11:52.135336+00:00,2026-09-10 17:11:52.161362+00:00,2026-09-10 17:11:52.112755+00:00,2026-09-10 17:11:52.115136+00:00,2026-09-10 17:11:52.112873+00:00,2026-09-10 17:11:52.114225+00:00,2026-09-10 17:11:52.114932+00:00,,,,,0.118,1.3519999999999999,2.263,0.707,20.404,26.026,48.607,CONFIRMED
M01,59565,2026-09-10 17:11:52.193468+00:00,2026-09-10 17:11:52.226598+00:00,2026-09-10 17:11:52.166876+00:00,2026-09-10 17:11:52.168234+00:00,2026-09-10 17:11:52.166994+00:00,2026-09-10 17:11:52.167867+00:00,2026-09-10 17:11:52.168246+00:00,,,,,0.118,0.873,1.24,0.379,25.222,33.13,59.721999999999994,CONFIRMED
M01,59566,2026-09-10 17:11:52.250433+00:00,2026-09-10 17:11:52.278211+00:00,2026-09-10 17:11:52.220572+00:00,2026-09-10 17:11:52.221503+00:00,2026-09-10 17:11:52.220830+00:00,2026-09-10 17:11:52.227222+00:00,2026-09-10 17:11:52.227635+00:00,,,,,0.258,6.392,0.673,0.41300000000000003,22.798,27.778000000000002,57.639,CONFIRMED
M01,59567,2026-09-10 17:11:52.294577+00:00,2026-09-10 17:11:52.320227+00:00,2026-09-10 17:11:52.273273+00:00,2026-09-10 17:11:52.274010+00:00,2026-09-10 17:11:52.273411+00:00,2026-09-10 17:11:52.278572+00:00,2026-09-10 17:11:52.278799+00:00,,,,,0.13799999999999998,5.161,0.599,0.22699999999999998,15.778,25.65,46.954,CONFIRMED
M01,59568,2026-09-10 17:11:52.345079+00:00,2026-09-10 17:11:52.373715+00:00,2026-09-10 17:11:52.325762+00:00,2026-09-10 17:11:52.326384+00:00,2026-09-10 17:11:52.325854+00:00,2026-09-10 17:11:52.326435+00:00,2026-09-10 17:11:52.326726+00:00,,,,,0.092,0.5810000000000001,0.53,0.29100000000000004,18.353,28.636000000000003,47.953,CONFIRMED
M01,59569,2026-09-10 17:11:52.395469+00:00,2026-09-10 17:11:52.421577+00:00,2026-09-10 17:11:52.378051+00:00,2026-09-10 17:11:52.378683+00:00,2026-09-10 17:11:52.378138+00:00,2026-09-10 17:11:52.378684+00:00,2026-09-10 17:11:52.378964+00:00,,,,,0.087,0.546,0.545,0.27999999999999997,16.505,26.108,43.526,CONFIRMED
M01,59570,2026-09-10 17:11:52.454491+00:00,2026-09-10 17:11:52.481154+00:00,2026-09-10 17:11:52.431064+00:00,2026-09-10 17:11:52.431964+00:00,2026-09-10 17:11:52.431270+00:00,2026-09-10 17:11:52.431910+00:00,2026-09-10 17:11:52.432321+00:00,,,,,0.206,0.64,0.694,0.41100000000000003,22.169999999999998,26.663,50.09,CONFIRMED
M01,59571,2026-09-10 17:11:52.509563+00:00,2026-09-10 17:11:52.536899+00:00,2026-09-10 17:11:52.486537+00:00,2026-09-10 17:11:52.487078+00:00,2026-09-10 17:11:52.486620+00:00,2026-09-10 17:11:52.487112+00:00,2026-09-10 17:11:52.487483+00:00,,,,,0.083,0.49200000000000005,0.458,0.371,22.08,27.336,50.361999999999995,CONFIRMED
M01,59572,2026-09-10 17:11:52.562092+00:00,2026-09-10 17:11:52.587147+00:00,2026-09-10 17:11:52.540084+00:00,2026-09-10 17:11:52.540895+00:00,2026-09-10 17:11:52.540196+00:00,2026-09-10 17:11:52.541010+00:00,2026-09-10 17:11:52.541412+00:00,,,,,0.112,0.8140000000000001,0.699,0.402,20.68,25.055,47.063,CONFIRMED
M01,59573,2026-09-10 17:11:52.611645+00:00,2026-09-10 17:11:52.636718+00:00,2026-09-10 17:11:52.593043+00:00,2026-09-10 17:11:52.593530+00:00,2026-09-10 17:11:52.593132+00:00,2026-09-10 17:11:52.593555+00:00,2026-09-10 17:11:52.593845+00:00,,,,,0.089,0.423,0.398,0.29,17.8,25.073,43.675,CONFIRMED
M01,59574,2026-09-10 17:11:52.665782+00:00,2026-09-10 17:11:52.692528+00:00,2026-09-10 17:11:52.645113+00:00,2026-09-10 17:11:52.647958+00:00,2026-09-10 17:11:52.645269+00:00,2026-09-10 17:11:52.645937+00:00,2026-09-10 17:11:52.646219+00:00,,,,,0.156,0.6679999999999999,2.689,0.28200000000000003,19.563,26.746,47.415,CONFIRMED
M01,59575,2026-09-10 17:11:52.723549+00:00,2026-09-10 17:11:52.748481+00:00,2026-09-10 17:11:52.699333+00:00,2026-09-10 17:11:52.699985+00:00,2026-09-10 17:11:52.699476+00:00,2026-09-10 17:11:52.700258+00:00,2026-09-10 17:11:52.700787+00:00,,,,,0.14300000000000002,0.782,0.509,0.5289999999999999,22.762,24.932,49.147999999999996,CONFIRMED
M01,59576,2026-09-10 17:11:52.771538+00:00,2026-09-10 17:11:52.802124+00:00,2026-09-10 17:11:52.751742+00:00,2026-09-10 17:11:52.753016+00:00,2026-09-10 17:11:52.751871+00:00,2026-09-10 17:11:52.752589+00:00,2026-09-10 17:11:52.752988+00:00,,,,,0.129,0.718,1.145,0.399,18.55,30.586,50.382000000000005,CONFIRMED
M01,59577,2026-09-10 17:11:52.826563+00:00,2026-09-10 17:11:52.863063+00:00,2026-09-10 17:11:52.808348+00:00,2026-09-10 17:11:52.808954+00:00,2026-09-10 17:11:52.808469+00:00,2026-09-10 17:11:52.808988+00:00,2026-09-10 17:11:52.809341+00:00,,,,,0.121,0.519,0.48500000000000004,0.35300000000000004,17.222,36.5,54.714999999999996,CONFIRMED
M01,59578,2026-09-10 17:11:52.881934+00:00,2026-09-10 17:11:52.908446+00:00,2026-09-10 17:11:52.860808+00:00,2026-09-10 17:11:52.861816+00:00,2026-09-10 17:11:52.860938+00:00,2026-09-10 17:11:52.863697+00:00,2026-09-10 17:11:52.864182+00:00,,,,,0.12999999999999998,2.7590000000000003,0.878,0.48500000000000004,17.752,26.512,47.638,CONFIRMED
M01,59579,2026-09-10 17:11:52.932081+00:00,2026-09-10 17:11:52.960120+00:00,2026-09-10 17:11:52.914185+00:00,2026-09-10 17:11:52.914877+00:00,2026-09-10 17:11:52.914287+00:00,2026-09-10 17:11:52.914871+00:00,2026-09-10 17:11:52.915130+00:00,,,,,0.102,0.584,0.5900000000000001,0.259,16.951,28.039,45.934999999999995,CONFIRMED
M01,59580,2026-09-10 17:11:52.984416+00:00,2026-09-10 17:11:53.011564+00:00,2026-09-10 17:11:52.966469+00:00,2026-09-10 17:11:52.967120+00:00,2026-09-10 17:11:52.966582+00:00,2026-09-10 17:11:52.967155+00:00,2026-09-10 17:11:52.967525+00:00,,,,,0.11299999999999999,0.5730000000000001,0.5379999999999999,0.37,16.891,27.148,45.095000000000006,CONFIRMED
M01,59581,2026-09-10 17:11:53.040847+00:00,2026-09-10 17:11:53.065166+00:00,2026-09-10 17:11:53.018823+00:00,2026-09-10 17:11:53.019649+00:00,2026-09-10 17:11:53.018960+00:00,2026-09-10 17:11:53.019640+00:00,2026-09-10 17:11:53.020000+00:00,,,,,0.13699999999999998,0.68,0.6890000000000001,0.36000000000000004,20.847,24.319,46.343,CONFIRMED
M01,59582,2026-09-10 17:11:53.095370+00:00,2026-09-10 17:11:53.123267+00:00,2026-09-10 17:11:53.075766+00:00,2026-09-10 17:11:53.076622+00:00,2026-09-10 17:11:53.075965+00:00,2026-09-10 17:11:53.078097+00:00,2026-09-10 17:11:53.078618+00:00,,,,,0.199,2.132,0.657,0.521,16.752,27.897000000000002,47.501000000000005,CONFIRMED
M01,59583,2026-09-10 17:11:53.146438+00:00,2026-09-10 17:11:53.172079+00:00,2026-09-10 17:11:53.127910+00:00,2026-09-10 17:11:53.128581+00:00,2026-09-10 17:11:53.127992+00:00,2026-09-10 17:11:53.128675+00:00,2026-09-10 17:11:53.128963+00:00,,,,,0.082,0.683,0.589,0.28800000000000003,17.475,25.641000000000002,44.169,CONFIRMED
M01,59584,2026-09-10 17:11:53.205901+00:00,2026-09-10 17:11:53.238931+00:00,2026-09-10 17:11:53.180685+00:00,2026-09-10 17:11:53.181480+00:00,2026-09-10 17:11:53.180823+00:00,2026-09-10 17:11:53.184599+00:00,2026-09-10 17:11:53.184955+00:00,,,,,0.13799999999999998,3.776,0.657,0.356,20.945999999999998,33.029999999999994,58.246,CONFIRMED
M01,59585,2026-09-10 17:11:53.267492+00:00,2026-09-10 17:11:53.315967+00:00,2026-09-10 17:11:53.233385+00:00,2026-09-10 17:11:53.234248+00:00,2026-09-10 17:11:53.233557+00:00,2026-09-10 17:11:53.239424+00:00,2026-09-10 17:11:53.239822+00:00,,,,,0.17200000000000001,5.867,0.691,0.398,27.67,48.474999999999994,82.58200000000001,CONFIRMED
M01,59586,2026-09-10 17:11:53.334861+00:00,2026-09-10 17:11:53.365164+00:00,2026-09-10 17:11:53.288382+00:00,2026-09-10 17:11:53.290136+00:00,2026-09-10 17:11:53.288555+00:00,2026-09-10 17:11:53.316350+00:00,2026-09-10 17:11:53.316649+00:00,,,,,0.17300000000000001,27.795,1.581,0.299,18.212,30.303,76.782,CONFIRMED
M01,59587,2026-09-10 17:11:53.380900+00:00,2026-09-10 17:11:53.407301+00:00,2026-09-10 17:11:53.341866+00:00,2026-09-10 17:11:53.342918+00:00,2026-09-10 17:11:53.341990+00:00,2026-09-10 17:11:53.365509+00:00,2026-09-10 17:11:53.365743+00:00,,,,,0.124,23.519000000000002,0.928,0.23399999999999999,15.157,26.401,65.43499999999999,CONFIRMED
M01,59588,2026-09-10 17:11:53.425629+00:00,2026-09-10 17:11:53.454997+00:00,2026-09-10 17:11:53.397812+00:00,2026-09-10 17:11:53.398597+00:00,2026-09-10 17:11:53.398003+00:00,2026-09-10 17:11:53.407641+00:00,2026-09-10 17:11:53.407859+00:00,,,,,0.191,9.638,0.594,0.21800000000000003,17.77,29.368,57.185,CONFIRMED
M01,59589,2026-09-10 17:11:53.480588+00:00,2026-09-10 17:11:53.514238+00:00,2026-09-10 17:11:53.457082+00:00,2026-09-10 17:11:53.458927+00:00,2026-09-10 17:11:53.457220+00:00,2026-09-10 17:11:53.458865+00:00,2026-09-10 17:11:53.460103+00:00,,,,,0.13799999999999998,1.645,1.707,1.238,20.485,33.65,57.156,CONFIRMED
M01,59590,2026-09-10 17:11:53.534928+00:00,2026-09-10 17:11:53.564844+00:00,2026-09-10 17:11:53.512537+00:00,2026-09-10 17:11:53.513832+00:00,2026-09-10 17:11:53.512680+00:00,2026-09-10 17:11:53.514708+00:00,2026-09-10 17:11:53.515042+00:00,,,,,0.14300000000000002,2.028,1.1520000000000001,0.33399999999999996,19.886,29.916,52.307,CONFIRMED
M01,59591,2026-09-10 17:11:53.583434+00:00,2026-09-10 17:11:53.610721+00:00,2026-09-10 17:11:53.566142+00:00,2026-09-10 17:11:53.569069+00:00,2026-09-10 17:11:53.566225+00:00,2026-09-10 17:11:53.566869+00:00,2026-09-10 17:11:53.567117+00:00,,,,,0.083,0.644,2.8440000000000003,0.248,16.317,27.287,44.579,CONFIRMED
M01,59592,2026-09-10 17:11:53.636586+00:00,2026-09-10 17:11:53.663473+00:00,2026-09-10 17:11:53.620834+00:00,2026-09-10 17:11:53.621405+00:00,2026-09-10 17:11:53.620938+00:00,2026-09-10 17:11:53.621404+00:00,2026-09-10 17:11:53.621666+00:00,,,,,0.104,0.46599999999999997,0.467,0.262,14.92,26.887,42.639,CONFIRMED
M01,59593,2026-09-10 17:11:53.697132+00:00,2026-09-10 17:11:53.726003+00:00,2026-09-10 17:11:53.673322+00:00,2026-09-10 17:11:53.673894+00:00,2026-09-10 17:11:53.673440+00:00,2026-09-10 17:11:53.674098+00:00,2026-09-10 17:11:53.674647+00:00,,,,,0.118,0.6579999999999999,0.45399999999999996,0.549,22.485000000000003,28.871000000000002,52.681,CONFIRMED
M01,59594,2026-09-10 17:11:53.742618+00:00,2026-09-10 17:11:53.768605+00:00,2026-09-10 17:11:53.725294+00:00,2026-09-10 17:11:53.726382+00:00,2026-09-10 17:11:53.725407+00:00,2026-09-10 17:11:53.726577+00:00,2026-09-10 17:11:53.726856+00:00,,,,,0.11299999999999999,1.17,0.975,0.279,15.762000000000002,25.987,43.311,CONFIRMED
M01,59595,2026-09-10 17:11:53.807956+00:00,2026-09-10 17:11:53.838108+00:00,2026-09-10 17:11:53.778368+00:00,2026-09-10 17:11:53.779938+00:00,2026-09-10 17:11:53.778578+00:00,2026-09-10 17:11:53.779932+00:00,2026-09-10 17:11:53.781006+00:00,,,,,0.21000000000000002,1.3539999999999999,1.36,1.074,26.950000000000003,30.152,59.74,CONFIRMED
M01,59596,2026-09-10 17:11:53.854848+00:00,2026-09-10 17:11:53.880529+00:00,2026-09-10 17:11:53.835588+00:00,2026-09-10 17:11:53.836716+00:00,2026-09-10 17:11:53.835691+00:00,2026-09-10 17:11:53.838652+00:00,2026-09-10 17:11:53.838998+00:00,,,,,0.103,2.9610000000000003,1.0250000000000001,0.34600000000000003,15.85,25.680999999999997,44.941,CONFIRMED
M01,59597,2026-09-10 17:11:53.905595+00:00,2026-09-10 17:11:53.932300+00:00,2026-09-10 17:11:53.888297+00:00,2026-09-10 17:11:53.889047+00:00,2026-09-10 17:11:53.888406+00:00,2026-09-10 17:11:53.889047+00:00,2026-09-10 17:11:53.889333+00:00,,,,,0.10900000000000001,0.641,0.641,0.28600000000000003,16.262,26.705,44.003,CONFIRMED
M01,59598,2026-09-10 17:11:53.965665+00:00,2026-09-10 17:11:53.994462+00:00,2026-09-10 17:11:53.941273+00:00,2026-09-10 17:11:53.941856+00:00,2026-09-10 17:11:53.941418+00:00,2026-09-10 17:11:53.944677+00:00,2026-09-10 17:11:53.945056+00:00,,,,,0.145,3.2590000000000003,0.438,0.379,20.608999999999998,28.797,53.189,CONFIRMED
M01,59599,2026-09-10 17:11:54.016530+00:00,2026-09-10 17:11:54.043184+00:00,2026-09-10 17:11:53.993569+00:00,2026-09-10 17:11:53.994829+00:00,2026-09-10 17:11:53.993947+00:00,2026-09-10 17:11:53.995188+00:00,2026-09-10 17:11:53.995598+00:00,,,,,0.378,1.2409999999999999,0.882,0.41,20.932,26.654,49.615,CONFIRMED
M01,59600,2026-09-10 17:11:54.067735+00:00,2026-09-10 17:11:54.094556+00:00,2026-09-10 17:11:54.047912+00:00,2026-09-10 17:11:54.048798+00:00,2026-09-10 17:11:54.048104+00:00,2026-09-10 17:11:54.048723+00:00,2026-09-10 17:11:54.049126+00:00,,,,,0.192,0.619,0.694,0.40299999999999997,18.609,26.821,46.644,CONFIRMED
M01,59601,2026-09-10 17:11:54.124987+00:00,2026-09-10 17:11:54.154129+00:00,2026-09-10 17:11:54.101360+00:00,2026-09-10 17:11:54.105690+00:00,2026-09-10 17:11:54.101456+00:00,2026-09-10 17:11:54.102203+00:00,2026-09-10 17:11:54.102653+00:00,,,,,0.096,0.747,4.234,0.45,22.334,29.142000000000003,52.769000000000005,CONFIRMED
M01,59602,2026-09-10 17:11:54.176789+00:00,2026-09-10 17:11:54.203642+00:00,2026-09-10 17:11:54.158026+00:00,2026-09-10 17:11:54.158769+00:00,2026-09-10 17:11:54.158195+00:00,2026-09-10 17:11:54.158816+00:00,2026-09-10 17:11:54.159308+00:00,,,,,0.16899999999999998,0.621,0.574,0.49200000000000005,17.481,26.852999999999998,45.616,CONFIRMED
M01,59603,2026-09-10 17:11:54.232976+00:00,2026-09-10 17:11:54.261562+00:00,2026-09-10 17:11:54.210669+00:00,2026-09-10 17:11:54.211352+00:00,2026-09-10 17:11:54.210786+00:00,2026-09-10 17:11:54.211342+00:00,2026-09-10 17:11:54.211744+00:00,,,,,0.11699999999999999,0.5559999999999999,0.566,0.402,21.232,28.586,50.893,CONFIRMED
M01,59604,2026-09-10 17:11:54.293674+00:00,2026-09-10 17:11:54.327117+00:00,2026-09-10 17:11:54.266755+00:00,2026-09-10 17:11:54.268365+00:00,2026-09-10 17:11:54.266924+00:00,2026-09-10 17:11:54.268152+00:00,2026-09-10 17:11:54.268603+00:00,,,,,0.16899999999999998,1.228,1.441,0.451,25.070999999999998,33.443,60.362,CONFIRMED
M01,59605,2026-09-10 17:11:54.351264+00:00,2026-09-10 17:11:54.385688+00:00,2026-09-10 17:11:54.322662+00:00,2026-09-10 17:11:54.323410+00:00,2026-09-10 17:11:54.322863+00:00,2026-09-10 17:11:54.327494+00:00,2026-09-10 17:11:54.327775+00:00,,,,,0.201,4.630999999999999,0.5469999999999999,0.281,23.489,34.42400000000001,63.025999999999996,CONFIRMED
M01,59606,2026-09-10 17:11:54.411052+00:00,2026-09-10 17:11:54.437149+00:00,2026-09-10 17:11:54.375932+00:00,2026-09-10 17:11:54.376965+00:00,2026-09-10 17:11:54.376166+00:00,2026-09-10 17:11:54.386318+00:00,2026-09-10 17:11:54.386698+00:00,,,,,0.23399999999999999,10.152,0.799,0.38,24.354,26.096999999999998,61.217,CONFIRMED
M01,59607,2026-09-10 17:11:54.461290+00:00,2026-09-10 17:11:54.487675+00:00,2026-09-10 17:11:54.430450+00:00,2026-09-10 17:11:54.431269+00:00,2026-09-10 17:11:54.430630+00:00,2026-09-10 17:11:54.437703+00:00,2026-09-10 17:11:54.438098+00:00,,,,,0.18000000000000002,7.073,0.639,0.395,23.192,26.384999999999998,57.225,CONFIRMED
M01,59608,2026-09-10 17:11:54.510070+00:00,2026-09-10 17:11:54.549066+00:00,2026-09-10 17:11:54.484813+00:00,2026-09-10 17:11:54.485938+00:00,2026-09-10 17:11:54.484963+00:00,2026-09-10 17:11:54.488146+00:00,2026-09-10 17:11:54.488451+00:00,,,,,0.15,3.1830000000000003,0.975,0.305,21.619,38.996,64.253,CONFIRMED
M01,59609,2026-09-10 17:11:54.568037+00:00,2026-09-10 17:11:54.597889+00:00,2026-09-10 17:11:54.537736+00:00,2026-09-10 17:11:54.538651+00:00,2026-09-10 17:11:54.537909+00:00,2026-09-10 17:11:54.549563+00:00,2026-09-10 17:11:54.549918+00:00,,,,,0.17300000000000001,11.654,0.742,0.355,18.119,29.852,60.153,CONFIRMED
M01,59610,2026-09-10 17:11:54.615528+00:00,2026-09-10 17:11:54.642514+00:00,2026-09-10 17:11:54.590599+00:00,2026-09-10 17:11:54.591499+00:00,2026-09-10 17:11:54.590767+00:00,2026-09-10 17:11:54.598298+00:00,2026-09-10 17:11:54.598568+00:00,,,,,0.16799999999999998,7.531000000000001,0.732,0.27,16.96,26.986,51.915000000000006,CONFIRMED
M01,59611,2026-09-10 17:11:54.666645+00:00,2026-09-10 17:11:54.693823+00:00,2026-09-10 17:11:54.642930+00:00,2026-09-10 17:11:54.643621+00:00,2026-09-10 17:11:54.643010+00:00,2026-09-10 17:11:54.643545+00:00,2026-09-10 17:11:54.643838+00:00,,,,,0.08,0.535,0.611,0.29300000000000004,22.807000000000002,27.178,50.893,CONFIRMED
M01,59612,2026-09-10 17:11:54.713382+00:00,2026-09-10 17:11:54.740253+00:00,2026-09-10 17:11:54.694840+00:00,2026-09-10 17:11:54.695471+00:00,2026-09-10 17:11:54.694977+00:00,2026-09-10 17:11:54.695451+00:00,2026-09-10 17:11:54.696017+00:00,,,,,0.13699999999999998,0.474,0.494,0.566,17.365,26.871,45.413000000000004,CONFIRMED
M01,59613,2026-09-10 17:11:54.763794+00:00,2026-09-10 17:11:54.799277+00:00,2026-09-10 17:11:54.747315+00:00,2026-09-10 17:11:54.748045+00:00,2026-09-10 17:11:54.747416+00:00,2026-09-10 17:11:54.747865+00:00,2026-09-10 17:11:54.748182+00:00,,,,,0.101,0.449,0.629,0.317,15.611999999999998,35.483000000000004,51.962,CONFIRMED
M01,59614,2026-09-10 17:11:54.820932+00:00,2026-09-10 17:11:54.847486+00:00,2026-09-10 17:11:54.800071+00:00,2026-09-10 17:11:54.801969+00:00,2026-09-10 17:11:54.800150+00:00,2026-09-10 17:11:54.801920+00:00,2026-09-10 17:11:54.802156+00:00,,,,,0.079,1.77,1.8190000000000002,0.236,18.776,26.554000000000002,47.415,CONFIRMED
M01,59615,2026-09-10 17:11:54.876124+00:00,2026-09-10 17:11:54.905294+00:00,2026-09-10 17:11:54.854632+00:00,2026-09-10 17:11:54.855251+00:00,2026-09-10 17:11:54.854796+00:00,2026-09-10 17:11:54.855320+00:00,2026-09-10 17:11:54.855665+00:00,,,,,0.164,0.524,0.455,0.345,20.459000000000003,29.17,50.662,CONFIRMED
M01,59616,2026-09-10 17:11:54.928778+00:00,2026-09-10 17:11:54.956662+00:00,2026-09-10 17:11:54.907027+00:00,2026-09-10 17:11:54.907761+00:00,2026-09-10 17:11:54.907132+00:00,2026-09-10 17:11:54.908614+00:00,2026-09-10 17:11:54.908959+00:00,,,,,0.10500000000000001,1.482,0.629,0.345,19.819,27.884,49.635,CONFIRMED
M01,59617,2026-09-10 17:11:54.978140+00:00,2026-09-10 17:11:55.005423+00:00,2026-09-10 17:11:54.959605+00:00,2026-09-10 17:11:54.960520+00:00,2026-09-10 17:11:54.959813+00:00,2026-09-10 17:11:54.960372+00:00,2026-09-10 17:11:54.960722+00:00,,,,,0.208,0.559,0.707,0.35,17.418,27.283,45.818,CONFIRMED
M01,59618,2026-09-10 17:11:55.032979+00:00,2026-09-10 17:11:55.059046+00:00,2026-09-10 17:11:55.012375+00:00,2026-09-10 17:11:55.017083+00:00,2026-09-10 17:11:55.012457+00:00,2026-09-10 17:11:55.013208+00:00,2026-09-10 17:11:55.013625+00:00,,,,,0.082,0.751,4.626,0.417,19.354,26.067,46.671,CONFIRMED
M01,59619,2026-09-10 17:11:55.092048+00:00,2026-09-10 17:11:55.120457+00:00,2026-09-10 17:11:55.069590+00:00,2026-09-10 17:11:55.070283+00:00,2026-09-10 17:11:55.069745+00:00,2026-09-10 17:11:55.070479+00:00,2026-09-10 17:11:55.070839+00:00,,,,,0.155,0.734,0.5379999999999999,0.36000000000000004,21.209,28.409,50.867000000000004,CONFIRMED
M01,59620,2026-09-10 17:11:55.139897+00:00,2026-09-10 17:11:55.165354+00:00,2026-09-10 17:11:55.122310+00:00,2026-09-10 17:11:55.123076+00:00,2026-09-10 17:11:55.122414+00:00,2026-09-10 17:11:55.123167+00:00,2026-09-10 17:11:55.123549+00:00,,,,,0.104,0.753,0.662,0.382,16.348000000000003,25.457,43.044,CONFIRMED
M01,59621,2026-09-10 17:11:55.193873+00:00,2026-09-10 17:11:55.223787+00:00,2026-09-10 17:11:55.175158+00:00,2026-09-10 17:11:55.175822+00:00,2026-09-10 17:11:55.175272+00:00,2026-09-10 17:11:55.178193+00:00,2026-09-10 17:11:55.178505+00:00,,,,,0.114,2.921,0.55,0.312,15.368,29.913999999999998,48.629,CONFIRMED
M01,59622,2026-09-10 17:11:55.252407+00:00,2026-09-10 17:11:55.277811+00:00,2026-09-10 17:11:55.228199+00:00,2026-09-10 17:11:55.228868+00:00,2026-09-10 17:11:55.228314+00:00,2026-09-10 17:11:55.228807+00:00,2026-09-10 17:11:55.229234+00:00,,,,,0.115,0.49299999999999994,0.554,0.42700000000000005,23.173,25.404,49.612,CONFIRMED
M01,59623,2026-09-10 17:11:55.312698+00:00,2026-09-10 17:11:55.338578+00:00,2026-09-10 17:11:55.281385+00:00,2026-09-10 17:11:55.282520+00:00,2026-09-10 17:11:55.281527+00:00,2026-09-10 17:11:55.283246+00:00,2026-09-10 17:11:55.283723+00:00,,,,,0.14200000000000002,1.719,0.993,0.477,28.975,25.88,57.193,CONFIRMED
M02,59624,2026-09-10 17:11:55.354936+00:00,2026-09-10 17:11:55.381537+00:00,2026-09-10 17:11:55.334536+00:00,2026-09-10 17:11:55.335349+00:00,2026-09-10 17:11:55.334706+00:00,2026-09-10 17:11:55.339038+00:00,2026-09-10 17:11:55.339298+00:00,,,,,0.17,4.332,0.643,0.25999999999999995,15.638,26.601,47.001,CONFIRMED
M02,59625,2026-09-10 17:11:55.407588+00:00,2026-09-10 17:11:55.437847+00:00,2026-09-10 17:11:55.388079+00:00,2026-09-10 17:11:55.389426+00:00,2026-09-10 17:11:55.388221+00:00,2026-09-10 17:11:55.389325+00:00,2026-09-10 17:11:55.389725+00:00,,,,,0.14200000000000002,1.1039999999999999,1.2049999999999998,0.4,17.863,30.259,49.768,CONFIRMED
M02,59626,2026-09-10 17:11:55.461274+00:00,2026-09-10 17:11:55.489953+00:00,2026-09-10 17:11:55.442541+00:00,2026-09-10 17:11:55.443316+00:00,2026-09-10 17:11:55.442714+00:00,2026-09-10 17:11:55.443348+00:00,2026-09-10 17:11:55.443828+00:00,,,,,0.17300000000000001,0.634,0.602,0.48000000000000004,17.445999999999998,28.679,47.412000000000006,CONFIRMED
M02,59627,2026-09-10 17:11:55.519298+00:00,2026-09-10 17:11:55.552045+00:00,2026-09-10 17:11:55.495544+00:00,2026-09-10 17:11:55.496282+00:00,2026-09-10 17:11:55.495729+00:00,2026-09-10 17:11:55.496297+00:00,2026-09-10 17:11:55.496559+00:00,,,,,0.185,0.5680000000000001,0.553,0.262,22.738999999999997,32.747,56.501000000000005,CONFIRMED
M02,59628,2026-09-10 17:11:55.574472+00:00,2026-09-10 17:11:55.604316+00:00,2026-09-10 17:11:55.550584+00:00,2026-09-10 17:11:55.551816+00:00,2026-09-10 17:11:55.550708+00:00,2026-09-10 17:11:55.552406+00:00,2026-09-10 17:11:55.552965+00:00,,,,,0.124,1.6980000000000002,1.108,0.559,21.506999999999998,29.843999999999998,53.732,CONFIRMED
M02,59629,2026-09-10 17:11:55.619921+00:00,2026-09-10 17:11:55.647814+00:00,2026-09-10 17:11:55.603424+00:00,2026-09-10 17:11:55.603939+00:00,2026-09-10 17:11:55.603514+00:00,2026-09-10 17:11:55.604630+00:00,2026-09-10 17:11:55.604925+00:00,,,,,0.09000000000000001,1.116,0.425,0.29500000000000004,14.996,27.893,44.39,CONFIRMED
M02,59630,2026-09-10 17:11:55.676866+00:00,2026-09-10 17:11:55.703958+00:00,2026-09-10 17:11:55.658656+00:00,2026-09-10 17:11:55.659369+00:00,2026-09-10 17:11:55.658805+00:00,2026-09-10 17:11:55.659420+00:00,2026-09-10 17:11:55.659694+00:00,,,,,0.149,0.615,0.5640000000000001,0.27399999999999997,17.172,27.092000000000002,45.302,CONFIRMED
M02,59631,2026-09-10 17:11:55.734681+00:00,2026-09-10 17:11:55.761165+00:00,2026-09-10 17:11:55.711417+00:00,2026-09-10 17:11:55.712058+00:00,2026-09-10 17:11:55.711524+00:00,2026-09-10 17:11:55.714405+00:00,2026-09-10 17:11:55.714817+00:00,,,,,0.107,2.881,0.5339999999999999,0.412,19.864,26.484,49.748,CONFIRMED
M02,59632,2026-09-10 17:11:55.781772+00:00,2026-09-10 17:11:55.811731+00:00,2026-09-10 17:11:55.763953+00:00,2026-09-10 17:11:55.764683+00:00,2026-09-10 17:11:55.764058+00:00,2026-09-10 17:11:55.764699+00:00,2026-09-10 17:11:55.765052+00:00,,,,,0.10500000000000001,0.641,0.625,0.35300000000000004,16.72,29.959,47.778,CONFIRMED
M02,59633,2026-09-10 17:11:55.837933+00:00,2026-09-10 17:11:55.864737+00:00,2026-09-10 17:11:55.816544+00:00,2026-09-10 17:11:55.817063+00:00,2026-09-10 17:11:55.816631+00:00,2026-09-10 17:11:55.817098+00:00,2026-09-10 17:11:55.817405+00:00,,,,,0.087,0.467,0.432,0.307,20.528000000000002,26.804000000000002,48.193,CONFIRMED
M02,59634,2026-09-10 17:11:55.889282+00:00,2026-09-10 17:11:55.918694+00:00,2026-09-10 17:11:55.868522+00:00,2026-09-10 17:11:55.869826+00:00,2026-09-10 17:11:55.868737+00:00,2026-09-10 17:11:55.869547+00:00,2026-09-10 17:11:55.869947+00:00,,,,,0.215,0.8099999999999999,1.089,0.4,19.335,29.412,50.172000000000004,CONFIRMED
M02,59635,2026-09-10 17:11:55.944676+00:00,2026-09-10 17:11:55.970949+00:00,2026-09-10 17:11:55.922905+00:00,2026-09-10 17:11:55.923454+00:00,2026-09-10 17:11:55.923006+00:00,2026-09-10 17:11:55.923541+00:00,2026-09-10 17:11:55.923905+00:00,,,,,0.101,0.535,0.448,0.364,20.771,26.273,48.044000000000004,CONFIRMED
M02,59636,2026-09-10 17:11:56.000566+00:00,2026-09-10 17:11:56.027144+00:00,2026-09-10 17:11:55.975542+00:00,2026-09-10 17:11:55.978160+00:00,2026-09-10 17:11:55.975675+00:00,2026-09-10 17:11:55.977932+00:00,2026-09-10 17:11:55.978278+00:00,,,,,0.133,2.2569999999999997,2.485,0.34600000000000003,22.288,26.578,51.602000000000004,CONFIRMED
M02,59637,2026-09-10 17:11:56.054474+00:00,2026-09-10 17:11:56.080635+00:00,2026-09-10 17:11:56.030661+00:00,2026-09-10 17:11:56.032642+00:00,2026-09-10 17:11:56.030753+00:00,2026-09-10 17:11:56.032675+00:00,2026-09-10 17:11:56.033059+00:00,,,,,0.092,1.9220000000000002,1.889,0.384,21.415,26.161,49.974,CONFIRMED
M02,59638,2026-09-10 17:11:56.110674+00:00,2026-09-10 17:11:56.137234+00:00,2026-09-10 17:11:56.086241+00:00,2026-09-10 17:11:56.086997+00:00,2026-09-10 17:11:56.086410+00:00,2026-09-10 17:11:56.087928+00:00,2026-09-10 17:11:56.088404+00:00,,,,,0.16899999999999998,1.518,0.587,0.47600000000000003,22.270000000000003,26.56,50.992999999999995,CONFIRMED
M02,59639,2026-09-10 17:11:56.156606+00:00,2026-09-10 17:11:56.183903+00:00,2026-09-10 17:11:56.138678+00:00,2026-09-10 17:11:56.140189+00:00,2026-09-10 17:11:56.138786+00:00,2026-09-10 17:11:56.140175+00:00,2026-09-10 17:11:56.140524+00:00,,,,,0.108,1.389,1.403,0.34900000000000003,16.082,27.296999999999997,45.225,CONFIRMED
M02,59640,2026-09-10 17:11:56.214128+00:00,2026-09-10 17:11:56.240529+00:00,2026-09-10 17:11:56.193580+00:00,2026-09-10 17:11:56.194349+00:00,2026-09-10 17:11:56.193741+00:00,2026-09-10 17:11:56.194343+00:00,2026-09-10 17:11:56.194745+00:00,,,,,0.161,0.602,0.608,0.402,19.383000000000003,26.401,46.949,CONFIRMED
M02,59641,2026-09-10 17:11:56.275090+00:00,2026-09-10 17:11:56.314233+00:00,2026-09-10 17:11:56.247926+00:00,2026-09-10 17:11:56.249336+00:00,2026-09-10 17:11:56.248061+00:00,2026-09-10 17:11:56.249590+00:00,2026-09-10 17:11:56.250905+00:00,,,,,0.135,1.529,1.2750000000000001,1.315,24.185000000000002,39.143,66.307,CONFIRMED
M02,59642,2026-09-10 17:11:56.335177+00:00,2026-09-10 17:11:56.361147+00:00,2026-09-10 17:11:56.301734+00:00,2026-09-10 17:11:56.302653+00:00,2026-09-10 17:11:56.301986+00:00,2026-09-10 17:11:56.314884+00:00,2026-09-10 17:11:56.315319+00:00,,,,,0.252,12.898,0.6669999999999999,0.435,19.858,25.97,59.413000000000004,CONFIRMED
M02,59643,2026-09-10 17:11:56.385645+00:00,2026-09-10 17:11:56.415734+00:00,2026-09-10 17:11:56.362044+00:00,2026-09-10 17:11:56.362748+00:00,2026-09-10 17:11:56.362144+00:00,2026-09-10 17:11:56.362732+00:00,2026-09-10 17:11:56.363103+00:00,,,,,0.1,0.588,0.6040000000000001,0.371,22.541999999999998,30.089000000000002,53.690000000000005,CONFIRMED
M02,59644,2026-09-10 17:11:56.446563+00:00,2026-09-10 17:11:56.474251+00:00,2026-09-10 17:11:56.420529+00:00,2026-09-10 17:11:56.421613+00:00,2026-09-10 17:11:56.420628+00:00,2026-09-10 17:11:56.421668+00:00,2026-09-10 17:11:56.421997+00:00,,,,,0.09899999999999999,1.0399999999999998,0.985,0.32899999999999996,24.566000000000003,27.688000000000002,53.722,CONFIRMED
M02,59645,2026-09-10 17:11:56.490931+00:00,2026-09-10 17:11:56.519047+00:00,2026-09-10 17:11:56.473216+00:00,2026-09-10 17:11:56.473743+00:00,2026-09-10 17:11:56.473315+00:00,2026-09-10 17:11:56.474552+00:00,2026-09-10 17:11:56.474776+00:00,,,,,0.09899999999999999,1.237,0.428,0.224,16.154999999999998,28.116,45.830999999999996,CONFIRMED
M02,59646,2026-09-10 17:11:56.549590+00:00,2026-09-10 17:11:56.573453+00:00,2026-09-10 17:11:56.529549+00:00,2026-09-10 17:11:56.532967+00:00,2026-09-10 17:11:56.529696+00:00,2026-09-10 17:11:56.530413+00:00,2026-09-10 17:11:56.530816+00:00,,,,,0.147,0.717,3.271,0.40299999999999997,18.773999999999997,23.863,43.903999999999996,CONFIRMED
M02,59647,2026-09-10 17:11:56.610556+00:00,2026-09-10 17:11:56.636638+00:00,2026-09-10 17:11:56.584689+00:00,2026-09-10 17:11:56.585563+00:00,2026-09-10 17:11:56.584843+00:00,2026-09-10 17:11:56.585493+00:00,2026-09-10 17:11:56.585753+00:00,,,,,0.154,0.65,0.7200000000000001,0.25999999999999995,24.802999999999997,26.082,51.949000000000005,CONFIRMED
M02,59648,2026-09-10 17:11:56.663536+00:00,2026-09-10 17:11:56.689201+00:00,2026-09-10 17:11:56.637284+00:00,2026-09-10 17:11:56.638082+00:00,2026-09-10 17:11:56.637393+00:00,2026-09-10 17:11:56.638077+00:00,2026-09-10 17:11:56.638581+00:00,,,,,0.10900000000000001,0.684,0.6890000000000001,0.504,24.955000000000002,25.665,51.916999999999994,CONFIRMED
M02,59649,2026-09-10 17:11:56.715321+00:00,2026-09-10 17:11:56.741963+00:00,2026-09-10 17:11:56.691985+00:00,2026-09-10 17:11:56.692858+00:00,2026-09-10 17:11:56.692083+00:00,2026-09-10 17:11:56.692820+00:00,2026-09-10 17:11:56.693201+00:00,,,,,0.098,0.737,0.775,0.381,22.12,26.642,49.978,CONFIRMED
M02,59650,2026-09-10 17:11:56.765204+00:00,2026-09-10 17:11:56.797174+00:00,2026-09-10 17:11:56.745219+00:00,2026-09-10 17:11:56.746125+00:00,2026-09-10 17:11:56.745324+00:00,2026-09-10 17:11:56.746420+00:00,2026-09-10 17:11:56.746915+00:00,,,,,0.10500000000000001,1.0959999999999999,0.8009999999999999,0.495,18.289,31.97,51.955,CONFIRMED
M02,59651,2026-09-10 17:11:56.819311+00:00,2026-09-10 17:11:56.855635+00:00,2026-09-10 17:11:56.797656+00:00,2026-09-10 17:11:56.798618+00:00,2026-09-10 17:11:56.797967+00:00,2026-09-10 17:11:56.798673+00:00,2026-09-10 17:11:56.799111+00:00,,,,,0.311,0.7060000000000001,0.651,0.438,20.2,36.324000000000005,57.979,CONFIRMED
M02,59652,2026-09-10 17:11:56.871857+00:00,2026-09-10 17:11:56.899201+00:00,2026-09-10 17:11:56.850592+00:00,2026-09-10 17:11:56.851694+00:00,2026-09-10 17:11:56.850758+00:00,2026-09-10 17:11:56.856154+00:00,2026-09-10 17:11:56.856421+00:00,,,,,0.166,5.396,0.9359999999999999,0.26699999999999996,15.436,27.344,48.609,CONFIRMED
M02,59653,2026-09-10 17:11:56.920951+00:00,2026-09-10 17:11:56.945901+00:00,2026-09-10 17:11:56.903624+00:00,2026-09-10 17:11:56.904415+00:00,2026-09-10 17:11:56.903813+00:00,2026-09-10 17:11:56.904410+00:00,2026-09-10 17:11:56.904846+00:00,,,,,0.189,0.597,0.602,0.43600000000000005,16.105,24.95,42.277,CONFIRMED
M02,59654,2026-09-10 17:11:56.973456+00:00,2026-09-10 17:11:56.997921+00:00,2026-09-10 17:11:56.956430+00:00,2026-09-10 17:11:56.957419+00:00,2026-09-10 17:11:56.956539+00:00,2026-09-10 17:11:56.957219+00:00,2026-09-10 17:11:56.957570+00:00,,,,,0.10900000000000001,0.68,0.88,0.35100000000000003,15.886000000000001,24.465,41.491,CONFIRMED
M02,59655,2026-09-10 17:11:57.029952+00:00,2026-09-10 17:11:57.055938+00:00,2026-09-10 17:11:57.009251+00:00,2026-09-10 17:11:57.012088+00:00,2026-09-10 17:11:57.009393+00:00,2026-09-10 17:11:57.010102+00:00,2026-09-10 17:11:57.010358+00:00,,,,,0.14200000000000002,0.709,2.695,0.256,19.594,25.985999999999997,46.687,CONFIRMED
M02,59656,2026-09-10 17:11:57.083321+00:00,2026-09-10 17:11:57.110557+00:00,2026-09-10 17:11:57.064249+00:00,2026-09-10 17:11:57.064888+00:00,2026-09-10 17:11:57.064372+00:00,2026-09-10 17:11:57.064891+00:00,2026-09-10 17:11:57.065265+00:00,,,,,0.12300000000000001,0.519,0.516,0.374,18.055999999999997,27.236,46.308,CONFIRMED
M02,59657,2026-09-10 17:11:57.143838+00:00,2026-09-10 17:11:57.170295+00:00,2026-09-10 17:11:57.117505+00:00,2026-09-10 17:11:57.119598+00:00,2026-09-10 17:11:57.117661+00:00,2026-09-10 17:11:57.118486+00:00,2026-09-10 17:11:57.119850+00:00,,,,,0.156,0.825,1.9369999999999998,1.3639999999999999,23.988,26.457,52.79,CONFIRMED
M02,59658,2026-09-10 17:11:57.192954+00:00,2026-09-10 17:11:57.219642+00:00,2026-09-10 17:11:57.171442+00:00,2026-09-10 17:11:57.173083+00:00,2026-09-10 17:11:57.171550+00:00,2026-09-10 17:11:57.173003+00:00,2026-09-10 17:11:57.173331+00:00,,,,,0.108,1.453,1.5330000000000001,0.328,19.623,26.688,48.2,CONFIRMED
M02,59659,2026-09-10 17:11:57.247658+00:00,2026-09-10 17:11:57.273992+00:00,2026-09-10 17:11:57.228159+00:00,2026-09-10 17:11:57.228844+00:00,2026-09-10 17:11:57.228296+00:00,2026-09-10 17:11:57.228809+00:00,2026-09-10 17:11:57.229208+00:00,,,,,0.13699999999999998,0.513,0.5479999999999999,0.399,18.450000000000003,26.334,45.833,CONFIRMED
M02,59660,2026-09-10 17:11:57.310247+00:00,2026-09-10 17:11:57.341157+00:00,2026-09-10 17:11:57.282760+00:00,2026-09-10 17:11:57.283579+00:00,2026-09-10 17:11:57.282906+00:00,2026-09-10 17:11:57.283407+00:00,2026-09-10 17:11:57.283753+00:00,,,,,0.146,0.501,0.673,0.34600000000000003,26.494,30.91,58.397,CONFIRMED
M02,59661,2026-09-10 17:11:57.368082+00:00,2026-09-10 17:11:57.393743+00:00,2026-09-10 17:11:57.337600+00:00,2026-09-10 17:11:57.338510+00:00,2026-09-10 17:11:57.337738+00:00,2026-09-10 17:11:57.341596+00:00,2026-09-10 17:11:57.341868+00:00,,,,,0.13799999999999998,3.858,0.772,0.272,26.214000000000002,25.661,56.143,CONFIRMED
M02,59662,2026-09-10 17:11:57.410279+00:00,2026-09-10 17:11:57.437721+00:00,2026-09-10 17:11:57.390267+00:00,2026-09-10 17:11:57.390938+00:00,2026-09-10 17:11:57.390400+00:00,2026-09-10 17:11:57.394173+00:00,2026-09-10 17:11:57.394460+00:00,,,,,0.133,3.7729999999999997,0.5379999999999999,0.287,15.818999999999999,27.442,47.454,CONFIRMED
M02,59663,2026-09-10 17:11:57.467265+00:00,2026-09-10 17:11:57.496272+00:00,2026-09-10 17:11:57.442722+00:00,2026-09-10 17:11:57.443328+00:00,2026-09-10 17:11:57.442836+00:00,2026-09-10 17:11:57.443307+00:00,2026-09-10 17:11:57.443603+00:00,,,,,0.114,0.47100000000000003,0.49200000000000005,0.296,23.662,29.007,53.55,CONFIRMED
M02,59664,2026-09-10 17:11:57.514022+00:00,2026-09-10 17:11:57.545301+00:00,2026-09-10 17:11:57.494886+00:00,2026-09-10 17:11:57.495998+00:00,2026-09-10 17:11:57.495013+00:00,2026-09-10 17:11:57.496920+00:00,2026-09-10 17:11:57.497266+00:00,,,,,0.127,1.907,0.985,0.34600000000000003,16.756,31.279,50.415,CONFIRMED
M02,59665,2026-09-10 17:11:57.573088+00:00,2026-09-10 17:11:57.600336+00:00,2026-09-10 17:11:57.547560+00:00,2026-09-10 17:11:57.548315+00:00,2026-09-10 17:11:57.547703+00:00,2026-09-10 17:11:57.549095+00:00,2026-09-10 17:11:57.549649+00:00,,,,,0.14300000000000002,1.392,0.612,0.554,23.439,27.248,52.776,CONFIRMED
M02,59666,2026-09-10 17:11:57.627080+00:00,2026-09-10 17:11:57.657858+00:00,2026-09-10 17:11:57.601689+00:00,2026-09-10 17:11:57.602435+00:00,2026-09-10 17:11:57.601851+00:00,2026-09-10 17:11:57.602357+00:00,2026-09-10 17:11:57.602729+00:00,,,,,0.162,0.506,0.584,0.372,24.351000000000003,30.778,56.169,CONFIRMED
M02,59667,2026-09-10 17:11:57.680805+00:00,2026-09-10 17:11:57.707543+00:00,2026-09-10 17:11:57.656364+00:00,2026-09-10 17:11:57.657182+00:00,2026-09-10 17:11:57.656478+00:00,2026-09-10 17:11:57.658295+00:00,2026-09-10 17:11:57.658570+00:00,,,,,0.114,1.817,0.704,0.275,22.235000000000003,26.738000000000003,51.179,CONFIRMED
M02,59668,2026-09-10 17:11:57.730231+00:00,2026-09-10 17:11:57.758295+00:00,2026-09-10 17:11:57.711366+00:00,2026-09-10 17:11:57.712116+00:00,2026-09-10 17:11:57.711494+00:00,2026-09-10 17:11:57.712122+00:00,2026-09-10 17:11:57.712604+00:00,,,,,0.128,0.628,0.622,0.482,17.627,28.064,46.929,CONFIRMED
M02,59669,2026-09-10 17:11:57.790279+00:00,2026-09-10 17:11:57.819114+00:00,2026-09-10 17:11:57.764786+00:00,2026-09-10 17:11:57.765395+00:00,2026-09-10 17:11:57.764883+00:00,2026-09-10 17:11:57.765560+00:00,2026-09-10 17:11:57.765964+00:00,,,,,0.097,0.6769999999999999,0.512,0.404,24.315,28.835,54.328,CONFIRMED
M02,59670,2026-09-10 17:11:57.842574+00:00,2026-09-10 17:11:57.870964+00:00,2026-09-10 17:11:57.818019+00:00,2026-09-10 17:11:57.818829+00:00,2026-09-10 17:11:57.818228+00:00,2026-09-10 17:11:57.819753+00:00,2026-09-10 17:11:57.820308+00:00,,,,,0.20900000000000002,1.5250000000000001,0.601,0.555,22.266000000000002,28.389999999999997,52.945,CONFIRMED
M02,59671,2026-09-10 17:11:57.891164+00:00,2026-09-10 17:11:57.918210+00:00,2026-09-10 17:11:57.871321+00:00,2026-09-10 17:11:57.871930+00:00,2026-09-10 17:11:57.871448+00:00,2026-09-10 17:11:57.871888+00:00,2026-09-10 17:11:57.872219+00:00,,,,,0.127,0.44,0.482,0.331,18.945,27.046,46.889,CONFIRMED
M02,59672,2026-09-10 17:11:57.946167+00:00,2026-09-10 17:11:57.974948+00:00,2026-09-10 17:11:57.925213+00:00,2026-09-10 17:11:57.925946+00:00,2026-09-10 17:11:57.925341+00:00,2026-09-10 17:11:57.925975+00:00,2026-09-10 17:11:57.926351+00:00,,,,,0.128,0.634,0.605,0.376,19.816,28.781000000000002,49.735,CONFIRMED
M02,59673,2026-09-10 17:11:57.994594+00:00,2026-09-10 17:11:58.021995+00:00,2026-09-10 17:11:57.978064+00:00,2026-09-10 17:11:57.978980+00:00,2026-09-10 17:11:57.978169+00:00,2026-09-10 17:11:57.978957+00:00,2026-09-10 17:11:57.979310+00:00,,,,,0.10500000000000001,0.7879999999999999,0.8109999999999999,0.35300000000000004,15.284,27.401,43.931,CONFIRMED
M02,59674,2026-09-10 17:11:58.049967+00:00,2026-09-10 17:11:58.076664+00:00,2026-09-10 17:11:58.030654+00:00,2026-09-10 17:11:58.031385+00:00,2026-09-10 17:11:58.030786+00:00,2026-09-10 17:11:58.031948+00:00,2026-09-10 17:11:58.032589+00:00,,,,,0.132,1.1620000000000001,0.599,0.641,17.378,26.697,46.010000000000005,CONFIRMED
M02,59675,2026-09-10 17:11:58.107275+00:00,2026-09-10 17:11:58.137036+00:00,2026-09-10 17:11:58.084168+00:00,2026-09-10 17:11:58.084909+00:00,2026-09-10 17:11:58.084287+00:00,2026-09-10 17:11:58.084870+00:00,2026-09-10 17:11:58.085216+00:00,,,,,0.11900000000000001,0.583,0.622,0.34600000000000003,22.058999999999997,29.761,52.867999999999995,CONFIRMED
M02,59676,2026-09-10 17:11:58.160018+00:00,2026-09-10 17:11:58.187130+00:00,2026-09-10 17:11:58.137263+00:00,2026-09-10 17:11:58.137979+00:00,2026-09-10 17:11:58.137392+00:00,2026-09-10 17:11:58.137895+00:00,2026-09-10 17:11:58.138225+00:00,,,,,0.129,0.503,0.587,0.33,21.793,27.112000000000002,49.867000000000004,CONFIRMED
M02,59677,2026-09-10 17:11:58.213065+00:00,2026-09-10 17:11:58.238629+00:00,2026-09-10 17:11:58.190269+00:00,2026-09-10 17:11:58.190942+00:00,2026-09-10 17:11:58.190410+00:00,2026-09-10 17:11:58.190943+00:00,2026-09-10 17:11:58.191190+00:00,,,,,0.14100000000000001,0.533,0.532,0.247,21.875,25.564,48.36,CONFIRMED
M02,59678,2026-09-10 17:11:58.262570+00:00,2026-09-10 17:11:58.289602+00:00,2026-09-10 17:11:58.242699+00:00,2026-09-10 17:11:58.243448+00:00,2026-09-10 17:11:58.242831+00:00,2026-09-10 17:11:58.243398+00:00,2026-09-10 17:11:58.243749+00:00,,,,,0.132,0.5670000000000001,0.617,0.35100000000000003,18.821,27.032,46.903,CONFIRMED
M02,59679,2026-09-10 17:11:58.324352+00:00,2026-09-10 17:11:58.359804+00:00,2026-09-10 17:11:58.295656+00:00,2026-09-10 17:11:58.296656+00:00,2026-09-10 17:11:58.295873+00:00,2026-09-10 17:11:58.296904+00:00,2026-09-10 17:11:58.297297+00:00,,,,,0.217,1.031,0.7829999999999999,0.393,27.055,35.452,64.148,CONFIRMED
M02,59680,2026-09-10 17:11:58.379159+00:00,2026-09-10 17:11:58.403996+00:00,2026-09-10 17:11:58.349814+00:00,2026-09-10 17:11:58.350658+00:00,2026-09-10 17:11:58.350051+00:00,2026-09-10 17:11:58.360313+00:00,2026-09-10 17:11:58.360579+00:00,,,,,0.237,10.262,0.607,0.266,18.58,24.837,54.182,CONFIRMED
M02,59681,2026-09-10 17:11:58.422139+00:00,2026-09-10 17:11:58.446984+00:00,2026-09-10 17:11:58.405130+00:00,2026-09-10 17:11:58.408725+00:00,2026-09-10 17:11:58.405223+00:00,2026-09-10 17:11:58.406184+00:00,2026-09-10 17:11:58.406463+00:00,,,,,0.093,0.9610000000000001,3.502,0.279,15.675999999999998,24.845,41.854,CONFIRMED
M02,59682,2026-09-10 17:11:58.489019+00:00,2026-09-10 17:11:58.515290+00:00,2026-09-10 17:11:58.460448+00:00,2026-09-10 17:11:58.462086+00:00,2026-09-10 17:11:58.460569+00:00,2026-09-10 17:11:58.461204+00:00,2026-09-10 17:11:58.461612+00:00,,,,,0.121,0.635,1.517,0.408,27.407,26.271,54.842,CONFIRMED
M02,59683,2026-09-10 17:11:58.532694+00:00,2026-09-10 17:11:58.559592+00:00,2026-09-10 17:11:58.514483+00:00,2026-09-10 17:11:58.515099+00:00,2026-09-10 17:11:58.514600+00:00,2026-09-10 17:11:58.515680+00:00,2026-09-10 17:11:58.516110+00:00,,,,,0.11699999999999999,1.08,0.499,0.43,16.584000000000003,26.898,45.109,CONFIRMED
M02,59684,2026-09-10 17:11:58.584664+00:00,2026-09-10 17:11:58.611012+00:00,2026-09-10 17:11:58.566480+00:00,2026-09-10 17:11:58.567318+00:00,2026-09-10 17:11:58.566592+00:00,2026-09-10 17:11:58.567380+00:00,2026-09-10 17:11:58.567794+00:00,,,,,0.112,0.7879999999999999,0.726,0.414,16.87,26.348,44.532000000000004,CONFIRMED
M02,59685,2026-09-10 17:11:58.637880+00:00,2026-09-10 17:11:58.667470+00:00,2026-09-10 17:11:58.619080+00:00,2026-09-10 17:11:58.619912+00:00,2026-09-10 17:11:58.619194+00:00,2026-09-10 17:11:58.619803+00:00,2026-09-10 17:11:58.620231+00:00,,,,,0.114,0.609,0.718,0.428,17.649,29.590000000000003,48.39,CONFIRMED
M02,59686,2026-09-10 17:11:58.696690+00:00,2026-09-10 17:11:58.723239+00:00,2026-09-10 17:11:58.672082+00:00,2026-09-10 17:11:58.672939+00:00,2026-09-10 17:11:58.672203+00:00,2026-09-10 17:11:58.672899+00:00,2026-09-10 17:11:58.673286+00:00,,,,,0.121,0.696,0.736,0.38699999999999996,23.404,26.549,51.157000000000004,CONFIRMED
M02,59687,2026-09-10 17:11:58.746082+00:00,2026-09-10 17:11:58.773642+00:00,2026-09-10 17:11:58.727574+00:00,2026-09-10 17:11:58.728408+00:00,2026-09-10 17:11:58.727711+00:00,2026-09-10 17:11:58.728389+00:00,2026-09-10 17:11:58.728766+00:00,,,,,0.13699999999999998,0.678,0.6970000000000001,0.377,17.316000000000003,27.560000000000002,46.068,CONFIRMED
M02,59688,2026-09-10 17:11:58.803250+00:00,2026-09-10 17:11:58.832269+00:00,2026-09-10 17:11:58.782540+00:00,2026-09-10 17:11:58.783530+00:00,2026-09-10 17:11:58.782685+00:00,2026-09-10 17:11:58.783347+00:00,2026-09-10 17:11:58.783770+00:00,,,,,0.145,0.662,0.8450000000000001,0.423,19.48,29.019,49.729,CONFIRMED
M02,59689,2026-09-10 17:11:58.859433+00:00,2026-09-10 17:11:58.888739+00:00,2026-09-10 17:11:58.837131+00:00,2026-09-10 17:11:58.837943+00:00,2026-09-10 17:11:58.837253+00:00,2026-09-10 17:11:58.837958+00:00,2026-09-10 17:11:58.838325+00:00,,,,,0.122,0.705,0.69,0.367,21.107999999999997,29.305999999999997,51.608000000000004,CONFIRMED
M02,59690,2026-09-10 17:11:58.907480+00:00,2026-09-10 17:11:58.936612+00:00,2026-09-10 17:11:58.891065+00:00,2026-09-10 17:11:58.891780+00:00,2026-09-10 17:11:58.891168+00:00,2026-09-10 17:11:58.891756+00:00,2026-09-10 17:11:58.892086+00:00,,,,,0.103,0.588,0.612,0.33,15.394,29.132,45.547,CONFIRMED
M02,59691,2026-09-10 17:11:58.960741+00:00,2026-09-10 17:11:58.987891+00:00,2026-09-10 17:11:58.943673+00:00,2026-09-10 17:11:58.944296+00:00,2026-09-10 17:11:58.943791+00:00,2026-09-10 17:11:58.944305+00:00,2026-09-10 17:11:58.944649+00:00,,,,,0.118,0.514,0.505,0.34400000000000003,16.092,27.150000000000002,44.218,CONFIRMED
M02,59692,2026-09-10 17:11:59.018437+00:00,2026-09-10 17:11:59.047055+00:00,2026-09-10 17:11:59.000562+00:00,2026-09-10 17:11:59.001247+00:00,2026-09-10 17:11:59.000701+00:00,2026-09-10 17:11:59.001279+00:00,2026-09-10 17:11:59.001665+00:00,,,,,0.13899999999999998,0.578,0.546,0.386,16.772,28.618000000000002,46.493,CONFIRMED
M02,59693,2026-09-10 17:11:59.070687+00:00,2026-09-10 17:11:59.096312+00:00,2026-09-10 17:11:59.053097+00:00,2026-09-10 17:11:59.053807+00:00,2026-09-10 17:11:59.053196+00:00,2026-09-10 17:11:59.053786+00:00,2026-09-10 17:11:59.054189+00:00,,,,,0.09899999999999999,0.5900000000000001,0.611,0.40299999999999997,16.497999999999998,25.625,43.215,CONFIRMED
M02,59694,2026-09-10 17:11:59.126788+00:00,2026-09-10 17:11:59.153871+00:00,2026-09-10 17:11:59.106163+00:00,2026-09-10 17:11:59.107002+00:00,2026-09-10 17:11:59.106309+00:00,2026-09-10 17:11:59.106945+00:00,2026-09-10 17:11:59.107305+00:00,,,,,0.146,0.636,0.6930000000000001,0.36000000000000004,19.483,27.083,47.708,CONFIRMED
M02,59695,2026-09-10 17:11:59.184473+00:00,2026-09-10 17:11:59.211815+00:00,2026-09-10 17:11:59.162549+00:00,2026-09-10 17:11:59.163175+00:00,2026-09-10 17:11:59.162697+00:00,2026-09-10 17:11:59.163196+00:00,2026-09-10 17:11:59.163545+00:00,,,,,0.148,0.499,0.47800000000000004,0.34900000000000003,20.927999999999997,27.342000000000002,49.266,CONFIRMED
M02,59696,2026-09-10 17:11:59.239818+00:00,2026-09-10 17:11:59.266928+00:00,2026-09-10 17:11:59.215609+00:00,2026-09-10 17:11:59.216540+00:00,2026-09-10 17:11:59.215713+00:00,2026-09-10 17:11:59.216373+00:00,2026-09-10 17:11:59.217034+00:00,,,,,0.104,0.66,0.8270000000000001,0.661,22.784,27.11,51.318999999999996,CONFIRMED
M02,59697,2026-09-10 17:11:59.298481+00:00,2026-09-10 17:11:59.335922+00:00,2026-09-10 17:11:59.272612+00:00,2026-09-10 17:11:59.273468+00:00,2026-09-10 17:11:59.272745+00:00,2026-09-10 17:11:59.273382+00:00,2026-09-10 17:11:59.273746+00:00,,,,,0.133,0.637,0.723,0.364,24.735,37.441,63.31,CONFIRMED
M02,59698,2026-09-10 17:11:59.359194+00:00,2026-09-10 17:11:59.384580+00:00,2026-09-10 17:11:59.325774+00:00,2026-09-10 17:11:59.326806+00:00,2026-09-10 17:11:59.325997+00:00,2026-09-10 17:11:59.336523+00:00,2026-09-10 17:11:59.336881+00:00,,,,,0.223,10.526,0.809,0.358,22.313,25.386,58.806,CONFIRMED
M02,59699,2026-09-10 17:11:59.403588+00:00,2026-09-10 17:11:59.429494+00:00,2026-09-10 17:11:59.379696+00:00,2026-09-10 17:11:59.380426+00:00,2026-09-10 17:11:59.379846+00:00,2026-09-10 17:11:59.385048+00:00,2026-09-10 17:11:59.385350+00:00,,,,,0.15,5.202,0.58,0.30200000000000005,18.238,25.906,49.798,CONFIRMED
M02,59700,2026-09-10 17:11:59.452309+00:00,2026-09-10 17:11:59.480504+00:00,2026-09-10 17:11:59.433490+00:00,2026-09-10 17:11:59.434872+00:00,2026-09-10 17:11:59.433618+00:00,2026-09-10 17:11:59.434177+00:00,2026-09-10 17:11:59.434519+00:00,,,,,0.128,0.559,1.254,0.342,17.79,28.195,47.014,CONFIRMED
M02,59701,2026-09-10 17:11:59.505229+00:00,2026-09-10 17:11:59.535216+00:00,2026-09-10 17:11:59.486458+00:00,2026-09-10 17:11:59.487465+00:00,2026-09-10 17:11:59.486601+00:00,2026-09-10 17:11:59.487483+00:00,2026-09-10 17:11:59.487840+00:00,,,,,0.14300000000000002,0.882,0.864,0.357,17.389000000000003,29.987,48.758,CONFIRMED
M02,59702,2026-09-10 17:11:59.559003+00:00,2026-09-10 17:11:59.584659+00:00,2026-09-10 17:11:59.539995+00:00,2026-09-10 17:11:59.540953+00:00,2026-09-10 17:11:59.540093+00:00,2026-09-10 17:11:59.541136+00:00,2026-09-10 17:11:59.541479+00:00,,,,,0.098,1.0430000000000001,0.86,0.34299999999999997,17.524,25.656000000000002,44.664,CONFIRMED
M02,59703,2026-09-10 17:11:59.613973+00:00,2026-09-10 17:11:59.642990+00:00,2026-09-10 17:11:59.593486+00:00,2026-09-10 17:11:59.594240+00:00,2026-09-10 17:11:59.593593+00:00,2026-09-10 17:11:59.594178+00:00,2026-09-10 17:11:59.594523+00:00,,,,,0.107,0.585,0.647,0.345,19.45,29.017,49.504,CONFIRMED
M02,59704,2026-09-10 17:11:59.668683+00:00,2026-09-10 17:11:59.695754+00:00,2026-09-10 17:11:59.645932+00:00,2026-09-10 17:11:59.646798+00:00,2026-09-10 17:11:59.646050+00:00,2026-09-10 17:11:59.646645+00:00,2026-09-10 17:11:59.647000+00:00,,,,,0.118,0.5950000000000001,0.748,0.355,21.683,27.071,49.821999999999996,CONFIRMED
M02,59705,2026-09-10 17:11:59.721808+00:00,2026-09-10 17:11:59.749721+00:00,2026-09-10 17:11:59.704099+00:00,2026-09-10 17:11:59.706892+00:00,2026-09-10 17:11:59.704217+00:00,2026-09-10 17:11:59.704778+00:00,2026-09-10 17:11:59.705196+00:00,,,,,0.118,0.5609999999999999,2.675,0.41800000000000004,16.612,27.913,45.622,CONFIRMED
M02,59706,2026-09-10 17:11:59.781543+00:00,2026-09-10 17:11:59.811523+00:00,2026-09-10 17:11:59.758646+00:00,2026-09-10 17:11:59.761763+00:00,2026-09-10 17:11:59.758773+00:00,2026-09-10 17:11:59.759349+00:00,2026-09-10 17:11:59.759766+00:00,,,,,0.127,0.5760000000000001,2.99,0.417,21.777,29.98,52.877,CONFIRMED
M02,59707,2026-09-10 17:11:59.834153+00:00,2026-09-10 17:11:59.862022+00:00,2026-09-10 17:11:59.814334+00:00,2026-09-10 17:11:59.815399+00:00,2026-09-10 17:11:59.814468+00:00,2026-09-10 17:11:59.815409+00:00,2026-09-10 17:11:59.815787+00:00,,,,,0.134,0.941,0.9309999999999999,0.378,18.366,27.869,47.688,CONFIRMED
M02,59708,2026-09-10 17:11:59.894208+00:00,2026-09-10 17:11:59.923036+00:00,2026-09-10 17:11:59.870563+00:00,2026-09-10 17:11:59.871431+00:00,2026-09-10 17:11:59.870684+00:00,2026-09-10 17:11:59.871374+00:00,2026-09-10 17:11:59.871751+00:00,,,,,0.121,0.69,0.747,0.377,22.457,28.828,52.473,CONFIRMED
M02,59709,2026-09-10 17:11:59.951176+00:00,2026-09-10 17:11:59.979862+00:00,2026-09-10 17:11:59.923834+00:00,2026-09-10 17:11:59.927126+00:00,2026-09-10 17:11:59.924034+00:00,2026-09-10 17:11:59.927240+00:00,2026-09-10 17:11:59.927547+00:00,,,,,0.2,3.206,3.092,0.307,23.629,28.686,56.028,CONFIRMED
M02,59710,2026-09-10 17:11:59.997241+00:00,2026-09-10 17:12:00.026626+00:00,2026-09-10 17:11:59.979590+00:00,2026-09-10 17:11:59.980274+00:00,2026-09-10 17:11:59.979711+00:00,2026-09-10 17:11:59.980388+00:00,2026-09-10 17:11:59.980762+00:00,,,,,0.121,0.6769999999999999,0.5630000000000001,0.374,16.479,29.385,47.036,CONFIRMED
M02,59711,2026-09-10 17:12:00.057320+00:00,2026-09-10 17:12:00.083306+00:00,2026-09-10 17:12:00.033552+00:00,2026-09-10 17:12:00.035348+00:00,2026-09-10 17:12:00.033705+00:00,2026-09-10 17:12:00.035193+00:00,2026-09-10 17:12:00.035587+00:00,,,,,0.153,1.488,1.643,0.39399999999999996,21.733,25.985999999999997,49.754,CONFIRMED
M02,59712,2026-09-10 17:12:00.106042+00:00,2026-09-10 17:12:00.132141+00:00,2026-09-10 17:12:00.087219+00:00,2026-09-10 17:12:00.088054+00:00,2026-09-10 17:12:00.087341+00:00,2026-09-10 17:12:00.088018+00:00,2026-09-10 17:12:00.088317+00:00,,,,,0.122,0.6769999999999999,0.713,0.299,17.725,26.099,44.922,CONFIRMED
M02,59713,2026-09-10 17:12:00.165678+00:00,2026-09-10 17:12:00.191335+00:00,2026-09-10 17:12:00.142842+00:00,2026-09-10 17:12:00.145403+00:00,2026-09-10 17:12:00.143003+00:00,2026-09-10 17:12:00.144150+00:00,2026-09-10 17:12:00.144555+00:00,,,,,0.161,1.147,2.4,0.40499999999999997,21.123,25.657,48.493,CONFIRMED
M02,59714,2026-09-10 17:12:00.220095+00:00,2026-09-10 17:12:00.247740+00:00,2026-09-10 17:12:00.196848+00:00,2026-09-10 17:12:00.198198+00:00,2026-09-10 17:12:00.196956+00:00,2026-09-10 17:12:00.198205+00:00,2026-09-10 17:12:00.198561+00:00,,,,,0.108,1.2489999999999999,1.242,0.356,21.534000000000002,27.645,50.892,CONFIRMED
M02,59715,2026-09-10 17:12:00.273885+00:00,2026-09-10 17:12:00.300630+00:00,2026-09-10 17:12:00.250051+00:00,2026-09-10 17:12:00.250916+00:00,2026-09-10 17:12:00.250155+00:00,2026-09-10 17:12:00.250982+00:00,2026-09-10 17:12:00.251462+00:00,,,,,0.104,0.8270000000000001,0.761,0.48000000000000004,22.423,26.745,50.579,CONFIRMED
M02,59716,2026-09-10 17:12:00.329578+00:00,2026-09-10 17:12:00.363572+00:00,2026-09-10 17:12:00.303757+00:00,2026-09-10 17:12:00.304637+00:00,2026-09-10 17:12:00.303904+00:00,2026-09-10 17:12:00.304687+00:00,2026-09-10 17:12:00.305041+00:00,,,,,0.147,0.7829999999999999,0.733,0.354,24.537,33.99400000000001,59.815,CONFIRMED
M02,59717,2026-09-10 17:12:00.383629+00:00,2026-09-10 17:12:00.408400+00:00,2026-09-10 17:12:00.357497+00:00,2026-09-10 17:12:00.358229+00:00,2026-09-10 17:12:00.357626+00:00,2026-09-10 17:12:00.364097+00:00,2026-09-10 17:12:00.364348+00:00,,,,,0.129,6.471,0.603,0.251,19.281,24.771,50.903,CONFIRMED
M02,59718,2026-09-10 17:12:00.426889+00:00,2026-09-10 17:12:00.453131+00:00,2026-09-10 17:12:00.409905+00:00,2026-09-10 17:12:00.410684+00:00,2026-09-10 17:12:00.409985+00:00,2026-09-10 17:12:00.410471+00:00,2026-09-10 17:12:00.410750+00:00,,,,,0.08,0.486,0.699,0.279,16.139,26.242,43.226,CONFIRMED
M02,59719,2026-09-10 17:12:00.483745+00:00,2026-09-10 17:12:00.510792+00:00,2026-09-10 17:12:00.462432+00:00,2026-09-10 17:12:00.465487+00:00,2026-09-10 17:12:00.462536+00:00,2026-09-10 17:12:00.463077+00:00,2026-09-10 17:12:00.463386+00:00,,,,,0.104,0.541,2.951,0.309,20.358999999999998,27.047,48.36,CONFIRMED
M02,59720,2026-09-10 17:12:00.550330+00:00,2026-09-10 17:12:00.582661+00:00,2026-09-10 17:12:00.517161+00:00,2026-09-10 17:12:00.518472+00:00,2026-09-10 17:12:00.517309+00:00,2026-09-10 17:12:00.518589+00:00,2026-09-10 17:12:00.519209+00:00,,,,,0.148,1.28,1.163,0.62,31.121,32.330999999999996,65.5,CONFIRMED
M02,59721,2026-09-10 17:12:00.599664+00:00,2026-09-10 17:12:00.626682+00:00,2026-09-10 17:12:00.577459+00:00,2026-09-10 17:12:00.578208+00:00,2026-09-10 17:12:00.577624+00:00,2026-09-10 17:12:00.583026+00:00,2026-09-10 17:12:00.583297+00:00,,,,,0.165,5.401999999999999,0.584,0.27099999999999996,16.367,27.018,49.223000000000006,CONFIRMED
M02,59722,2026-09-10 17:12:00.652452+00:00,2026-09-10 17:12:00.686300+00:00,2026-09-10 17:12:00.631000+00:00,2026-09-10 17:12:00.631735+00:00,2026-09-10 17:12:00.631115+00:00,2026-09-10 17:12:00.631703+00:00,2026-09-10 17:12:00.632052+00:00,,,,,0.115,0.588,0.62,0.34900000000000003,20.400000000000002,33.848000000000006,55.300000000000004,CONFIRMED
M02,59723,2026-09-10 17:12:00.704620+00:00,2026-09-10 17:12:00.732833+00:00,2026-09-10 17:12:00.686049+00:00,2026-09-10 17:12:00.686814+00:00,2026-09-10 17:12:00.686192+00:00,2026-09-10 17:12:00.686654+00:00,2026-09-10 17:12:00.686878+00:00,,,,,0.14300000000000002,0.462,0.622,0.224,17.742,28.212999999999997,46.784,CONFIRMED
M02,59724,2026-09-10 17:12:00.767732+00:00,2026-09-10 17:12:00.793896+00:00,2026-09-10 17:12:00.743909+00:00,2026-09-10 17:12:00.744656+00:00,2026-09-10 17:12:00.744046+00:00,2026-09-10 17:12:00.744976+00:00,2026-09-10 17:12:00.745359+00:00,,,,,0.13699999999999998,0.93,0.61,0.383,22.373,26.164,49.986999999999995,CONFIRMED
M02,59725,2026-09-10 17:12:00.820023+00:00,2026-09-10 17:12:00.845945+00:00,2026-09-10 17:12:00.796505+00:00,2026-09-10 17:12:00.797220+00:00,2026-09-10 17:12:00.796623+00:00,2026-09-10 17:12:00.797213+00:00,2026-09-10 17:12:00.797556+00:00,,,,,0.118,0.5900000000000001,0.597,0.34299999999999997,22.467000000000002,25.922,49.44,CONFIRMED
M02,59726,2026-09-10 17:12:00.867973+00:00,2026-09-10 17:12:00.897095+00:00,2026-09-10 17:12:00.848855+00:00,2026-09-10 17:12:00.850194+00:00,2026-09-10 17:12:00.848976+00:00,2026-09-10 17:12:00.850215+00:00,2026-09-10 17:12:00.850621+00:00,,,,,0.121,1.239,1.218,0.406,17.352,29.122,48.239999999999995,CONFIRMED
M02,59727,2026-09-10 17:12:00.929914+00:00,2026-09-10 17:12:00.955616+00:00,2026-09-10 17:12:00.902394+00:00,2026-09-10 17:12:00.903582+00:00,2026-09-10 17:12:00.902477+00:00,2026-09-10 17:12:00.903511+00:00,2026-09-10 17:12:00.903928+00:00,,,,,0.083,1.034,1.105,0.417,25.985999999999997,25.701999999999998,53.222,CONFIRMED
M02,59728,2026-09-10 17:12:00.973100+00:00,2026-09-10 17:12:01.000276+00:00,2026-09-10 17:12:00.955134+00:00,2026-09-10 17:12:00.955686+00:00,2026-09-10 17:12:00.955222+00:00,2026-09-10 17:12:00.956160+00:00,2026-09-10 17:12:00.956671+00:00,,,,,0.088,0.9380000000000001,0.464,0.5109999999999999,16.429,27.176,45.142,CONFIRMED
M02,59729,2026-09-10 17:12:01.027237+00:00,2026-09-10 17:12:01.055025+00:00,2026-09-10 17:12:01.007198+00:00,2026-09-10 17:12:01.007830+00:00,2026-09-10 17:12:01.007314+00:00,2026-09-10 17:12:01.007777+00:00,2026-09-10 17:12:01.008206+00:00,,,,,0.116,0.46299999999999997,0.516,0.429,19.031,27.788,47.827,CONFIRMED
M02,59730,2026-09-10 17:12:01.083130+00:00,2026-09-10 17:12:01.109509+00:00,2026-09-10 17:12:01.060201+00:00,2026-09-10 17:12:01.061313+00:00,2026-09-10 17:12:01.060316+00:00,2026-09-10 17:12:01.060910+00:00,2026-09-10 17:12:01.061285+00:00,,,,,0.115,0.594,0.9970000000000001,0.375,21.845,26.379,49.308,CONFIRMED
M02,59731,2026-09-10 17:12:01.141053+00:00,2026-09-10 17:12:01.172964+00:00,2026-09-10 17:12:01.121154+00:00,2026-09-10 17:12:01.121975+00:00,2026-09-10 17:12:01.121289+00:00,2026-09-10 17:12:01.121955+00:00,2026-09-10 17:12:01.122304+00:00,,,,,0.135,0.666,0.6859999999999999,0.34900000000000003,18.749,31.911,51.81,CONFIRMED
M02,59732,2026-09-10 17:12:01.197109+00:00,2026-09-10 17:12:01.223324+00:00,2026-09-10 17:12:01.173451+00:00,2026-09-10 17:12:01.174072+00:00,2026-09-10 17:12:01.173567+00:00,2026-09-10 17:12:01.174088+00:00,2026-09-10 17:12:01.174398+00:00,,,,,0.116,0.521,0.505,0.31,22.711,26.215,49.873,CONFIRMED
M02,59733,2026-09-10 17:12:01.244949+00:00,2026-09-10 17:12:01.275069+00:00,2026-09-10 17:12:01.226942+00:00,2026-09-10 17:12:01.227593+00:00,2026-09-10 17:12:01.227043+00:00,2026-09-10 17:12:01.227620+00:00,2026-09-10 17:12:01.228001+00:00,,,,,0.101,0.5770000000000001,0.55,0.381,16.948,30.12,48.127,CONFIRMED
M02,59734,2026-09-10 17:12:01.306415+00:00,2026-09-10 17:12:01.333555+00:00,2026-09-10 17:12:01.279456+00:00,2026-09-10 17:12:01.280353+00:00,2026-09-10 17:12:01.279567+00:00,2026-09-10 17:12:01.280228+00:00,2026-09-10 17:12:01.280577+00:00,,,,,0.111,0.661,0.786,0.34900000000000003,25.838,27.14,54.099000000000004,CONFIRMED
M02,59735,2026-09-10 17:12:01.357388+00:00,2026-09-10 17:12:01.388245+00:00,2026-09-10 17:12:01.332988+00:00,2026-09-10 17:12:01.334763+00:00,2026-09-10 17:12:01.333570+00:00,2026-09-10 17:12:01.334600+00:00,2026-09-10 17:12:01.334898+00:00,,,,,0.5820000000000001,1.03,1.193,0.298,22.49,30.857,55.257,CONFIRMED
M02,59736,2026-09-10 17:12:01.408804+00:00,2026-09-10 17:12:01.433824+00:00,2026-09-10 17:12:01.386638+00:00,2026-09-10 17:12:01.387783+00:00,2026-09-10 17:12:01.386802+00:00,2026-09-10 17:12:01.388764+00:00,2026-09-10 17:12:01.389277+00:00,,,,,0.164,1.9620000000000002,0.9810000000000001,0.513,19.526999999999997,25.02,47.186,CONFIRMED
M02,59737,2026-09-10 17:12:01.460991+00:00,2026-09-10 17:12:01.489364+00:00,2026-09-10 17:12:01.441331+00:00,2026-09-10 17:12:01.442211+00:00,2026-09-10 17:12:01.441481+00:00,2026-09-10 17:12:01.442215+00:00,2026-09-10 17:12:01.442636+00:00,,,,,0.15,0.734,0.73,0.421,18.355,28.372999999999998,48.033,CONFIRMED
M02,59738,2026-09-10 17:12:01.516861+00:00,2026-09-10 17:12:01.545680+00:00,2026-09-10 17:12:01.495549+00:00,2026-09-10 17:12:01.496120+00:00,2026-09-10 17:12:01.495667+00:00,2026-09-10 17:12:01.496252+00:00,2026-09-10 17:12:01.496590+00:00,,,,,0.118,0.585,0.453,0.33799999999999997,20.271,28.819000000000003,50.131,CONFIRMED
M02,59739,2026-09-10 17:12:01.566231+00:00,2026-09-10 17:12:01.592552+00:00,2026-09-10 17:12:01.547827+00:00,2026-09-10 17:12:01.548420+00:00,2026-09-10 17:12:01.547925+00:00,2026-09-10 17:12:01.548414+00:00,2026-09-10 17:12:01.548729+00:00,,,,,0.098,0.48899999999999993,0.495,0.315,17.502,26.321,44.725,CONFIRMED
M02,59740,2026-09-10 17:12:01.622764+00:00,2026-09-10 17:12:01.652316+00:00,2026-09-10 17:12:01.602291+00:00,2026-09-10 17:12:01.604206+00:00,2026-09-10 17:12:01.602453+00:00,2026-09-10 17:12:01.604230+00:00,2026-09-10 17:12:01.604602+00:00,,,,,0.162,1.777,1.753,0.372,18.162000000000003,29.552,50.025,CONFIRMED
M02,59741,2026-09-10 17:12:01.678671+00:00,2026-09-10 17:12:01.703903+00:00,2026-09-10 17:12:01.657401+00:00,2026-09-10 17:12:01.658057+00:00,2026-09-10 17:12:01.657521+00:00,2026-09-10 17:12:01.658133+00:00,2026-09-10 17:12:01.658510+00:00,,,,,0.12000000000000001,0.612,0.536,0.377,20.160999999999998,25.232,46.502,CONFIRMED
M02,59742,2026-09-10 17:12:01.727632+00:00,2026-09-10 17:12:01.761668+00:00,2026-09-10 17:12:01.710005+00:00,2026-09-10 17:12:01.710993+00:00,2026-09-10 17:12:01.710148+00:00,2026-09-10 17:12:01.710912+00:00,2026-09-10 17:12:01.711235+00:00,,,,,0.14300000000000002,0.764,0.8450000000000001,0.323,16.397,34.035999999999994,51.663000000000004,CONFIRMED
M02,59743,2026-09-10 17:12:01.788860+00:00,2026-09-10 17:12:01.827154+00:00,2026-09-10 17:12:01.765129+00:00,2026-09-10 17:12:01.765990+00:00,2026-09-10 17:12:01.765302+00:00,2026-09-10 17:12:01.765878+00:00,2026-09-10 17:12:01.766240+00:00,,,,,0.17300000000000001,0.5760000000000001,0.6880000000000001,0.36200000000000004,22.62,38.294000000000004,62.025,CONFIRMED
M02,59744,2026-09-10 17:12:01.846921+00:00,2026-09-10 17:12:01.874219+00:00,2026-09-10 17:12:01.819506+00:00,2026-09-10 17:12:01.820420+00:00,2026-09-10 17:12:01.819695+00:00,2026-09-10 17:12:01.827675+00:00,2026-09-10 17:12:01.828038+00:00,,,,,0.189,7.9799999999999995,0.725,0.363,18.883,27.298,54.713,CONFIRMED
M02,59745,2026-09-10 17:12:01.893223+00:00,2026-09-10 17:12:01.922594+00:00,2026-09-10 17:12:01.872695+00:00,2026-09-10 17:12:01.873432+00:00,2026-09-10 17:12:01.872838+00:00,2026-09-10 17:12:01.874767+00:00,2026-09-10 17:12:01.875008+00:00,,,,,0.14300000000000002,1.929,0.594,0.241,18.215,29.371000000000002,49.899,CONFIRMED
M02,59746,2026-09-10 17:12:01.945772+00:00,2026-09-10 17:12:01.972339+00:00,2026-09-10 17:12:01.924859+00:00,2026-09-10 17:12:01.926842+00:00,2026-09-10 17:12:01.924941+00:00,2026-09-10 17:12:01.926851+00:00,2026-09-10 17:12:01.927188+00:00,,,,,0.082,1.91,1.9009999999999998,0.337,18.584,26.567,47.480000000000004,CONFIRMED
M02,59747,2026-09-10 17:12:01.997789+00:00,2026-09-10 17:12:02.026413+00:00,2026-09-10 17:12:01.978510+00:00,2026-09-10 17:12:01.979821+00:00,2026-09-10 17:12:01.978643+00:00,2026-09-10 17:12:01.979768+00:00,2026-09-10 17:12:01.980180+00:00,,,,,0.133,1.125,1.178,0.412,17.608999999999998,28.624,47.903,CONFIRMED
M02,59748,2026-09-10 17:12:02.049885+00:00,2026-09-10 17:12:02.083897+00:00,2026-09-10 17:12:02.032245+00:00,2026-09-10 17:12:02.032933+00:00,2026-09-10 17:12:02.032369+00:00,2026-09-10 17:12:02.032914+00:00,2026-09-10 17:12:02.033176+00:00,,,,,0.124,0.545,0.5640000000000001,0.262,16.709000000000003,34.012,51.652,CONFIRMED
M02,59749,2026-09-10 17:12:02.105032+00:00,2026-09-10 17:12:02.137345+00:00,2026-09-10 17:12:02.084845+00:00,2026-09-10 17:12:02.085512+00:00,2026-09-10 17:12:02.084937+00:00,2026-09-10 17:12:02.085548+00:00,2026-09-10 17:12:02.086040+00:00,,,,,0.092,0.611,0.575,0.49200000000000005,18.991999999999997,32.313,52.5,CONFIRMED
M02,59750,2026-09-10 17:12:02.160432+00:00,2026-09-10 17:12:02.191495+00:00,2026-09-10 17:12:02.137302+00:00,2026-09-10 17:12:02.137909+00:00,2026-09-10 17:12:02.137427+00:00,2026-09-10 17:12:02.138003+00:00,2026-09-10 17:12:02.138370+00:00,,,,,0.125,0.5760000000000001,0.482,0.367,22.061999999999998,31.063,54.193,CONFIRMED
M02,59751,2026-09-10 17:12:02.218326+00:00,2026-09-10 17:12:02.253541+00:00,2026-09-10 17:12:02.189734+00:00,2026-09-10 17:12:02.190553+00:00,2026-09-10 17:12:02.189900+00:00,2026-09-10 17:12:02.192062+00:00,2026-09-10 17:12:02.192322+00:00,,,,,0.166,2.162,0.653,0.25999999999999995,26.003999999999998,35.215,63.807,CONFIRMED
M02,59752,2026-09-10 17:12:02.278426+00:00,2026-09-10 17:12:02.308237+00:00,2026-09-10 17:12:02.242485+00:00,2026-09-10 17:12:02.243369+00:00,2026-09-10 17:12:02.242699+00:00,2026-09-10 17:12:02.254077+00:00,2026-09-10 17:12:02.254428+00:00,,,,,0.214,11.378,0.67,0.35100000000000003,23.997999999999998,29.811,65.75200000000001,CONFIRMED
M02,59753,2026-09-10 17:12:02.337134+00:00,2026-09-10 17:12:02.371530+00:00,2026-09-10 17:12:02.298055+00:00,2026-09-10 17:12:02.299098+00:00,2026-09-10 17:12:02.298232+00:00,2026-09-10 17:12:02.308638+00:00,2026-09-10 17:12:02.308909+00:00,,,,,0.177,10.406,0.866,0.27099999999999996,28.225,34.396,73.475,CONFIRMED
M02,59754,2026-09-10 17:12:02.389339+00:00,2026-09-10 17:12:02.420491+00:00,2026-09-10 17:12:02.350885+00:00,2026-09-10 17:12:02.354655+00:00,2026-09-10 17:12:02.351059+00:00,2026-09-10 17:12:02.372253+00:00,2026-09-10 17:12:02.373370+00:00,,,,,0.174,21.194000000000003,3.5959999999999996,1.117,15.969000000000001,31.151999999999997,69.606,CONFIRMED
M02,59755,2026-09-10 17:12:02.437932+00:00,2026-09-10 17:12:02.466652+00:00,2026-09-10 17:12:02.406439+00:00,2026-09-10 17:12:02.407105+00:00,2026-09-10 17:12:02.406592+00:00,2026-09-10 17:12:02.421047+00:00,2026-09-10 17:12:02.421392+00:00,,,,,0.153,14.455,0.513,0.345,16.54,28.72,60.213,CONFIRMED
M02,59756,2026-09-10 17:12:02.482803+00:00,2026-09-10 17:12:02.509120+00:00,2026-09-10 17:12:02.459047+00:00,2026-09-10 17:12:02.459868+00:00,2026-09-10 17:12:02.459245+00:00,2026-09-10 17:12:02.467015+00:00,2026-09-10 17:12:02.467251+00:00,,,,,0.19799999999999998,7.77,0.623,0.236,15.552,26.317,50.073,CONFIRMED
M02,59757,2026-09-10 17:12:02.534368+00:00,2026-09-10 17:12:02.563579+00:00,2026-09-10 17:12:02.511953+00:00,2026-09-10 17:12:02.512547+00:00,2026-09-10 17:12:02.512071+00:00,2026-09-10 17:12:02.512864+00:00,2026-09-10 17:12:02.513248+00:00,,,,,0.118,0.7929999999999999,0.47600000000000003,0.384,21.12,29.211000000000002,51.626,CONFIRMED
M02,59758,2026-09-10 17:12:02.588292+00:00,2026-09-10 17:12:02.621803+00:00,2026-09-10 17:12:02.564418+00:00,2026-09-10 17:12:02.565051+00:00,2026-09-10 17:12:02.564525+00:00,2026-09-10 17:12:02.565751+00:00,2026-09-10 17:12:02.566366+00:00,,,,,0.107,1.2260000000000002,0.526,0.615,21.926000000000002,33.510999999999996,57.385,CONFIRMED
M02,59759,2026-09-10 17:12:02.641645+00:00,2026-09-10 17:12:02.671841+00:00,2026-09-10 17:12:02.617283+00:00,2026-09-10 17:12:02.618187+00:00,2026-09-10 17:12:02.617410+00:00,2026-09-10 17:12:02.622281+00:00,2026-09-10 17:12:02.622634+00:00,,,,,0.127,4.871,0.777,0.35300000000000004,19.011,30.196,54.558,CONFIRMED
M02,59760,2026-09-10 17:12:02.688362+00:00,2026-09-10 17:12:02.716965+00:00,2026-09-10 17:12:02.670580+00:00,2026-09-10 17:12:02.673074+00:00,2026-09-10 17:12:02.670700+00:00,2026-09-10 17:12:02.672772+00:00,2026-09-10 17:12:02.673020+00:00,,,,,0.12000000000000001,2.072,2.3739999999999997,0.248,15.342,28.603,46.385000000000005,CONFIRMED
M02,59761,2026-09-10 17:12:02.743592+00:00,2026-09-10 17:12:02.780805+00:00,2026-09-10 17:12:02.725349+00:00,2026-09-10 17:12:02.726208+00:00,2026-09-10 17:12:02.725466+00:00,2026-09-10 17:12:02.726897+00:00,2026-09-10 17:12:02.727292+00:00,,,,,0.11699999999999999,1.431,0.742,0.395,16.299999999999997,37.213,55.455999999999996,CONFIRMED
M02,59762,2026-09-10 17:12:02.803256+00:00,2026-09-10 17:12:02.830939+00:00,2026-09-10 17:12:02.782911+00:00,2026-09-10 17:12:02.783849+00:00,2026-09-10 17:12:02.783038+00:00,2026-09-10 17:12:02.783782+00:00,2026-09-10 17:12:02.784181+00:00,,,,,0.127,0.744,0.8109999999999999,0.399,19.075000000000003,27.683,48.028,CONFIRMED
M02,59763,2026-09-10 17:12:02.855115+00:00,2026-09-10 17:12:02.881804+00:00,2026-09-10 17:12:02.835756+00:00,2026-09-10 17:12:02.836476+00:00,2026-09-10 17:12:02.835902+00:00,2026-09-10 17:12:02.836498+00:00,2026-09-10 17:12:02.837565+00:00,,,,,0.146,0.596,0.574,1.067,17.55,26.689,46.048,CONFIRMED
M02,59764,2026-09-10 17:12:02.908864+00:00,2026-09-10 17:12:02.934355+00:00,2026-09-10 17:12:02.888019+00:00,2026-09-10 17:12:02.888881+00:00,2026-09-10 17:12:02.888140+00:00,2026-09-10 17:12:02.888803+00:00,2026-09-10 17:12:02.889141+00:00,,,,,0.121,0.6629999999999999,0.741,0.33799999999999997,19.723000000000003,25.491,46.336000000000006,CONFIRMED
M02,59765,2026-09-10 17:12:02.963348+00:00,2026-09-10 17:12:02.988828+00:00,2026-09-10 17:12:02.941175+00:00,2026-09-10 17:12:02.941898+00:00,2026-09-10 17:12:02.941297+00:00,2026-09-10 17:12:02.941823+00:00,2026-09-10 17:12:02.942200+00:00,,,,,0.122,0.526,0.601,0.377,21.148,25.48,47.653,CONFIRMED
M02,59766,2026-09-10 17:12:03.015751+00:00,2026-09-10 17:12:03.046672+00:00,2026-09-10 17:12:02.994236+00:00,2026-09-10 17:12:02.995005+00:00,2026-09-10 17:12:02.994340+00:00,2026-09-10 17:12:02.997219+00:00,2026-09-10 17:12:02.997582+00:00,,,,,0.104,2.879,0.665,0.363,18.169,30.921,52.436,CONFIRMED
M02,59767,2026-09-10 17:12:03.071432+00:00,2026-09-10 17:12:03.096874+00:00,2026-09-10 17:12:03.046918+00:00,2026-09-10 17:12:03.051065+00:00,2026-09-10 17:12:03.046999+00:00,2026-09-10 17:12:03.047394+00:00,2026-09-10 17:12:03.047733+00:00,,,,,0.081,0.395,4.066,0.339,23.699,25.442,49.956,CONFIRMED
M02,59768,2026-09-10 17:12:03.126187+00:00,2026-09-10 17:12:03.163129+00:00,2026-09-10 17:12:03.104415+00:00,2026-09-10 17:12:03.105128+00:00,2026-09-10 17:12:03.104539+00:00,2026-09-10 17:12:03.105035+00:00,2026-09-10 17:12:03.105289+00:00,,,,,0.124,0.496,0.589,0.254,20.898,36.942,58.714000000000006,CONFIRMED
M02,59769,2026-09-10 17:12:03.193820+00:00,2026-09-10 17:12:03.223450+00:00,2026-09-10 17:12:03.158954+00:00,2026-09-10 17:12:03.165205+00:00,2026-09-10 17:12:03.159922+00:00,2026-09-10 17:12:03.163850+00:00,2026-09-10 17:12:03.164166+00:00,,,,,0.968,3.928,5.283,0.316,29.654,29.63,64.496,CONFIRMED
M02,59770,2026-09-10 17:12:03.241799+00:00,2026-09-10 17:12:03.272428+00:00,2026-09-10 17:12:03.219493+00:00,2026-09-10 17:12:03.220408+00:00,2026-09-10 17:12:03.219617+00:00,2026-09-10 17:12:03.223841+00:00,2026-09-10 17:12:03.224139+00:00,,,,,0.124,4.224,0.791,0.298,17.66,30.629,52.935,CONFIRMED
M02,59771,2026-09-10 17:12:03.287205+00:00,2026-09-10 17:12:03.312814+00:00,2026-09-10 17:12:03.271735+00:00,2026-09-10 17:12:03.272397+00:00,2026-09-10 17:12:03.271844+00:00,2026-09-10 17:12:03.272792+00:00,2026-09-10 17:12:03.273038+00:00,,,,,0.10900000000000001,0.948,0.553,0.24600000000000002,14.167000000000002,25.608999999999998,41.079,CONFIRMED
M02,59772,2026-09-10 17:12:03.344027+00:00,2026-09-10 17:12:03.372637+00:00,2026-09-10 17:12:03.324997+00:00,2026-09-10 17:12:03.325714+00:00,2026-09-10 17:12:03.325118+00:00,2026-09-10 17:12:03.325670+00:00,2026-09-10 17:12:03.326043+00:00,,,,,0.121,0.5519999999999999,0.596,0.373,17.984,28.61,47.64,CONFIRMED
M02,59773,2026-09-10 17:12:03.405181+00:00,2026-09-10 17:12:03.433084+00:00,2026-09-10 17:12:03.378768+00:00,2026-09-10 17:12:03.379853+00:00,2026-09-10 17:12:03.378903+00:00,2026-09-10 17:12:03.379756+00:00,2026-09-10 17:12:03.380204+00:00,,,,,0.135,0.853,0.95,0.448,24.977,27.903000000000002,54.316,CONFIRMED
M02,59774,2026-09-10 17:12:03.453381+00:00,2026-09-10 17:12:03.481035+00:00,2026-09-10 17:12:03.432139+00:00,2026-09-10 17:12:03.432801+00:00,2026-09-10 17:12:03.432257+00:00,2026-09-10 17:12:03.433584+00:00,2026-09-10 17:12:03.433847+00:00,,,,,0.118,1.327,0.544,0.263,19.534,27.654,48.896,CONFIRMED
M02,59775,2026-09-10 17:12:03.505874+00:00,2026-09-10 17:12:03.532356+00:00,2026-09-10 17:12:03.486418+00:00,2026-09-10 17:12:03.487170+00:00,2026-09-10 17:12:03.486541+00:00,2026-09-10 17:12:03.487179+00:00,2026-09-10 17:12:03.487546+00:00,,,,,0.12300000000000001,0.638,0.629,0.367,18.328,26.482,45.938,CONFIRMED
M02,59776,2026-09-10 17:12:03.555742+00:00,2026-09-10 17:12:03.582190+00:00,2026-09-10 17:12:03.540391+00:00,2026-09-10 17:12:03.541122+00:00,2026-09-10 17:12:03.540511+00:00,2026-09-10 17:12:03.541123+00:00,2026-09-10 17:12:03.541400+00:00,,,,,0.12000000000000001,0.612,0.611,0.277,14.342,26.448,41.799,CONFIRMED
M02,59777,2026-09-10 17:12:03.620732+00:00,2026-09-10 17:12:03.655440+00:00,2026-09-10 17:12:03.598613+00:00,2026-09-10 17:12:03.599299+00:00,2026-09-10 17:12:03.598747+00:00,2026-09-10 17:12:03.599290+00:00,2026-09-10 17:12:03.599631+00:00,,,,,0.134,0.5429999999999999,0.5519999999999999,0.34099999999999997,21.101000000000003,34.708000000000006,56.827000000000005,CONFIRMED
M02,59778,2026-09-10 17:12:03.677915+00:00,2026-09-10 17:12:03.704285+00:00,2026-09-10 17:12:03.651585+00:00,2026-09-10 17:12:03.654040+00:00,2026-09-10 17:12:03.651706+00:00,2026-09-10 17:12:03.655923+00:00,2026-09-10 17:12:03.656282+00:00,,,,,0.121,4.2170000000000005,2.334,0.359,21.633,26.37,52.699999999999996,CONFIRMED
M02,59779,2026-09-10 17:12:03.723557+00:00,2026-09-10 17:12:03.750984+00:00,2026-09-10 17:12:03.705740+00:00,2026-09-10 17:12:03.706497+00:00,2026-09-10 17:12:03.705854+00:00,2026-09-10 17:12:03.706348+00:00,2026-09-10 17:12:03.706676+00:00,,,,,0.114,0.494,0.643,0.328,16.881,27.427,45.244,CONFIRMED
M02,59780,2026-09-10 17:12:03.779121+00:00,2026-09-10 17:12:03.817529+00:00,2026-09-10 17:12:03.758647+00:00,2026-09-10 17:12:03.759227+00:00,2026-09-10 17:12:03.758760+00:00,2026-09-10 17:12:03.759229+00:00,2026-09-10 17:12:03.759623+00:00,,,,,0.11299999999999999,0.46900000000000003,0.467,0.39399999999999996,19.498,38.408,58.882,CONFIRMED
M02,59781,2026-09-10 17:12:03.837667+00:00,2026-09-10 17:12:03.864104+00:00,2026-09-10 17:12:03.815466+00:00,2026-09-10 17:12:03.816131+00:00,2026-09-10 17:12:03.815595+00:00,2026-09-10 17:12:03.817953+00:00,2026-09-10 17:12:03.818183+00:00,,,,,0.129,2.3579999999999997,0.536,0.23,19.484,26.436999999999998,48.638,CONFIRMED
M02,59782,2026-09-10 17:12:03.890017+00:00,2026-09-10 17:12:03.915667+00:00,2026-09-10 17:12:03.870351+00:00,2026-09-10 17:12:03.871269+00:00,2026-09-10 17:12:03.870468+00:00,2026-09-10 17:12:03.871030+00:00,2026-09-10 17:12:03.871370+00:00,,,,,0.11699999999999999,0.562,0.8009999999999999,0.34,18.647000000000002,25.65,45.316,CONFIRMED
M02,59783,2026-09-10 17:12:03.942757+00:00,2026-09-10 17:12:03.967935+00:00,2026-09-10 17:12:03.923262+00:00,2026-09-10 17:12:03.923872+00:00,2026-09-10 17:12:03.923383+00:00,2026-09-10 17:12:03.923942+00:00,2026-09-10 17:12:03.924322+00:00,,,,,0.121,0.559,0.48899999999999993,0.38,18.435,25.177999999999997,44.672999999999995,CONFIRMED
M02,59784,2026-09-10 17:12:03.999187+00:00,2026-09-10 17:12:04.026209+00:00,2026-09-10 17:12:03.977328+00:00,2026-09-10 17:12:03.980925+00:00,2026-09-10 17:12:03.977439+00:00,2026-09-10 17:12:03.977995+00:00,2026-09-10 17:12:03.978475+00:00,,,,,0.111,0.5559999999999999,3.4859999999999998,0.48000000000000004,20.712,27.022000000000002,48.881,CONFIRMED
M02,59785,2026-09-10 17:12:04.051796+00:00,2026-09-10 17:12:04.079379+00:00,2026-09-10 17:12:04.032774+00:00,2026-09-10 17:12:04.033444+00:00,2026-09-10 17:12:04.032867+00:00,2026-09-10 17:12:04.033401+00:00,2026-09-10 17:12:04.033781+00:00,,,,,0.093,0.5339999999999999,0.5770000000000001,0.38,18.015,27.583,46.605000000000004,CONFIRMED
M02,59786,2026-09-10 17:12:04.105220+00:00,2026-09-10 17:12:04.133654+00:00,2026-09-10 17:12:04.087100+00:00,2026-09-10 17:12:04.090472+00:00,2026-09-10 17:12:04.087245+00:00,2026-09-10 17:12:04.087832+00:00,2026-09-10 17:12:04.088269+00:00,,,,,0.145,0.587,3.227,0.437,16.951,28.434,46.553999999999995,CONFIRMED
M02,59787,2026-09-10 17:12:04.161886+00:00,2026-09-10 17:12:04.195881+00:00,2026-09-10 17:12:04.142869+00:00,2026-09-10 17:12:04.143861+00:00,2026-09-10 17:12:04.142986+00:00,2026-09-10 17:12:04.143532+00:00,2026-09-10 17:12:04.143958+00:00,,,,,0.11699999999999999,0.546,0.875,0.426,17.928,33.995,53.01199999999999,CONFIRMED
M02,59788,2026-09-10 17:12:04.216566+00:00,2026-09-10 17:12:04.243702+00:00,2026-09-10 17:12:04.195489+00:00,2026-09-10 17:12:04.196527+00:00,2026-09-10 17:12:04.195621+00:00,2026-09-10 17:12:04.196499+00:00,2026-09-10 17:12:04.196902+00:00,,,,,0.132,0.878,0.906,0.40299999999999997,19.664,27.136,48.213,CONFIRMED
M02,59789,2026-09-10 17:12:04.275407+00:00,2026-09-10 17:12:04.317139+00:00,2026-09-10 17:12:04.248190+00:00,2026-09-10 17:12:04.248852+00:00,2026-09-10 17:12:04.248310+00:00,2026-09-10 17:12:04.248859+00:00,2026-09-10 17:12:04.249201+00:00,,,,,0.12000000000000001,0.549,0.5419999999999999,0.342,26.206,41.732,68.949,CONFIRMED
M02,59790,2026-09-10 17:12:04.339278+00:00,2026-09-10 17:12:04.372986+00:00,2026-09-10 17:12:04.303263+00:00,2026-09-10 17:12:04.304129+00:00,2026-09-10 17:12:04.303428+00:00,2026-09-10 17:12:04.317676+00:00,2026-09-10 17:12:04.318044+00:00,,,,,0.165,14.248000000000001,0.7010000000000001,0.368,21.233999999999998,33.708,69.723,CONFIRMED
M02,59791,2026-09-10 17:12:04.396476+00:00,2026-09-10 17:12:04.431244+00:00,2026-09-10 17:12:04.356243+00:00,2026-09-10 17:12:04.357252+00:00,2026-09-10 17:12:04.356375+00:00,2026-09-10 17:12:04.373555+00:00,2026-09-10 17:12:04.373951+00:00,,,,,0.132,17.18,0.877,0.39599999999999996,22.525,34.768,75.001,CONFIRMED
M02,59792,2026-09-10 17:12:04.448507+00:00,2026-09-10 17:12:04.478749+00:00,2026-09-10 17:12:04.411949+00:00,2026-09-10 17:12:04.414959+00:00,2026-09-10 17:12:04.412144+00:00,2026-09-10 17:12:04.432095+00:00,2026-09-10 17:12:04.432367+00:00,,,,,0.195,19.951,2.815,0.272,16.14,30.242,66.8,CONFIRMED
M02,59793,2026-09-10 17:12:04.499848+00:00,2026-09-10 17:12:04.525531+00:00,2026-09-10 17:12:04.467778+00:00,2026-09-10 17:12:04.468730+00:00,2026-09-10 17:12:04.467996+00:00,2026-09-10 17:12:04.479263+00:00,2026-09-10 17:12:04.479737+00:00,,,,,0.21800000000000003,11.267,0.734,0.474,20.111,25.683,57.753,CONFIRMED
M02,59794,2026-09-10 17:12:04.545502+00:00,2026-09-10 17:12:04.577451+00:00,2026-09-10 17:12:04.520383+00:00,2026-09-10 17:12:04.523225+00:00,2026-09-10 17:12:04.520527+00:00,2026-09-10 17:12:04.526297+00:00,2026-09-10 17:12:04.526657+00:00,,,,,0.14400000000000002,5.77,2.698,0.36000000000000004,18.845,31.948999999999998,57.068,CONFIRMED
M02,59795,2026-09-10 17:12:04.596549+00:00,2026-09-10 17:12:04.625371+00:00,2026-09-10 17:12:04.574872+00:00,2026-09-10 17:12:04.576642+00:00,2026-09-10 17:12:04.575094+00:00,2026-09-10 17:12:04.577914+00:00,2026-09-10 17:12:04.578194+00:00,,,,,0.222,2.82,1.5479999999999998,0.27999999999999997,18.355,28.822,50.499,CONFIRMED
M02,59796,2026-09-10 17:12:04.653916+00:00,2026-09-10 17:12:04.683447+00:00,2026-09-10 17:12:04.630141+00:00,2026-09-10 17:12:04.631018+00:00,2026-09-10 17:12:04.630249+00:00,2026-09-10 17:12:04.630948+00:00,2026-09-10 17:12:04.631292+00:00,,,,,0.108,0.699,0.769,0.34400000000000003,22.624,29.531000000000002,53.306,CONFIRMED
M02,59797,2026-09-10 17:12:04.714849+00:00,2026-09-10 17:12:04.742981+00:00,2026-09-10 17:12:04.686327+00:00,2026-09-10 17:12:04.687341+00:00,2026-09-10 17:12:04.686448+00:00,2026-09-10 17:12:04.687444+00:00,2026-09-10 17:12:04.687887+00:00,,,,,0.121,0.9959999999999999,0.893,0.443,26.962,28.132,56.654,CONFIRMED
M02,59798,2026-09-10 17:12:04.763685+00:00,2026-09-10 17:12:04.792819+00:00,2026-09-10 17:12:04.740067+00:00,2026-09-10 17:12:04.744904+00:00,2026-09-10 17:12:04.740189+00:00,2026-09-10 17:12:04.743565+00:00,2026-09-10 17:12:04.743798+00:00,,,,,0.122,3.376,4.715,0.23299999999999998,19.886999999999997,29.134,52.752,CONFIRMED
M02,59799,2026-09-10 17:12:04.818460+00:00,2026-09-10 17:12:04.850942+00:00,2026-09-10 17:12:04.797877+00:00,2026-09-10 17:12:04.798921+00:00,2026-09-10 17:12:04.798021+00:00,2026-09-10 17:12:04.798902+00:00,2026-09-10 17:12:04.799184+00:00,,,,,0.14400000000000002,0.8809999999999999,0.9,0.28200000000000003,19.276,32.482,53.065,CONFIRMED
M02,59800,2026-09-10 17:12:04.871181+00:00,2026-09-10 17:12:04.897085+00:00,2026-09-10 17:12:04.851115+00:00,2026-09-10 17:12:04.851852+00:00,2026-09-10 17:12:04.851194+00:00,2026-09-10 17:12:04.851725+00:00,2026-09-10 17:12:04.851962+00:00,,,,,0.079,0.531,0.6579999999999999,0.237,19.219,25.904,45.97,CONFIRMED
M02,59801,2026-09-10 17:12:04.928302+00:00,2026-09-10 17:12:04.954273+00:00,2026-09-10 17:12:04.905154+00:00,2026-09-10 17:12:04.905702+00:00,2026-09-10 17:12:04.905268+00:00,2026-09-10 17:12:04.906584+00:00,2026-09-10 17:12:04.906876+00:00,,,,,0.114,1.3159999999999998,0.434,0.292,21.426000000000002,25.971,49.119,CONFIRMED
M02,59802,2026-09-10 17:12:04.980773+00:00,2026-09-10 17:12:05.006113+00:00,2026-09-10 17:12:04.957019+00:00,2026-09-10 17:12:04.957817+00:00,2026-09-10 17:12:04.957132+00:00,2026-09-10 17:12:04.957765+00:00,2026-09-10 17:12:04.958223+00:00,,,,,0.11299999999999999,0.633,0.6849999999999999,0.458,22.55,25.34,49.094,CONFIRMED
M02,59803,2026-09-10 17:12:05.036257+00:00,2026-09-10 17:12:05.064898+00:00,2026-09-10 17:12:05.010004+00:00,2026-09-10 17:12:05.010752+00:00,2026-09-10 17:12:05.010114+00:00,2026-09-10 17:12:05.010756+00:00,2026-09-10 17:12:05.011233+00:00,,,,,0.11,0.642,0.638,0.477,25.024,28.641,54.894,CONFIRMED
M02,59804,2026-09-10 17:12:05.095981+00:00,2026-09-10 17:12:05.123260+00:00,2026-09-10 17:12:05.065789+00:00,2026-09-10 17:12:05.066516+00:00,2026-09-10 17:12:05.065902+00:00,2026-09-10 17:12:05.067429+00:00,2026-09-10 17:12:05.068039+00:00,,,,,0.11299999999999999,1.527,0.614,0.61,27.942,27.279,57.471000000000004,CONFIRMED
M02,59805,2026-09-10 17:12:05.142992+00:00,2026-09-10 17:12:05.169704+00:00,2026-09-10 17:12:05.118475+00:00,2026-09-10 17:12:05.120897+00:00,2026-09-10 17:12:05.118603+00:00,2026-09-10 17:12:05.123636+00:00,2026-09-10 17:12:05.123993+00:00,,,,,0.128,5.033,2.294,0.357,18.999,26.712,51.229,CONFIRMED
M02,59806,2026-09-10 17:12:05.190950+00:00,2026-09-10 17:12:05.219763+00:00,2026-09-10 17:12:05.172645+00:00,2026-09-10 17:12:05.173643+00:00,2026-09-10 17:12:05.172764+00:00,2026-09-10 17:12:05.173536+00:00,2026-09-10 17:12:05.175168+00:00,,,,,0.11900000000000001,0.772,0.879,1.632,15.782,28.813,47.118,CONFIRMED
M02,59807,2026-09-10 17:12:05.245425+00:00,2026-09-10 17:12:05.271139+00:00,2026-09-10 17:12:05.226847+00:00,2026-09-10 17:12:05.230209+00:00,2026-09-10 17:12:05.226991+00:00,2026-09-10 17:12:05.227484+00:00,2026-09-10 17:12:05.227802+00:00,,,,,0.14400000000000002,0.49299999999999994,3.218,0.318,17.623,25.714000000000002,44.292,CONFIRMED
M02,59808,2026-09-10 17:12:05.301197+00:00,2026-09-10 17:12:05.327223+00:00,2026-09-10 17:12:05.282865+00:00,2026-09-10 17:12:05.283733+00:00,2026-09-10 17:12:05.283012+00:00,2026-09-10 17:12:05.283635+00:00,2026-09-10 17:12:05.284017+00:00,,,,,0.147,0.623,0.721,0.382,17.18,26.026,44.358000000000004,CONFIRMED
M02,59809,2026-09-10 17:12:05.355015+00:00,2026-09-10 17:12:05.384971+00:00,2026-09-10 17:12:05.337576+00:00,2026-09-10 17:12:05.338153+00:00,2026-09-10 17:12:05.337685+00:00,2026-09-10 17:12:05.338193+00:00,2026-09-10 17:12:05.338545+00:00,,,,,0.10900000000000001,0.508,0.46799999999999997,0.352,16.47,29.956,47.395,CONFIRMED
M02,59810,2026-09-10 17:12:05.419355+00:00,2026-09-10 17:12:05.445156+00:00,2026-09-10 17:12:05.394112+00:00,2026-09-10 17:12:05.395113+00:00,2026-09-10 17:12:05.394247+00:00,2026-09-10 17:12:05.395143+00:00,2026-09-10 17:12:05.395498+00:00,,,,,0.135,0.896,0.866,0.355,23.857,25.801000000000002,51.044,CONFIRMED
M02,59811,2026-09-10 17:12:05.464100+00:00,2026-09-10 17:12:05.489069+00:00,2026-09-10 17:12:05.447369+00:00,2026-09-10 17:12:05.448032+00:00,2026-09-10 17:12:05.447452+00:00,2026-09-10 17:12:05.448009+00:00,2026-09-10 17:12:05.448266+00:00,,,,,0.083,0.5569999999999999,0.58,0.257,15.834000000000001,24.969,41.7,CONFIRMED
M02,59812,2026-09-10 17:12:05.521579+00:00,2026-09-10 17:12:05.547377+00:00,2026-09-10 17:12:05.501286+00:00,2026-09-10 17:12:05.502027+00:00,2026-09-10 17:12:05.501423+00:00,2026-09-10 17:12:05.501950+00:00,2026-09-10 17:12:05.502331+00:00,,,,,0.13699999999999998,0.527,0.6040000000000001,0.381,19.248,25.798000000000002,46.091,CONFIRMED
M02,59813,2026-09-10 17:12:05.573080+00:00,2026-09-10 17:12:05.600758+00:00,2026-09-10 17:12:05.553775+00:00,2026-09-10 17:12:05.557790+00:00,2026-09-10 17:12:05.553957+00:00,2026-09-10 17:12:05.554593+00:00,2026-09-10 17:12:05.555068+00:00,,,,,0.182,0.636,3.833,0.475,18.012,27.678,46.983,CONFIRMED
M02,59814,2026-09-10 17:12:05.626681+00:00,2026-09-10 17:12:05.654450+00:00,2026-09-10 17:12:05.609501+00:00,2026-09-10 17:12:05.611892+00:00,2026-09-10 17:12:05.609647+00:00,2026-09-10 17:12:05.610160+00:00,2026-09-10 17:12:05.610502+00:00,,,,,0.146,0.513,2.245,0.342,16.179,27.769,44.949000000000005,CONFIRMED
M02,59815,2026-09-10 17:12:05.684585+00:00,2026-09-10 17:12:05.712729+00:00,2026-09-10 17:12:05.664534+00:00,2026-09-10 17:12:05.665252+00:00,2026-09-10 17:12:05.664670+00:00,2026-09-10 17:12:05.665246+00:00,2026-09-10 17:12:05.665623+00:00,,,,,0.136,0.5760000000000001,0.5820000000000001,0.377,18.962,28.144,48.195,CONFIRMED
M02,59816,2026-09-10 17:12:05.740345+00:00,2026-09-10 17:12:05.766868+00:00,2026-09-10 17:12:05.718652+00:00,2026-09-10 17:12:05.719375+00:00,2026-09-10 17:12:05.718804+00:00,2026-09-10 17:12:05.719296+00:00,2026-09-10 17:12:05.719696+00:00,,,,,0.152,0.49200000000000005,0.571,0.4,20.649,26.523,48.216,CONFIRMED
M02,59817,2026-09-10 17:12:05.790113+00:00,2026-09-10 17:12:05.816997+00:00,2026-09-10 17:12:05.771277+00:00,2026-09-10 17:12:05.773194+00:00,2026-09-10 17:12:05.771394+00:00,2026-09-10 17:12:05.772071+00:00,2026-09-10 17:12:05.772431+00:00,,,,,0.11699999999999999,0.6769999999999999,1.8,0.36000000000000004,17.682,26.884,45.72,CONFIRMED
M02,59818,2026-09-10 17:12:05.848234+00:00,2026-09-10 17:12:05.876405+00:00,2026-09-10 17:12:05.825900+00:00,2026-09-10 17:12:05.829011+00:00,2026-09-10 17:12:05.826032+00:00,2026-09-10 17:12:05.826712+00:00,2026-09-10 17:12:05.827087+00:00,,,,,0.132,0.68,2.979,0.375,21.147,28.171000000000003,50.505,CONFIRMED
M02,59819,2026-09-10 17:12:05.899011+00:00,2026-09-10 17:12:05.932488+00:00,2026-09-10 17:12:05.880889+00:00,2026-09-10 17:12:05.882079+00:00,2026-09-10 17:12:05.880999+00:00,2026-09-10 17:12:05.881490+00:00,2026-09-10 17:12:05.881861+00:00,,,,,0.11,0.491,1.08,0.371,17.15,33.477,51.599,CONFIRMED
M02,59820,2026-09-10 17:12:05.953460+00:00,2026-09-10 17:12:05.984413+00:00,2026-09-10 17:12:05.933882+00:00,2026-09-10 17:12:05.934464+00:00,2026-09-10 17:12:05.933961+00:00,2026-09-10 17:12:05.934729+00:00,2026-09-10 17:12:05.935079+00:00,,,,,0.079,0.768,0.503,0.35,18.381,30.953000000000003,50.531,CONFIRMED
M02,59821,2026-09-10 17:12:06.009801+00:00,2026-09-10 17:12:06.038004+00:00,2026-09-10 17:12:05.986445+00:00,2026-09-10 17:12:05.987327+00:00,2026-09-10 17:12:05.986551+00:00,2026-09-10 17:12:05.987435+00:00,2026-09-10 17:12:05.988647+00:00,,,,,0.106,0.884,0.776,1.212,21.154,28.203,51.559,CONFIRMED
M02,59822,2026-09-10 17:12:06.059057+00:00,2026-09-10 17:12:06.087596+00:00,2026-09-10 17:12:06.038901+00:00,2026-09-10 17:12:06.039530+00:00,2026-09-10 17:12:06.039044+00:00,2026-09-10 17:12:06.039531+00:00,2026-09-10 17:12:06.039914+00:00,,,,,0.14300000000000002,0.48700000000000004,0.486,0.383,19.143,28.538999999999998,48.695,CONFIRMED
M02,59823,2026-09-10 17:12:06.115166+00:00,2026-09-10 17:12:06.143072+00:00,2026-09-10 17:12:06.091638+00:00,2026-09-10 17:12:06.092258+00:00,2026-09-10 17:12:06.091764+00:00,2026-09-10 17:12:06.092294+00:00,2026-09-10 17:12:06.092777+00:00,,,,,0.126,0.53,0.494,0.483,22.389,27.906,51.434,CONFIRMED
M02,59824,2026-09-10 17:12:06.166843+00:00,2026-09-10 17:12:06.193126+00:00,2026-09-10 17:12:06.147175+00:00,2026-09-10 17:12:06.147738+00:00,2026-09-10 17:12:06.147285+00:00,2026-09-10 17:12:06.147803+00:00,2026-09-10 17:12:06.148703+00:00,,,,,0.11,0.518,0.453,0.9,18.14,26.283,45.951,CONFIRMED
M02,59825,2026-09-10 17:12:06.221625+00:00,2026-09-10 17:12:06.251090+00:00,2026-09-10 17:12:06.199908+00:00,2026-09-10 17:12:06.200879+00:00,2026-09-10 17:12:06.200082+00:00,2026-09-10 17:12:06.200949+00:00,2026-09-10 17:12:06.201330+00:00,,,,,0.174,0.867,0.7969999999999999,0.381,20.295,29.465,51.181999999999995,CONFIRMED
M02,59826,2026-09-10 17:12:06.270989+00:00,2026-09-10 17:12:06.299202+00:00,2026-09-10 17:12:06.253156+00:00,2026-09-10 17:12:06.253893+00:00,2026-09-10 17:12:06.253292+00:00,2026-09-10 17:12:06.253898+00:00,2026-09-10 17:12:06.254305+00:00,,,,,0.136,0.606,0.601,0.40700000000000003,16.684,28.212999999999997,46.046,CONFIRMED
M02,59827,2026-09-10 17:12:06.327144+00:00,2026-09-10 17:12:06.360712+00:00,2026-09-10 17:12:06.305785+00:00,2026-09-10 17:12:06.306364+00:00,2026-09-10 17:12:06.305928+00:00,2026-09-10 17:12:06.306436+00:00,2026-09-10 17:12:06.306794+00:00,,,,,0.14300000000000002,0.508,0.43600000000000005,0.358,20.35,33.568,54.927,CONFIRMED
M02,59828,2026-09-10 17:12:06.380170+00:00,2026-09-10 17:12:06.413299+00:00,2026-09-10 17:12:06.358290+00:00,2026-09-10 17:12:06.359098+00:00,2026-09-10 17:12:06.358399+00:00,2026-09-10 17:12:06.361197+00:00,2026-09-10 17:12:06.361532+00:00,,,,,0.10900000000000001,2.798,0.699,0.335,18.637999999999998,33.129,55.009,CONFIRMED
M02,59829,2026-09-10 17:12:06.439667+00:00,2026-09-10 17:12:06.471426+00:00,2026-09-10 17:12:06.411001+00:00,2026-09-10 17:12:06.412238+00:00,2026-09-10 17:12:06.411098+00:00,2026-09-10 17:12:06.414612+00:00,2026-09-10 17:12:06.414954+00:00,,,,,0.097,3.5140000000000002,1.14,0.342,24.712999999999997,31.759000000000004,60.425,CONFIRMED
M02,59830,2026-09-10 17:12:06.487870+00:00,2026-09-10 17:12:06.515492+00:00,2026-09-10 17:12:06.466826+00:00,2026-09-10 17:12:06.467646+00:00,2026-09-10 17:12:06.467052+00:00,2026-09-10 17:12:06.471863+00:00,2026-09-10 17:12:06.472135+00:00,,,,,0.22599999999999998,4.811,0.594,0.272,15.735,27.622,48.666000000000004,CONFIRMED
M02,59831,2026-09-10 17:12:06.539030+00:00,2026-09-10 17:12:06.567883+00:00,2026-09-10 17:12:06.520315+00:00,2026-09-10 17:12:06.521099+00:00,2026-09-10 17:12:06.520487+00:00,2026-09-10 17:12:06.521232+00:00,2026-09-10 17:12:06.521696+00:00,,,,,0.17200000000000001,0.745,0.612,0.464,17.334,28.853,47.568,CONFIRMED
M02,59832,2026-09-10 17:12:06.600942+00:00,2026-09-10 17:12:06.634332+00:00,2026-09-10 17:12:06.574447+00:00,2026-09-10 17:12:06.575604+00:00,2026-09-10 17:12:06.574617+00:00,2026-09-10 17:12:06.575686+00:00,2026-09-10 17:12:06.576204+00:00,,,,,0.17,1.0690000000000002,0.987,0.518,24.738,33.39,59.885,CONFIRMED
M02,59833,2026-09-10 17:12:06.654997+00:00,2026-09-10 17:12:06.681653+00:00,2026-09-10 17:12:06.628199+00:00,2026-09-10 17:12:06.629621+00:00,2026-09-10 17:12:06.628337+00:00,2026-09-10 17:12:06.634876+00:00,2026-09-10 17:12:06.635237+00:00,,,,,0.13799999999999998,6.539,1.284,0.361,19.759999999999998,26.656,53.454,CONFIRMED
M02,59834,2026-09-10 17:12:06.705260+00:00,2026-09-10 17:12:06.730854+00:00,2026-09-10 17:12:06.683517+00:00,2026-09-10 17:12:06.684493+00:00,2026-09-10 17:12:06.683615+00:00,2026-09-10 17:12:06.684549+00:00,2026-09-10 17:12:06.684992+00:00,,,,,0.098,0.934,0.878,0.443,20.268,25.593999999999998,47.336999999999996,CONFIRMED
M02,59835,2026-09-10 17:12:06.760994+00:00,2026-09-10 17:12:06.794040+00:00,2026-09-10 17:12:06.736514+00:00,2026-09-10 17:12:06.737433+00:00,2026-09-10 17:12:06.736608+00:00,2026-09-10 17:12:06.737513+00:00,2026-09-10 17:12:06.737947+00:00,,,,,0.094,0.905,0.825,0.434,23.047,33.046,57.526,CONFIRMED
M02,59836,2026-09-10 17:12:06.814510+00:00,2026-09-10 17:12:06.846847+00:00,2026-09-10 17:12:06.790813+00:00,2026-09-10 17:12:06.791574+00:00,2026-09-10 17:12:06.790930+00:00,2026-09-10 17:12:06.795012+00:00,2026-09-10 17:12:06.795389+00:00,,,,,0.11699999999999999,4.082,0.644,0.377,19.121,32.336999999999996,56.034,CONFIRMED
M02,59837,2026-09-10 17:12:06.864121+00:00,2026-09-10 17:12:06.889672+00:00,2026-09-10 17:12:06.843415+00:00,2026-09-10 17:12:06.844203+00:00,2026-09-10 17:12:06.843564+00:00,2026-09-10 17:12:06.847248+00:00,2026-09-10 17:12:06.847603+00:00,,,,,0.149,3.684,0.639,0.355,16.518,25.551000000000002,46.257,CONFIRMED
M02,59838,2026-09-10 17:12:06.919939+00:00,2026-09-10 17:12:06.948919+00:00,2026-09-10 17:12:06.895997+00:00,2026-09-10 17:12:06.896766+00:00,2026-09-10 17:12:06.896101+00:00,2026-09-10 17:12:06.898058+00:00,2026-09-10 17:12:06.898345+00:00,,,,,0.104,1.957,0.665,0.287,21.593999999999998,28.98,52.922,CONFIRMED
M02,59839,2026-09-10 17:12:06.968517+00:00,2026-09-10 17:12:06.997778+00:00,2026-09-10 17:12:06.948892+00:00,2026-09-10 17:12:06.950112+00:00,2026-09-10 17:12:06.949050+00:00,2026-09-10 17:12:06.950111+00:00,2026-09-10 17:12:06.950381+00:00,,,,,0.158,1.0610000000000002,1.062,0.27,18.136,29.261,48.885999999999996,CONFIRMED
M02,59840,2026-09-10 17:12:07.020352+00:00,2026-09-10 17:12:07.050127+00:00,2026-09-10 17:12:07.002394+00:00,2026-09-10 17:12:07.003393+00:00,2026-09-10 17:12:07.002486+00:00,2026-09-10 17:12:07.003390+00:00,2026-09-10 17:12:07.004521+00:00,,,,,0.092,0.9039999999999999,0.907,1.131,15.831000000000001,29.775,47.733,CONFIRMED
M02,59841,2026-09-10 17:12:07.078868+00:00,2026-09-10 17:12:07.103017+00:00,2026-09-10 17:12:07.056713+00:00,2026-09-10 17:12:07.058862+00:00,2026-09-10 17:12:07.056832+00:00,2026-09-10 17:12:07.057443+00:00,2026-09-10 17:12:07.057898+00:00,,,,,0.11900000000000001,0.611,2.0300000000000002,0.455,20.97,24.149,46.303999999999995,CONFIRMED
M02,59842,2026-09-10 17:12:07.127754+00:00,2026-09-10 17:12:07.155073+00:00,2026-09-10 17:12:07.112042+00:00,2026-09-10 17:12:07.112795+00:00,2026-09-10 17:12:07.112144+00:00,2026-09-10 17:12:07.112678+00:00,2026-09-10 17:12:07.112939+00:00,,,,,0.102,0.5339999999999999,0.651,0.261,14.815,27.319,43.031,CONFIRMED
M02,59843,2026-09-10 17:12:07.182079+00:00,2026-09-10 17:12:07.210500+00:00,2026-09-10 17:12:07.164577+00:00,2026-09-10 17:12:07.166360+00:00,2026-09-10 17:12:07.164736+00:00,2026-09-10 17:12:07.165530+00:00,2026-09-10 17:12:07.166018+00:00,,,,,0.159,0.794,1.624,0.488,16.061,28.421,45.923,CONFIRMED
M02,59844,2026-09-10 17:12:07.239039+00:00,2026-09-10 17:12:07.268167+00:00,2026-09-10 17:12:07.217946+00:00,2026-09-10 17:12:07.218462+00:00,2026-09-10 17:12:07.218032+00:00,2026-09-10 17:12:07.218495+00:00,2026-09-10 17:12:07.218863+00:00,,,,,0.08600000000000001,0.46299999999999997,0.43,0.368,20.176,29.128,50.221000000000004,CONFIRMED
M02,59845,2026-09-10 17:12:07.292635+00:00,2026-09-10 17:12:07.319645+00:00,2026-09-10 17:12:07.270680+00:00,2026-09-10 17:12:07.273374+00:00,2026-09-10 17:12:07.270825+00:00,2026-09-10 17:12:07.273431+00:00,2026-09-10 17:12:07.273795+00:00,,,,,0.145,2.606,2.549,0.364,18.84,27.009999999999998,48.965,CONFIRMED
M02,59846,2026-09-10 17:12:07.346908+00:00,2026-09-10 17:12:07.375437+00:00,2026-09-10 17:12:07.327772+00:00,2026-09-10 17:12:07.328958+00:00,2026-09-10 17:12:07.327882+00:00,2026-09-10 17:12:07.328646+00:00,2026-09-10 17:12:07.328965+00:00,,,,,0.11,0.764,1.0759999999999998,0.319,17.943,28.529,47.665,CONFIRMED
M02,59847,2026-09-10 17:12:07.403694+00:00,2026-09-10 17:12:07.438029+00:00,2026-09-10 17:12:07.382023+00:00,2026-09-10 17:12:07.382792+00:00,2026-09-10 17:12:07.382140+00:00,2026-09-10 17:12:07.382869+00:00,2026-09-10 17:12:07.383198+00:00,,,,,0.11699999999999999,0.7290000000000001,0.652,0.32899999999999996,20.496,34.335,56.006,CONFIRMED
M02,59848,2026-09-10 17:12:07.462262+00:00,2026-09-10 17:12:07.487512+00:00,2026-09-10 17:12:07.438105+00:00,2026-09-10 17:12:07.438710+00:00,2026-09-10 17:12:07.438214+00:00,2026-09-10 17:12:07.438854+00:00,2026-09-10 17:12:07.439300+00:00,,,,,0.10900000000000001,0.64,0.496,0.446,22.962,25.25,49.407,CONFIRMED
M02,59849,2026-09-10 17:12:07.509912+00:00,2026-09-10 17:12:07.535069+00:00,2026-09-10 17:12:07.491111+00:00,2026-09-10 17:12:07.492353+00:00,2026-09-10 17:12:07.491222+00:00,2026-09-10 17:12:07.491707+00:00,2026-09-10 17:12:07.492027+00:00,,,,,0.111,0.48500000000000004,1.131,0.32,17.885,25.157,43.958,CONFIRMED
M02,59850,2026-09-10 17:12:07.563679+00:00,2026-09-10 17:12:07.591134+00:00,2026-09-10 17:12:07.544435+00:00,2026-09-10 17:12:07.545461+00:00,2026-09-10 17:12:07.544559+00:00,2026-09-10 17:12:07.545150+00:00,2026-09-10 17:12:07.545578+00:00,,,,,0.124,0.5910000000000001,0.902,0.428,18.101,27.455000000000002,46.699,CONFIRMED
M02,59851,2026-09-10 17:12:07.618494+00:00,2026-09-10 17:12:07.649285+00:00,2026-09-10 17:12:07.599337+00:00,2026-09-10 17:12:07.600157+00:00,2026-09-10 17:12:07.599520+00:00,2026-09-10 17:12:07.600204+00:00,2026-09-10 17:12:07.600647+00:00,,,,,0.183,0.684,0.637,0.443,17.846999999999998,30.791,49.948,CONFIRMED
M02,59852,2026-09-10 17:12:07.678990+00:00,2026-09-10 17:12:07.714269+00:00,2026-09-10 17:12:07.653166+00:00,2026-09-10 17:12:07.654386+00:00,2026-09-10 17:12:07.653406+00:00,2026-09-10 17:12:07.655221+00:00,2026-09-10 17:12:07.655978+00:00,,,,,0.24000000000000002,1.815,0.98,0.757,23.012,35.278999999999996,61.102999999999994,CONFIRMED
M02,59853,2026-09-10 17:12:07.737957+00:00,2026-09-10 17:12:07.767204+00:00,2026-09-10 17:12:07.706468+00:00,2026-09-10 17:12:07.707394+00:00,2026-09-10 17:12:07.706609+00:00,2026-09-10 17:12:07.714788+00:00,2026-09-10 17:12:07.715150+00:00,,,,,0.14100000000000001,8.179,0.785,0.36200000000000004,22.807000000000002,29.247,60.736,CONFIRMED
M02,59854,2026-09-10 17:12:07.787228+00:00,2026-09-10 17:12:07.815808+00:00,2026-09-10 17:12:07.763168+00:00,2026-09-10 17:12:07.763783+00:00,2026-09-10 17:12:07.763323+00:00,2026-09-10 17:12:07.767582+00:00,2026-09-10 17:12:07.767923+00:00,,,,,0.155,4.2589999999999995,0.46,0.34099999999999997,19.305,28.580000000000002,52.64,CONFIRMED
M02,59855,2026-09-10 17:12:07.835617+00:00,2026-09-10 17:12:07.865661+00:00,2026-09-10 17:12:07.816104+00:00,2026-09-10 17:12:07.816685+00:00,2026-09-10 17:12:07.816205+00:00,2026-09-10 17:12:07.816658+00:00,2026-09-10 17:12:07.816926+00:00,,,,,0.101,0.453,0.48000000000000004,0.268,18.691,30.044,49.556999999999995,CONFIRMED
M02,59856,2026-09-10 17:12:07.884452+00:00,2026-09-10 17:12:07.910100+00:00,2026-09-10 17:12:07.868311+00:00,2026-09-10 17:12:07.868971+00:00,2026-09-10 17:12:07.868466+00:00,2026-09-10 17:12:07.869005+00:00,2026-09-10 17:12:07.869253+00:00,,,,,0.155,0.539,0.505,0.248,15.199,25.648,41.789,CONFIRMED
M02,59857,2026-09-10 17:12:07.937429+00:00,2026-09-10 17:12:07.964668+00:00,2026-09-10 17:12:07.921572+00:00,2026-09-10 17:12:07.922294+00:00,2026-09-10 17:12:07.921722+00:00,2026-09-10 17:12:07.922247+00:00,2026-09-10 17:12:07.922511+00:00,,,,,0.15,0.525,0.5720000000000001,0.264,14.918000000000001,27.239,43.096000000000004,CONFIRMED
M02,59858,2026-09-10 17:12:07.999902+00:00,2026-09-10 17:12:08.029247+00:00,2026-09-10 17:12:07.974360+00:00,2026-09-10 17:12:07.975039+00:00,2026-09-10 17:12:07.974478+00:00,2026-09-10 17:12:07.974953+00:00,2026-09-10 17:12:07.975316+00:00,,,,,0.118,0.475,0.5609999999999999,0.363,24.586,29.345,54.887,CONFIRMED
M02,59859,2026-09-10 17:12:08.052757+00:00,2026-09-10 17:12:08.079692+00:00,2026-09-10 17:12:08.030128+00:00,2026-09-10 17:12:08.030924+00:00,2026-09-10 17:12:08.030306+00:00,2026-09-10 17:12:08.030912+00:00,2026-09-10 17:12:08.031342+00:00,,,,,0.178,0.606,0.618,0.43,21.415,26.935000000000002,49.564,CONFIRMED
M02,59860,2026-09-10 17:12:08.101487+00:00,2026-09-10 17:12:08.129711+00:00,2026-09-10 17:12:08.083816+00:00,2026-09-10 17:12:08.084835+00:00,2026-09-10 17:12:08.083947+00:00,2026-09-10 17:12:08.084803+00:00,2026-09-10 17:12:08.085111+00:00,,,,,0.131,0.856,0.888,0.308,16.376,28.224,45.894999999999996,CONFIRMED
M02,59861,2026-09-10 17:12:08.156861+00:00,2026-09-10 17:12:08.184331+00:00,2026-09-10 17:12:08.136901+00:00,2026-09-10 17:12:08.141034+00:00,2026-09-10 17:12:08.137070+00:00,2026-09-10 17:12:08.137935+00:00,2026-09-10 17:12:08.138357+00:00,,,,,0.16899999999999998,0.865,3.9639999999999995,0.422,18.504,27.470000000000002,47.43,CONFIRMED
M02,59862,2026-09-10 17:12:08.214346+00:00,2026-09-10 17:12:08.241185+00:00,2026-09-10 17:12:08.193396+00:00,2026-09-10 17:12:08.193985+00:00,2026-09-10 17:12:08.193504+00:00,2026-09-10 17:12:08.194007+00:00,2026-09-10 17:12:08.194469+00:00,,,,,0.108,0.503,0.481,0.462,19.877,26.839,47.789,CONFIRMED
M02,59863,2026-09-10 17:12:08.264832+00:00,2026-09-10 17:12:08.291824+00:00,2026-09-10 17:12:08.245556+00:00,2026-09-10 17:12:08.246257+00:00,2026-09-10 17:12:08.245672+00:00,2026-09-10 17:12:08.246177+00:00,2026-09-10 17:12:08.246548+00:00,,,,,0.116,0.505,0.585,0.371,18.284000000000002,26.991999999999997,46.267999999999994,CONFIRMED
M02,59864,2026-09-10 17:12:08.318146+00:00,2026-09-10 17:12:08.344863+00:00,2026-09-10 17:12:08.298031+00:00,2026-09-10 17:12:08.298721+00:00,2026-09-10 17:12:08.298166+00:00,2026-09-10 17:12:08.298728+00:00,2026-09-10 17:12:08.299005+00:00,,,,,0.135,0.562,0.555,0.277,19.141,26.717000000000002,46.832,CONFIRMED
M02,59865,2026-09-10 17:12:08.372322+00:00,2026-09-10 17:12:08.398048+00:00,2026-09-10 17:12:08.350983+00:00,2026-09-10 17:12:08.351863+00:00,2026-09-10 17:12:08.351089+00:00,2026-09-10 17:12:08.351912+00:00,2026-09-10 17:12:08.352244+00:00,,,,,0.106,0.823,0.7739999999999999,0.332,20.078,25.726,47.065000000000005,CONFIRMED
M02,59866,2026-09-10 17:12:08.425341+00:00,2026-09-10 17:12:08.457873+00:00,2026-09-10 17:12:08.403614+00:00,2026-09-10 17:12:08.404490+00:00,2026-09-10 17:12:08.403720+00:00,2026-09-10 17:12:08.404271+00:00,2026-09-10 17:12:08.404643+00:00,,,,,0.106,0.5509999999999999,0.7699999999999999,0.372,20.698,32.532,54.259,CONFIRMED
M02,59867,2026-09-10 17:12:08.483190+00:00,2026-09-10 17:12:08.509219+00:00,2026-09-10 17:12:08.456916+00:00,2026-09-10 17:12:08.457958+00:00,2026-09-10 17:12:08.457036+00:00,2026-09-10 17:12:08.458486+00:00,2026-09-10 17:12:08.458826+00:00,,,,,0.12000000000000001,1.45,0.9219999999999999,0.34,24.364,26.029,52.303000000000004,CONFIRMED
M02,59868,2026-09-10 17:12:08.533127+00:00,2026-09-10 17:12:08.558871+00:00,2026-09-10 17:12:08.513816+00:00,2026-09-10 17:12:08.514360+00:00,2026-09-10 17:12:08.513906+00:00,2026-09-10 17:12:08.514605+00:00,2026-09-10 17:12:08.514865+00:00,,,,,0.09000000000000001,0.699,0.45399999999999996,0.25999999999999995,18.262,25.744,45.055,CONFIRMED
M02,59869,2026-09-10 17:12:08.588596+00:00,2026-09-10 17:12:08.618094+00:00,2026-09-10 17:12:08.566065+00:00,2026-09-10 17:12:08.566964+00:00,2026-09-10 17:12:08.566237+00:00,2026-09-10 17:12:08.566915+00:00,2026-09-10 17:12:08.567190+00:00,,,,,0.17200000000000001,0.678,0.727,0.275,21.406000000000002,29.498,52.028999999999996,CONFIRMED
M02,59870,2026-09-10 17:12:08.639513+00:00,2026-09-10 17:12:08.669255+00:00,2026-09-10 17:12:08.619498+00:00,2026-09-10 17:12:08.620112+00:00,2026-09-10 17:12:08.619606+00:00,2026-09-10 17:12:08.620114+00:00,2026-09-10 17:12:08.620451+00:00,,,,,0.108,0.508,0.506,0.337,19.061999999999998,29.742,49.757000000000005,CONFIRMED
M02,59871,2026-09-10 17:12:08.693957+00:00,2026-09-10 17:12:08.731115+00:00,2026-09-10 17:12:08.671750+00:00,2026-09-10 17:12:08.673041+00:00,2026-09-10 17:12:08.671875+00:00,2026-09-10 17:12:08.672621+00:00,2026-09-10 17:12:08.673506+00:00,,,,,0.125,0.746,1.166,0.885,20.451,37.157999999999994,59.365,CONFIRMED
M02,59872,2026-09-10 17:12:08.757926+00:00,2026-09-10 17:12:08.796262+00:00,2026-09-10 17:12:08.725138+00:00,2026-09-10 17:12:08.728059+00:00,2026-09-10 17:12:08.725335+00:00,2026-09-10 17:12:08.731784+00:00,2026-09-10 17:12:08.732337+00:00,,,,,0.19699999999999998,6.449,2.7239999999999998,0.553,25.589000000000002,38.336,71.12400000000001,CONFIRMED
M02,59873,2026-09-10 17:12:08.821382+00:00,2026-09-10 17:12:08.861676+00:00,2026-09-10 17:12:08.780837+00:00,2026-09-10 17:12:08.781834+00:00,2026-09-10 17:12:08.780985+00:00,2026-09-10 17:12:08.796792+00:00,2026-09-10 17:12:08.797147+00:00,,,,,0.148,15.807000000000002,0.8490000000000001,0.355,24.235,40.294000000000004,80.839,CONFIRMED
M02,59874,2026-09-10 17:12:08.883904+00:00,2026-09-10 17:12:08.916393+00:00,2026-09-10 17:12:08.841193+00:00,2026-09-10 17:12:08.841922+00:00,2026-09-10 17:12:08.841331+00:00,2026-09-10 17:12:08.862968+00:00,2026-09-10 17:12:08.864251+00:00,,,,,0.13799999999999998,21.637,0.5910000000000001,1.2830000000000001,19.653,32.489,75.2,CONFIRMED
M02,59875,2026-09-10 17:12:08.938651+00:00,2026-09-10 17:12:08.965696+00:00,2026-09-10 17:12:08.895598+00:00,2026-09-10 17:12:08.899982+00:00,2026-09-10 17:12:08.895840+00:00,2026-09-10 17:12:08.916999+00:00,2026-09-10 17:12:08.917375+00:00,,,,,0.242,21.159000000000002,4.1419999999999995,0.376,21.276,27.044999999999998,70.098,CONFIRMED
M02,59876,2026-09-10 17:12:08.987381+00:00,2026-09-10 17:12:09.032953+00:00,2026-09-10 17:12:08.951884+00:00,2026-09-10 17:12:08.955592+00:00,2026-09-10 17:12:08.952016+00:00,2026-09-10 17:12:08.966201+00:00,2026-09-10 17:12:08.966518+00:00,,,,,0.132,14.185,3.576,0.317,20.863,45.572,81.069,CONFIRMED
M02,59877,2026-09-10 17:12:09.059999+00:00,2026-09-10 17:12:09.094270+00:00,2026-09-10 17:12:09.007945+00:00,2026-09-10 17:12:09.009146+00:00,2026-09-10 17:12:09.008152+00:00,2026-09-10 17:12:09.033319+00:00,2026-09-10 17:12:09.033550+00:00,,,,,0.207,25.166999999999998,0.9940000000000001,0.231,26.449,34.271,86.325,CONFIRMED
M02,59878,2026-09-10 17:12:09.111765+00:00,2026-09-10 17:12:09.143623+00:00,2026-09-10 17:12:09.060980+00:00,2026-09-10 17:12:09.061555+00:00,2026-09-10 17:12:09.061088+00:00,2026-09-10 17:12:09.094735+00:00,2026-09-10 17:12:09.095023+00:00,,,,,0.108,33.647000000000006,0.467,0.28800000000000003,16.742,31.857999999999997,82.643,CONFIRMED
M02,59879,2026-09-10 17:12:09.165006+00:00,2026-09-10 17:12:09.193555+00:00,2026-09-10 17:12:09.114315+00:00,2026-09-10 17:12:09.115338+00:00,2026-09-10 17:12:09.114431+00:00,2026-09-10 17:12:09.144156+00:00,2026-09-10 17:12:09.144505+00:00,,,,,0.116,29.725,0.907,0.34900000000000003,20.500999999999998,28.549000000000003,79.24000000000001,CONFIRMED
M02,59880,2026-09-10 17:12:09.211821+00:00,2026-09-10 17:12:09.244249+00:00,2026-09-10 17:12:09.169968+00:00,2026-09-10 17:12:09.170581+00:00,2026-09-10 17:12:09.170053+00:00,2026-09-10 17:12:09.194083+00:00,2026-09-10 17:12:09.194474+00:00,,,,,0.085,24.029999999999998,0.528,0.391,17.347,32.428,74.281,CONFIRMED
M02,59881,2026-09-10 17:12:09.264304+00:00,2026-09-10 17:12:09.296943+00:00,2026-09-10 17:12:09.222159+00:00,2026-09-10 17:12:09.223908+00:00,2026-09-10 17:12:09.222310+00:00,2026-09-10 17:12:09.244735+00:00,2026-09-10 17:12:09.245129+00:00,,,,,0.15100000000000002,22.425,1.598,0.39399999999999996,19.175,32.639,74.784,CONFIRMED
M02,59882,2026-09-10 17:12:09.315997+00:00,2026-09-10 17:12:09.347569+00:00,2026-09-10 17:12:09.276433+00:00,2026-09-10 17:12:09.279863+00:00,2026-09-10 17:12:09.276581+00:00,2026-09-10 17:12:09.297319+00:00,2026-09-10 17:12:09.297537+00:00,,,,,0.148,20.738,3.282,0.21800000000000003,18.46,31.572000000000003,71.13600000000001,CONFIRMED
M02,59883,2026-09-10 17:12:09.366452+00:00,2026-09-10 17:12:09.392196+00:00,2026-09-10 17:12:09.334652+00:00,2026-09-10 17:12:09.335487+00:00,2026-09-10 17:12:09.334827+00:00,2026-09-10 17:12:09.348080+00:00,2026-09-10 17:12:09.348467+00:00,,,,,0.175,13.252999999999998,0.66,0.38699999999999996,17.985,25.744,57.544,CONFIRMED
M02,59884,2026-09-10 17:12:09.408377+00:00,2026-09-10 17:12:09.436890+00:00,2026-09-10 17:12:09.387318+00:00,2026-09-10 17:12:09.388913+00:00,2026-09-10 17:12:09.387464+00:00,2026-09-10 17:12:09.392667+00:00,2026-09-10 17:12:09.392976+00:00,,,,,0.146,5.203,1.449,0.309,15.401,28.513,49.571999999999996,CONFIRMED
M02,59885,2026-09-10 17:12:09.480263+00:00,2026-09-10 17:12:09.509319+00:00,2026-09-10 17:12:09.441182+00:00,2026-09-10 17:12:09.441932+00:00,2026-09-10 17:12:09.441328+00:00,2026-09-10 17:12:09.442154+00:00,2026-09-10 17:12:09.443139+00:00,,,,,0.146,0.8260000000000001,0.6040000000000001,0.985,37.123999999999995,29.055999999999997,68.137,CONFIRMED
M02,59886,2026-09-10 17:12:09.528291+00:00,2026-09-10 17:12:09.555914+00:00,2026-09-10 17:12:09.494207+00:00,2026-09-10 17:12:09.494943+00:00,2026-09-10 17:12:09.494371+00:00,2026-09-10 17:12:09.509848+00:00,2026-09-10 17:12:09.510215+00:00,,,,,0.164,15.477,0.5720000000000001,0.367,18.075999999999997,27.623,61.707,CONFIRMED
M02,59887,2026-09-10 17:12:09.574189+00:00,2026-09-10 17:12:09.600278+00:00,2026-09-10 17:12:09.546710+00:00,2026-09-10 17:12:09.547424+00:00,2026-09-10 17:12:09.546887+00:00,2026-09-10 17:12:09.556406+00:00,2026-09-10 17:12:09.556677+00:00,,,,,0.177,9.519,0.537,0.27099999999999996,17.512,26.089000000000002,53.568,CONFIRMED
M02,59888,2026-09-10 17:12:09.622812+00:00,2026-09-10 17:12:09.650019+00:00,2026-09-10 17:12:09.601778+00:00,2026-09-10 17:12:09.602470+00:00,2026-09-10 17:12:09.601884+00:00,2026-09-10 17:12:09.602437+00:00,2026-09-10 17:12:09.602800+00:00,,,,,0.106,0.553,0.5860000000000001,0.363,20.011999999999997,27.206999999999997,48.241,CONFIRMED
M02,59889,2026-09-10 17:12:09.679350+00:00,2026-09-10 17:12:09.705348+00:00,2026-09-10 17:12:09.655158+00:00,2026-09-10 17:12:09.656315+00:00,2026-09-10 17:12:09.655277+00:00,2026-09-10 17:12:09.656018+00:00,2026-09-10 17:12:09.656362+00:00,,,,,0.11900000000000001,0.741,1.038,0.34400000000000003,22.988000000000003,25.998,50.19,CONFIRMED
M02,59890,2026-09-10 17:12:09.729789+00:00,2026-09-10 17:12:09.756758+00:00,2026-09-10 17:12:09.708341+00:00,2026-09-10 17:12:09.709724+00:00,2026-09-10 17:12:09.708486+00:00,2026-09-10 17:12:09.709731+00:00,2026-09-10 17:12:09.710068+00:00,,,,,0.145,1.245,1.238,0.337,19.721,26.969,48.417,CONFIRMED
M02,59891,2026-09-10 17:12:09.781521+00:00,2026-09-10 17:12:09.815032+00:00,2026-09-10 17:12:09.761251+00:00,2026-09-10 17:12:09.761942+00:00,2026-09-10 17:12:09.761373+00:00,2026-09-10 17:12:09.761994+00:00,2026-09-10 17:12:09.762351+00:00,,,,,0.122,0.621,0.569,0.357,19.169999999999998,33.510999999999996,53.781000000000006,CONFIRMED
M02,59892,2026-09-10 17:12:09.840240+00:00,2026-09-10 17:12:09.869512+00:00,2026-09-10 17:12:09.814717+00:00,2026-09-10 17:12:09.815336+00:00,2026-09-10 17:12:09.814831+00:00,2026-09-10 17:12:09.816269+00:00,2026-09-10 17:12:09.816615+00:00,,,,,0.114,1.438,0.505,0.34600000000000003,23.625,29.272,54.795,CONFIRMED
M02,59893,2026-09-10 17:12:09.885461+00:00,2026-09-10 17:12:09.912952+00:00,2026-09-10 17:12:09.869922+00:00,2026-09-10 17:12:09.870419+00:00,2026-09-10 17:12:09.870016+00:00,2026-09-10 17:12:09.870408+00:00,2026-09-10 17:12:09.870746+00:00,,,,,0.094,0.392,0.40299999999999997,0.33799999999999997,14.715,27.491000000000003,43.03,CONFIRMED
M02,59894,2026-09-10 17:12:09.941346+00:00,2026-09-10 17:12:09.969338+00:00,2026-09-10 17:12:09.922300+00:00,2026-09-10 17:12:09.923095+00:00,2026-09-10 17:12:09.922447+00:00,2026-09-10 17:12:09.923052+00:00,2026-09-10 17:12:09.923396+00:00,,,,,0.147,0.605,0.648,0.34400000000000003,17.95,27.992,47.038000000000004,CONFIRMED
M02,59895,2026-09-10 17:12:09.999877+00:00,2026-09-10 17:12:10.027107+00:00,2026-09-10 17:12:09.978090+00:00,2026-09-10 17:12:09.978909+00:00,2026-09-10 17:12:09.978212+00:00,2026-09-10 17:12:09.978935+00:00,2026-09-10 17:12:09.979323+00:00,,,,,0.122,0.723,0.6970000000000001,0.388,20.554,27.23,49.016999999999996,CONFIRMED
M02,59896,2026-09-10 17:12:10.049961+00:00,2026-09-10 17:12:10.077467+00:00,2026-09-10 17:12:10.031221+00:00,2026-09-10 17:12:10.031903+00:00,2026-09-10 17:12:10.031304+00:00,2026-09-10 17:12:10.031799+00:00,2026-09-10 17:12:10.032142+00:00,,,,,0.083,0.495,0.599,0.34299999999999997,17.819000000000003,27.506,46.246,CONFIRMED
M02,59897,2026-09-10 17:12:10.107165+00:00,2026-09-10 17:12:10.135069+00:00,2026-09-10 17:12:10.084483+00:00,2026-09-10 17:12:10.085407+00:00,2026-09-10 17:12:10.084619+00:00,2026-09-10 17:12:10.085406+00:00,2026-09-10 17:12:10.085827+00:00,,,,,0.136,0.787,0.7879999999999999,0.421,21.338,27.904000000000003,50.586,CONFIRMED
M02,59898,2026-09-10 17:12:10.161644+00:00,2026-09-10 17:12:10.189669+00:00,2026-09-10 17:12:10.141680+00:00,2026-09-10 17:12:10.143269+00:00,2026-09-10 17:12:10.141848+00:00,2026-09-10 17:12:10.143283+00:00,2026-09-10 17:12:10.143646+00:00,,,,,0.16799999999999998,1.435,1.421,0.363,17.998,28.025000000000002,47.989,CONFIRMED
M02,59899,2026-09-10 17:12:10.219474+00:00,2026-09-10 17:12:10.249266+00:00,2026-09-10 17:12:10.196291+00:00,2026-09-10 17:12:10.197627+00:00,2026-09-10 17:12:10.196405+00:00,2026-09-10 17:12:10.196867+00:00,2026-09-10 17:12:10.197123+00:00,,,,,0.114,0.462,1.222,0.256,22.351,29.791999999999998,52.975,CONFIRMED
M02,59900,2026-09-10 17:12:10.269396+00:00,2026-09-10 17:12:10.302030+00:00,2026-09-10 17:12:10.249635+00:00,2026-09-10 17:12:10.250744+00:00,2026-09-10 17:12:10.249741+00:00,2026-09-10 17:12:10.250555+00:00,2026-09-10 17:12:10.250920+00:00,,,,,0.106,0.8140000000000001,1.003,0.365,18.476,32.634,52.394999999999996,CONFIRMED
M02,59901,2026-09-10 17:12:10.326377+00:00,2026-09-10 17:12:10.354628+00:00,2026-09-10 17:12:10.302563+00:00,2026-09-10 17:12:10.303306+00:00,2026-09-10 17:12:10.302641+00:00,2026-09-10 17:12:10.303328+00:00,2026-09-10 17:12:10.303644+00:00,,,,,0.078,0.687,0.665,0.316,22.733,28.250999999999998,52.065,CONFIRMED
M02,59902,2026-09-10 17:12:10.376209+00:00,2026-09-10 17:12:10.404606+00:00,2026-09-10 17:12:10.355270+00:00,2026-09-10 17:12:10.355893+00:00,2026-09-10 17:12:10.355381+00:00,2026-09-10 17:12:10.355884+00:00,2026-09-10 17:12:10.356183+00:00,,,,,0.111,0.503,0.512,0.299,20.026,28.397,49.336,CONFIRMED
M02,59903,2026-09-10 17:12:10.430488+00:00,2026-09-10 17:12:10.457430+00:00,2026-09-10 17:12:10.412232+00:00,2026-09-10 17:12:10.414867+00:00,2026-09-10 17:12:10.412338+00:00,2026-09-10 17:12:10.412840+00:00,2026-09-10 17:12:10.413226+00:00,,,,,0.106,0.502,2.529,0.386,17.262,26.942,45.198,CONFIRMED
M02,59904,2026-09-10 17:12:10.493468+00:00,2026-09-10 17:12:10.521263+00:00,2026-09-10 17:12:10.466898+00:00,2026-09-10 17:12:10.468108+00:00,2026-09-10 17:12:10.467082+00:00,2026-09-10 17:12:10.468065+00:00,2026-09-10 17:12:10.468495+00:00,,,,,0.184,0.983,1.026,0.43,24.973,27.795,54.364999999999995,CONFIRMED
M02,59905,2026-09-10 17:12:10.540799+00:00,2026-09-10 17:12:10.566128+00:00,2026-09-10 17:12:10.520740+00:00,2026-09-10 17:12:10.521309+00:00,2026-09-10 17:12:10.520854+00:00,2026-09-10 17:12:10.521714+00:00,2026-09-10 17:12:10.522055+00:00,,,,,0.114,0.86,0.455,0.34099999999999997,18.744,25.329,45.388,CONFIRMED
M02,59906,2026-09-10 17:12:10.595808+00:00,2026-09-10 17:12:10.624847+00:00,2026-09-10 17:12:10.575439+00:00,2026-09-10 17:12:10.577270+00:00,2026-09-10 17:12:10.575568+00:00,2026-09-10 17:12:10.577206+00:00,2026-09-10 17:12:10.577484+00:00,,,,,0.129,1.638,1.702,0.27799999999999997,18.324,29.038999999999998,49.408,CONFIRMED
M02,59907,2026-09-10 17:12:10.652028+00:00,2026-09-10 17:12:10.678014+00:00,2026-09-10 17:12:10.630070+00:00,2026-09-10 17:12:10.630739+00:00,2026-09-10 17:12:10.630214+00:00,2026-09-10 17:12:10.630694+00:00,2026-09-10 17:12:10.631100+00:00,,,,,0.14400000000000002,0.48000000000000004,0.525,0.406,20.927999999999997,25.985999999999997,47.944,CONFIRMED
M02,59908,2026-09-10 17:12:10.702044+00:00,2026-09-10 17:12:10.734419+00:00,2026-09-10 17:12:10.685600+00:00,2026-09-10 17:12:10.686248+00:00,2026-09-10 17:12:10.685715+00:00,2026-09-10 17:12:10.686189+00:00,2026-09-10 17:12:10.686556+00:00,,,,,0.115,0.474,0.533,0.367,15.488,32.375,48.819,CONFIRMED
M02,59909,2026-09-10 17:12:10.761863+00:00,2026-09-10 17:12:10.788129+00:00,2026-09-10 17:12:10.738566+00:00,2026-09-10 17:12:10.739301+00:00,2026-09-10 17:12:10.738703+00:00,2026-09-10 17:12:10.739321+00:00,2026-09-10 17:12:10.739685+00:00,,,,,0.13699999999999998,0.618,0.598,0.364,22.178,26.266000000000002,49.563,CONFIRMED
M02,59910,2026-09-10 17:12:10.810296+00:00,2026-09-10 17:12:10.839351+00:00,2026-09-10 17:12:10.791447+00:00,2026-09-10 17:12:10.792259+00:00,2026-09-10 17:12:10.791547+00:00,2026-09-10 17:12:10.792256+00:00,2026-09-10 17:12:10.792652+00:00,,,,,0.1,0.709,0.712,0.39599999999999996,17.644,29.055,47.904,CONFIRMED
M02,59911,2026-09-10 17:12:10.872456+00:00,2026-09-10 17:12:10.903812+00:00,2026-09-10 17:12:10.844070+00:00,2026-09-10 17:12:10.845691+00:00,2026-09-10 17:12:10.844319+00:00,2026-09-10 17:12:10.845894+00:00,2026-09-10 17:12:10.846645+00:00,,,,,0.24899999999999997,1.575,1.3719999999999999,0.751,25.811,31.356,59.742000000000004,CONFIRMED
M02,59912,2026-09-10 17:12:10.924018+00:00,2026-09-10 17:12:10.952365+00:00,2026-09-10 17:12:10.898115+00:00,2026-09-10 17:12:10.899720+00:00,2026-09-10 17:12:10.898250+00:00,2026-09-10 17:12:10.904280+00:00,2026-09-10 17:12:10.904542+00:00,,,,,0.135,6.029999999999999,1.47,0.262,19.476,28.347,54.25,CONFIRMED
M02,59913,2026-09-10 17:12:10.976985+00:00,2026-09-10 17:12:11.012125+00:00,2026-09-10 17:12:10.951513+00:00,2026-09-10 17:12:10.952553+00:00,2026-09-10 17:12:10.951665+00:00,2026-09-10 17:12:10.952953+00:00,2026-09-10 17:12:10.953593+00:00,,,,,0.152,1.288,0.888,0.64,23.392,35.14,60.612,CONFIRMED
M02,59914,2026-09-10 17:12:11.038272+00:00,2026-09-10 17:12:11.066304+00:00,2026-09-10 17:12:11.006599+00:00,2026-09-10 17:12:11.007524+00:00,2026-09-10 17:12:11.006702+00:00,2026-09-10 17:12:11.012624+00:00,2026-09-10 17:12:11.012897+00:00,,,,,0.103,5.922000000000001,0.8220000000000001,0.273,25.375,28.032,59.705,CONFIRMED
M02,59915,2026-09-10 17:12:11.084956+00:00,2026-09-10 17:12:11.111507+00:00,2026-09-10 17:12:11.059427+00:00,2026-09-10 17:12:11.060087+00:00,2026-09-10 17:12:11.059566+00:00,2026-09-10 17:12:11.066823+00:00,2026-09-10 17:12:11.067149+00:00,,,,,0.13899999999999998,7.257000000000001,0.521,0.326,17.807,26.551000000000002,52.08,CONFIRMED
M02,59916,2026-09-10 17:12:11.136781+00:00,2026-09-10 17:12:11.162865+00:00,2026-09-10 17:12:11.112912+00:00,2026-09-10 17:12:11.114911+00:00,2026-09-10 17:12:11.112998+00:00,2026-09-10 17:12:11.113904+00:00,2026-09-10 17:12:11.114238+00:00,,,,,0.08600000000000001,0.906,1.913,0.33399999999999996,22.543,26.084,49.952999999999996,CONFIRMED
M02,59917,2026-09-10 17:12:11.189088+00:00,2026-09-10 17:12:11.216823+00:00,2026-09-10 17:12:11.166757+00:00,2026-09-10 17:12:11.167270+00:00,2026-09-10 17:12:11.166837+00:00,2026-09-10 17:12:11.167405+00:00,2026-09-10 17:12:11.167894+00:00,,,,,0.08,0.5680000000000001,0.433,0.48899999999999993,21.194000000000003,27.735,50.066,CONFIRMED
M02,59918,2026-09-10 17:12:11.241504+00:00,2026-09-10 17:12:11.267590+00:00,2026-09-10 17:12:11.219287+00:00,2026-09-10 17:12:11.219913+00:00,2026-09-10 17:12:11.219406+00:00,2026-09-10 17:12:11.219929+00:00,2026-09-10 17:12:11.220255+00:00,,,,,0.11900000000000001,0.523,0.507,0.326,21.249,26.086000000000002,48.303,CONFIRMED
M02,59919,2026-09-10 17:12:11.292443+00:00,2026-09-10 17:12:11.318932+00:00,2026-09-10 17:12:11.274477+00:00,2026-09-10 17:12:11.275363+00:00,2026-09-10 17:12:11.274585+00:00,2026-09-10 17:12:11.275293+00:00,2026-09-10 17:12:11.275740+00:00,,,,,0.108,0.708,0.778,0.447,16.703,26.488999999999997,44.455,CONFIRMED
M02,59920,2026-09-10 17:12:11.350828+00:00,2026-09-10 17:12:11.379383+00:00,2026-09-10 17:12:11.327241+00:00,2026-09-10 17:12:11.327984+00:00,2026-09-10 17:12:11.327370+00:00,2026-09-10 17:12:11.328062+00:00,2026-09-10 17:12:11.328413+00:00,,,,,0.129,0.6920000000000001,0.614,0.35100000000000003,22.415,28.555,52.142,CONFIRMED
M02,59921,2026-09-10 17:12:11.403637+00:00,2026-09-10 17:12:11.431886+00:00,2026-09-10 17:12:11.383696+00:00,2026-09-10 17:12:11.384383+00:00,2026-09-10 17:12:11.383843+00:00,2026-09-10 17:12:11.384431+00:00,2026-09-10 17:12:11.384773+00:00,,,,,0.147,0.588,0.54,0.342,18.863999999999997,28.249,48.19,CONFIRMED
M02,59922,2026-09-10 17:12:11.457514+00:00,2026-09-10 17:12:11.483930+00:00,2026-09-10 17:12:11.435997+00:00,2026-09-10 17:12:11.436778+00:00,2026-09-10 17:12:11.436100+00:00,2026-09-10 17:12:11.436768+00:00,2026-09-10 17:12:11.437152+00:00,,,,,0.103,0.6679999999999999,0.678,0.384,20.362000000000002,26.415999999999997,47.93300000000001,CONFIRMED
M02,59923,2026-09-10 17:12:11.522474+00:00,2026-09-10 17:12:11.551691+00:00,2026-09-10 17:12:11.491920+00:00,2026-09-10 17:12:11.492853+00:00,2026-09-10 17:12:11.492064+00:00,2026-09-10 17:12:11.492922+00:00,2026-09-10 17:12:11.495514+00:00,,,,,0.14400000000000002,0.858,0.789,2.592,26.96,29.217,59.771,CONFIRMED
M02,59924,2026-09-10 17:12:11.578799+00:00,2026-09-10 17:12:11.612039+00:00,2026-09-10 17:12:11.550139+00:00,2026-09-10 17:12:11.550816+00:00,2026-09-10 17:12:11.550234+00:00,2026-09-10 17:12:11.552324+00:00,2026-09-10 17:12:11.552682+00:00,,,,,0.095,2.09,0.5820000000000001,0.358,26.117,33.24,61.9,CONFIRMED
M02,59925,2026-09-10 17:12:11.631324+00:00,2026-09-10 17:12:11.659152+00:00,2026-09-10 17:12:11.602722+00:00,2026-09-10 17:12:11.603513+00:00,2026-09-10 17:12:11.602927+00:00,2026-09-10 17:12:11.612486+00:00,2026-09-10 17:12:11.612863+00:00,,,,,0.205,9.559,0.5860000000000001,0.377,18.461000000000002,27.828,56.43,CONFIRMED
M02,59926,2026-09-10 17:12:11.674986+00:00,2026-09-10 17:12:11.701812+00:00,2026-09-10 17:12:11.656518+00:00,2026-09-10 17:12:11.657450+00:00,2026-09-10 17:12:11.656612+00:00,2026-09-10 17:12:11.659526+00:00,2026-09-10 17:12:11.659760+00:00,,,,,0.094,2.9139999999999997,0.838,0.23399999999999999,15.225999999999999,26.826,45.294000000000004,CONFIRMED
M02,59927,2026-09-10 17:12:11.725848+00:00,2026-09-10 17:12:11.759351+00:00,2026-09-10 17:12:11.708800+00:00,2026-09-10 17:12:11.709598+00:00,2026-09-10 17:12:11.708923+00:00,2026-09-10 17:12:11.709809+00:00,2026-09-10 17:12:11.710086+00:00,,,,,0.12300000000000001,0.886,0.675,0.277,15.762000000000002,33.503,50.551,CONFIRMED
M02,59928,2026-09-10 17:12:11.783896+00:00,2026-09-10 17:12:11.810952+00:00,2026-09-10 17:12:11.762834+00:00,2026-09-10 17:12:11.764490+00:00,2026-09-10 17:12:11.762948+00:00,2026-09-10 17:12:11.764436+00:00,2026-09-10 17:12:11.764841+00:00,,,,,0.114,1.488,1.542,0.40499999999999997,19.055,27.056,48.118,CONFIRMED
M02,59929,2026-09-10 17:12:11.835187+00:00,2026-09-10 17:12:11.861561+00:00,2026-09-10 17:12:11.816745+00:00,2026-09-10 17:12:11.817383+00:00,2026-09-10 17:12:11.816830+00:00,2026-09-10 17:12:11.817368+00:00,2026-09-10 17:12:11.817759+00:00,,,,,0.085,0.5379999999999999,0.553,0.391,17.427999999999997,26.374000000000002,44.816,CONFIRMED
M02,59930,2026-09-10 17:12:11.894222+00:00,2026-09-10 17:12:11.922474+00:00,2026-09-10 17:12:11.869235+00:00,2026-09-10 17:12:11.869935+00:00,2026-09-10 17:12:11.869346+00:00,2026-09-10 17:12:11.869990+00:00,2026-09-10 17:12:11.870349+00:00,,,,,0.111,0.644,0.589,0.359,23.872999999999998,28.252,53.239000000000004,CONFIRMED
M02,59931,2026-09-10 17:12:11.944668+00:00,2026-09-10 17:12:11.975164+00:00,2026-09-10 17:12:11.922379+00:00,2026-09-10 17:12:11.923088+00:00,2026-09-10 17:12:11.922489+00:00,2026-09-10 17:12:11.923022+00:00,2026-09-10 17:12:11.923400+00:00,,,,,0.11,0.533,0.599,0.378,21.267999999999997,30.496,52.785,CONFIRMED
M02,59932,2026-09-10 17:12:11.998577+00:00,2026-09-10 17:12:12.030801+00:00,2026-09-10 17:12:11.975080+00:00,2026-09-10 17:12:11.975765+00:00,2026-09-10 17:12:11.975204+00:00,2026-09-10 17:12:11.975803+00:00,2026-09-10 17:12:11.976189+00:00,,,,,0.124,0.599,0.5609999999999999,0.386,22.388,32.224000000000004,55.721,CONFIRMED
M02,59933,2026-09-10 17:12:12.050745+00:00,2026-09-10 17:12:12.077486+00:00,2026-09-10 17:12:12.027926+00:00,2026-09-10 17:12:12.028603+00:00,2026-09-10 17:12:12.028065+00:00,2026-09-10 17:12:12.031325+00:00,2026-09-10 17:12:12.031656+00:00,,,,,0.13899999999999998,3.26,0.5379999999999999,0.331,19.089,26.741,49.56,CONFIRMED
M02,59934,2026-09-10 17:12:12.102502+00:00,2026-09-10 17:12:12.135005+00:00,2026-09-10 17:12:12.081340+00:00,2026-09-10 17:12:12.082375+00:00,2026-09-10 17:12:12.081431+00:00,2026-09-10 17:12:12.082054+00:00,2026-09-10 17:12:12.082328+00:00,,,,,0.091,0.623,0.944,0.27399999999999997,20.174,32.503,53.665,CONFIRMED
M02,59935,2026-09-10 17:12:12.160056+00:00,2026-09-10 17:12:12.187955+00:00,2026-09-10 17:12:12.134917+00:00,2026-09-10 17:12:12.135601+00:00,2026-09-10 17:12:12.135070+00:00,2026-09-10 17:12:12.135541+00:00,2026-09-10 17:12:12.135784+00:00,,,,,0.153,0.47100000000000003,0.531,0.243,24.272,27.899,53.038000000000004,CONFIRMED
M02,59936,2026-09-10 17:12:12.206637+00:00,2026-09-10 17:12:12.232913+00:00,2026-09-10 17:12:12.187780+00:00,2026-09-10 17:12:12.188661+00:00,2026-09-10 17:12:12.187959+00:00,2026-09-10 17:12:12.189456+00:00,2026-09-10 17:12:12.189829+00:00,,,,,0.179,1.497,0.7020000000000001,0.373,16.808,26.276,45.133,CONFIRMED
M02,59937,2026-09-10 17:12:12.267243+00:00,2026-09-10 17:12:12.296188+00:00,2026-09-10 17:12:12.243190+00:00,2026-09-10 17:12:12.243947+00:00,2026-09-10 17:12:12.243327+00:00,2026-09-10 17:12:12.243957+00:00,2026-09-10 17:12:12.244309+00:00,,,,,0.13699999999999998,0.63,0.62,0.352,22.934,28.945,52.998000000000005,CONFIRMED
M02,59938,2026-09-10 17:12:12.317801+00:00,2026-09-10 17:12:12.348622+00:00,2026-09-10 17:12:12.295779+00:00,2026-09-10 17:12:12.296477+00:00,2026-09-10 17:12:12.295902+00:00,2026-09-10 17:12:12.296683+00:00,2026-09-10 17:12:12.297027+00:00,,,,,0.12300000000000001,0.781,0.575,0.34400000000000003,20.774,30.821,52.843,CONFIRMED
M02,59939,2026-09-10 17:12:12.370325+00:00,2026-09-10 17:12:12.398622+00:00,2026-09-10 17:12:12.349353+00:00,2026-09-10 17:12:12.349952+00:00,2026-09-10 17:12:12.349441+00:00,2026-09-10 17:12:12.349972+00:00,2026-09-10 17:12:12.350540+00:00,,,,,0.088,0.531,0.5109999999999999,0.5680000000000001,19.785,28.297,49.269,CONFIRMED
M02,59940,2026-09-10 17:12:12.419110+00:00,2026-09-10 17:12:12.446933+00:00,2026-09-10 17:12:12.402284+00:00,2026-09-10 17:12:12.403114+00:00,2026-09-10 17:12:12.402408+00:00,2026-09-10 17:12:12.403093+00:00,2026-09-10 17:12:12.403407+00:00,,,,,0.124,0.6849999999999999,0.7060000000000001,0.314,15.703000000000001,27.823,44.649,CONFIRMED
M02,59941,2026-09-10 17:12:12.475246+00:00,2026-09-10 17:12:12.507277+00:00,2026-09-10 17:12:12.455320+00:00,2026-09-10 17:12:12.455962+00:00,2026-09-10 17:12:12.455426+00:00,2026-09-10 17:12:12.456016+00:00,2026-09-10 17:12:12.456294+00:00,,,,,0.106,0.5900000000000001,0.536,0.27799999999999997,18.952,32.031,51.957,CONFIRMED
M02,59942,2026-09-10 17:12:12.532085+00:00,2026-09-10 17:12:12.557943+00:00,2026-09-10 17:12:12.508115+00:00,2026-09-10 17:12:12.508997+00:00,2026-09-10 17:12:12.508227+00:00,2026-09-10 17:12:12.508724+00:00,2026-09-10 17:12:12.509081+00:00,,,,,0.112,0.49700000000000005,0.7699999999999999,0.357,23.004,25.858,49.827999999999996,CONFIRMED
M02,59943,2026-09-10 17:12:12.577536+00:00,2026-09-10 17:12:12.604129+00:00,2026-09-10 17:12:12.560996+00:00,2026-09-10 17:12:12.561992+00:00,2026-09-10 17:12:12.561101+00:00,2026-09-10 17:12:12.562004+00:00,2026-09-10 17:12:12.562253+00:00,,,,,0.10500000000000001,0.903,0.891,0.24899999999999997,15.283,26.593,43.132999999999996,CONFIRMED
M02,59944,2026-09-10 17:12:12.634770+00:00,2026-09-10 17:12:12.678309+00:00,2026-09-10 17:12:12.614514+00:00,2026-09-10 17:12:12.616524+00:00,2026-09-10 17:12:12.614663+00:00,2026-09-10 17:12:12.615351+00:00,2026-09-10 17:12:12.615629+00:00,,,,,0.149,0.6880000000000001,1.861,0.27799999999999997,19.141,43.539,63.795,CONFIRMED
M02,59945,2026-09-10 17:12:12.706370+00:00,2026-09-10 17:12:12.733018+00:00,2026-09-10 17:12:12.668375+00:00,2026-09-10 17:12:12.669593+00:00,2026-09-10 17:12:12.668503+00:00,2026-09-10 17:12:12.683091+00:00,2026-09-10 17:12:12.684063+00:00,,,,,0.128,14.588000000000001,1.09,0.972,22.307000000000002,26.648000000000003,64.643,CONFIRMED
M02,59946,2026-09-10 17:12:12.752987+00:00,2026-09-10 17:12:12.780621+00:00,2026-09-10 17:12:12.722057+00:00,2026-09-10 17:12:12.723898+00:00,2026-09-10 17:12:12.722176+00:00,2026-09-10 17:12:12.733606+00:00,2026-09-10 17:12:12.733841+00:00,,,,,0.11900000000000001,11.43,1.722,0.235,19.146,27.634,58.564,CONFIRMED
M02,59947,2026-09-10 17:12:12.804755+00:00,2026-09-10 17:12:12.832724+00:00,2026-09-10 17:12:12.775425+00:00,2026-09-10 17:12:12.776242+00:00,2026-09-10 17:12:12.775603+00:00,2026-09-10 17:12:12.781163+00:00,2026-09-10 17:12:12.781506+00:00,,,,,0.178,5.56,0.639,0.34299999999999997,23.249,27.969,57.299,CONFIRMED
M02,59948,2026-09-10 17:12:12.848904+00:00,2026-09-10 17:12:12.877108+00:00,2026-09-10 17:12:12.830026+00:00,2026-09-10 17:12:12.830705+00:00,2026-09-10 17:12:12.830115+00:00,2026-09-10 17:12:12.833247+00:00,2026-09-10 17:12:12.833647+00:00,,,,,0.089,3.1319999999999997,0.5900000000000001,0.4,15.257,28.204,47.082,CONFIRMED
M02,59949,2026-09-10 17:12:12.901657+00:00,2026-09-10 17:12:12.928695+00:00,2026-09-10 17:12:12.882452+00:00,2026-09-10 17:12:12.883170+00:00,2026-09-10 17:12:12.882584+00:00,2026-09-10 17:12:12.883075+00:00,2026-09-10 17:12:12.883422+00:00,,,,,0.132,0.491,0.5860000000000001,0.347,18.235,27.038,46.243,CONFIRMED
M02,59950,2026-09-10 17:12:12.958492+00:00,2026-09-10 17:12:12.984004+00:00,2026-09-10 17:12:12.935398+00:00,2026-09-10 17:12:12.935977+00:00,2026-09-10 17:12:12.935515+00:00,2026-09-10 17:12:12.935975+00:00,2026-09-10 17:12:12.936336+00:00,,,,,0.11699999999999999,0.46,0.462,0.361,22.156,25.512,48.606,CONFIRMED
M02,59951,2026-09-10 17:12:13.008846+00:00,2026-09-10 17:12:13.036798+00:00,2026-09-10 17:12:12.988429+00:00,2026-09-10 17:12:12.989055+00:00,2026-09-10 17:12:12.988533+00:00,2026-09-10 17:12:12.989004+00:00,2026-09-10 17:12:12.989362+00:00,,,,,0.104,0.47100000000000003,0.522,0.358,19.484,27.952,48.369,CONFIRMED
M02,59952,2026-09-10 17:12:13.069029+00:00,2026-09-10 17:12:13.109659+00:00,2026-09-10 17:12:13.041224+00:00,2026-09-10 17:12:13.041913+00:00,2026-09-10 17:12:13.041337+00:00,2026-09-10 17:12:13.041948+00:00,2026-09-10 17:12:13.042369+00:00,,,,,0.11299999999999999,0.611,0.5760000000000001,0.421,26.66,40.63,68.435,CONFIRMED
M02,59953,2026-09-10 17:12:13.135549+00:00,2026-09-10 17:12:13.173328+00:00,2026-09-10 17:12:13.094343+00:00,2026-09-10 17:12:13.098327+00:00,2026-09-10 17:12:13.094535+00:00,2026-09-10 17:12:13.110358+00:00,2026-09-10 17:12:13.110892+00:00,,,,,0.192,15.823,3.792,0.5339999999999999,24.657,37.779,78.985,CONFIRMED
M02,59954,2026-09-10 17:12:13.203197+00:00,2026-09-10 17:12:13.230742+00:00,2026-09-10 17:12:13.155013+00:00,2026-09-10 17:12:13.156699+00:00,2026-09-10 17:12:13.155578+00:00,2026-09-10 17:12:13.173916+00:00,2026-09-10 17:12:13.174266+00:00,,,,,0.565,18.338,1.121,0.35,28.930999999999997,27.545,75.729,CONFIRMED
M02,59955,2026-09-10 17:12:13.248262+00:00,2026-09-10 17:12:13.275448+00:00,2026-09-10 17:12:13.208645+00:00,2026-09-10 17:12:13.209227+00:00,2026-09-10 17:12:13.208747+00:00,2026-09-10 17:12:13.231290+00:00,2026-09-10 17:12:13.231614+00:00,,,,,0.102,22.543,0.48000000000000004,0.324,16.648,27.186,66.803,CONFIRMED
M02,59956,2026-09-10 17:12:13.290803+00:00,2026-09-10 17:12:13.319922+00:00,2026-09-10 17:12:13.260901+00:00,2026-09-10 17:12:13.263746+00:00,2026-09-10 17:12:13.261062+00:00,2026-09-10 17:12:13.275831+00:00,2026-09-10 17:12:13.276097+00:00,,,,,0.161,14.768999999999998,2.684,0.266,14.706,29.119,59.020999999999994,CONFIRMED
M02,59957,2026-09-10 17:12:13.340801+00:00,2026-09-10 17:12:13.365946+00:00,2026-09-10 17:12:13.316799+00:00,2026-09-10 17:12:13.318149+00:00,2026-09-10 17:12:13.316977+00:00,2026-09-10 17:12:13.320536+00:00,2026-09-10 17:12:13.321041+00:00,,,,,0.178,3.559,1.1720000000000002,0.505,19.759999999999998,25.145,49.147000000000006,CONFIRMED
M02,59958,2026-09-10 17:12:13.393950+00:00,2026-09-10 17:12:13.420252+00:00,2026-09-10 17:12:13.370024+00:00,2026-09-10 17:12:13.370622+00:00,2026-09-10 17:12:13.370133+00:00,2026-09-10 17:12:13.370603+00:00,2026-09-10 17:12:13.371079+00:00,,,,,0.10900000000000001,0.47,0.48899999999999993,0.47600000000000003,22.871,26.302,50.228,CONFIRMED
M02,59959,2026-09-10 17:12:13.441092+00:00,2026-09-10 17:12:13.467958+00:00,2026-09-10 17:12:13.422348+00:00,2026-09-10 17:12:13.422915+00:00,2026-09-10 17:12:13.422436+00:00,2026-09-10 17:12:13.423068+00:00,2026-09-10 17:12:13.423393+00:00,,,,,0.088,0.632,0.479,0.325,17.698999999999998,26.866,45.61,CONFIRMED
M02,59960,2026-09-10 17:12:13.503339+00:00,2026-09-10 17:12:13.535724+00:00,2026-09-10 17:12:13.474719+00:00,2026-09-10 17:12:13.475486+00:00,2026-09-10 17:12:13.474822+00:00,2026-09-10 17:12:13.475476+00:00,2026-09-10 17:12:13.475941+00:00,,,,,0.103,0.6539999999999999,0.664,0.465,27.398,32.385,61.004999999999995,CONFIRMED
M02,59961,2026-09-10 17:12:13.558693+00:00,2026-09-10 17:12:13.584699+00:00,2026-09-10 17:12:13.527614+00:00,2026-09-10 17:12:13.528773+00:00,2026-09-10 17:12:13.527802+00:00,2026-09-10 17:12:13.536191+00:00,2026-09-10 17:12:13.536711+00:00,,,,,0.188,8.389000000000001,0.971,0.5199999999999999,21.982000000000003,26.006,57.084999999999994,CONFIRMED
M02,59962,2026-09-10 17:12:13.601329+00:00,2026-09-10 17:12:13.631466+00:00,2026-09-10 17:12:13.583854+00:00,2026-09-10 17:12:13.584637+00:00,2026-09-10 17:12:13.583944+00:00,2026-09-10 17:12:13.585055+00:00,2026-09-10 17:12:13.585296+00:00,,,,,0.09000000000000001,1.111,0.6930000000000001,0.241,16.032999999999998,30.137,47.612,CONFIRMED
M02,59963,2026-09-10 17:12:13.655778+00:00,2026-09-10 17:12:13.682315+00:00,2026-09-10 17:12:13.636337+00:00,2026-09-10 17:12:13.637031+00:00,2026-09-10 17:12:13.636473+00:00,2026-09-10 17:12:13.637117+00:00,2026-09-10 17:12:13.637832+00:00,,,,,0.136,0.644,0.558,0.7150000000000001,17.946,26.537000000000003,45.978,CONFIRMED
M02,59964,2026-09-10 17:12:13.707234+00:00,2026-09-10 17:12:13.735854+00:00,2026-09-10 17:12:13.688934+00:00,2026-09-10 17:12:13.690795+00:00,2026-09-10 17:12:13.689045+00:00,2026-09-10 17:12:13.689606+00:00,2026-09-10 17:12:13.690095+00:00,,,,,0.111,0.5609999999999999,1.75,0.48899999999999993,17.139000000000003,28.62,46.92,CONFIRMED
M02,59965,2026-09-10 17:12:13.762006+00:00,2026-09-10 17:12:13.787874+00:00,2026-09-10 17:12:13.744306+00:00,2026-09-10 17:12:13.744950+00:00,2026-09-10 17:12:13.744423+00:00,2026-09-10 17:12:13.744968+00:00,2026-09-10 17:12:13.745310+00:00,,,,,0.11699999999999999,0.545,0.527,0.342,16.695999999999998,25.868,43.568000000000005,CONFIRMED
M02,59966,2026-09-10 17:12:13.820988+00:00,2026-09-10 17:12:13.847100+00:00,2026-09-10 17:12:13.796871+00:00,2026-09-10 17:12:13.798530+00:00,2026-09-10 17:12:13.797032+00:00,2026-09-10 17:12:13.798004+00:00,2026-09-10 17:12:13.798344+00:00,,,,,0.161,0.972,1.498,0.34,22.644000000000002,26.112,50.229000000000006,CONFIRMED
M02,59967,2026-09-10 17:12:13.872849+00:00,2026-09-10 17:12:13.906609+00:00,2026-09-10 17:12:13.851658+00:00,2026-09-10 17:12:13.852863+00:00,2026-09-10 17:12:13.851821+00:00,2026-09-10 17:12:13.852382+00:00,2026-09-10 17:12:13.852800+00:00,,,,,0.163,0.5609999999999999,1.042,0.41800000000000004,20.049,33.76,54.951,CONFIRMED
M02,59968,2026-09-10 17:12:13.931553+00:00,2026-09-10 17:12:13.959836+00:00,2026-09-10 17:12:13.905273+00:00,2026-09-10 17:12:13.905962+00:00,2026-09-10 17:12:13.905359+00:00,2026-09-10 17:12:13.906984+00:00,2026-09-10 17:12:13.907225+00:00,,,,,0.08600000000000001,1.625,0.603,0.241,24.328,28.282999999999998,54.563,CONFIRMED
M02,59969,2026-09-10 17:12:13.983703+00:00,2026-09-10 17:12:14.011565+00:00,2026-09-10 17:12:13.964629+00:00,2026-09-10 17:12:13.965179+00:00,2026-09-10 17:12:13.964739+00:00,2026-09-10 17:12:13.965203+00:00,2026-09-10 17:12:13.965556+00:00,,,,,0.11,0.464,0.44,0.35300000000000004,18.147,27.862000000000002,46.936,CONFIRMED
M02,59970,2026-09-10 17:12:14.036216+00:00,2026-09-10 17:12:14.062613+00:00,2026-09-10 17:12:14.017314+00:00,2026-09-10 17:12:14.020932+00:00,2026-09-10 17:12:14.017428+00:00,2026-09-10 17:12:14.018128+00:00,2026-09-10 17:12:14.018414+00:00,,,,,0.114,0.7,3.504,0.28600000000000003,17.802,26.397000000000002,45.299,CONFIRMED
M02,59971,2026-09-10 17:12:14.090877+00:00,2026-09-10 17:12:14.118471+00:00,2026-09-10 17:12:14.072539+00:00,2026-09-10 17:12:14.073387+00:00,2026-09-10 17:12:14.072695+00:00,2026-09-10 17:12:14.073220+00:00,2026-09-10 17:12:14.073603+00:00,,,,,0.156,0.525,0.6920000000000001,0.383,17.274,27.594,45.932,CONFIRMED
M02,59972,2026-09-10 17:12:14.148479+00:00,2026-09-10 17:12:14.177528+00:00,2026-09-10 17:12:14.125467+00:00,2026-09-10 17:12:14.126551+00:00,2026-09-10 17:12:14.125584+00:00,2026-09-10 17:12:14.127482+00:00,2026-09-10 17:12:14.127927+00:00,,,,,0.11699999999999999,1.898,0.967,0.44499999999999995,20.552,29.049,52.061,CONFIRMED
M02,59973,2026-09-10 17:12:14.195631+00:00,2026-09-10 17:12:14.225107+00:00,2026-09-10 17:12:14.178391+00:00,2026-09-10 17:12:14.178999+00:00,2026-09-10 17:12:14.178484+00:00,2026-09-10 17:12:14.179009+00:00,2026-09-10 17:12:14.179348+00:00,,,,,0.093,0.525,0.515,0.339,16.282999999999998,29.476,46.716,CONFIRMED
M02,59974,2026-09-10 17:12:14.251119+00:00,2026-09-10 17:12:14.276166+00:00,2026-09-10 17:12:14.231276+00:00,2026-09-10 17:12:14.231893+00:00,2026-09-10 17:12:14.231386+00:00,2026-09-10 17:12:14.231884+00:00,2026-09-10 17:12:14.232257+00:00,,,,,0.11,0.49799999999999994,0.507,0.373,18.862000000000002,25.047,44.89,CONFIRMED
M02,59975,2026-09-10 17:12:14.304943+00:00,2026-09-10 17:12:14.334244+00:00,2026-09-10 17:12:14.283575+00:00,2026-09-10 17:12:14.284199+00:00,2026-09-10 17:12:14.283699+00:00,2026-09-10 17:12:14.284274+00:00,2026-09-10 17:12:14.284653+00:00,,,,,0.124,0.575,0.5,0.379,20.29,29.301000000000002,50.669,CONFIRMED
M02,59976,2026-09-10 17:12:14.359203+00:00,2026-09-10 17:12:14.385468+00:00,2026-09-10 17:12:14.336578+00:00,2026-09-10 17:12:14.337485+00:00,2026-09-10 17:12:14.336746+00:00,2026-09-10 17:12:14.337281+00:00,2026-09-10 17:12:14.337591+00:00,,,,,0.16799999999999998,0.535,0.739,0.31,21.612,26.265,48.89,CONFIRMED
M02,59977,2026-09-10 17:12:14.408593+00:00,2026-09-10 17:12:14.435210+00:00,2026-09-10 17:12:14.389001+00:00,2026-09-10 17:12:14.389898+00:00,2026-09-10 17:12:14.389109+00:00,2026-09-10 17:12:14.390033+00:00,2026-09-10 17:12:14.390616+00:00,,,,,0.108,0.924,0.789,0.583,17.977,26.616999999999997,46.209,CONFIRMED
M02,59978,2026-09-10 17:12:14.461000+00:00,2026-09-10 17:12:14.488013+00:00,2026-09-10 17:12:14.442227+00:00,2026-09-10 17:12:14.444992+00:00,2026-09-10 17:12:14.442339+00:00,2026-09-10 17:12:14.442916+00:00,2026-09-10 17:12:14.443375+00:00,,,,,0.112,0.5770000000000001,2.653,0.45899999999999996,17.625,27.012999999999998,45.786,CONFIRMED
M02,59979,2026-09-10 17:12:14.519652+00:00,2026-09-10 17:12:14.555489+00:00,2026-09-10 17:12:14.496616+00:00,2026-09-10 17:12:14.500254+00:00,2026-09-10 17:12:14.496734+00:00,2026-09-10 17:12:14.497221+00:00,2026-09-10 17:12:14.497553+00:00,,,,,0.118,0.48700000000000004,3.52,0.332,22.099,35.837,58.873000000000005,CONFIRMED
M02,59980,2026-09-10 17:12:14.573648+00:00,2026-09-10 17:12:14.600102+00:00,2026-09-10 17:12:14.552107+00:00,2026-09-10 17:12:14.553908+00:00,2026-09-10 17:12:14.552255+00:00,2026-09-10 17:12:14.556021+00:00,2026-09-10 17:12:14.556354+00:00,,,,,0.148,3.766,1.653,0.333,17.294,26.453999999999997,47.995000000000005,CONFIRMED
M02,59981,2026-09-10 17:12:14.623106+00:00,2026-09-10 17:12:14.648524+00:00,2026-09-10 17:12:14.605540+00:00,2026-09-10 17:12:14.607181+00:00,2026-09-10 17:12:14.605638+00:00,2026-09-10 17:12:14.607177+00:00,2026-09-10 17:12:14.607473+00:00,,,,,0.098,1.539,1.5430000000000001,0.296,15.633000000000001,25.418,42.984,CONFIRMED
M02,59982,2026-09-10 17:12:14.683623+00:00,2026-09-10 17:12:14.712094+00:00,2026-09-10 17:12:14.659768+00:00,2026-09-10 17:12:14.660687+00:00,2026-09-10 17:12:14.659969+00:00,2026-09-10 17:12:14.660612+00:00,2026-09-10 17:12:14.660989+00:00,,,,,0.201,0.643,0.718,0.377,22.634,28.471,52.326,CONFIRMED
M02,59983,2026-09-10 17:12:14.745188+00:00,2026-09-10 17:12:14.772144+00:00,2026-09-10 17:12:14.712700+00:00,2026-09-10 17:12:14.713624+00:00,2026-09-10 17:12:14.712816+00:00,2026-09-10 17:12:14.713277+00:00,2026-09-10 17:12:14.713671+00:00,,,,,0.116,0.46099999999999997,0.808,0.39399999999999996,31.517000000000003,26.956,59.443999999999996,CONFIRMED
M02,59984,2026-09-10 17:12:14.788248+00:00,2026-09-10 17:12:14.813796+00:00,2026-09-10 17:12:14.768938+00:00,2026-09-10 17:12:14.769955+00:00,2026-09-10 17:12:14.769080+00:00,2026-09-10 17:12:14.772543+00:00,2026-09-10 17:12:14.772859+00:00,,,,,0.14200000000000002,3.463,0.875,0.316,15.389,25.548000000000002,44.858000000000004,CONFIRMED
M02,59985,2026-09-10 17:12:14.839282+00:00,2026-09-10 17:12:14.866282+00:00,2026-09-10 17:12:14.822037+00:00,2026-09-10 17:12:14.822854+00:00,2026-09-10 17:12:14.822175+00:00,2026-09-10 17:12:14.824811+00:00,2026-09-10 17:12:14.825107+00:00,,,,,0.13799999999999998,2.6359999999999997,0.679,0.296,14.175,27.0,44.245,CONFIRMED
M02,59986,2026-09-10 17:12:14.895204+00:00,2026-09-10 17:12:14.924172+00:00,2026-09-10 17:12:14.874483+00:00,2026-09-10 17:12:14.875253+00:00,2026-09-10 17:12:14.874604+00:00,2026-09-10 17:12:14.875250+00:00,2026-09-10 17:12:14.875649+00:00,,,,,0.121,0.646,0.6489999999999999,0.399,19.555,28.968,49.689,CONFIRMED
M02,59987,2026-09-10 17:12:14.951852+00:00,2026-09-10 17:12:14.978524+00:00,2026-09-10 17:12:14.928608+00:00,2026-09-10 17:12:14.929176+00:00,2026-09-10 17:12:14.928697+00:00,2026-09-10 17:12:14.929324+00:00,2026-09-10 17:12:14.929712+00:00,,,,,0.089,0.627,0.479,0.388,22.14,26.672,49.916000000000004,CONFIRMED
M02,59988,2026-09-10 17:12:14.999661+00:00,2026-09-10 17:12:15.030236+00:00,2026-09-10 17:12:14.981394+00:00,2026-09-10 17:12:14.982409+00:00,2026-09-10 17:12:14.981510+00:00,2026-09-10 17:12:14.982274+00:00,2026-09-10 17:12:14.983054+00:00,,,,,0.116,0.764,0.8989999999999999,0.78,16.607,30.575000000000003,48.842000000000006,CONFIRMED
M02,59989,2026-09-10 17:12:15.056308+00:00,2026-09-10 17:12:15.089093+00:00,2026-09-10 17:12:15.035019+00:00,2026-09-10 17:12:15.036254+00:00,2026-09-10 17:12:15.035179+00:00,2026-09-10 17:12:15.035808+00:00,2026-09-10 17:12:15.036227+00:00,,,,,0.16,0.629,1.075,0.419,20.081000000000003,32.785000000000004,54.074,CONFIRMED
M02,59990,2026-09-10 17:12:15.108953+00:00,2026-09-10 17:12:15.138796+00:00,2026-09-10 17:12:15.088154+00:00,2026-09-10 17:12:15.088874+00:00,2026-09-10 17:12:15.088299+00:00,2026-09-10 17:12:15.089600+00:00,2026-09-10 17:12:15.089915+00:00,,,,,0.145,1.3010000000000002,0.575,0.315,19.038,29.843,50.642,CONFIRMED
M02,59991,2026-09-10 17:12:15.165249+00:00,2026-09-10 17:12:15.196219+00:00,2026-09-10 17:12:15.146453+00:00,2026-09-10 17:12:15.147406+00:00,2026-09-10 17:12:15.146564+00:00,2026-09-10 17:12:15.147312+00:00,2026-09-10 17:12:15.148243+00:00,,,,,0.111,0.748,0.842,0.9309999999999999,17.006,30.970000000000002,49.766,CONFIRMED
M02,59992,2026-09-10 17:12:15.216413+00:00,2026-09-10 17:12:15.243563+00:00,2026-09-10 17:12:15.200057+00:00,2026-09-10 17:12:15.200911+00:00,2026-09-10 17:12:15.200179+00:00,2026-09-10 17:12:15.200890+00:00,2026-09-10 17:12:15.201155+00:00,,,,,0.122,0.7110000000000001,0.732,0.265,15.258000000000001,27.150000000000002,43.506,CONFIRMED
M02,59993,2026-09-10 17:12:15.274221+00:00,2026-09-10 17:12:15.302464+00:00,2026-09-10 17:12:15.253762+00:00,2026-09-10 17:12:15.256821+00:00,2026-09-10 17:12:15.253910+00:00,2026-09-10 17:12:15.254527+00:00,2026-09-10 17:12:15.255084+00:00,,,,,0.148,0.617,2.911,0.5569999999999999,19.137,28.243000000000002,48.702000000000005,CONFIRMED
M02,59994,2026-09-10 17:12:15.331220+00:00,2026-09-10 17:12:15.359394+00:00,2026-09-10 17:12:15.313736+00:00,2026-09-10 17:12:15.314457+00:00,2026-09-10 17:12:15.313903+00:00,2026-09-10 17:12:15.314467+00:00,2026-09-10 17:12:15.314880+00:00,,,,,0.16699999999999998,0.5640000000000001,0.554,0.41300000000000003,16.34,28.174,45.657999999999994,CONFIRMED
M02,59995,2026-09-10 17:12:15.392399+00:00,2026-09-10 17:12:15.426834+00:00,2026-09-10 17:12:15.366417+00:00,2026-09-10 17:12:15.368174+00:00,2026-09-10 17:12:15.366543+00:00,2026-09-10 17:12:15.367841+00:00,2026-09-10 17:12:15.368165+00:00,,,,,0.126,1.2979999999999998,1.631,0.324,24.233999999999998,34.435,60.417,CONFIRMED
M02,59996,2026-09-10 17:12:15.448532+00:00,2026-09-10 17:12:15.477804+00:00,2026-09-10 17:12:15.421649+00:00,2026-09-10 17:12:15.422667+00:00,2026-09-10 17:12:15.421864+00:00,2026-09-10 17:12:15.427424+00:00,2026-09-10 17:12:15.427852+00:00,,,,,0.215,5.56,0.803,0.428,20.68,29.272,56.154999999999994,CONFIRMED
M02,59997,2026-09-10 17:12:15.496747+00:00,2026-09-10 17:12:15.527862+00:00,2026-09-10 17:12:15.475739+00:00,2026-09-10 17:12:15.476568+00:00,2026-09-10 17:12:15.475901+00:00,2026-09-10 17:12:15.478374+00:00,2026-09-10 17:12:15.478683+00:00,,,,,0.162,2.473,0.6669999999999999,0.309,18.064,31.115000000000002,52.123000000000005,CONFIRMED
M02,59998,2026-09-10 17:12:15.556064+00:00,2026-09-10 17:12:15.587103+00:00,2026-09-10 17:12:15.528754+00:00,2026-09-10 17:12:15.529968+00:00,2026-09-10 17:12:15.528968+00:00,2026-09-10 17:12:15.529655+00:00,2026-09-10 17:12:15.530036+00:00,,,,,0.214,0.687,1.0,0.381,26.028,31.039,58.349,CONFIRMED
M02,59999,2026-09-10 17:12:15.608250+00:00,2026-09-10 17:12:15.635339+00:00,2026-09-10 17:12:15.582765+00:00,2026-09-10 17:12:15.583956+00:00,2026-09-10 17:12:15.582970+00:00,2026-09-10 17:12:15.587548+00:00,2026-09-10 17:12:15.587873+00:00,,,,,0.205,4.577999999999999,0.9859999999999999,0.325,20.377,27.089,52.574000000000005,CONFIRMED
M02,60000,2026-09-10 17:12:15.656927+00:00,2026-09-10 17:12:15.684240+00:00,2026-09-10 17:12:15.635882+00:00,2026-09-10 17:12:15.636407+00:00,2026-09-10 17:12:15.635962+00:00,2026-09-10 17:12:15.636426+00:00,2026-09-10 17:12:15.636698+00:00,,,,,0.08,0.464,0.44499999999999995,0.272,20.229,27.313,48.358,CONFIRMED
M02,60001,2026-09-10 17:12:15.710392+00:00,2026-09-10 17:12:15.737378+00:00,2026-09-10 17:12:15.688069+00:00,2026-09-10 17:12:15.688784+00:00,2026-09-10 17:12:15.688175+00:00,2026-09-10 17:12:15.688801+00:00,2026-09-10 17:12:15.689129+00:00,,,,,0.106,0.626,0.609,0.328,21.263,26.986,49.309,CONFIRMED
M02,60002,2026-09-10 17:12:15.761920+00:00,2026-09-10 17:12:15.790443+00:00,2026-09-10 17:12:15.741349+00:00,2026-09-10 17:12:15.741933+00:00,2026-09-10 17:12:15.741454+00:00,2026-09-10 17:12:15.742289+00:00,2026-09-10 17:12:15.742795+00:00,,,,,0.10500000000000001,0.8350000000000001,0.479,0.506,19.125,28.523,49.094,CONFIRMED
M02,60003,2026-09-10 17:12:15.811508+00:00,2026-09-10 17:12:15.838159+00:00,2026-09-10 17:12:15.793991+00:00,2026-09-10 17:12:15.794943+00:00,2026-09-10 17:12:15.794107+00:00,2026-09-10 17:12:15.794840+00:00,2026-09-10 17:12:15.795184+00:00,,,,,0.116,0.733,0.8360000000000001,0.34400000000000003,16.324,26.651,44.168,CONFIRMED
M02,60004,2026-09-10 17:12:15.868785+00:00,2026-09-10 17:12:15.898597+00:00,2026-09-10 17:12:15.846333+00:00,2026-09-10 17:12:15.849016+00:00,2026-09-10 17:12:15.846452+00:00,2026-09-10 17:12:15.846934+00:00,2026-09-10 17:12:15.847393+00:00,,,,,0.11900000000000001,0.482,2.564,0.45899999999999996,21.392000000000003,29.812,52.263999999999996,CONFIRMED
M02,60005,2026-09-10 17:12:15.924777+00:00,2026-09-10 17:12:15.953231+00:00,2026-09-10 17:12:15.901438+00:00,2026-09-10 17:12:15.902190+00:00,2026-09-10 17:12:15.901540+00:00,2026-09-10 17:12:15.902195+00:00,2026-09-10 17:12:15.902551+00:00,,,,,0.102,0.655,0.65,0.356,22.226,28.454,51.793,CONFIRMED
M02,60006,2026-09-10 17:12:15.984882+00:00,2026-09-10 17:12:16.011970+00:00,2026-09-10 17:12:15.954373+00:00,2026-09-10 17:12:15.954952+00:00,2026-09-10 17:12:15.954457+00:00,2026-09-10 17:12:15.954952+00:00,2026-09-10 17:12:15.955321+00:00,,,,,0.08399999999999999,0.495,0.495,0.36900000000000005,29.561,27.088,57.597,CONFIRMED
M02,60007,2026-09-10 17:12:16.029821+00:00,2026-09-10 17:12:16.058335+00:00,2026-09-10 17:12:16.007425+00:00,2026-09-10 17:12:16.009037+00:00,2026-09-10 17:12:16.007601+00:00,2026-09-10 17:12:16.012451+00:00,2026-09-10 17:12:16.012841+00:00,,,,,0.176,4.8500000000000005,1.436,0.39,16.979999999999997,28.514000000000003,50.91,CONFIRMED
M02,60008,2026-09-10 17:12:16.080226+00:00,2026-09-10 17:12:16.106583+00:00,2026-09-10 17:12:16.061291+00:00,2026-09-10 17:12:16.062340+00:00,2026-09-10 17:12:16.061408+00:00,2026-09-10 17:12:16.062251+00:00,2026-09-10 17:12:16.062700+00:00,,,,,0.11699999999999999,0.843,0.9319999999999999,0.449,17.526,26.357,45.292,CONFIRMED
M02,60009,2026-09-10 17:12:16.133663+00:00,2026-09-10 17:12:16.164873+00:00,2026-09-10 17:12:16.114289+00:00,2026-09-10 17:12:16.114929+00:00,2026-09-10 17:12:16.114420+00:00,2026-09-10 17:12:16.117215+00:00,2026-09-10 17:12:16.117587+00:00,,,,,0.131,2.7950000000000004,0.509,0.372,16.076,31.21,50.583999999999996,CONFIRMED
M02,60010,2026-09-10 17:12:16.185007+00:00,2026-09-10 17:12:16.217283+00:00,2026-09-10 17:12:16.166623+00:00,2026-09-10 17:12:16.167589+00:00,2026-09-10 17:12:16.166737+00:00,2026-09-10 17:12:16.167531+00:00,2026-09-10 17:12:16.167882+00:00,,,,,0.114,0.794,0.852,0.35100000000000003,17.125,32.275999999999996,50.66,CONFIRMED
M02,60011,2026-09-10 17:12:16.242292+00:00,2026-09-10 17:12:16.270223+00:00,2026-09-10 17:12:16.219759+00:00,2026-09-10 17:12:16.220435+00:00,2026-09-10 17:12:16.219874+00:00,2026-09-10 17:12:16.220962+00:00,2026-09-10 17:12:16.221845+00:00,,,,,0.115,1.088,0.5609999999999999,0.883,20.447,27.931,50.464,CONFIRMED
M02,60012,2026-09-10 17:12:16.296717+00:00,2026-09-10 17:12:16.326366+00:00,2026-09-10 17:12:16.272196+00:00,2026-09-10 17:12:16.273537+00:00,2026-09-10 17:12:16.272343+00:00,2026-09-10 17:12:16.273385+00:00,2026-09-10 17:12:16.273759+00:00,,,,,0.147,1.042,1.194,0.374,22.958,29.648999999999997,54.17,CONFIRMED
M02,60013,2026-09-10 17:12:16.351046+00:00,2026-09-10 17:12:16.382842+00:00,2026-09-10 17:12:16.326198+00:00,2026-09-10 17:12:16.326810+00:00,2026-09-10 17:12:16.326317+00:00,2026-09-10 17:12:16.327413+00:00,2026-09-10 17:12:16.327740+00:00,,,,,0.11900000000000001,1.0959999999999999,0.49299999999999994,0.32699999999999996,23.306,31.796,56.644,CONFIRMED
M02,60014,2026-09-10 17:12:16.399046+00:00,2026-09-10 17:12:16.426333+00:00,2026-09-10 17:12:16.379422+00:00,2026-09-10 17:12:16.380069+00:00,2026-09-10 17:12:16.379555+00:00,2026-09-10 17:12:16.383311+00:00,2026-09-10 17:12:16.383613+00:00,,,,,0.133,3.756,0.514,0.30200000000000005,15.433,27.287,46.911,CONFIRMED
M02,60015,2026-09-10 17:12:16.454626+00:00,2026-09-10 17:12:16.481218+00:00,2026-09-10 17:12:16.432042+00:00,2026-09-10 17:12:16.432658+00:00,2026-09-10 17:12:16.432151+00:00,2026-09-10 17:12:16.432709+00:00,2026-09-10 17:12:16.433075+00:00,,,,,0.10900000000000001,0.558,0.507,0.366,21.551000000000002,26.592000000000002,49.175999999999995,CONFIRMED
M02,60016,2026-09-10 17:12:16.511151+00:00,2026-09-10 17:12:16.539695+00:00,2026-09-10 17:12:16.486371+00:00,2026-09-10 17:12:16.486970+00:00,2026-09-10 17:12:16.486490+00:00,2026-09-10 17:12:16.486922+00:00,2026-09-10 17:12:16.487275+00:00,,,,,0.11900000000000001,0.432,0.48000000000000004,0.35300000000000004,23.876,28.544,53.324000000000005,CONFIRMED
M02,60017,2026-09-10 17:12:16.565651+00:00,2026-09-10 17:12:16.593074+00:00,2026-09-10 17:12:16.539265+00:00,2026-09-10 17:12:16.540059+00:00,2026-09-10 17:12:16.539476+00:00,2026-09-10 17:12:16.540242+00:00,2026-09-10 17:12:16.540823+00:00,,,,,0.211,0.766,0.583,0.5810000000000001,24.828,27.423,53.809000000000005,CONFIRMED
M02,60018,2026-09-10 17:12:16.611925+00:00,2026-09-10 17:12:16.637685+00:00,2026-09-10 17:12:16.592012+00:00,2026-09-10 17:12:16.592568+00:00,2026-09-10 17:12:16.592101+00:00,2026-09-10 17:12:16.593510+00:00,2026-09-10 17:12:16.594153+00:00,,,,,0.089,1.409,0.467,0.643,17.772,25.76,45.673,CONFIRMED
M02,60019,2026-09-10 17:12:16.665255+00:00,2026-09-10 17:12:16.691489+00:00,2026-09-10 17:12:16.644856+00:00,2026-09-10 17:12:16.645690+00:00,2026-09-10 17:12:16.644996+00:00,2026-09-10 17:12:16.645636+00:00,2026-09-10 17:12:16.645932+00:00,,,,,0.13999999999999999,0.64,0.694,0.296,19.323,26.234,46.633,CONFIRMED
M02,60020,2026-09-10 17:12:16.725034+00:00,2026-09-10 17:12:16.751704+00:00,2026-09-10 17:12:16.699080+00:00,2026-09-10 17:12:16.699870+00:00,2026-09-10 17:12:16.699207+00:00,2026-09-10 17:12:16.699841+00:00,2026-09-10 17:12:16.700156+00:00,,,,,0.127,0.634,0.6629999999999999,0.315,24.878,26.669999999999998,52.623999999999995,CONFIRMED
M02,60021,2026-09-10 17:12:16.778380+00:00,2026-09-10 17:12:16.806269+00:00,2026-09-10 17:12:16.756047+00:00,2026-09-10 17:12:16.756736+00:00,2026-09-10 17:12:16.756149+00:00,2026-09-10 17:12:16.756704+00:00,2026-09-10 17:12:16.757135+00:00,,,,,0.102,0.555,0.587,0.431,21.245,27.889,50.222,CONFIRMED
M02,60022,2026-09-10 17:12:16.830505+00:00,2026-09-10 17:12:16.857726+00:00,2026-09-10 17:12:16.809981+00:00,2026-09-10 17:12:16.811004+00:00,2026-09-10 17:12:16.810116+00:00,2026-09-10 17:12:16.811015+00:00,2026-09-10 17:12:16.811371+00:00,,,,,0.135,0.8989999999999999,0.888,0.356,19.134,27.221,47.745000000000005,CONFIRMED
M02,60023,2026-09-10 17:12:16.888187+00:00,2026-09-10 17:12:16.923879+00:00,2026-09-10 17:12:16.863714+00:00,2026-09-10 17:12:16.866021+00:00,2026-09-10 17:12:16.863830+00:00,2026-09-10 17:12:16.864625+00:00,2026-09-10 17:12:16.864992+00:00,,,,,0.116,0.795,2.191,0.367,23.195,35.692,60.165000000000006,CONFIRMED
M02,60024,2026-09-10 17:12:16.942422+00:00,2026-09-10 17:12:16.968189+00:00,2026-09-10 17:12:16.917841+00:00,2026-09-10 17:12:16.918708+00:00,2026-09-10 17:12:16.918000+00:00,2026-09-10 17:12:16.924269+00:00,2026-09-10 17:12:16.924557+00:00,,,,,0.159,6.269,0.708,0.28800000000000003,17.865,25.767000000000003,50.348,CONFIRMED
M02,60025,2026-09-10 17:12:16.993380+00:00,2026-09-10 17:12:17.019430+00:00,2026-09-10 17:12:16.973041+00:00,2026-09-10 17:12:16.973797+00:00,2026-09-10 17:12:16.973138+00:00,2026-09-10 17:12:16.973722+00:00,2026-09-10 17:12:16.974064+00:00,,,,,0.097,0.584,0.6589999999999999,0.342,19.316,26.05,46.389,CONFIRMED
M02,60026,2026-09-10 17:12:17.053568+00:00,2026-09-10 17:12:17.080136+00:00,2026-09-10 17:12:17.027246+00:00,2026-09-10 17:12:17.028115+00:00,2026-09-10 17:12:17.027378+00:00,2026-09-10 17:12:17.030114+00:00,2026-09-10 17:12:17.030456+00:00,,,,,0.132,2.736,0.737,0.342,23.112000000000002,26.568,52.89,CONFIRMED
M02,60027,2026-09-10 17:12:17.098297+00:00,2026-09-10 17:12:17.125663+00:00,2026-09-10 17:12:17.080085+00:00,2026-09-10 17:12:17.080683+00:00,2026-09-10 17:12:17.080205+00:00,2026-09-10 17:12:17.080689+00:00,2026-09-10 17:12:17.081055+00:00,,,,,0.12000000000000001,0.484,0.47800000000000004,0.366,17.242,27.366,45.578,CONFIRMED
M02,60028,2026-09-10 17:12:17.152497+00:00,2026-09-10 17:12:17.181099+00:00,2026-09-10 17:12:17.133789+00:00,2026-09-10 17:12:17.134458+00:00,2026-09-10 17:12:17.133943+00:00,2026-09-10 17:12:17.134902+00:00,2026-09-10 17:12:17.135182+00:00,,,,,0.154,0.959,0.515,0.27999999999999997,17.315,28.602,47.309999999999995,CONFIRMED
M02,60029,2026-09-10 17:12:17.222092+00:00,2026-09-10 17:12:17.260095+00:00,2026-09-10 17:12:17.195676+00:00,2026-09-10 17:12:17.197252+00:00,2026-09-10 17:12:17.195857+00:00,2026-09-10 17:12:17.196484+00:00,2026-09-10 17:12:17.196848+00:00,,,,,0.18100000000000002,0.627,1.395,0.364,25.244,38.003,64.41900000000001,CONFIRMED
M02,60030,2026-09-10 17:12:17.279075+00:00,2026-09-10 17:12:17.308244+00:00,2026-09-10 17:12:17.250143+00:00,2026-09-10 17:12:17.253206+00:00,2026-09-10 17:12:17.250338+00:00,2026-09-10 17:12:17.260641+00:00,2026-09-10 17:12:17.260995+00:00,,,,,0.195,10.302999999999999,2.868,0.354,18.08,29.169,58.101,CONFIRMED
M02,60031,2026-09-10 17:12:17.333858+00:00,2026-09-10 17:12:17.362536+00:00,2026-09-10 17:12:17.305654+00:00,2026-09-10 17:12:17.306644+00:00,2026-09-10 17:12:17.305827+00:00,2026-09-10 17:12:17.308759+00:00,2026-09-10 17:12:17.309156+00:00,,,,,0.17300000000000001,2.932,0.8170000000000001,0.397,24.702,28.677999999999997,56.882000000000005,CONFIRMED
M02,60032,2026-09-10 17:12:17.380079+00:00,2026-09-10 17:12:17.413166+00:00,2026-09-10 17:12:17.358458+00:00,2026-09-10 17:12:17.359161+00:00,2026-09-10 17:12:17.358621+00:00,2026-09-10 17:12:17.362906+00:00,2026-09-10 17:12:17.363159+00:00,,,,,0.163,4.285,0.54,0.253,16.92,33.086999999999996,54.708,CONFIRMED
M02,60033,2026-09-10 17:12:17.434553+00:00,2026-09-10 17:12:17.464593+00:00,2026-09-10 17:12:17.410797+00:00,2026-09-10 17:12:17.411920+00:00,2026-09-10 17:12:17.410917+00:00,2026-09-10 17:12:17.413589+00:00,2026-09-10 17:12:17.414040+00:00,,,,,0.12000000000000001,2.6719999999999997,1.003,0.451,20.513,30.04,53.796,CONFIRMED
M02,60034,2026-09-10 17:12:17.481974+00:00,2026-09-10 17:12:17.509842+00:00,2026-09-10 17:12:17.464042+00:00,2026-09-10 17:12:17.464966+00:00,2026-09-10 17:12:17.464161+00:00,2026-09-10 17:12:17.465185+00:00,2026-09-10 17:12:17.465552+00:00,,,,,0.11900000000000001,1.024,0.805,0.367,16.422,27.868000000000002,45.8,CONFIRMED
M02,60035,2026-09-10 17:12:17.543667+00:00,2026-09-10 17:12:17.576762+00:00,2026-09-10 17:12:17.516749+00:00,2026-09-10 17:12:17.517992+00:00,2026-09-10 17:12:17.516883+00:00,2026-09-10 17:12:17.517716+00:00,2026-09-10 17:12:17.518159+00:00,,,,,0.134,0.833,1.109,0.443,25.508,33.095,60.013,CONFIRMED
M02,60036,2026-09-10 17:12:17.603767+00:00,2026-09-10 17:12:17.632326+00:00,2026-09-10 17:12:17.573356+00:00,2026-09-10 17:12:17.575043+00:00,2026-09-10 17:12:17.573496+00:00,2026-09-10 17:12:17.577309+00:00,2026-09-10 17:12:17.577709+00:00,,,,,0.13999999999999999,3.813,1.547,0.4,26.058,28.559,58.97,CONFIRMED
M02,60037,2026-09-10 17:12:17.648817+00:00,2026-09-10 17:12:17.675559+00:00,2026-09-10 17:12:17.628491+00:00,2026-09-10 17:12:17.629193+00:00,2026-09-10 17:12:17.628681+00:00,2026-09-10 17:12:17.632752+00:00,2026-09-10 17:12:17.633014+00:00,,,,,0.19,4.071,0.512,0.262,15.803,26.741999999999997,47.068,CONFIRMED
M02,60038,2026-09-10 17:12:17.702053+00:00,2026-09-10 17:12:17.732389+00:00,2026-09-10 17:12:17.681522+00:00,2026-09-10 17:12:17.682256+00:00,2026-09-10 17:12:17.681617+00:00,2026-09-10 17:12:17.682280+00:00,2026-09-10 17:12:17.682578+00:00,,,,,0.095,0.6629999999999999,0.639,0.298,19.474999999999998,30.336,50.867000000000004,CONFIRMED
M02,60039,2026-09-10 17:12:17.756644+00:00,2026-09-10 17:12:17.792056+00:00,2026-09-10 17:12:17.735610+00:00,2026-09-10 17:12:17.736400+00:00,2026-09-10 17:12:17.735779+00:00,2026-09-10 17:12:17.736324+00:00,2026-09-10 17:12:17.736710+00:00,,,,,0.16899999999999998,0.545,0.621,0.386,19.934,35.412,56.446000000000005,CONFIRMED
M02,60040,2026-09-10 17:12:17.817249+00:00,2026-09-10 17:12:17.846427+00:00,2026-09-10 17:12:17.789166+00:00,2026-09-10 17:12:17.790053+00:00,2026-09-10 17:12:17.789282+00:00,2026-09-10 17:12:17.792676+00:00,2026-09-10 17:12:17.793071+00:00,,,,,0.116,3.3939999999999997,0.771,0.395,24.178,29.178,57.261,CONFIRMED
M02,60041,2026-09-10 17:12:17.863168+00:00,2026-09-10 17:12:17.892231+00:00,2026-09-10 17:12:17.842342+00:00,2026-09-10 17:12:17.843082+00:00,2026-09-10 17:12:17.842498+00:00,2026-09-10 17:12:17.846801+00:00,2026-09-10 17:12:17.847074+00:00,,,,,0.156,4.303000000000001,0.584,0.273,16.094,29.063,49.889,CONFIRMED
M02,60042,2026-09-10 17:12:17.914848+00:00,2026-09-10 17:12:17.947535+00:00,2026-09-10 17:12:17.895596+00:00,2026-09-10 17:12:17.896841+00:00,2026-09-10 17:12:17.895743+00:00,2026-09-10 17:12:17.896548+00:00,2026-09-10 17:12:17.897042+00:00,,,,,0.147,0.805,1.098,0.494,17.805999999999997,32.687,51.939,CONFIRMED
M02,60043,2026-09-10 17:12:17.973933+00:00,2026-09-10 17:12:18.009811+00:00,2026-09-10 17:12:17.949135+00:00,2026-09-10 17:12:17.950149+00:00,2026-09-10 17:12:17.949246+00:00,2026-09-10 17:12:17.950111+00:00,2026-09-10 17:12:17.950624+00:00,,,,,0.111,0.865,0.903,0.513,23.309,35.878,60.676,CONFIRMED
M02,60044,2026-09-10 17:12:18.027679+00:00,2026-09-10 17:12:18.053815+00:00,2026-09-10 17:12:18.002669+00:00,2026-09-10 17:12:18.003565+00:00,2026-09-10 17:12:18.002856+00:00,2026-09-10 17:12:18.010313+00:00,2026-09-10 17:12:18.010608+00:00,,,,,0.187,7.457,0.709,0.29500000000000004,17.070999999999998,26.136,51.145999999999994,CONFIRMED
M02,60045,2026-09-10 17:12:18.076050+00:00,2026-09-10 17:12:18.102689+00:00,2026-09-10 17:12:18.055226+00:00,2026-09-10 17:12:18.055819+00:00,2026-09-10 17:12:18.055310+00:00,2026-09-10 17:12:18.055787+00:00,2026-09-10 17:12:18.056033+00:00,,,,,0.08399999999999999,0.477,0.509,0.24600000000000002,20.017,26.639,47.463,CONFIRMED
M02,60046,2026-09-10 17:12:18.128418+00:00,2026-09-10 17:12:18.154516+00:00,2026-09-10 17:12:18.107777+00:00,2026-09-10 17:12:18.109126+00:00,2026-09-10 17:12:18.107875+00:00,2026-09-10 17:12:18.109399+00:00,2026-09-10 17:12:18.109755+00:00,,,,,0.098,1.524,1.251,0.356,18.663,26.098,46.739000000000004,CONFIRMED
M02,60047,2026-09-10 17:12:18.180896+00:00,2026-09-10 17:12:18.208797+00:00,2026-09-10 17:12:18.161673+00:00,2026-09-10 17:12:18.163676+00:00,2026-09-10 17:12:18.161828+00:00,2026-09-10 17:12:18.163641+00:00,2026-09-10 17:12:18.164027+00:00,,,,,0.155,1.813,1.848,0.386,16.869,27.901,47.124,CONFIRMED
M02,60048,2026-09-10 17:12:18.235740+00:00,2026-09-10 17:12:18.261283+00:00,2026-09-10 17:12:18.216984+00:00,2026-09-10 17:12:18.217574+00:00,2026-09-10 17:12:18.217090+00:00,2026-09-10 17:12:18.217579+00:00,2026-09-10 17:12:18.217915+00:00,,,,,0.106,0.48899999999999993,0.484,0.33599999999999997,17.825,25.543,44.299,CONFIRMED
M02,60049,2026-09-10 17:12:18.292659+00:00,2026-09-10 17:12:18.318726+00:00,2026-09-10 17:12:18.269266+00:00,2026-09-10 17:12:18.270279+00:00,2026-09-10 17:12:18.269394+00:00,2026-09-10 17:12:18.270364+00:00,2026-09-10 17:12:18.270752+00:00,,,,,0.128,0.9700000000000001,0.885,0.388,21.907,26.067,49.459999999999994,CONFIRMED
M02,60050,2026-09-10 17:12:18.344340+00:00,2026-09-10 17:12:18.372697+00:00,2026-09-10 17:12:18.321887+00:00,2026-09-10 17:12:18.322721+00:00,2026-09-10 17:12:18.321968+00:00,2026-09-10 17:12:18.322701+00:00,2026-09-10 17:12:18.322986+00:00,,,,,0.081,0.733,0.753,0.285,21.354000000000003,28.357,50.81,CONFIRMED
M02,60051,2026-09-10 17:12:18.397417+00:00,2026-09-10 17:12:18.424333+00:00,2026-09-10 17:12:18.377631+00:00,2026-09-10 17:12:18.378297+00:00,2026-09-10 17:12:18.377715+00:00,2026-09-10 17:12:18.378342+00:00,2026-09-10 17:12:18.378688+00:00,,,,,0.08399999999999999,0.627,0.5820000000000001,0.34600000000000003,18.729,26.916,46.702,CONFIRMED
M02,60052,2026-09-10 17:12:18.448913+00:00,2026-09-10 17:12:18.475650+00:00,2026-09-10 17:12:18.431020+00:00,2026-09-10 17:12:18.431771+00:00,2026-09-10 17:12:18.431129+00:00,2026-09-10 17:12:18.431666+00:00,2026-09-10 17:12:18.432098+00:00,,,,,0.10900000000000001,0.537,0.642,0.432,16.815,26.737000000000002,44.63,CONFIRMED
M02,60053,2026-09-10 17:12:18.506575+00:00,2026-09-10 17:12:18.536221+00:00,2026-09-10 17:12:18.483651+00:00,2026-09-10 17:12:18.484460+00:00,2026-09-10 17:12:18.483796+00:00,2026-09-10 17:12:18.487061+00:00,2026-09-10 17:12:18.487474+00:00,,,,,0.145,3.265,0.664,0.41300000000000003,19.101,29.645999999999997,52.57,CONFIRMED
M02,60054,2026-09-10 17:12:18.554959+00:00,2026-09-10 17:12:18.590827+00:00,2026-09-10 17:12:18.535945+00:00,2026-09-10 17:12:18.536636+00:00,2026-09-10 17:12:18.536058+00:00,2026-09-10 17:12:18.536801+00:00,2026-09-10 17:12:18.537179+00:00,,,,,0.11299999999999999,0.743,0.578,0.378,17.78,35.867999999999995,54.882,CONFIRMED
M02,60055,2026-09-10 17:12:18.609946+00:00,2026-09-10 17:12:18.638240+00:00,2026-09-10 17:12:18.588645+00:00,2026-09-10 17:12:18.589186+00:00,2026-09-10 17:12:18.588755+00:00,2026-09-10 17:12:18.591253+00:00,2026-09-10 17:12:18.591544+00:00,,,,,0.11,2.4979999999999998,0.431,0.29100000000000004,18.402,28.294,49.595,CONFIRMED
M02,60056,2026-09-10 17:12:18.658588+00:00,2026-09-10 17:12:18.686452+00:00,2026-09-10 17:12:18.642360+00:00,2026-09-10 17:12:18.643995+00:00,2026-09-10 17:12:18.642486+00:00,2026-09-10 17:12:18.643041+00:00,2026-09-10 17:12:18.643288+00:00,,,,,0.126,0.555,1.509,0.247,15.299999999999999,27.864,44.092,CONFIRMED
M02,60057,2026-09-10 17:12:18.713949+00:00,2026-09-10 17:12:18.741007+00:00,2026-09-10 17:12:18.696993+00:00,2026-09-10 17:12:18.697702+00:00,2026-09-10 17:12:18.697152+00:00,2026-09-10 17:12:18.697784+00:00,2026-09-10 17:12:18.698123+00:00,,,,,0.159,0.632,0.55,0.339,15.826,27.058,44.013999999999996,CONFIRMED
M02,60058,2026-09-10 17:12:18.766238+00:00,2026-09-10 17:12:18.793295+00:00,2026-09-10 17:12:18.749442+00:00,2026-09-10 17:12:18.750063+00:00,2026-09-10 17:12:18.749548+00:00,2026-09-10 17:12:18.750061+00:00,2026-09-10 17:12:18.750359+00:00,,,,,0.106,0.513,0.515,0.298,15.879000000000001,27.057000000000002,43.853,CONFIRMED
M02,60059,2026-09-10 17:12:18.824242+00:00,2026-09-10 17:12:18.853288+00:00,2026-09-10 17:12:18.803256+00:00,2026-09-10 17:12:18.803965+00:00,2026-09-10 17:12:18.803376+00:00,2026-09-10 17:12:18.803903+00:00,2026-09-10 17:12:18.806862+00:00,,,,,0.12000000000000001,0.527,0.589,2.9589999999999996,17.38,29.046,50.032000000000004,CONFIRMED
M02,60060,2026-09-10 17:12:18.878240+00:00,2026-09-10 17:12:18.905442+00:00,2026-09-10 17:12:18.856325+00:00,2026-09-10 17:12:18.857272+00:00,2026-09-10 17:12:18.856456+00:00,2026-09-10 17:12:18.857019+00:00,2026-09-10 17:12:18.857361+00:00,,,,,0.131,0.5630000000000001,0.816,0.342,20.879,27.202,49.117000000000004,CONFIRMED
M02,60061,2026-09-10 17:12:18.931947+00:00,2026-09-10 17:12:18.959005+00:00,2026-09-10 17:12:18.909386+00:00,2026-09-10 17:12:18.910174+00:00,2026-09-10 17:12:18.909536+00:00,2026-09-10 17:12:18.910169+00:00,2026-09-10 17:12:18.910481+00:00,,,,,0.15,0.633,0.638,0.312,21.465999999999998,27.058,49.61900000000001,CONFIRMED
M02,60062,2026-09-10 17:12:18.987552+00:00,2026-09-10 17:12:19.027046+00:00,2026-09-10 17:12:18.963450+00:00,2026-09-10 17:12:18.964133+00:00,2026-09-10 17:12:18.963582+00:00,2026-09-10 17:12:18.964143+00:00,2026-09-10 17:12:18.964483+00:00,,,,,0.132,0.5609999999999999,0.5509999999999999,0.34,23.069,39.494,63.596,CONFIRMED
M02,60063,2026-09-10 17:12:19.046306+00:00,2026-09-10 17:12:19.072098+00:00,2026-09-10 17:12:19.018640+00:00,2026-09-10 17:12:19.020384+00:00,2026-09-10 17:12:19.018797+00:00,2026-09-10 17:12:19.027644+00:00,2026-09-10 17:12:19.027939+00:00,,,,,0.157,8.847000000000001,1.5870000000000002,0.29500000000000004,18.367,25.791999999999998,53.458,CONFIRMED
M02,60064,2026-09-10 17:12:19.090992+00:00,2026-09-10 17:12:19.120993+00:00,2026-09-10 17:12:19.072597+00:00,2026-09-10 17:12:19.073199+00:00,2026-09-10 17:12:19.072678+00:00,2026-09-10 17:12:19.073157+00:00,2026-09-10 17:12:19.073563+00:00,,,,,0.081,0.479,0.521,0.406,17.429,30.001,48.396,CONFIRMED
M02,60065,2026-09-10 17:12:19.145836+00:00,2026-09-10 17:12:19.173770+00:00,2026-09-10 17:12:19.126009+00:00,2026-09-10 17:12:19.126562+00:00,2026-09-10 17:12:19.126100+00:00,2026-09-10 17:12:19.126573+00:00,2026-09-10 17:12:19.126918+00:00,,,,,0.091,0.47300000000000003,0.462,0.345,18.918,27.934,47.760999999999996,CONFIRMED
M02,60066,2026-09-10 17:12:19.201899+00:00,2026-09-10 17:12:19.232258+00:00,2026-09-10 17:12:19.178549+00:00,2026-09-10 17:12:19.179932+00:00,2026-09-10 17:12:19.178681+00:00,2026-09-10 17:12:19.179234+00:00,2026-09-10 17:12:19.179597+00:00,,,,,0.132,0.553,1.251,0.363,22.302,30.359,53.709,CONFIRMED
M02,60067,2026-09-10 17:12:19.252367+00:00,2026-09-10 17:12:19.286679+00:00,2026-09-10 17:12:19.232642+00:00,2026-09-10 17:12:19.233748+00:00,2026-09-10 17:12:19.232747+00:00,2026-09-10 17:12:19.233785+00:00,2026-09-10 17:12:19.234120+00:00,,,,,0.10500000000000001,1.038,1.001,0.335,18.247,34.312000000000005,54.037,CONFIRMED
M02,60068,2026-09-10 17:12:19.313489+00:00,2026-09-10 17:12:19.349420+00:00,2026-09-10 17:12:19.285765+00:00,2026-09-10 17:12:19.287774+00:00,2026-09-10 17:12:19.286000+00:00,2026-09-10 17:12:19.287231+00:00,2026-09-10 17:12:19.287616+00:00,,,,,0.235,1.231,1.774,0.38499999999999995,25.873,35.931,63.655,CONFIRMED
M02,60069,2026-09-10 17:12:19.367874+00:00,2026-09-10 17:12:19.413476+00:00,2026-09-10 17:12:19.341020+00:00,2026-09-10 17:12:19.342295+00:00,2026-09-10 17:12:19.341212+00:00,2026-09-10 17:12:19.349867+00:00,2026-09-10 17:12:19.350121+00:00,,,,,0.192,8.655,1.083,0.254,17.753,45.602,72.456,CONFIRMED
M02,60070,2026-09-10 17:12:19.432390+00:00,2026-09-10 17:12:19.461147+00:00,2026-09-10 17:12:19.394026+00:00,2026-09-10 17:12:19.396138+00:00,2026-09-10 17:12:19.394186+00:00,2026-09-10 17:12:19.413942+00:00,2026-09-10 17:12:19.414281+00:00,,,,,0.16,19.756,1.952,0.339,18.109,28.757,67.121,CONFIRMED
M02,60071,2026-09-10 17:12:19.484567+00:00,2026-09-10 17:12:19.512374+00:00,2026-09-10 17:12:19.454155+00:00,2026-09-10 17:12:19.454963+00:00,2026-09-10 17:12:19.454292+00:00,2026-09-10 17:12:19.461522+00:00,2026-09-10 17:12:19.461784+00:00,,,,,0.13699999999999998,7.23,0.671,0.262,22.783,27.807,58.219,CONFIRMED
M02,60072,2026-09-10 17:12:19.531267+00:00,2026-09-10 17:12:19.560854+00:00,2026-09-10 17:12:19.508649+00:00,2026-09-10 17:12:19.509456+00:00,2026-09-10 17:12:19.508814+00:00,2026-09-10 17:12:19.513119+00:00,2026-09-10 17:12:19.513420+00:00,,,,,0.165,4.305,0.642,0.301,17.846999999999998,29.587,52.205,CONFIRMED
M02,60073,2026-09-10 17:12:19.583838+00:00,2026-09-10 17:12:19.615812+00:00,2026-09-10 17:12:19.561461+00:00,2026-09-10 17:12:19.562033+00:00,2026-09-10 17:12:19.561593+00:00,2026-09-10 17:12:19.562481+00:00,2026-09-10 17:12:19.562730+00:00,,,,,0.132,0.888,0.44,0.24899999999999997,21.107999999999997,31.974000000000004,54.351,CONFIRMED
M02,60074,2026-09-10 17:12:19.640644+00:00,2026-09-10 17:12:19.667902+00:00,2026-09-10 17:12:19.613865+00:00,2026-09-10 17:12:19.614949+00:00,2026-09-10 17:12:19.613993+00:00,2026-09-10 17:12:19.616362+00:00,2026-09-10 17:12:19.616599+00:00,,,,,0.128,2.369,0.9560000000000001,0.237,24.045,27.258000000000003,54.037,CONFIRMED
M02,60075,2026-09-10 17:12:19.687225+00:00,2026-09-10 17:12:19.713919+00:00,2026-09-10 17:12:19.667479+00:00,2026-09-10 17:12:19.668815+00:00,2026-09-10 17:12:19.667576+00:00,2026-09-10 17:12:19.668318+00:00,2026-09-10 17:12:19.668589+00:00,,,,,0.097,0.742,1.239,0.27099999999999996,18.636,26.694,46.440000000000005,CONFIRMED
M02,60076,2026-09-10 17:12:19.739622+00:00,2026-09-10 17:12:19.770096+00:00,2026-09-10 17:12:19.721317+00:00,2026-09-10 17:12:19.722371+00:00,2026-09-10 17:12:19.721540+00:00,2026-09-10 17:12:19.722385+00:00,2026-09-10 17:12:19.722780+00:00,,,,,0.223,0.8450000000000001,0.8310000000000001,0.395,16.842,30.474,48.779,CONFIRMED
M02,60077,2026-09-10 17:12:19.803297+00:00,2026-09-10 17:12:19.839049+00:00,2026-09-10 17:12:19.776001+00:00,2026-09-10 17:12:19.779060+00:00,2026-09-10 17:12:19.776155+00:00,2026-09-10 17:12:19.776818+00:00,2026-09-10 17:12:19.777102+00:00,,,,,0.154,0.6629999999999999,2.9050000000000002,0.28400000000000003,26.195,35.752,63.04800000000001,CONFIRMED
M02,60078,2026-09-10 17:12:19.864029+00:00,2026-09-10 17:12:19.896602+00:00,2026-09-10 17:12:19.832888+00:00,2026-09-10 17:12:19.833936+00:00,2026-09-10 17:12:19.833145+00:00,2026-09-10 17:12:19.839574+00:00,2026-09-10 17:12:19.840013+00:00,,,,,0.257,6.428999999999999,0.791,0.439,24.016,32.573,63.714000000000006,CONFIRMED
M02,60079,2026-09-10 17:12:19.917001+00:00,2026-09-10 17:12:19.947511+00:00,2026-09-10 17:12:19.885968+00:00,2026-09-10 17:12:19.889796+00:00,2026-09-10 17:12:19.886169+00:00,2026-09-10 17:12:19.897005+00:00,2026-09-10 17:12:19.897298+00:00,,,,,0.201,10.836,3.6270000000000002,0.29300000000000004,19.703,30.509999999999998,61.543,CONFIRMED
M02,60080,2026-09-10 17:12:19.970071+00:00,2026-09-10 17:12:20.002826+00:00,2026-09-10 17:12:19.942260+00:00,2026-09-10 17:12:19.943107+00:00,2026-09-10 17:12:19.942476+00:00,2026-09-10 17:12:19.948047+00:00,2026-09-10 17:12:19.948314+00:00,,,,,0.216,5.571000000000001,0.631,0.26699999999999996,21.756999999999998,32.755,60.566,CONFIRMED
M02,60081,2026-09-10 17:12:20.023696+00:00,2026-09-10 17:12:20.050613+00:00,2026-09-10 17:12:19.995534+00:00,2026-09-10 17:12:19.996296+00:00,2026-09-10 17:12:19.995721+00:00,2026-09-10 17:12:20.003331+00:00,2026-09-10 17:12:20.003698+00:00,,,,,0.187,7.609999999999999,0.575,0.367,19.997999999999998,26.917,55.079,CONFIRMED
M02,60082,2026-09-10 17:12:20.078820+00:00,2026-09-10 17:12:20.105900+00:00,2026-09-10 17:12:20.050522+00:00,2026-09-10 17:12:20.051345+00:00,2026-09-10 17:12:20.050768+00:00,2026-09-10 17:12:20.051666+00:00,2026-09-10 17:12:20.052025+00:00,,,,,0.24600000000000002,0.898,0.5770000000000001,0.359,26.794999999999998,27.08,55.378,CONFIRMED
M02,60083,2026-09-10 17:12:20.127457+00:00,2026-09-10 17:12:20.153797+00:00,2026-09-10 17:12:20.104270+00:00,2026-09-10 17:12:20.105215+00:00,2026-09-10 17:12:20.104363+00:00,2026-09-10 17:12:20.106221+00:00,2026-09-10 17:12:20.106449+00:00,,,,,0.093,1.858,0.852,0.228,21.008,26.34,49.527,CONFIRMED
M02,60084,2026-09-10 17:12:20.182527+00:00,2026-09-10 17:12:20.210879+00:00,2026-09-10 17:12:20.161188+00:00,2026-09-10 17:12:20.162589+00:00,2026-09-10 17:12:20.161291+00:00,2026-09-10 17:12:20.162143+00:00,2026-09-10 17:12:20.162429+00:00,,,,,0.103,0.852,1.2979999999999998,0.28600000000000003,20.098000000000003,28.352,49.691,CONFIRMED
M02,60085,2026-09-10 17:12:20.237974+00:00,2026-09-10 17:12:20.267174+00:00,2026-09-10 17:12:20.214851+00:00,2026-09-10 17:12:20.216137+00:00,2026-09-10 17:12:20.215037+00:00,2026-09-10 17:12:20.215958+00:00,2026-09-10 17:12:20.216316+00:00,,,,,0.186,0.921,1.1,0.358,21.658,29.2,52.323,CONFIRMED
M02,60086,2026-09-10 17:12:20.289891+00:00,2026-09-10 17:12:20.318534+00:00,2026-09-10 17:12:20.267955+00:00,2026-09-10 17:12:20.269185+00:00,2026-09-10 17:12:20.268054+00:00,2026-09-10 17:12:20.269172+00:00,2026-09-10 17:12:20.269511+00:00,,,,,0.09899999999999999,1.118,1.131,0.339,20.38,28.642999999999997,50.579,CONFIRMED
M02,60087,2026-09-10 17:12:20.347766+00:00,2026-09-10 17:12:20.376555+00:00,2026-09-10 17:12:20.327970+00:00,2026-09-10 17:12:20.328808+00:00,2026-09-10 17:12:20.328091+00:00,2026-09-10 17:12:20.328922+00:00,2026-09-10 17:12:20.329403+00:00,,,,,0.121,0.8310000000000001,0.717,0.481,18.363,28.788999999999998,48.585,CONFIRMED
M02,60088,2026-09-10 17:12:20.402436+00:00,2026-09-10 17:12:20.428096+00:00,2026-09-10 17:12:20.380879+00:00,2026-09-10 17:12:20.381448+00:00,2026-09-10 17:12:20.380965+00:00,2026-09-10 17:12:20.381453+00:00,2026-09-10 17:12:20.381795+00:00,,,,,0.08600000000000001,0.488,0.483,0.342,20.641,25.66,47.217,CONFIRMED
M02,60089,2026-09-10 17:12:20.455311+00:00,2026-09-10 17:12:20.483668+00:00,2026-09-10 17:12:20.433690+00:00,2026-09-10 17:12:20.434365+00:00,2026-09-10 17:12:20.433830+00:00,2026-09-10 17:12:20.434388+00:00,2026-09-10 17:12:20.434785+00:00,,,,,0.13999999999999999,0.558,0.535,0.397,20.526,28.357,49.978,CONFIRMED
M02,60090,2026-09-10 17:12:20.511798+00:00,2026-09-10 17:12:20.538000+00:00,2026-09-10 17:12:20.487634+00:00,2026-09-10 17:12:20.489589+00:00,2026-09-10 17:12:20.487759+00:00,2026-09-10 17:12:20.488813+00:00,2026-09-10 17:12:20.489145+00:00,,,,,0.125,1.054,1.83,0.332,22.653,26.201999999999998,50.366,CONFIRMED
M02,60091,2026-09-10 17:12:20.565066+00:00,2026-09-10 17:12:20.590970+00:00,2026-09-10 17:12:20.541401+00:00,2026-09-10 17:12:20.542577+00:00,2026-09-10 17:12:20.541512+00:00,2026-09-10 17:12:20.541936+00:00,2026-09-10 17:12:20.542261+00:00,,,,,0.111,0.424,1.065,0.325,22.805,25.904,49.569,CONFIRMED
M02,60092,2026-09-10 17:12:20.621282+00:00,2026-09-10 17:12:20.659698+00:00,2026-09-10 17:12:20.597152+00:00,2026-09-10 17:12:20.598088+00:00,2026-09-10 17:12:20.597382+00:00,2026-09-10 17:12:20.598176+00:00,2026-09-10 17:12:20.598767+00:00,,,,,0.23,0.794,0.7060000000000001,0.5910000000000001,22.515,38.416,62.54600000000001,CONFIRMED
M02,60093,2026-09-10 17:12:20.677787+00:00,2026-09-10 17:12:20.707953+00:00,2026-09-10 17:12:20.650627+00:00,2026-09-10 17:12:20.653883+00:00,2026-09-10 17:12:20.653073+00:00,2026-09-10 17:12:20.660516+00:00,2026-09-10 17:12:20.660798+00:00,,,,,2.4459999999999997,7.443,0.8099999999999999,0.28200000000000003,16.989,30.165999999999997,57.326,CONFIRMED
M02,60094,2026-09-10 17:12:20.724647+00:00,2026-09-10 17:12:20.756086+00:00,2026-09-10 17:12:20.705340+00:00,2026-09-10 17:12:20.707725+00:00,2026-09-10 17:12:20.705437+00:00,2026-09-10 17:12:20.708258+00:00,2026-09-10 17:12:20.708480+00:00,,,,,0.097,2.821,2.2880000000000003,0.222,16.167,31.439,50.746,CONFIRMED
M02,60095,2026-09-10 17:12:20.778439+00:00,2026-09-10 17:12:20.806214+00:00,2026-09-10 17:12:20.759836+00:00,2026-09-10 17:12:20.760619+00:00,2026-09-10 17:12:20.759929+00:00,2026-09-10 17:12:20.760697+00:00,2026-09-10 17:12:20.761122+00:00,,,,,0.093,0.768,0.69,0.425,17.317,27.775000000000002,46.378,CONFIRMED
M02,60096,2026-09-10 17:12:20.835755+00:00,2026-09-10 17:12:20.863774+00:00,2026-09-10 17:12:20.814212+00:00,2026-09-10 17:12:20.816227+00:00,2026-09-10 17:12:20.814468+00:00,2026-09-10 17:12:20.815204+00:00,2026-09-10 17:12:20.815522+00:00,,,,,0.256,0.736,1.759,0.318,20.233,28.019,49.562000000000005,CONFIRMED
M02,60097,2026-09-10 17:12:20.890302+00:00,2026-09-10 17:12:20.917569+00:00,2026-09-10 17:12:20.871111+00:00,2026-09-10 17:12:20.873090+00:00,2026-09-10 17:12:20.871256+00:00,2026-09-10 17:12:20.873088+00:00,2026-09-10 17:12:20.873490+00:00,,,,,0.145,1.832,1.8339999999999999,0.402,16.812,27.267,46.458,CONFIRMED
M02,60098,2026-09-10 17:12:20.943588+00:00,2026-09-10 17:12:20.970567+00:00,2026-09-10 17:12:20.925114+00:00,2026-09-10 17:12:20.925701+00:00,2026-09-10 17:12:20.925213+00:00,2026-09-10 17:12:20.925904+00:00,2026-09-10 17:12:20.926329+00:00,,,,,0.09899999999999999,0.691,0.488,0.425,17.259,26.979,45.453,CONFIRMED
M02,60099,2026-09-10 17:12:21.001526+00:00,2026-09-10 17:12:21.029812+00:00,2026-09-10 17:12:20.977117+00:00,2026-09-10 17:12:20.977981+00:00,2026-09-10 17:12:20.977286+00:00,2026-09-10 17:12:20.978912+00:00,2026-09-10 17:12:20.979514+00:00,,,,,0.16899999999999998,1.6260000000000001,0.695,0.602,22.012,28.285999999999998,52.695,CONFIRMED
M02,60100,2026-09-10 17:12:21.049722+00:00,2026-09-10 17:12:21.078916+00:00,2026-09-10 17:12:21.029517+00:00,2026-09-10 17:12:21.030157+00:00,2026-09-10 17:12:21.029641+00:00,2026-09-10 17:12:21.030345+00:00,2026-09-10 17:12:21.030651+00:00,,,,,0.124,0.704,0.516,0.306,19.071,29.194000000000003,49.399,CONFIRMED
M02,60101,2026-09-10 17:12:21.100270+00:00,2026-09-10 17:12:21.128630+00:00,2026-09-10 17:12:21.081960+00:00,2026-09-10 17:12:21.082536+00:00,2026-09-10 17:12:21.082053+00:00,2026-09-10 17:12:21.082494+00:00,2026-09-10 17:12:21.082879+00:00,,,,,0.093,0.441,0.483,0.38499999999999995,17.391000000000002,28.36,46.67,CONFIRMED
M02,60102,2026-09-10 17:12:21.156517+00:00,2026-09-10 17:12:21.189618+00:00,2026-09-10 17:12:21.134342+00:00,2026-09-10 17:12:21.135154+00:00,2026-09-10 17:12:21.134525+00:00,2026-09-10 17:12:21.138234+00:00,2026-09-10 17:12:21.138557+00:00,,,,,0.183,3.709,0.629,0.323,17.96,33.101,55.275999999999996,CONFIRMED
M02,60103,2026-09-10 17:12:21.223296+00:00,2026-09-10 17:12:21.260586+00:00,2026-09-10 17:12:21.188169+00:00,2026-09-10 17:12:21.188810+00:00,2026-09-10 17:12:21.188278+00:00,2026-09-10 17:12:21.190467+00:00,2026-09-10 17:12:21.190768+00:00,,,,,0.10900000000000001,2.189,0.532,0.301,32.528,37.29,72.417,CONFIRMED
M02,60104,2026-09-10 17:12:21.279207+00:00,2026-09-10 17:12:21.316311+00:00,2026-09-10 17:12:21.241146+00:00,2026-09-10 17:12:21.245783+00:00,2026-09-10 17:12:21.241334+00:00,2026-09-10 17:12:21.261028+00:00,2026-09-10 17:12:21.261341+00:00,,,,,0.188,19.694,4.449,0.313,17.866,37.104,75.16499999999999,CONFIRMED
M02,60105,2026-09-10 17:12:21.338553+00:00,2026-09-10 17:12:21.376812+00:00,2026-09-10 17:12:21.298020+00:00,2026-09-10 17:12:21.300104+00:00,2026-09-10 17:12:21.298269+00:00,2026-09-10 17:12:21.316836+00:00,2026-09-10 17:12:21.317180+00:00,,,,,0.24899999999999997,18.567,1.835,0.34400000000000003,21.373,38.259,78.792,CONFIRMED
M02,60106,2026-09-10 17:12:21.402289+00:00,2026-09-10 17:12:21.433353+00:00,2026-09-10 17:12:21.351828+00:00,2026-09-10 17:12:21.354729+00:00,2026-09-10 17:12:21.352034+00:00,2026-09-10 17:12:21.377433+00:00,2026-09-10 17:12:21.377873+00:00,,,,,0.206,25.399,2.695,0.44,24.416,31.064,81.525,CONFIRMED
M02,60107,2026-09-10 17:12:21.453039+00:00,2026-09-10 17:12:21.489407+00:00,2026-09-10 17:12:21.411473+00:00,2026-09-10 17:12:21.412379+00:00,2026-09-10 17:12:21.411686+00:00,2026-09-10 17:12:21.433816+00:00,2026-09-10 17:12:21.434189+00:00,,,,,0.213,22.13,0.6930000000000001,0.373,18.849999999999998,36.367999999999995,77.934,CONFIRMED
M02,60108,2026-09-10 17:12:21.524863+00:00,2026-09-10 17:12:21.554789+00:00,2026-09-10 17:12:21.464540+00:00,2026-09-10 17:12:21.465388+00:00,2026-09-10 17:12:21.464685+00:00,2026-09-10 17:12:21.489955+00:00,2026-09-10 17:12:21.490310+00:00,,,,,0.145,25.27,0.703,0.355,34.553,29.926000000000002,90.249,CONFIRMED
M02,60109,2026-09-10 17:12:21.576930+00:00,2026-09-10 17:12:21.610439+00:00,2026-09-10 17:12:21.522804+00:00,2026-09-10 17:12:21.523773+00:00,2026-09-10 17:12:21.523078+00:00,2026-09-10 17:12:21.555423+00:00,2026-09-10 17:12:21.556121+00:00,,,,,0.27399999999999997,32.345,0.695,0.6980000000000001,20.809,33.509,87.635,CONFIRMED
M02,60110,2026-09-10 17:12:21.630293+00:00,2026-09-10 17:12:21.664248+00:00,2026-09-10 17:12:21.576015+00:00,2026-09-10 17:12:21.576663+00:00,2026-09-10 17:12:21.576152+00:00,2026-09-10 17:12:21.610971+00:00,2026-09-10 17:12:21.611297+00:00,,,,,0.13699999999999998,34.819,0.5109999999999999,0.326,18.996,33.955,88.233,CONFIRMED
M02,60111,2026-09-10 17:12:21.681758+00:00,2026-09-10 17:12:21.708701+00:00,2026-09-10 17:12:21.630058+00:00,2026-09-10 17:12:21.633806+00:00,2026-09-10 17:12:21.630182+00:00,2026-09-10 17:12:21.664638+00:00,2026-09-10 17:12:21.664970+00:00,,,,,0.124,34.456,3.624,0.332,16.788,26.943,78.643,CONFIRMED
M02,60112,2026-09-10 17:12:21.728143+00:00,2026-09-10 17:12:21.759249+00:00,2026-09-10 17:12:21.685219+00:00,2026-09-10 17:12:21.685847+00:00,2026-09-10 17:12:21.685313+00:00,2026-09-10 17:12:21.709251+00:00,2026-09-10 17:12:21.709576+00:00,,,,,0.094,23.938000000000002,0.5339999999999999,0.325,18.567,31.106,74.03,CONFIRMED
M02,60113,2026-09-10 17:12:21.775586+00:00,2026-09-10 17:12:21.808006+00:00,2026-09-10 17:12:21.737488+00:00,2026-09-10 17:12:21.738309+00:00,2026-09-10 17:12:21.737652+00:00,2026-09-10 17:12:21.759785+00:00,2026-09-10 17:12:21.760193+00:00,,,,,0.164,22.133,0.657,0.408,15.393,32.419999999999995,70.518,CONFIRMED
M02,60114,2026-09-10 17:12:21.826579+00:00,2026-09-10 17:12:21.854654+00:00,2026-09-10 17:12:21.789822+00:00,2026-09-10 17:12:21.795536+00:00,2026-09-10 17:12:21.789958+00:00,2026-09-10 17:12:21.808653+00:00,2026-09-10 17:12:21.809011+00:00,,,,,0.136,18.695,5.577999999999999,0.358,17.568,28.075,64.832,CONFIRMED
M02,60115,2026-09-10 17:12:21.876766+00:00,2026-09-10 17:12:21.906084+00:00,2026-09-10 17:12:21.847505+00:00,2026-09-10 17:12:21.850899+00:00,2026-09-10 17:12:21.847674+00:00,2026-09-10 17:12:21.855221+00:00,2026-09-10 17:12:21.855585+00:00,,,,,0.16899999999999998,7.547,3.225,0.364,21.180999999999997,29.318,58.579,CONFIRMED
M02,60116,2026-09-10 17:12:21.926045+00:00,2026-09-10 17:12:21.960609+00:00,2026-09-10 17:12:21.902842+00:00,2026-09-10 17:12:21.904259+00:00,2026-09-10 17:12:21.903279+00:00,2026-09-10 17:12:21.906730+00:00,2026-09-10 17:12:21.907052+00:00,,,,,0.437,3.451,0.98,0.322,18.993,34.564,57.766999999999996,CONFIRMED
M02,60117,2026-09-10 17:12:21.986819+00:00,2026-09-10 17:12:22.025571+00:00,2026-09-10 17:12:21.955972+00:00,2026-09-10 17:12:21.957384+00:00,2026-09-10 17:12:21.956194+00:00,2026-09-10 17:12:21.961123+00:00,2026-09-10 17:12:21.961744+00:00,,,,,0.222,4.929,1.1900000000000002,0.621,25.075,38.752,69.59899999999999,CONFIRMED
M02,60118,2026-09-10 17:12:22.051929+00:00,2026-09-10 17:12:22.090734+00:00,2026-09-10 17:12:22.010302+00:00,2026-09-10 17:12:22.011070+00:00,2026-09-10 17:12:22.010496+00:00,2026-09-10 17:12:22.026216+00:00,2026-09-10 17:12:22.026476+00:00,,,,,0.194,15.72,0.574,0.25999999999999995,25.453,38.805,80.432,CONFIRMED
M02,60119,2026-09-10 17:12:22.110858+00:00,2026-09-10 17:12:22.141869+00:00,2026-09-10 17:12:22.063543+00:00,2026-09-10 17:12:22.064726+00:00,2026-09-10 17:12:22.063676+00:00,2026-09-10 17:12:22.091155+00:00,2026-09-10 17:12:22.093030+00:00,,,,,0.133,27.479,1.05,1.875,17.828,31.011,78.32600000000001,CONFIRMED
M02,60120,2026-09-10 17:12:22.159945+00:00,2026-09-10 17:12:22.196197+00:00,2026-09-10 17:12:22.116255+00:00,2026-09-10 17:12:22.116906+00:00,2026-09-10 17:12:22.116352+00:00,2026-09-10 17:12:22.142567+00:00,2026-09-10 17:12:22.142937+00:00,,,,,0.097,26.215,0.554,0.37,17.008,36.252,79.942,CONFIRMED
M02,60121,2026-09-10 17:12:22.225461+00:00,2026-09-10 17:12:22.264366+00:00,2026-09-10 17:12:22.170689+00:00,2026-09-10 17:12:22.172993+00:00,2026-09-10 17:12:22.170852+00:00,2026-09-10 17:12:22.196634+00:00,2026-09-10 17:12:22.196977+00:00,,,,,0.163,25.782,2.141,0.34299999999999997,28.483999999999998,38.905,93.67699999999999,CONFIRMED
M02,60122,2026-09-10 17:12:22.284646+00:00,2026-09-10 17:12:22.316320+00:00,2026-09-10 17:12:22.226082+00:00,2026-09-10 17:12:22.229745+00:00,2026-09-10 17:12:22.226213+00:00,2026-09-10 17:12:22.264875+00:00,2026-09-10 17:12:22.265248+00:00,,,,,0.131,38.662,3.532,0.373,19.398,31.674,90.238,CONFIRMED
M02,60123,2026-09-10 17:12:22.339428+00:00,2026-09-10 17:12:22.368730+00:00,2026-09-10 17:12:22.281570+00:00,2026-09-10 17:12:22.282459+00:00,2026-09-10 17:12:22.281721+00:00,2026-09-10 17:12:22.316858+00:00,2026-09-10 17:12:22.317767+00:00,,,,,0.15100000000000002,35.137,0.7380000000000001,0.909,21.661,29.302000000000003,87.16,CONFIRMED
M02,60124,2026-09-10 17:12:22.387307+00:00,2026-09-10 17:12:22.419034+00:00,2026-09-10 17:12:22.334120+00:00,2026-09-10 17:12:22.334839+00:00,2026-09-10 17:12:22.334296+00:00,2026-09-10 17:12:22.369169+00:00,2026-09-10 17:12:22.369438+00:00,,,,,0.176,34.873000000000005,0.5429999999999999,0.26899999999999996,17.869,31.726999999999997,84.914,CONFIRMED
M02,60125,2026-09-10 17:12:22.438842+00:00,2026-09-10 17:12:22.470147+00:00,2026-09-10 17:12:22.389218+00:00,2026-09-10 17:12:22.390245+00:00,2026-09-10 17:12:22.389363+00:00,2026-09-10 17:12:22.419804+00:00,2026-09-10 17:12:22.420292+00:00,,,,,0.145,30.441,0.882,0.488,18.55,31.305,80.929,CONFIRMED
M02,60126,2026-09-10 17:12:22.488261+00:00,2026-09-10 17:12:22.526038+00:00,2026-09-10 17:12:22.442607+00:00,2026-09-10 17:12:22.443267+00:00,2026-09-10 17:12:22.442706+00:00,2026-09-10 17:12:22.470463+00:00,2026-09-10 17:12:22.470734+00:00,,,,,0.09899999999999999,27.757,0.5609999999999999,0.27099999999999996,17.527,37.777,83.43100000000001,CONFIRMED
M02,60127,2026-09-10 17:12:22.545255+00:00,2026-09-10 17:12:22.574416+00:00,2026-09-10 17:12:22.495295+00:00,2026-09-10 17:12:22.496618+00:00,2026-09-10 17:12:22.495456+00:00,2026-09-10 17:12:22.526420+00:00,2026-09-10 17:12:22.526741+00:00,,,,,0.161,30.964,1.1620000000000001,0.321,18.514,29.160999999999998,79.121,CONFIRMED
M02,60128,2026-09-10 17:12:22.593916+00:00,2026-09-10 17:12:22.636460+00:00,2026-09-10 17:12:22.551708+00:00,2026-09-10 17:12:22.552270+00:00,2026-09-10 17:12:22.551900+00:00,2026-09-10 17:12:22.574851+00:00,2026-09-10 17:12:22.575266+00:00,,,,,0.192,22.951,0.37,0.415,18.65,42.544,84.752,CONFIRMED
M02,60129,2026-09-10 17:12:22.652963+00:00,2026-09-10 17:12:22.682513+00:00,2026-09-10 17:12:22.604204+00:00,2026-09-10 17:12:22.605933+00:00,2026-09-10 17:12:22.604342+00:00,2026-09-10 17:12:22.636891+00:00,2026-09-10 17:12:22.637123+00:00,,,,,0.13799999999999998,32.549,1.591,0.232,15.84,29.55,78.309,CONFIRMED
M02,60130,2026-09-10 17:12:22.701369+00:00,2026-09-10 17:12:22.733951+00:00,2026-09-10 17:12:22.657823+00:00,2026-09-10 17:12:22.658521+00:00,2026-09-10 17:12:22.657937+00:00,2026-09-10 17:12:22.683230+00:00,2026-09-10 17:12:22.683650+00:00,,,,,0.114,25.293,0.584,0.42000000000000004,17.718999999999998,32.582,76.128,CONFIRMED
M02,60131,2026-09-10 17:12:22.753204+00:00,2026-09-10 17:12:22.783369+00:00,2026-09-10 17:12:22.709968+00:00,2026-09-10 17:12:22.713495+00:00,2026-09-10 17:12:22.710075+00:00,2026-09-10 17:12:22.734403+00:00,2026-09-10 17:12:22.734693+00:00,,,,,0.107,24.328,3.42,0.29,18.511,30.165,73.401,CONFIRMED
M02,60132,2026-09-10 17:12:22.805313+00:00,2026-09-10 17:12:22.835895+00:00,2026-09-10 17:12:22.768179+00:00,2026-09-10 17:12:22.769206+00:00,2026-09-10 17:12:22.768378+00:00,2026-09-10 17:12:22.783808+00:00,2026-09-10 17:12:22.784060+00:00,,,,,0.199,15.43,0.828,0.252,21.253,30.582,67.716,CONFIRMED
M02,60133,2026-09-10 17:12:22.858281+00:00,2026-09-10 17:12:22.888939+00:00,2026-09-10 17:12:22.822682+00:00,2026-09-10 17:12:22.827028+00:00,2026-09-10 17:12:22.823032+00:00,2026-09-10 17:12:22.836369+00:00,2026-09-10 17:12:22.836615+00:00,,,,,0.35,13.337,3.9960000000000004,0.24600000000000002,21.666,30.658,66.25699999999999,CONFIRMED
M02,60134,2026-09-10 17:12:22.909472+00:00,2026-09-10 17:12:22.950556+00:00,2026-09-10 17:12:22.880784+00:00,2026-09-10 17:12:22.881823+00:00,2026-09-10 17:12:22.880978+00:00,2026-09-10 17:12:22.889478+00:00,2026-09-10 17:12:22.889835+00:00,,,,,0.194,8.5,0.8450000000000001,0.357,19.637,41.084,69.772,CONFIRMED
M02,60135,2026-09-10 17:12:22.969256+00:00,2026-09-10 17:12:23.004159+00:00,2026-09-10 17:12:22.934724+00:00,2026-09-10 17:12:22.938051+00:00,2026-09-10 17:12:22.934944+00:00,2026-09-10 17:12:22.951064+00:00,2026-09-10 17:12:22.951472+00:00,,,,,0.22,16.119999999999997,3.1069999999999998,0.408,17.784000000000002,34.903000000000006,69.435,CONFIRMED
M02,60136,2026-09-10 17:12:23.028319+00:00,2026-09-10 17:12:23.059659+00:00,2026-09-10 17:12:22.991670+00:00,2026-09-10 17:12:22.995605+00:00,2026-09-10 17:12:22.991837+00:00,2026-09-10 17:12:23.004668+00:00,2026-09-10 17:12:23.005189+00:00,,,,,0.16699999999999998,12.831,3.7680000000000002,0.521,23.130000000000003,31.34,67.98899999999999,CONFIRMED
M02,60137,2026-09-10 17:12:23.081041+00:00,2026-09-10 17:12:23.111148+00:00,2026-09-10 17:12:23.050543+00:00,2026-09-10 17:12:23.051163+00:00,2026-09-10 17:12:23.050722+00:00,2026-09-10 17:12:23.060105+00:00,2026-09-10 17:12:23.060385+00:00,,,,,0.179,9.383000000000001,0.441,0.27999999999999997,20.656000000000002,30.107,60.605,CONFIRMED
M02,60138,2026-09-10 17:12:23.130000+00:00,2026-09-10 17:12:23.162808+00:00,2026-09-10 17:12:23.103130+00:00,2026-09-10 17:12:23.106823+00:00,2026-09-10 17:12:23.103286+00:00,2026-09-10 17:12:23.111568+00:00,2026-09-10 17:12:23.111874+00:00,,,,,0.156,8.282,3.5370000000000004,0.306,18.126,32.808,59.678000000000004,CONFIRMED
M02,60139,2026-09-10 17:12:23.197930+00:00,2026-09-10 17:12:23.230966+00:00,2026-09-10 17:12:23.160327+00:00,2026-09-10 17:12:23.161305+00:00,2026-09-10 17:12:23.160466+00:00,2026-09-10 17:12:23.163429+00:00,2026-09-10 17:12:23.163879+00:00,,,,,0.13899999999999998,2.963,0.839,0.45,34.050999999999995,33.036,70.639,CONFIRMED
M02,60140,2026-09-10 17:12:23.251201+00:00,2026-09-10 17:12:23.276814+00:00,2026-09-10 17:12:23.218115+00:00,2026-09-10 17:12:23.218909+00:00,2026-09-10 17:12:23.218282+00:00,2026-09-10 17:12:23.231945+00:00,2026-09-10 17:12:23.232453+00:00,,,,,0.16699999999999998,13.663,0.627,0.508,18.748,25.613,58.699,CONFIRMED
M02,60141,2026-09-10 17:12:23.294568+00:00,2026-09-10 17:12:23.321008+00:00,2026-09-10 17:12:23.273199+00:00,2026-09-10 17:12:23.273980+00:00,2026-09-10 17:12:23.273406+00:00,2026-09-10 17:12:23.277237+00:00,2026-09-10 17:12:23.277553+00:00,,,,,0.207,3.8310000000000004,0.574,0.316,17.015,26.44,47.809,CONFIRMED
M02,60142,2026-09-10 17:12:23.344449+00:00,2026-09-10 17:12:23.374371+00:00,2026-09-10 17:12:23.325809+00:00,2026-09-10 17:12:23.326538+00:00,2026-09-10 17:12:23.325918+00:00,2026-09-10 17:12:23.326557+00:00,2026-09-10 17:12:23.326819+00:00,,,,,0.10900000000000001,0.639,0.62,0.262,17.63,29.922,48.562,CONFIRMED
M02,60143,2026-09-10 17:12:23.405692+00:00,2026-09-10 17:12:23.441923+00:00,2026-09-10 17:12:23.378783+00:00,2026-09-10 17:12:23.380232+00:00,2026-09-10 17:12:23.378891+00:00,2026-09-10 17:12:23.379435+00:00,2026-09-10 17:12:23.379907+00:00,,,,,0.108,0.544,1.341,0.472,25.785,36.231,63.14,CONFIRMED
M02,60144,2026-09-10 17:12:23.468961+00:00,2026-09-10 17:12:23.505519+00:00,2026-09-10 17:12:23.431779+00:00,2026-09-10 17:12:23.434223+00:00,2026-09-10 17:12:23.431948+00:00,2026-09-10 17:12:23.442616+00:00,2026-09-10 17:12:23.443005+00:00,,,,,0.16899999999999998,10.668000000000001,2.275,0.389,25.956,36.558,73.74,CONFIRMED
M02,60145,2026-09-10 17:12:23.528745+00:00,2026-09-10 17:12:23.567587+00:00,2026-09-10 17:12:23.486357+00:00,2026-09-10 17:12:23.488005+00:00,2026-09-10 17:12:23.486509+00:00,2026-09-10 17:12:23.506261+00:00,2026-09-10 17:12:23.506694+00:00,,,,,0.152,19.752,1.496,0.433,22.051000000000002,38.842,81.22999999999999,CONFIRMED
M02,60146,2026-09-10 17:12:23.589403+00:00,2026-09-10 17:12:23.632231+00:00,2026-09-10 17:12:23.540509+00:00,2026-09-10 17:12:23.543013+00:00,2026-09-10 17:12:23.540749+00:00,2026-09-10 17:12:23.568394+00:00,2026-09-10 17:12:23.568794+00:00,,,,,0.24000000000000002,27.645,2.264,0.4,20.608999999999998,42.827999999999996,91.722,CONFIRMED
M02,60147,2026-09-10 17:12:23.651271+00:00,2026-09-10 17:12:23.679456+00:00,2026-09-10 17:12:23.594977+00:00,2026-09-10 17:12:23.596634+00:00,2026-09-10 17:12:23.595083+00:00,2026-09-10 17:12:23.632897+00:00,2026-09-10 17:12:23.633276+00:00,,,,,0.106,37.814,1.5510000000000002,0.379,17.995,28.185000000000002,84.479,CONFIRMED
M02,60148,2026-09-10 17:12:23.700318+00:00,2026-09-10 17:12:23.738193+00:00,2026-09-10 17:12:23.648791+00:00,2026-09-10 17:12:23.649629+00:00,2026-09-10 17:12:23.648943+00:00,2026-09-10 17:12:23.679984+00:00,2026-09-10 17:12:23.680317+00:00,,,,,0.152,31.041,0.6859999999999999,0.333,20.001,37.875,89.402,CONFIRMED
M02,60149,2026-09-10 17:12:23.763462+00:00,2026-09-10 17:12:23.794608+00:00,2026-09-10 17:12:23.701457+00:00,2026-09-10 17:12:23.702058+00:00,2026-09-10 17:12:23.701583+00:00,2026-09-10 17:12:23.738785+00:00,2026-09-10 17:12:23.739349+00:00,,,,,0.126,37.202,0.475,0.5640000000000001,24.113,31.146,93.151,CONFIRMED
M02,60150,2026-09-10 17:12:23.813769+00:00,2026-09-10 17:12:23.844025+00:00,2026-09-10 17:12:23.754075+00:00,2026-09-10 17:12:23.754837+00:00,2026-09-10 17:12:23.754189+00:00,2026-09-10 17:12:23.795259+00:00,2026-09-10 17:12:23.795564+00:00,,,,,0.114,41.07,0.648,0.305,18.205,30.256,89.95,CONFIRMED
M02,60151,2026-09-10 17:12:23.860671+00:00,2026-09-10 17:12:23.893084+00:00,2026-09-10 17:12:23.807007+00:00,2026-09-10 17:12:23.809046+00:00,2026-09-10 17:12:23.807282+00:00,2026-09-10 17:12:23.844371+00:00,2026-09-10 17:12:23.844603+00:00,,,,,0.275,37.089,1.764,0.232,16.067999999999998,32.413,86.077,CONFIRMED
M02,60152,2026-09-10 17:12:23.911163+00:00,2026-09-10 17:12:23.946936+00:00,2026-09-10 17:12:23.861784+00:00,2026-09-10 17:12:23.862579+00:00,2026-09-10 17:12:23.861934+00:00,2026-09-10 17:12:23.893441+00:00,2026-09-10 17:12:23.893709+00:00,,,,,0.15,31.507,0.6449999999999999,0.268,17.454,35.772999999999996,85.152,CONFIRMED
M02,60153,2026-09-10 17:12:23.971630+00:00,2026-09-10 17:12:24.003541+00:00,2026-09-10 17:12:23.914203+00:00,2026-09-10 17:12:23.915430+00:00,2026-09-10 17:12:23.914315+00:00,2026-09-10 17:12:23.947461+00:00,2026-09-10 17:12:23.947839+00:00,,,,,0.112,33.146,1.1150000000000002,0.378,23.791,31.911,89.338,CONFIRMED
M02,60154,2026-09-10 17:12:24.025250+00:00,2026-09-10 17:12:24.057575+00:00,2026-09-10 17:12:23.967207+00:00,2026-09-10 17:12:23.968011+00:00,2026-09-10 17:12:23.967321+00:00,2026-09-10 17:12:24.003921+00:00,2026-09-10 17:12:24.004211+00:00,,,,,0.114,36.6,0.69,0.29,21.038999999999998,32.325,90.36800000000001,CONFIRMED
M02,60155,2026-09-10 17:12:24.075825+00:00,2026-09-10 17:12:24.105040+00:00,2026-09-10 17:12:24.021931+00:00,2026-09-10 17:12:24.022821+00:00,2026-09-10 17:12:24.022185+00:00,2026-09-10 17:12:24.058067+00:00,2026-09-10 17:12:24.058375+00:00,,,,,0.254,35.882,0.636,0.308,17.45,29.215,83.10900000000001,CONFIRMED
M02,60156,2026-09-10 17:12:24.122875+00:00,2026-09-10 17:12:24.156139+00:00,2026-09-10 17:12:24.074962+00:00,2026-09-10 17:12:24.075628+00:00,2026-09-10 17:12:24.075106+00:00,2026-09-10 17:12:24.105559+00:00,2026-09-10 17:12:24.106512+00:00,,,,,0.14400000000000002,30.453,0.522,0.953,16.363,33.264,81.17699999999999,CONFIRMED
M02,60157,2026-09-10 17:12:24.179517+00:00,2026-09-10 17:12:24.219048+00:00,2026-09-10 17:12:24.128236+00:00,2026-09-10 17:12:24.128764+00:00,2026-09-10 17:12:24.128365+00:00,2026-09-10 17:12:24.156505+00:00,2026-09-10 17:12:24.156772+00:00,,,,,0.129,28.139999999999997,0.399,0.26699999999999996,22.745,39.531,90.812,CONFIRMED
M02,60158,2026-09-10 17:12:24.242027+00:00,2026-09-10 17:12:24.291275+00:00,2026-09-10 17:12:24.180871+00:00,2026-09-10 17:12:24.181811+00:00,2026-09-10 17:12:24.181025+00:00,2026-09-10 17:12:24.219481+00:00,2026-09-10 17:12:24.219775+00:00,,,,,0.154,38.455999999999996,0.786,0.294,22.252000000000002,49.248,110.404,CONFIRMED
M02,60159,2026-09-10 17:12:24.312677+00:00,2026-09-10 17:12:24.346446+00:00,2026-09-10 17:12:24.233367+00:00,2026-09-10 17:12:24.234031+00:00,2026-09-10 17:12:24.233510+00:00,2026-09-10 17:12:24.291672+00:00,2026-09-10 17:12:24.291958+00:00,,,,,0.14300000000000002,58.162,0.521,0.28600000000000003,20.719,33.769,113.079,CONFIRMED
M02,60160,2026-09-10 17:12:24.364668+00:00,2026-09-10 17:12:24.391213+00:00,2026-09-10 17:12:24.287540+00:00,2026-09-10 17:12:24.288502+00:00,2026-09-10 17:12:24.287726+00:00,2026-09-10 17:12:24.346869+00:00,2026-09-10 17:12:24.347166+00:00,,,,,0.186,59.143,0.776,0.297,17.502,26.544999999999998,103.673,CONFIRMED
M02,60161,2026-09-10 17:12:24.414437+00:00,2026-09-10 17:12:24.448142+00:00,2026-09-10 17:12:24.340809+00:00,2026-09-10 17:12:24.343497+00:00,2026-09-10 17:12:24.341013+00:00,2026-09-10 17:12:24.391595+00:00,2026-09-10 17:12:24.391850+00:00,,,,,0.204,50.582,2.484,0.255,22.587,33.705,107.333,CONFIRMED
M02,60162,2026-09-10 17:12:24.466600+00:00,2026-09-10 17:12:24.498616+00:00,2026-09-10 17:12:24.396056+00:00,2026-09-10 17:12:24.397642+00:00,2026-09-10 17:12:24.396195+00:00,2026-09-10 17:12:24.448558+00:00,2026-09-10 17:12:24.448884+00:00,,,,,0.13899999999999998,52.363,1.4469999999999998,0.326,17.715999999999998,32.016000000000005,102.56,CONFIRMED
M02,60163,2026-09-10 17:12:24.519629+00:00,2026-09-10 17:12:24.546771+00:00,2026-09-10 17:12:24.450402+00:00,2026-09-10 17:12:24.453975+00:00,2026-09-10 17:12:24.450554+00:00,2026-09-10 17:12:24.499273+00:00,2026-09-10 17:12:24.499668+00:00,,,,,0.152,48.719,3.421,0.395,19.961,27.142,96.369,CONFIRMED
M02,60164,2026-09-10 17:12:24.564780+00:00,2026-09-10 17:12:24.591080+00:00,2026-09-10 17:12:24.507887+00:00,2026-09-10 17:12:24.510096+00:00,2026-09-10 17:12:24.508048+00:00,2026-09-10 17:12:24.547203+00:00,2026-09-10 17:12:24.547479+00:00,,,,,0.161,39.155,2.048,0.27599999999999997,17.301000000000002,26.3,83.193,CONFIRMED
M02,60165,2026-09-10 17:12:24.606417+00:00,2026-09-10 17:12:24.637071+00:00,2026-09-10 17:12:24.567218+00:00,2026-09-10 17:12:24.567808+00:00,2026-09-10 17:12:24.567305+00:00,2026-09-10 17:12:24.591437+00:00,2026-09-10 17:12:24.591695+00:00,,,,,0.087,24.132,0.503,0.258,14.722000000000001,30.654,69.853,CONFIRMED
M02,60166,2026-09-10 17:12:24.660057+00:00,2026-09-10 17:12:24.693606+00:00,2026-09-10 17:12:24.619520+00:00,2026-09-10 17:12:24.621054+00:00,2026-09-10 17:12:24.619709+00:00,2026-09-10 17:12:24.637742+00:00,2026-09-10 17:12:24.638110+00:00,,,,,0.189,18.033,1.345,0.368,21.947000000000003,33.549,74.086,CONFIRMED
M02,60167,2026-09-10 17:12:24.715468+00:00,2026-09-10 17:12:24.747611+00:00,2026-09-10 17:12:24.672911+00:00,2026-09-10 17:12:24.676475+00:00,2026-09-10 17:12:24.673070+00:00,2026-09-10 17:12:24.694044+00:00,2026-09-10 17:12:24.694314+00:00,,,,,0.159,20.974,3.4050000000000002,0.27,21.154,32.143,74.7,CONFIRMED
M02,60168,2026-09-10 17:12:24.764619+00:00,2026-09-10 17:12:24.789984+00:00,2026-09-10 17:12:24.728074+00:00,2026-09-10 17:12:24.728877+00:00,2026-09-10 17:12:24.728251+00:00,2026-09-10 17:12:24.748033+00:00,2026-09-10 17:12:24.748307+00:00,,,,,0.177,19.782,0.626,0.27399999999999997,16.312,25.365,61.91,CONFIRMED
M02,60169,2026-09-10 17:12:24.805119+00:00,2026-09-10 17:12:24.834800+00:00,2026-09-10 17:12:24.782999+00:00,2026-09-10 17:12:24.783644+00:00,2026-09-10 17:12:24.783137+00:00,2026-09-10 17:12:24.790306+00:00,2026-09-10 17:12:24.790531+00:00,,,,,0.13799999999999998,7.169,0.507,0.225,14.588000000000001,29.680999999999997,51.801,CONFIRMED
M02,60170,2026-09-10 17:12:24.860117+00:00,2026-09-10 17:12:24.887749+00:00,2026-09-10 17:12:24.837736+00:00,2026-09-10 17:12:24.838827+00:00,2026-09-10 17:12:24.837851+00:00,2026-09-10 17:12:24.838528+00:00,2026-09-10 17:12:24.838973+00:00,,,,,0.115,0.6769999999999999,0.976,0.44499999999999995,21.144,27.632,50.013000000000005,CONFIRMED
M02,60171,2026-09-10 17:12:24.918028+00:00,2026-09-10 17:12:24.947558+00:00,2026-09-10 17:12:24.890700+00:00,2026-09-10 17:12:24.891294+00:00,2026-09-10 17:12:24.890789+00:00,2026-09-10 17:12:24.891287+00:00,2026-09-10 17:12:24.891617+00:00,,,,,0.089,0.49799999999999994,0.505,0.33,26.411,29.53,56.858,CONFIRMED
M02,60172,2026-09-10 17:12:24.972819+00:00,2026-09-10 17:12:25.002934+00:00,2026-09-10 17:12:24.943589+00:00,2026-09-10 17:12:24.946385+00:00,2026-09-10 17:12:24.943791+00:00,2026-09-10 17:12:24.948214+00:00,2026-09-10 17:12:24.948634+00:00,,,,,0.202,4.423,2.594,0.42000000000000004,24.185000000000002,30.115,59.345,CONFIRMED
M02,60173,2026-09-10 17:12:25.025513+00:00,2026-09-10 17:12:25.058293+00:00,2026-09-10 17:12:24.999558+00:00,2026-09-10 17:12:25.000291+00:00,2026-09-10 17:12:24.999748+00:00,2026-09-10 17:12:25.003344+00:00,2026-09-10 17:12:25.003606+00:00,,,,,0.19,3.5959999999999996,0.5429999999999999,0.262,21.907,32.779999999999994,58.735,CONFIRMED
M02,60174,2026-09-10 17:12:25.090860+00:00,2026-09-10 17:12:25.129983+00:00,2026-09-10 17:12:25.052275+00:00,2026-09-10 17:12:25.053852+00:00,2026-09-10 17:12:25.052562+00:00,2026-09-10 17:12:25.058989+00:00,2026-09-10 17:12:25.059499+00:00,,,,,0.287,6.4270000000000005,1.2899999999999998,0.51,31.361,39.123,77.708,CONFIRMED
M02,60175,2026-09-10 17:12:25.156994+00:00,2026-09-10 17:12:25.193475+00:00,2026-09-10 17:12:25.106135+00:00,2026-09-10 17:12:25.107081+00:00,2026-09-10 17:12:25.106335+00:00,2026-09-10 17:12:25.130544+00:00,2026-09-10 17:12:25.130894+00:00,,,,,0.2,24.209,0.746,0.35,26.1,36.481,87.34,CONFIRMED
M02,60176,2026-09-10 17:12:25.223553+00:00,2026-09-10 17:12:25.252281+00:00,2026-09-10 17:12:25.159244+00:00,2026-09-10 17:12:25.160363+00:00,2026-09-10 17:12:25.159407+00:00,2026-09-10 17:12:25.193987+00:00,2026-09-10 17:12:25.194382+00:00,,,,,0.163,34.58,0.9560000000000001,0.395,29.171,28.728,93.03699999999999,CONFIRMED
M02,60177,2026-09-10 17:12:25.271532+00:00,2026-09-10 17:12:25.299253+00:00,2026-09-10 17:12:25.212733+00:00,2026-09-10 17:12:25.213583+00:00,2026-09-10 17:12:25.212914+00:00,2026-09-10 17:12:25.252788+00:00,2026-09-10 17:12:25.253127+00:00,,,,,0.18100000000000002,39.874,0.669,0.339,18.405,27.721,86.52,CONFIRMED
M02,60178,2026-09-10 17:12:25.317660+00:00,2026-09-10 17:12:25.347269+00:00,2026-09-10 17:12:25.266906+00:00,2026-09-10 17:12:25.267499+00:00,2026-09-10 17:12:25.267035+00:00,2026-09-10 17:12:25.299656+00:00,2026-09-10 17:12:25.300043+00:00,,,,,0.129,32.620999999999995,0.464,0.38699999999999996,17.617,29.608999999999998,80.363,CONFIRMED
M02,60179,2026-09-10 17:12:25.366031+00:00,2026-09-10 17:12:25.400266+00:00,2026-09-10 17:12:25.321124+00:00,2026-09-10 17:12:25.321859+00:00,2026-09-10 17:12:25.321231+00:00,2026-09-10 17:12:25.347686+00:00,2026-09-10 17:12:25.347983+00:00,,,,,0.107,26.455,0.628,0.297,18.048000000000002,34.235,79.14200000000001,CONFIRMED
M02,60180,2026-09-10 17:12:25.423549+00:00,2026-09-10 17:12:25.464475+00:00,2026-09-10 17:12:25.373993+00:00,2026-09-10 17:12:25.374687+00:00,2026-09-10 17:12:25.374144+00:00,2026-09-10 17:12:25.400843+00:00,2026-09-10 17:12:25.401216+00:00,,,,,0.15100000000000002,26.699,0.5429999999999999,0.373,22.333,40.925999999999995,90.48200000000001,CONFIRMED
M02,60181,2026-09-10 17:12:25.483598+00:00,2026-09-10 17:12:25.519102+00:00,2026-09-10 17:12:25.427005+00:00,2026-09-10 17:12:25.428423+00:00,2026-09-10 17:12:25.427135+00:00,2026-09-10 17:12:25.465008+00:00,2026-09-10 17:12:25.465356+00:00,,,,,0.12999999999999998,37.873,1.288,0.348,18.242,35.504,92.097,CONFIRMED
M02,60182,2026-09-10 17:12:25.546413+00:00,2026-09-10 17:12:25.584262+00:00,2026-09-10 17:12:25.482453+00:00,2026-09-10 17:12:25.483185+00:00,2026-09-10 17:12:25.482603+00:00,2026-09-10 17:12:25.519725+00:00,2026-09-10 17:12:25.520090+00:00,,,,,0.15,37.122,0.5820000000000001,0.365,26.323,37.849000000000004,101.809,CONFIRMED
M02,60183,2026-09-10 17:12:25.609896+00:00,2026-09-10 17:12:25.647003+00:00,2026-09-10 17:12:25.535661+00:00,2026-09-10 17:12:25.536354+00:00,2026-09-10 17:12:25.535770+00:00,2026-09-10 17:12:25.584874+00:00,2026-09-10 17:12:25.585349+00:00,,,,,0.10900000000000001,49.104,0.584,0.475,24.547,37.107,111.342,CONFIRMED
M02,60184,2026-09-10 17:12:25.670627+00:00,2026-09-10 17:12:25.700003+00:00,2026-09-10 17:12:25.590319+00:00,2026-09-10 17:12:25.591463+00:00,2026-09-10 17:12:25.590496+00:00,2026-09-10 17:12:25.647524+00:00,2026-09-10 17:12:25.647870+00:00,,,,,0.177,57.028000000000006,0.967,0.34600000000000003,22.756999999999998,29.375999999999998,109.684,CONFIRMED
M02,60185,2026-09-10 17:12:25.717252+00:00,2026-09-10 17:12:25.748421+00:00,2026-09-10 17:12:25.644946+00:00,2026-09-10 17:12:25.645875+00:00,2026-09-10 17:12:25.645108+00:00,2026-09-10 17:12:25.700342+00:00,2026-09-10 17:12:25.700606+00:00,,,,,0.162,55.234,0.767,0.264,16.646,31.169,103.475,CONFIRMED
M02,60186,2026-09-10 17:12:25.773959+00:00,2026-09-10 17:12:25.804373+00:00,2026-09-10 17:12:25.699056+00:00,2026-09-10 17:12:25.700192+00:00,2026-09-10 17:12:25.699184+00:00,2026-09-10 17:12:25.749187+00:00,2026-09-10 17:12:25.749653+00:00,,,,,0.128,50.003,1.008,0.46599999999999997,24.306,30.414,105.317,CONFIRMED
M02,60187,2026-09-10 17:12:25.825738+00:00,2026-09-10 17:12:25.855200+00:00,2026-09-10 17:12:25.752802+00:00,2026-09-10 17:12:25.753706+00:00,2026-09-10 17:12:25.752948+00:00,2026-09-10 17:12:25.804866+00:00,2026-09-10 17:12:25.805248+00:00,,,,,0.146,51.918,0.758,0.382,20.490000000000002,29.462,102.398,CONFIRMED
M02,60188,2026-09-10 17:12:25.879895+00:00,2026-09-10 17:12:25.910354+00:00,2026-09-10 17:12:25.806068+00:00,2026-09-10 17:12:25.807391+00:00,2026-09-10 17:12:25.806184+00:00,2026-09-10 17:12:25.855669+00:00,2026-09-10 17:12:25.855974+00:00,,,,,0.116,49.485,1.2069999999999999,0.305,23.921000000000003,30.459,104.286,CONFIRMED
M02,60189,2026-09-10 17:12:25.931042+00:00,2026-09-10 17:12:25.961637+00:00,2026-09-10 17:12:25.860349+00:00,2026-09-10 17:12:25.861922+00:00,2026-09-10 17:12:25.860501+00:00,2026-09-10 17:12:25.910895+00:00,2026-09-10 17:12:25.911237+00:00,,,,,0.152,50.394,1.421,0.342,19.805,30.595000000000002,101.288,CONFIRMED
M02,60190,2026-09-10 17:12:25.982897+00:00,2026-09-10 17:12:26.013544+00:00,2026-09-10 17:12:25.916727+00:00,2026-09-10 17:12:25.918271+00:00,2026-09-10 17:12:25.916895+00:00,2026-09-10 17:12:25.962161+00:00,2026-09-10 17:12:25.962518+00:00,,,,,0.16799999999999998,45.266,1.3760000000000001,0.357,20.379,30.647000000000002,96.81700000000001,CONFIRMED
M02,60191,2026-09-10 17:12:26.035785+00:00,2026-09-10 17:12:26.063542+00:00,2026-09-10 17:12:25.971109+00:00,2026-09-10 17:12:25.972372+00:00,2026-09-10 17:12:25.971298+00:00,2026-09-10 17:12:26.014179+00:00,2026-09-10 17:12:26.014747+00:00,,,,,0.189,42.881,1.074,0.5680000000000001,21.038,27.757,92.433,CONFIRMED
M02,60192,2026-09-10 17:12:26.084389+00:00,2026-09-10 17:12:26.112834+00:00,2026-09-10 17:12:26.023798+00:00,2026-09-10 17:12:26.024612+00:00,2026-09-10 17:12:26.023969+00:00,2026-09-10 17:12:26.063964+00:00,2026-09-10 17:12:26.064253+00:00,,,,,0.171,39.995000000000005,0.643,0.289,20.136000000000003,28.445,89.036,CONFIRMED
M02,60193,2026-09-10 17:12:26.129741+00:00,2026-09-10 17:12:26.169084+00:00,2026-09-10 17:12:26.076431+00:00,2026-09-10 17:12:26.077249+00:00,2026-09-10 17:12:26.076604+00:00,2026-09-10 17:12:26.113186+00:00,2026-09-10 17:12:26.113424+00:00,,,,,0.17300000000000001,36.582,0.6449999999999999,0.23800000000000002,16.317,39.343,92.653,CONFIRMED
M02,60194,2026-09-10 17:12:26.190409+00:00,2026-09-10 17:12:26.225514+00:00,2026-09-10 17:12:26.129101+00:00,2026-09-10 17:12:26.130353+00:00,2026-09-10 17:12:26.129259+00:00,2026-09-10 17:12:26.169667+00:00,2026-09-10 17:12:26.170113+00:00,,,,,0.158,40.408,1.0939999999999999,0.446,20.296000000000003,35.105,96.413,CONFIRMED
M02,60195,2026-09-10 17:12:26.243042+00:00,2026-09-10 17:12:26.270380+00:00,2026-09-10 17:12:26.184153+00:00,2026-09-10 17:12:26.186363+00:00,2026-09-10 17:12:26.184273+00:00,2026-09-10 17:12:26.225835+00:00,2026-09-10 17:12:26.226063+00:00,,,,,0.12000000000000001,41.562000000000005,2.09,0.228,16.979000000000003,27.338,86.227,CONFIRMED
M02,60196,2026-09-10 17:12:26.290697+00:00,2026-09-10 17:12:26.323289+00:00,2026-09-10 17:12:26.240204+00:00,2026-09-10 17:12:26.240795+00:00,2026-09-10 17:12:26.240338+00:00,2026-09-10 17:12:26.270914+00:00,2026-09-10 17:12:26.271348+00:00,,,,,0.134,30.576,0.457,0.434,19.349,32.592000000000006,83.08500000000001,CONFIRMED
M02,60197,2026-09-10 17:12:26.339618+00:00,2026-09-10 17:12:26.378802+00:00,2026-09-10 17:12:26.292520+00:00,2026-09-10 17:12:26.293721+00:00,2026-09-10 17:12:26.292683+00:00,2026-09-10 17:12:26.323672+00:00,2026-09-10 17:12:26.323960+00:00,,,,,0.163,30.989,1.038,0.28800000000000003,15.657999999999998,39.184,86.282,CONFIRMED
M02,60198,2026-09-10 17:12:26.397792+00:00,2026-09-10 17:12:26.428870+00:00,2026-09-10 17:12:26.349423+00:00,2026-09-10 17:12:26.351368+00:00,2026-09-10 17:12:26.349589+00:00,2026-09-10 17:12:26.379251+00:00,2026-09-10 17:12:26.379574+00:00,,,,,0.166,29.662000000000003,1.779,0.323,18.218,31.078000000000003,79.447,CONFIRMED
M02,60199,2026-09-10 17:12:26.458496+00:00,2026-09-10 17:12:26.487994+00:00,2026-09-10 17:12:26.404453+00:00,2026-09-10 17:12:26.405225+00:00,2026-09-10 17:12:26.404621+00:00,2026-09-10 17:12:26.429421+00:00,2026-09-10 17:12:26.429818+00:00,,,,,0.16799999999999998,24.8,0.6040000000000001,0.397,28.677999999999997,29.498,83.54100000000001,CONFIRMED
M02,60200,2026-09-10 17:12:26.506491+00:00,2026-09-10 17:12:26.535021+00:00,2026-09-10 17:12:26.457231+00:00,2026-09-10 17:12:26.457999+00:00,2026-09-10 17:12:26.457368+00:00,2026-09-10 17:12:26.488389+00:00,2026-09-10 17:12:26.488640+00:00,,,,,0.13699999999999998,31.021,0.631,0.251,17.851,28.53,77.78999999999999,CONFIRMED
M02,60201,2026-09-10 17:12:26.550040+00:00,2026-09-10 17:12:26.591988+00:00,2026-09-10 17:12:26.510117+00:00,2026-09-10 17:12:26.510859+00:00,2026-09-10 17:12:26.510258+00:00,2026-09-10 17:12:26.535387+00:00,2026-09-10 17:12:26.535652+00:00,,,,,0.14100000000000001,25.128999999999998,0.601,0.265,14.388,41.948,81.871,CONFIRMED
M02,60202,2026-09-10 17:12:26.610691+00:00,2026-09-10 17:12:26.640759+00:00,2026-09-10 17:12:26.562595+00:00,2026-09-10 17:12:26.563445+00:00,2026-09-10 17:12:26.562763+00:00,2026-09-10 17:12:26.592526+00:00,2026-09-10 17:12:26.592880+00:00,,,,,0.16799999999999998,29.763,0.6819999999999999,0.354,17.811,30.068,78.164,CONFIRMED
M02,60203,2026-09-10 17:12:26.658662+00:00,2026-09-10 17:12:26.694483+00:00,2026-09-10 17:12:26.618986+00:00,2026-09-10 17:12:26.622488+00:00,2026-09-10 17:12:26.619181+00:00,2026-09-10 17:12:26.641364+00:00,2026-09-10 17:12:26.641791+00:00,,,,,0.195,22.183,3.307,0.42700000000000005,16.871000000000002,35.821,75.497,CONFIRMED
M02,60204,2026-09-10 17:12:26.710450+00:00,2026-09-10 17:12:26.743088+00:00,2026-09-10 17:12:26.674743+00:00,2026-09-10 17:12:26.675537+00:00,2026-09-10 17:12:26.674891+00:00,2026-09-10 17:12:26.694841+00:00,2026-09-10 17:12:26.695090+00:00,,,,,0.148,19.95,0.646,0.24899999999999997,15.360000000000001,32.638,68.345,CONFIRMED
M02,60205,2026-09-10 17:12:26.760475+00:00,2026-09-10 17:12:26.789504+00:00,2026-09-10 17:12:26.727289+00:00,2026-09-10 17:12:26.728111+00:00,2026-09-10 17:12:26.727433+00:00,2026-09-10 17:12:26.743733+00:00,2026-09-10 17:12:26.743990+00:00,,,,,0.14400000000000002,16.299999999999997,0.678,0.257,16.485,29.029,62.214999999999996,CONFIRMED
M02,60206,2026-09-10 17:12:26.813063+00:00,2026-09-10 17:12:26.843473+00:00,2026-09-10 17:12:26.779954+00:00,2026-09-10 17:12:26.780661+00:00,2026-09-10 17:12:26.780143+00:00,2026-09-10 17:12:26.789851+00:00,2026-09-10 17:12:26.790098+00:00,,,,,0.189,9.708,0.518,0.247,22.965,30.41,63.519000000000005,CONFIRMED
M02,60207,2026-09-10 17:12:26.864489+00:00,2026-09-10 17:12:26.901911+00:00,2026-09-10 17:12:26.832840+00:00,2026-09-10 17:12:26.834961+00:00,2026-09-10 17:12:26.833074+00:00,2026-09-10 17:12:26.843939+00:00,2026-09-10 17:12:26.844254+00:00,,,,,0.23399999999999999,10.865,1.887,0.315,20.235,37.422,69.071,CONFIRMED
M02,60208,2026-09-10 17:12:26.921851+00:00,2026-09-10 17:12:26.949701+00:00,2026-09-10 17:12:26.887008+00:00,2026-09-10 17:12:26.887963+00:00,2026-09-10 17:12:26.887274+00:00,2026-09-10 17:12:26.902313+00:00,2026-09-10 17:12:26.902583+00:00,,,,,0.266,15.039,0.6890000000000001,0.27,19.268,27.85,62.693,CONFIRMED
M02,60209,2026-09-10 17:12:26.967090+00:00,2026-09-10 17:12:26.996976+00:00,2026-09-10 17:12:26.940265+00:00,2026-09-10 17:12:26.941084+00:00,2026-09-10 17:12:26.940464+00:00,2026-09-10 17:12:26.950073+00:00,2026-09-10 17:12:26.950311+00:00,,,,,0.199,9.609,0.62,0.23800000000000002,16.779,29.886,56.711,CONFIRMED
M02,60210,2026-09-10 17:12:27.017406+00:00,2026-09-10 17:12:27.051016+00:00,2026-09-10 17:12:26.993159+00:00,2026-09-10 17:12:26.994344+00:00,2026-09-10 17:12:26.993322+00:00,2026-09-10 17:12:26.997516+00:00,2026-09-10 17:12:26.997934+00:00,,,,,0.163,4.194,1.0219999999999998,0.41800000000000004,19.472,33.61,57.857,CONFIRMED
M02,60211,2026-09-10 17:12:27.072851+00:00,2026-09-10 17:12:27.102015+00:00,2026-09-10 17:12:27.046037+00:00,2026-09-10 17:12:27.048129+00:00,2026-09-10 17:12:27.046195+00:00,2026-09-10 17:12:27.051414+00:00,2026-09-10 17:12:27.052114+00:00,,,,,0.158,5.218999999999999,1.934,0.7,20.737,29.163999999999998,55.978,CONFIRMED
M02,60212,2026-09-10 17:12:27.120026+00:00,2026-09-10 17:12:27.149453+00:00,2026-09-10 17:12:27.099844+00:00,2026-09-10 17:12:27.100767+00:00,2026-09-10 17:12:27.099981+00:00,2026-09-10 17:12:27.102411+00:00,2026-09-10 17:12:27.102695+00:00,,,,,0.13699999999999998,2.4299999999999997,0.786,0.28400000000000003,17.331,29.427,49.609,CONFIRMED
M02,60213,2026-09-10 17:12:27.174228+00:00,2026-09-10 17:12:27.201384+00:00,2026-09-10 17:12:27.151804+00:00,2026-09-10 17:12:27.154161+00:00,2026-09-10 17:12:27.152918+00:00,2026-09-10 17:12:27.154036+00:00,2026-09-10 17:12:27.154447+00:00,,,,,1.1139999999999999,1.118,1.2429999999999999,0.41100000000000003,19.781,27.156,49.58,CONFIRMED
M02,60214,2026-09-10 17:12:27.229153+00:00,2026-09-10 17:12:27.258212+00:00,2026-09-10 17:12:27.206430+00:00,2026-09-10 17:12:27.207094+00:00,2026-09-10 17:12:27.206589+00:00,2026-09-10 17:12:27.207290+00:00,2026-09-10 17:12:27.207811+00:00,,,,,0.159,0.7010000000000001,0.505,0.521,21.342,29.059,51.782000000000004,CONFIRMED
M02,60215,2026-09-10 17:12:27.278886+00:00,2026-09-10 17:12:27.307127+00:00,2026-09-10 17:12:27.259694+00:00,2026-09-10 17:12:27.260215+00:00,2026-09-10 17:12:27.259806+00:00,2026-09-10 17:12:27.260286+00:00,2026-09-10 17:12:27.260752+00:00,,,,,0.112,0.48000000000000004,0.40900000000000003,0.46599999999999997,18.134,28.241,47.433,CONFIRMED
M02,60216,2026-09-10 17:12:27.333159+00:00,2026-09-10 17:12:27.361704+00:00,2026-09-10 17:12:27.312340+00:00,2026-09-10 17:12:27.313204+00:00,2026-09-10 17:12:27.312476+00:00,2026-09-10 17:12:27.313145+00:00,2026-09-10 17:12:27.313439+00:00,,,,,0.136,0.669,0.728,0.294,19.720000000000002,28.545,49.364,CONFIRMED
M02,60217,2026-09-10 17:12:27.389031+00:00,2026-09-10 17:12:27.416863+00:00,2026-09-10 17:12:27.367430+00:00,2026-09-10 17:12:27.368088+00:00,2026-09-10 17:12:27.367561+00:00,2026-09-10 17:12:27.368127+00:00,2026-09-10 17:12:27.368509+00:00,,,,,0.131,0.566,0.527,0.382,20.522,27.832,49.433,CONFIRMED
M02,60218,2026-09-10 17:12:27.446447+00:00,2026-09-10 17:12:27.481609+00:00,2026-09-10 17:12:27.423473+00:00,2026-09-10 17:12:27.424180+00:00,2026-09-10 17:12:27.423593+00:00,2026-09-10 17:12:27.424167+00:00,2026-09-10 17:12:27.424527+00:00,,,,,0.12000000000000001,0.574,0.587,0.36000000000000004,21.919999999999998,35.162,58.136,CONFIRMED
M02,60219,2026-09-10 17:12:27.499932+00:00,2026-09-10 17:12:27.529833+00:00,2026-09-10 17:12:27.479109+00:00,2026-09-10 17:12:27.480377+00:00,2026-09-10 17:12:27.479270+00:00,2026-09-10 17:12:27.481933+00:00,2026-09-10 17:12:27.482173+00:00,,,,,0.161,2.663,1.107,0.24000000000000002,17.759,29.901,50.724,CONFIRMED
M02,60220,2026-09-10 17:12:27.554000+00:00,2026-09-10 17:12:27.597646+00:00,2026-09-10 17:12:27.533342+00:00,2026-09-10 17:12:27.534282+00:00,2026-09-10 17:12:27.533553+00:00,2026-09-10 17:12:27.534307+00:00,2026-09-10 17:12:27.534717+00:00,,,,,0.211,0.754,0.7290000000000001,0.41,19.283,43.646,64.304,CONFIRMED
M02,60221,2026-09-10 17:12:27.621622+00:00,2026-09-10 17:12:27.662158+00:00,2026-09-10 17:12:27.590794+00:00,2026-09-10 17:12:27.592486+00:00,2026-09-10 17:12:27.591005+00:00,2026-09-10 17:12:27.598137+00:00,2026-09-10 17:12:27.600213+00:00,,,,,0.211,7.132000000000001,1.4809999999999999,2.076,21.409000000000002,40.536,71.36399999999999,CONFIRMED
M02,60222,2026-09-10 17:12:27.684739+00:00,2026-09-10 17:12:27.717512+00:00,2026-09-10 17:12:27.646518+00:00,2026-09-10 17:12:27.647768+00:00,2026-09-10 17:12:27.646723+00:00,2026-09-10 17:12:27.662696+00:00,2026-09-10 17:12:27.663087+00:00,,,,,0.205,15.973,1.045,0.391,21.652,32.772999999999996,70.994,CONFIRMED
M02,60223,2026-09-10 17:12:27.734673+00:00,2026-09-10 17:12:27.764456+00:00,2026-09-10 17:12:27.700282+00:00,2026-09-10 17:12:27.701868+00:00,2026-09-10 17:12:27.700431+00:00,2026-09-10 17:12:27.718078+00:00,2026-09-10 17:12:27.718482+00:00,,,,,0.149,17.647,1.4369999999999998,0.404,16.191,29.783,64.17399999999999,CONFIRMED
M03,60224,2026-09-10 17:12:27.780558+00:00,2026-09-10 17:12:27.811921+00:00,2026-09-10 17:12:27.753747+00:00,2026-09-10 17:12:27.754750+00:00,2026-09-10 17:12:27.753940+00:00,2026-09-10 17:12:27.765042+00:00,2026-09-10 17:12:27.765380+00:00,,,,,0.193,11.102,0.8099999999999999,0.33799999999999997,15.178,31.363000000000003,58.174,CONFIRMED
M03,60225,2026-09-10 17:12:27.827572+00:00,2026-09-10 17:12:27.854987+00:00,2026-09-10 17:12:27.807256+00:00,2026-09-10 17:12:27.808162+00:00,2026-09-10 17:12:27.807360+00:00,2026-09-10 17:12:27.812379+00:00,2026-09-10 17:12:27.812658+00:00,,,,,0.104,5.019,0.8019999999999999,0.279,14.914,27.415,47.731,CONFIRMED
M03,60226,2026-09-10 17:12:27.879143+00:00,2026-09-10 17:12:27.905953+00:00,2026-09-10 17:12:27.861015+00:00,2026-09-10 17:12:27.861625+00:00,2026-09-10 17:12:27.861159+00:00,2026-09-10 17:12:27.861612+00:00,2026-09-10 17:12:27.861903+00:00,,,,,0.14400000000000002,0.453,0.46599999999999997,0.29100000000000004,17.24,26.810000000000002,44.937999999999995,CONFIRMED
M03,60227,2026-09-10 17:12:27.939582+00:00,2026-09-10 17:12:27.971930+00:00,2026-09-10 17:12:27.913548+00:00,2026-09-10 17:12:27.917679+00:00,2026-09-10 17:12:27.914161+00:00,2026-09-10 17:12:27.915004+00:00,2026-09-10 17:12:27.915402+00:00,,,,,0.6130000000000001,0.843,3.518,0.398,24.18,32.348,58.382000000000005,CONFIRMED
M03,60228,2026-09-10 17:12:27.994253+00:00,2026-09-10 17:12:28.030978+00:00,2026-09-10 17:12:27.970052+00:00,2026-09-10 17:12:27.971505+00:00,2026-09-10 17:12:27.970216+00:00,2026-09-10 17:12:27.972328+00:00,2026-09-10 17:12:27.972575+00:00,,,,,0.164,2.112,1.289,0.247,21.678,36.725,60.926,CONFIRMED
M03,60229,2026-09-10 17:12:28.053064+00:00,2026-09-10 17:12:28.087274+00:00,2026-09-10 17:12:28.025639+00:00,2026-09-10 17:12:28.028501+00:00,2026-09-10 17:12:28.025903+00:00,2026-09-10 17:12:28.031505+00:00,2026-09-10 17:12:28.031914+00:00,,,,,0.264,5.602,2.598,0.40900000000000003,21.15,34.21,61.635000000000005,CONFIRMED
M03,60230,2026-09-10 17:12:28.111570+00:00,2026-09-10 17:12:28.137563+00:00,2026-09-10 17:12:28.080252+00:00,2026-09-10 17:12:28.081090+00:00,2026-09-10 17:12:28.080417+00:00,2026-09-10 17:12:28.087781+00:00,2026-09-10 17:12:28.088155+00:00,,,,,0.165,7.364,0.673,0.374,23.415,25.993,57.311,CONFIRMED
M03,60231,2026-09-10 17:12:28.158000+00:00,2026-09-10 17:12:28.188804+00:00,2026-09-10 17:12:28.133980+00:00,2026-09-10 17:12:28.134698+00:00,2026-09-10 17:12:28.134118+00:00,2026-09-10 17:12:28.137973+00:00,2026-09-10 17:12:28.138223+00:00,,,,,0.13799999999999998,3.855,0.58,0.25,19.777,30.804000000000002,54.824,CONFIRMED
M03,60232,2026-09-10 17:12:28.211776+00:00,2026-09-10 17:12:28.239494+00:00,2026-09-10 17:12:28.186863+00:00,2026-09-10 17:12:28.187601+00:00,2026-09-10 17:12:28.186968+00:00,2026-09-10 17:12:28.189192+00:00,2026-09-10 17:12:28.189423+00:00,,,,,0.10500000000000001,2.2239999999999998,0.633,0.231,22.353,27.718,52.631,CONFIRMED
M03,60233,2026-09-10 17:12:28.257089+00:00,2026-09-10 17:12:28.285109+00:00,2026-09-10 17:12:28.239264+00:00,2026-09-10 17:12:28.240023+00:00,2026-09-10 17:12:28.239373+00:00,2026-09-10 17:12:28.239984+00:00,2026-09-10 17:12:28.240344+00:00,,,,,0.10900000000000001,0.611,0.65,0.36000000000000004,16.745,28.02,45.845,CONFIRMED
M03,60234,2026-09-10 17:12:28.310489+00:00,2026-09-10 17:12:28.337538+00:00,2026-09-10 17:12:28.291972+00:00,2026-09-10 17:12:28.292600+00:00,2026-09-10 17:12:28.292082+00:00,2026-09-10 17:12:28.292517+00:00,2026-09-10 17:12:28.292941+00:00,,,,,0.11,0.435,0.518,0.424,17.548000000000002,27.049,45.566,CONFIRMED
M03,60235,2026-09-10 17:12:28.370871+00:00,2026-09-10 17:12:28.398645+00:00,2026-09-10 17:12:28.344820+00:00,2026-09-10 17:12:28.345595+00:00,2026-09-10 17:12:28.344947+00:00,2026-09-10 17:12:28.345629+00:00,2026-09-10 17:12:28.345990+00:00,,,,,0.127,0.6819999999999999,0.648,0.361,24.881,27.774,53.824999999999996,CONFIRMED
M03,60236,2026-09-10 17:12:28.417125+00:00,2026-09-10 17:12:28.444780+00:00,2026-09-10 17:12:28.397774+00:00,2026-09-10 17:12:28.398415+00:00,2026-09-10 17:12:28.397891+00:00,2026-09-10 17:12:28.399136+00:00,2026-09-10 17:12:28.399459+00:00,,,,,0.11699999999999999,1.245,0.524,0.323,17.666,27.654999999999998,47.006,CONFIRMED
M03,60237,2026-09-10 17:12:28.471271+00:00,2026-09-10 17:12:28.498452+00:00,2026-09-10 17:12:28.449812+00:00,2026-09-10 17:12:28.450466+00:00,2026-09-10 17:12:28.449967+00:00,2026-09-10 17:12:28.450496+00:00,2026-09-10 17:12:28.450826+00:00,,,,,0.155,0.5289999999999999,0.499,0.33,20.445,27.181,48.64,CONFIRMED
M03,60238,2026-09-10 17:12:28.524713+00:00,2026-09-10 17:12:28.557074+00:00,2026-09-10 17:12:28.502728+00:00,2026-09-10 17:12:28.503340+00:00,2026-09-10 17:12:28.502848+00:00,2026-09-10 17:12:28.503319+00:00,2026-09-10 17:12:28.503673+00:00,,,,,0.12000000000000001,0.47100000000000003,0.49200000000000005,0.354,21.04,32.361000000000004,54.346,CONFIRMED
M03,60239,2026-09-10 17:12:28.586984+00:00,2026-09-10 17:12:28.613642+00:00,2026-09-10 17:12:28.560104+00:00,2026-09-10 17:12:28.561111+00:00,2026-09-10 17:12:28.560230+00:00,2026-09-10 17:12:28.561030+00:00,2026-09-10 17:12:28.561421+00:00,,,,,0.126,0.8,0.8809999999999999,0.391,25.563,26.658,53.538000000000004,CONFIRMED
M03,60240,2026-09-10 17:12:28.639996+00:00,2026-09-10 17:12:28.683750+00:00,2026-09-10 17:12:28.613600+00:00,2026-09-10 17:12:28.614607+00:00,2026-09-10 17:12:28.613775+00:00,2026-09-10 17:12:28.614546+00:00,2026-09-10 17:12:28.614800+00:00,,,,,0.175,0.771,0.832,0.254,25.195999999999998,43.754,70.15,CONFIRMED
M03,60241,2026-09-10 17:12:28.709559+00:00,2026-09-10 17:12:28.739565+00:00,2026-09-10 17:12:28.667475+00:00,2026-09-10 17:12:28.669075+00:00,2026-09-10 17:12:28.667847+00:00,2026-09-10 17:12:28.684544+00:00,2026-09-10 17:12:28.684918+00:00,,,,,0.372,16.697,1.228,0.374,24.641,30.006,72.09,CONFIRMED
M03,60242,2026-09-10 17:12:28.755045+00:00,2026-09-10 17:12:28.784375+00:00,2026-09-10 17:12:28.723112+00:00,2026-09-10 17:12:28.723814+00:00,2026-09-10 17:12:28.723280+00:00,2026-09-10 17:12:28.740075+00:00,2026-09-10 17:12:28.740392+00:00,,,,,0.16799999999999998,16.795,0.5339999999999999,0.317,14.652999999999999,29.33,61.263,CONFIRMED
M03,60243,2026-09-10 17:12:28.804282+00:00,2026-09-10 17:12:28.831311+00:00,2026-09-10 17:12:28.775745+00:00,2026-09-10 17:12:28.776489+00:00,2026-09-10 17:12:28.775945+00:00,2026-09-10 17:12:28.785174+00:00,2026-09-10 17:12:28.785920+00:00,,,,,0.2,9.229,0.544,0.746,18.362,27.029,55.565999999999995,CONFIRMED
M03,60244,2026-09-10 17:12:28.846857+00:00,2026-09-10 17:12:28.873590+00:00,2026-09-10 17:12:28.828796+00:00,2026-09-10 17:12:28.829796+00:00,2026-09-10 17:12:28.828955+00:00,2026-09-10 17:12:28.831871+00:00,2026-09-10 17:12:28.832279+00:00,,,,,0.159,2.9160000000000004,0.841,0.408,14.578000000000001,26.733,44.794,CONFIRMED
M03,60245,2026-09-10 17:12:28.922415+00:00,2026-09-10 17:12:28.952319+00:00,2026-09-10 17:12:28.882181+00:00,2026-09-10 17:12:28.883071+00:00,2026-09-10 17:12:28.882331+00:00,2026-09-10 17:12:28.890522+00:00,2026-09-10 17:12:28.891176+00:00,,,,,0.15,8.191,0.74,0.6539999999999999,31.239,29.904,70.138,CONFIRMED
M03,60246,2026-09-10 17:12:28.981584+00:00,2026-09-10 17:12:29.009674+00:00,2026-09-10 17:12:28.942397+00:00,2026-09-10 17:12:28.946072+00:00,2026-09-10 17:12:28.942539+00:00,2026-09-10 17:12:28.952985+00:00,2026-09-10 17:12:28.953262+00:00,,,,,0.14200000000000002,10.446,3.533,0.277,28.322,28.09,67.277,CONFIRMED
M03,60247,2026-09-10 17:12:29.026595+00:00,2026-09-10 17:12:29.055845+00:00,2026-09-10 17:12:28.999005+00:00,2026-09-10 17:12:29.003054+00:00,2026-09-10 17:12:28.999157+00:00,2026-09-10 17:12:29.009996+00:00,2026-09-10 17:12:29.010219+00:00,,,,,0.152,10.839,3.897,0.223,16.376,29.25,56.84,CONFIRMED
M03,60248,2026-09-10 17:12:29.077766+00:00,2026-09-10 17:12:29.108307+00:00,2026-09-10 17:12:29.055282+00:00,2026-09-10 17:12:29.055903+00:00,2026-09-10 17:12:29.055380+00:00,2026-09-10 17:12:29.056160+00:00,2026-09-10 17:12:29.056815+00:00,,,,,0.098,0.78,0.523,0.655,20.951,30.541,53.025000000000006,CONFIRMED
M03,60249,2026-09-10 17:12:29.128069+00:00,2026-09-10 17:12:29.160059+00:00,2026-09-10 17:12:29.107615+00:00,2026-09-10 17:12:29.108262+00:00,2026-09-10 17:12:29.107727+00:00,2026-09-10 17:12:29.108835+00:00,2026-09-10 17:12:29.109165+00:00,,,,,0.112,1.108,0.535,0.33,18.904,31.99,52.443999999999996,CONFIRMED
M03,60250,2026-09-10 17:12:29.191888+00:00,2026-09-10 17:12:29.256178+00:00,2026-09-10 17:12:29.160393+00:00,2026-09-10 17:12:29.161135+00:00,2026-09-10 17:12:29.160539+00:00,2026-09-10 17:12:29.162241+00:00,2026-09-10 17:12:29.162646+00:00,,,,,0.146,1.702,0.596,0.40499999999999997,29.242,64.29,95.785,CONFIRMED
M03,60251,2026-09-10 17:12:29.275903+00:00,2026-09-10 17:12:29.307785+00:00,2026-09-10 17:12:29.219540+00:00,2026-09-10 17:12:29.252420+00:00,2026-09-10 17:12:29.219723+00:00,2026-09-10 17:12:29.256606+00:00,2026-09-10 17:12:29.256938+00:00,,,,,0.183,36.882999999999996,32.696999999999996,0.332,18.965,31.882,88.245,CONFIRMED
M03,60252,2026-09-10 17:12:29.328378+00:00,2026-09-10 17:12:29.361967+00:00,2026-09-10 17:12:29.304799+00:00,2026-09-10 17:12:29.308201+00:00,2026-09-10 17:12:29.304993+00:00,2026-09-10 17:12:29.308786+00:00,2026-09-10 17:12:29.309178+00:00,,,,,0.194,3.793,3.2079999999999997,0.392,19.2,33.589,57.168,CONFIRMED
M03,60253,2026-09-10 17:12:29.389560+00:00,2026-09-10 17:12:29.420356+00:00,2026-09-10 17:12:29.363984+00:00,2026-09-10 17:12:29.364607+00:00,2026-09-10 17:12:29.364115+00:00,2026-09-10 17:12:29.364673+00:00,2026-09-10 17:12:29.365070+00:00,,,,,0.131,0.558,0.49200000000000005,0.397,24.490000000000002,30.796,56.372,CONFIRMED
M03,60254,2026-09-10 17:12:29.440099+00:00,2026-09-10 17:12:29.470964+00:00,2026-09-10 17:12:29.416451+00:00,2026-09-10 17:12:29.418803+00:00,2026-09-10 17:12:29.416610+00:00,2026-09-10 17:12:29.421232+00:00,2026-09-10 17:12:29.421567+00:00,,,,,0.159,4.622,2.193,0.335,18.532,30.865,54.513,CONFIRMED
M03,60255,2026-09-10 17:12:29.491061+00:00,2026-09-10 17:12:29.521313+00:00,2026-09-10 17:12:29.474047+00:00,2026-09-10 17:12:29.474716+00:00,2026-09-10 17:12:29.474178+00:00,2026-09-10 17:12:29.474674+00:00,2026-09-10 17:12:29.474934+00:00,,,,,0.131,0.496,0.5379999999999999,0.25999999999999995,16.127,30.252000000000002,47.266000000000005,CONFIRMED
M03,60256,2026-09-10 17:12:29.548417+00:00,2026-09-10 17:12:29.578530+00:00,2026-09-10 17:12:29.526826+00:00,2026-09-10 17:12:29.528525+00:00,2026-09-10 17:12:29.526979+00:00,2026-09-10 17:12:29.528538+00:00,2026-09-10 17:12:29.529101+00:00,,,,,0.153,1.5590000000000002,1.546,0.5630000000000001,19.316,30.113,51.704,CONFIRMED
M03,60257,2026-09-10 17:12:29.619956+00:00,2026-09-10 17:12:29.666306+00:00,2026-09-10 17:12:29.580923+00:00,2026-09-10 17:12:29.581518+00:00,2026-09-10 17:12:29.581052+00:00,2026-09-10 17:12:29.581615+00:00,2026-09-10 17:12:29.582046+00:00,,,,,0.129,0.5630000000000001,0.46599999999999997,0.431,37.91,46.35,85.383,CONFIRMED
M03,60258,2026-09-10 17:12:29.700794+00:00,2026-09-10 17:12:29.737008+00:00,2026-09-10 17:12:29.636635+00:00,2026-09-10 17:12:29.637815+00:00,2026-09-10 17:12:29.636794+00:00,2026-09-10 17:12:29.666708+00:00,2026-09-10 17:12:29.667017+00:00,,,,,0.159,29.913999999999998,1.021,0.309,33.777,36.214000000000006,100.373,CONFIRMED
M03,60259,2026-09-10 17:12:29.755305+00:00,2026-09-10 17:12:29.789697+00:00,2026-09-10 17:12:29.690007+00:00,2026-09-10 17:12:29.690785+00:00,2026-09-10 17:12:29.690111+00:00,2026-09-10 17:12:29.737598+00:00,2026-09-10 17:12:29.738116+00:00,,,,,0.104,47.487,0.674,0.518,17.189,34.391999999999996,99.69,CONFIRMED
M03,60260,2026-09-10 17:12:29.810501+00:00,2026-09-10 17:12:29.838586+00:00,2026-09-10 17:12:29.744101+00:00,2026-09-10 17:12:29.747248+00:00,2026-09-10 17:12:29.744260+00:00,2026-09-10 17:12:29.790362+00:00,2026-09-10 17:12:29.790756+00:00,,,,,0.159,46.102,2.988,0.39399999999999996,19.744999999999997,28.084999999999997,94.485,CONFIRMED
M03,60261,2026-09-10 17:12:29.858861+00:00,2026-09-10 17:12:29.897585+00:00,2026-09-10 17:12:29.803290+00:00,2026-09-10 17:12:29.804327+00:00,2026-09-10 17:12:29.803464+00:00,2026-09-10 17:12:29.839484+00:00,2026-09-10 17:12:29.839926+00:00,,,,,0.174,36.02,0.8630000000000001,0.442,18.935,38.724000000000004,94.295,CONFIRMED
M03,60262,2026-09-10 17:12:29.917217+00:00,2026-09-10 17:12:29.952531+00:00,2026-09-10 17:12:29.858884+00:00,2026-09-10 17:12:29.859820+00:00,2026-09-10 17:12:29.859022+00:00,2026-09-10 17:12:29.898125+00:00,2026-09-10 17:12:29.898514+00:00,,,,,0.13799999999999998,39.103,0.798,0.389,18.703,35.314,93.64699999999999,CONFIRMED
M03,60263,2026-09-10 17:12:29.973472+00:00,2026-09-10 17:12:30.003647+00:00,2026-09-10 17:12:29.911455+00:00,2026-09-10 17:12:29.912265+00:00,2026-09-10 17:12:29.911644+00:00,2026-09-10 17:12:29.952936+00:00,2026-09-10 17:12:29.953186+00:00,,,,,0.189,41.292,0.621,0.25,20.285999999999998,30.175,92.192,CONFIRMED
M03,60264,2026-09-10 17:12:30.019963+00:00,2026-09-10 17:12:30.049892+00:00,2026-09-10 17:12:29.966204+00:00,2026-09-10 17:12:29.966954+00:00,2026-09-10 17:12:29.966386+00:00,2026-09-10 17:12:30.004143+00:00,2026-09-10 17:12:30.004518+00:00,,,,,0.182,37.757,0.5680000000000001,0.375,15.445,29.929000000000002,83.688,CONFIRMED
M03,60265,2026-09-10 17:12:30.068414+00:00,2026-09-10 17:12:30.096373+00:00,2026-09-10 17:12:30.020419+00:00,2026-09-10 17:12:30.023282+00:00,2026-09-10 17:12:30.020528+00:00,2026-09-10 17:12:30.050409+00:00,2026-09-10 17:12:30.050792+00:00,,,,,0.10900000000000001,29.881,2.754,0.383,17.622,27.959,75.954,CONFIRMED
M03,60266,2026-09-10 17:12:30.117578+00:00,2026-09-10 17:12:30.148630+00:00,2026-09-10 17:12:30.076314+00:00,2026-09-10 17:12:30.078984+00:00,2026-09-10 17:12:30.076431+00:00,2026-09-10 17:12:30.096928+00:00,2026-09-10 17:12:30.097315+00:00,,,,,0.11699999999999999,20.497,2.553,0.38699999999999996,20.262999999999998,31.052,72.316,CONFIRMED
M03,60267,2026-09-10 17:12:30.169461+00:00,2026-09-10 17:12:30.198103+00:00,2026-09-10 17:12:30.130785+00:00,2026-09-10 17:12:30.131449+00:00,2026-09-10 17:12:30.130926+00:00,2026-09-10 17:12:30.149136+00:00,2026-09-10 17:12:30.149482+00:00,,,,,0.14100000000000001,18.21,0.523,0.34600000000000003,19.979,28.642,67.318,CONFIRMED
M03,60268,2026-09-10 17:12:30.215181+00:00,2026-09-10 17:12:30.242148+00:00,2026-09-10 17:12:30.183832+00:00,2026-09-10 17:12:30.184644+00:00,2026-09-10 17:12:30.183984+00:00,2026-09-10 17:12:30.198528+00:00,2026-09-10 17:12:30.198821+00:00,,,,,0.152,14.544,0.66,0.29300000000000004,16.36,26.967000000000002,58.316,CONFIRMED
M03,60269,2026-09-10 17:12:30.259015+00:00,2026-09-10 17:12:30.288291+00:00,2026-09-10 17:12:30.236312+00:00,2026-09-10 17:12:30.237225+00:00,2026-09-10 17:12:30.236457+00:00,2026-09-10 17:12:30.242472+00:00,2026-09-10 17:12:30.242725+00:00,,,,,0.145,6.015000000000001,0.768,0.253,16.29,29.276,51.979,CONFIRMED
M03,60270,2026-09-10 17:12:30.309856+00:00,2026-09-10 17:12:30.342304+00:00,2026-09-10 17:12:30.288923+00:00,2026-09-10 17:12:30.289701+00:00,2026-09-10 17:12:30.289001+00:00,2026-09-10 17:12:30.289496+00:00,2026-09-10 17:12:30.289827+00:00,,,,,0.078,0.495,0.7,0.331,20.029,32.448,53.381,CONFIRMED
M03,60271,2026-09-10 17:12:30.365974+00:00,2026-09-10 17:12:30.396044+00:00,2026-09-10 17:12:30.341669+00:00,2026-09-10 17:12:30.342578+00:00,2026-09-10 17:12:30.341802+00:00,2026-09-10 17:12:30.342855+00:00,2026-09-10 17:12:30.343208+00:00,,,,,0.133,1.053,0.776,0.35300000000000004,22.766000000000002,30.07,54.375,CONFIRMED
M03,60272,2026-09-10 17:12:30.417830+00:00,2026-09-10 17:12:30.445408+00:00,2026-09-10 17:12:30.394735+00:00,2026-09-10 17:12:30.397834+00:00,2026-09-10 17:12:30.394848+00:00,2026-09-10 17:12:30.396595+00:00,2026-09-10 17:12:30.396990+00:00,,,,,0.11299999999999999,1.747,2.9859999999999998,0.395,20.84,27.578,50.673,CONFIRMED
M03,60273,2026-09-10 17:12:30.473330+00:00,2026-09-10 17:12:30.499328+00:00,2026-09-10 17:12:30.450160+00:00,2026-09-10 17:12:30.450795+00:00,2026-09-10 17:12:30.450278+00:00,2026-09-10 17:12:30.450828+00:00,2026-09-10 17:12:30.451217+00:00,,,,,0.118,0.55,0.517,0.389,22.113,25.998,49.168000000000006,CONFIRMED
M03,60274,2026-09-10 17:12:30.528831+00:00,2026-09-10 17:12:30.557623+00:00,2026-09-10 17:12:30.504908+00:00,2026-09-10 17:12:30.505970+00:00,2026-09-10 17:12:30.505047+00:00,2026-09-10 17:12:30.505523+00:00,2026-09-10 17:12:30.505833+00:00,,,,,0.13899999999999998,0.47600000000000003,0.923,0.31,22.998,28.792,52.714999999999996,CONFIRMED
M03,60275,2026-09-10 17:12:30.573490+00:00,2026-09-10 17:12:30.599827+00:00,2026-09-10 17:12:30.557472+00:00,2026-09-10 17:12:30.558321+00:00,2026-09-10 17:12:30.557594+00:00,2026-09-10 17:12:30.558117+00:00,2026-09-10 17:12:30.558399+00:00,,,,,0.122,0.523,0.727,0.28200000000000003,15.091000000000001,26.337,42.355,CONFIRMED
M03,60276,2026-09-10 17:12:30.634782+00:00,2026-09-10 17:12:30.660131+00:00,2026-09-10 17:12:30.610093+00:00,2026-09-10 17:12:30.610832+00:00,2026-09-10 17:12:30.610256+00:00,2026-09-10 17:12:30.610848+00:00,2026-09-10 17:12:30.611117+00:00,,,,,0.163,0.592,0.5760000000000001,0.26899999999999996,23.665,25.349,50.038,CONFIRMED
M03,60277,2026-09-10 17:12:30.696054+00:00,2026-09-10 17:12:30.730766+00:00,2026-09-10 17:12:30.663276+00:00,2026-09-10 17:12:30.664078+00:00,2026-09-10 17:12:30.663382+00:00,2026-09-10 17:12:30.664659+00:00,2026-09-10 17:12:30.665284+00:00,,,,,0.106,1.277,0.696,0.625,30.77,34.712,67.49,CONFIRMED
