machine,sequence,BLOCKCHAIN_SUBMITTED,CONFIRMED,CREATED,MQTT_ACKNOWLEDGED,MQTT_SUBMITTED,RECEIVED,VALIDATED,MQTT_FAILED,SECURITY_REJECTED,BLOCKCHAIN_REJECTED,BLOCKCHAIN_FAILED,latency_creation_mqtt_ms,latency_mqtt_ms,latency_mqtt_ack_ms,latency_validation_ms,latency_edge_ms,latency_blockchain_ms,latency_total_ms,final_status
M01,62310,2026-09-10 17:23:22.142352+00:00,2026-09-10 17:23:22.203293+00:00,2026-09-10 17:23:22.085332+00:00,2026-09-10 17:23:22.087393+00:00,2026-09-10 17:23:22.085516+00:00,2026-09-10 17:23:22.087724+00:00,2026-09-10 17:23:22.089812+00:00,,,,,0.184,2.2079999999999997,1.877,2.088,52.540000000000006,60.941,117.961,CONFIRMED
M01,62311,2026-09-10 17:23:22.243800+00:00,2026-09-10 17:23:22.288609+00:00,2026-09-10 17:23:22.116999+00:00,2026-09-10 17:23:22.118011+00:00,2026-09-10 17:23:22.117375+00:00,2026-09-10 17:23:22.204498+00:00,2026-09-10 17:23:22.205007+00:00,,,,,0.376,87.123,0.636,0.509,38.793,44.809000000000005,171.61,CONFIRMED
M01,62312,2026-09-10 17:23:22.323311+00:00,2026-09-10 17:23:22.379211+00:00,2026-09-10 17:23:22.145746+00:00,2026-09-10 17:23:22.146764+00:00,2026-09-10 17:23:22.145912+00:00,2026-09-10 17:23:22.289958+00:00,2026-09-10 17:23:22.290762+00:00,,,,,0.166,144.04600000000002,0.852,0.804,32.549,55.9,233.465,CONFIRMED
M01,62313,2026-09-10 17:23:22.414545+00:00,2026-09-10 17:23:22.462383+00:00,2026-09-10 17:23:22.176360+00:00,2026-09-10 17:23:22.177621+00:00,2026-09-10 17:23:22.176546+00:00,2026-09-10 17:23:22.379902+00:00,2026-09-10 17:23:22.380413+00:00,,,,,0.186,203.35600000000002,1.075,0.5109999999999999,34.132000000000005,47.838,286.023,CONFIRMED
M01,62314,2026-09-10 17:23:22.494843+00:00,2026-09-10 17:23:22.542847+00:00,2026-09-10 17:23:22.208752+00:00,2026-09-10 17:23:22.209433+00:00,2026-09-10 17:23:22.208888+00:00,2026-09-10 17:23:22.463059+00:00,2026-09-10 17:23:22.463441+00:00,,,,,0.136,254.171,0.545,0.382,31.402,48.004,334.09499999999997,CONFIRMED
M01,62315,2026-09-10 17:23:22.573118+00:00,2026-09-10 17:23:22.615275+00:00,2026-09-10 17:23:22.241224+00:00,2026-09-10 17:23:22.242279+00:00,2026-09-10 17:23:22.241462+00:00,2026-09-10 17:23:22.543397+00:00,2026-09-10 17:23:22.543797+00:00,,,,,0.23800000000000002,301.935,0.8170000000000001,0.4,29.321,42.157,374.05100000000004,CONFIRMED
M01,62316,2026-09-10 17:23:22.648198+00:00,2026-09-10 17:23:22.704577+00:00,2026-09-10 17:23:22.269459+00:00,2026-09-10 17:23:22.271008+00:00,2026-09-10 17:23:22.269610+00:00,2026-09-10 17:23:22.616214+00:00,2026-09-10 17:23:22.616722+00:00,,,,,0.15100000000000002,346.60400000000004,1.398,0.508,31.475999999999996,56.379,435.118,CONFIRMED
M01,62317,2026-09-10 17:23:22.730706+00:00,2026-09-10 17:23:22.779222+00:00,2026-09-10 17:23:22.300422+00:00,2026-09-10 17:23:22.301351+00:00,2026-09-10 17:23:22.300650+00:00,2026-09-10 17:23:22.705306+00:00,2026-09-10 17:23:22.705737+00:00,,,,,0.228,404.656,0.7010000000000001,0.431,24.969,48.516,478.8,CONFIRMED
M01,62318,2026-09-10 17:23:22.815917+00:00,2026-09-10 17:23:22.867161+00:00,2026-09-10 17:23:22.330028+00:00,2026-09-10 17:23:22.331313+00:00,2026-09-10 17:23:22.330175+00:00,2026-09-10 17:23:22.779980+00:00,2026-09-10 17:23:22.780386+00:00,,,,,0.147,449.805,1.138,0.406,35.531,51.244,537.1329999999999,CONFIRMED
M01,62319,2026-09-10 17:23:22.895056+00:00,2026-09-10 17:23:22.942921+00:00,2026-09-10 17:23:22.360458+00:00,2026-09-10 17:23:22.363777+00:00,2026-09-10 17:23:22.360622+00:00,2026-09-10 17:23:22.867939+00:00,2026-09-10 17:23:22.868497+00:00,,,,,0.164,507.317,3.155,0.558,26.558999999999997,47.864999999999995,582.463,CONFIRMED
M01,62320,2026-09-10 17:23:22.981325+00:00,2026-09-10 17:23:23.063888+00:00,2026-09-10 17:23:22.397702+00:00,2026-09-10 17:23:22.399202+00:00,2026-09-10 17:23:22.397909+00:00,2026-09-10 17:23:22.943813+00:00,2026-09-10 17:23:22.944356+00:00,,,,,0.207,545.904,1.2930000000000001,0.5429999999999999,36.969,82.563,666.1859999999999,CONFIRMED
M01,62321,2026-09-10 17:23:23.174216+00:00,2026-09-10 17:23:23.230809+00:00,2026-09-10 17:23:22.429107+00:00,2026-09-10 17:23:22.430746+00:00,2026-09-10 17:23:22.429277+00:00,2026-09-10 17:23:23.064537+00:00,2026-09-10 17:23:23.065015+00:00,,,,,0.17,635.26,1.469,0.47800000000000004,109.20100000000001,56.592999999999996,801.702,CONFIRMED
M01,62322,2026-09-10 17:23:23.258199+00:00,2026-09-10 17:23:23.303668+00:00,2026-09-10 17:23:22.459839+00:00,2026-09-10 17:23:22.463939+00:00,2026-09-10 17:23:22.459981+00:00,2026-09-10 17:23:23.231611+00:00,2026-09-10 17:23:23.232040+00:00,,,,,0.14200000000000002,771.63,3.9579999999999997,0.429,26.159000000000002,45.469,843.8290000000001,CONFIRMED
M01,62323,2026-09-10 17:23:23.336953+00:00,2026-09-10 17:23:23.388538+00:00,2026-09-10 17:23:22.491187+00:00,2026-09-10 17:23:22.492878+00:00,2026-09-10 17:23:22.491360+00:00,2026-09-10 17:23:23.304441+00:00,2026-09-10 17:23:23.305310+00:00,,,,,0.17300000000000001,813.081,1.518,0.869,31.642999999999997,51.585,897.351,CONFIRMED
M01,62324,2026-09-10 17:23:23.424076+00:00,2026-09-10 17:23:23.488398+00:00,2026-09-10 17:23:22.520571+00:00,2026-09-10 17:23:22.522483+00:00,2026-09-10 17:23:22.521057+00:00,2026-09-10 17:23:23.390344+00:00,2026-09-10 17:23:23.390938+00:00,,,,,0.486,869.287,1.426,0.594,33.138,64.322,967.827,CONFIRMED
M01,62325,2026-09-10 17:23:23.520478+00:00,2026-09-10 17:23:23.567426+00:00,2026-09-10 17:23:22.551106+00:00,2026-09-10 17:23:22.552057+00:00,2026-09-10 17:23:22.551235+00:00,2026-09-10 17:23:23.489823+00:00,2026-09-10 17:23:23.490267+00:00,,,,,0.129,938.588,0.8220000000000001,0.444,30.211,46.94799999999999,1016.3199999999999,CONFIRMED
M01,62326,2026-09-10 17:23:23.610506+00:00,2026-09-10 17:23:23.655205+00:00,2026-09-10 17:23:22.581193+00:00,2026-09-10 17:23:22.582281+00:00,2026-09-10 17:23:22.581437+00:00,2026-09-10 17:23:23.568306+00:00,2026-09-10 17:23:23.569250+00:00,,,,,0.244,986.869,0.844,0.944,41.256,44.699000000000005,1074.012,CONFIRMED
M01,62327,2026-09-10 17:23:23.691703+00:00,2026-09-10 17:23:23.743311+00:00,2026-09-10 17:23:22.609722+00:00,2026-09-10 17:23:22.610656+00:00,2026-09-10 17:23:22.609894+00:00,2026-09-10 17:23:23.656758+00:00,2026-09-10 17:23:23.657396+00:00,,,,,0.17200000000000001,1046.864,0.762,0.638,34.306999999999995,51.608000000000004,1133.589,CONFIRMED
M01,62328,2026-09-10 17:23:23.774003+00:00,2026-09-10 17:23:23.827338+00:00,2026-09-10 17:23:22.640053+00:00,2026-09-10 17:23:22.644279+00:00,2026-09-10 17:23:22.640511+00:00,2026-09-10 17:23:23.744211+00:00,2026-09-10 17:23:23.744819+00:00,,,,,0.458,1103.6999999999998,3.7680000000000002,0.608,29.184,53.335,1187.2849999999999,CONFIRMED
M01,62329,2026-09-10 17:23:23.869028+00:00,2026-09-10 17:23:23.907026+00:00,2026-09-10 17:23:22.672300+00:00,2026-09-10 17:23:22.674123+00:00,2026-09-10 17:23:22.672486+00:00,2026-09-10 17:23:23.828096+00:00,2026-09-10 17:23:23.828403+00:00,,,,,0.186,1155.6100000000001,1.637,0.307,40.625,37.998,1234.7259999999999,CONFIRMED
M01,62330,2026-09-10 17:23:23.936196+00:00,2026-09-10 17:23:23.988141+00:00,2026-09-10 17:23:22.701760+00:00,2026-09-10 17:23:22.703005+00:00,2026-09-10 17:23:22.701890+00:00,2026-09-10 17:23:23.907830+00:00,2026-09-10 17:23:23.908430+00:00,,,,,0.12999999999999998,1205.94,1.1150000000000002,0.6,27.766,51.945,1286.381,CONFIRMED
M01,62331,2026-09-10 17:23:24.017310+00:00,2026-09-10 17:23:24.068775+00:00,2026-09-10 17:23:22.730379+00:00,2026-09-10 17:23:22.731051+00:00,2026-09-10 17:23:22.730501+00:00,2026-09-10 17:23:23.989522+00:00,2026-09-10 17:23:23.990158+00:00,,,,,0.122,1259.021,0.55,0.636,27.151999999999997,51.464999999999996,1338.396,CONFIRMED
M01,62332,2026-09-10 17:23:24.105517+00:00,2026-09-10 17:23:24.158567+00:00,2026-09-10 17:23:22.758556+00:00,2026-09-10 17:23:22.759661+00:00,2026-09-10 17:23:22.758790+00:00,2026-09-10 17:23:24.069459+00:00,2026-09-10 17:23:24.069879+00:00,,,,,0.23399999999999999,1310.6689999999999,0.871,0.42000000000000004,35.638000000000005,53.05,1400.0110000000002,CONFIRMED
M01,62333,2026-09-10 17:23:24.188217+00:00,2026-09-10 17:23:24.235233+00:00,2026-09-10 17:23:22.787045+00:00,2026-09-10 17:23:22.792524+00:00,2026-09-10 17:23:22.788307+00:00,2026-09-10 17:23:24.159104+00:00,2026-09-10 17:23:24.159565+00:00,,,,,1.262,1370.797,4.2170000000000005,0.46099999999999997,28.652,47.016000000000005,1448.188,CONFIRMED
M01,62334,2026-09-10 17:23:24.263030+00:00,2026-09-10 17:23:24.318019+00:00,2026-09-10 17:23:22.820885+00:00,2026-09-10 17:23:22.822316+00:00,2026-09-10 17:23:22.821127+00:00,2026-09-10 17:23:24.235858+00:00,2026-09-10 17:23:24.236389+00:00,,,,,0.242,1414.731,1.189,0.531,26.641000000000002,54.989000000000004,1497.134,CONFIRMED
M01,62335,2026-09-10 17:23:24.349595+00:00,2026-09-10 17:23:24.406564+00:00,2026-09-10 17:23:22.850323+00:00,2026-09-10 17:23:22.851301+00:00,2026-09-10 17:23:22.850507+00:00,2026-09-10 17:23:24.318843+00:00,2026-09-10 17:23:24.319295+00:00,,,,,0.184,1468.3359999999998,0.794,0.45199999999999996,30.3,56.969,1556.241,CONFIRMED
M01,62336,2026-09-10 17:23:24.436972+00:00,2026-09-10 17:23:24.488003+00:00,2026-09-10 17:23:22.880590+00:00,2026-09-10 17:23:22.882211+00:00,2026-09-10 17:23:22.880793+00:00,2026-09-10 17:23:24.407136+00:00,2026-09-10 17:23:24.407538+00:00,,,,,0.203,1526.343,1.418,0.402,29.433999999999997,51.031,1607.413,CONFIRMED
M01,62337,2026-09-10 17:23:24.524166+00:00,2026-09-10 17:23:24.576734+00:00,2026-09-10 17:23:22.909713+00:00,2026-09-10 17:23:22.910635+00:00,2026-09-10 17:23:22.909879+00:00,2026-09-10 17:23:24.489453+00:00,2026-09-10 17:23:24.490046+00:00,,,,,0.166,1579.574,0.756,0.593,34.12,52.568,1667.0210000000002,CONFIRMED
M01,62338,2026-09-10 17:23:24.607653+00:00,2026-09-10 17:23:24.659606+00:00,2026-09-10 17:23:22.938571+00:00,2026-09-10 17:23:22.940642+00:00,2026-09-10 17:23:22.938715+00:00,2026-09-10 17:23:24.577458+00:00,2026-09-10 17:23:24.577966+00:00,,,,,0.14400000000000002,1638.743,1.9269999999999998,0.508,29.687,51.952999999999996,1721.035,CONFIRMED
M01,62339,2026-09-10 17:23:24.685633+00:00,2026-09-10 17:23:24.728012+00:00,2026-09-10 17:23:22.968326+00:00,2026-09-10 17:23:22.970213+00:00,2026-09-10 17:23:22.968556+00:00,2026-09-10 17:23:24.660124+00:00,2026-09-10 17:23:24.660510+00:00,,,,,0.23,1691.568,1.657,0.386,25.123,42.379,1759.686,CONFIRMED
M01,62340,2026-09-10 17:23:24.761431+00:00,2026-09-10 17:23:24.806808+00:00,2026-09-10 17:23:23.000670+00:00,2026-09-10 17:23:23.002808+00:00,2026-09-10 17:23:23.000962+00:00,2026-09-10 17:23:24.728653+00:00,2026-09-10 17:23:24.729251+00:00,,,,,0.292,1727.691,1.846,0.598,32.18,45.377,1806.138,CONFIRMED
M01,62341,2026-09-10 17:23:24.835857+00:00,2026-09-10 17:23:24.887137+00:00,2026-09-10 17:23:23.036813+00:00,2026-09-10 17:23:23.058448+00:00,2026-09-10 17:23:23.037058+00:00,2026-09-10 17:23:24.807483+00:00,2026-09-10 17:23:24.808045+00:00,,,,,0.245,1770.425,21.39,0.562,27.812,51.28,1850.324,CONFIRMED
M01,62342,2026-09-10 17:23:24.913453+00:00,2026-09-10 17:23:24.962631+00:00,2026-09-10 17:23:23.197117+00:00,2026-09-10 17:23:23.197845+00:00,2026-09-10 17:23:23.197234+00:00,2026-09-10 17:23:24.887906+00:00,2026-09-10 17:23:24.888300+00:00,,,,,0.11699999999999999,1690.672,0.611,0.39399999999999996,25.153,49.178,1765.5140000000001,CONFIRMED
M01,62343,2026-09-10 17:23:24.993935+00:00,2026-09-10 17:23:25.043621+00:00,2026-09-10 17:23:23.251568+00:00,2026-09-10 17:23:23.254418+00:00,2026-09-10 17:23:23.251756+00:00,2026-09-10 17:23:24.963229+00:00,2026-09-10 17:23:24.963683+00:00,,,,,0.188,1711.473,2.662,0.45399999999999996,30.252000000000002,49.686,1792.053,CONFIRMED
M01,62344,2026-09-10 17:23:25.071070+00:00,2026-09-10 17:23:25.123370+00:00,2026-09-10 17:23:23.284432+00:00,2026-09-10 17:23:23.288575+00:00,2026-09-10 17:23:23.284691+00:00,2026-09-10 17:23:25.044237+00:00,2026-09-10 17:23:25.044995+00:00,,,,,0.259,1759.546,3.884,0.758,26.075,52.3,1838.9379999999999,CONFIRMED
M01,62345,2026-09-10 17:23:25.156658+00:00,2026-09-10 17:23:25.202598+00:00,2026-09-10 17:23:23.317479+00:00,2026-09-10 17:23:23.321499+00:00,2026-09-10 17:23:23.317761+00:00,2026-09-10 17:23:25.124142+00:00,2026-09-10 17:23:25.124744+00:00,,,,,0.28200000000000003,1806.381,3.738,0.602,31.913999999999998,45.940000000000005,1885.119,CONFIRMED
M01,62346,2026-09-10 17:23:25.234868+00:00,2026-09-10 17:23:25.284383+00:00,2026-09-10 17:23:23.350205+00:00,2026-09-10 17:23:23.351451+00:00,2026-09-10 17:23:23.350419+00:00,2026-09-10 17:23:25.203192+00:00,2026-09-10 17:23:25.203715+00:00,,,,,0.214,1852.773,1.032,0.523,31.153,49.515,1934.1779999999999,CONFIRMED
M01,62347,2026-09-10 17:23:25.312517+00:00,2026-09-10 17:23:25.361104+00:00,2026-09-10 17:23:23.379920+00:00,2026-09-10 17:23:23.381556+00:00,2026-09-10 17:23:23.380049+00:00,2026-09-10 17:23:25.285960+00:00,2026-09-10 17:23:25.286608+00:00,,,,,0.129,1905.911,1.5070000000000001,0.648,25.909000000000002,48.586999999999996,1981.1839999999997,CONFIRMED
M01,62348,2026-09-10 17:23:25.394330+00:00,2026-09-10 17:23:25.443738+00:00,2026-09-10 17:23:23.410872+00:00,2026-09-10 17:23:23.412607+00:00,2026-09-10 17:23:23.411111+00:00,2026-09-10 17:23:25.362208+00:00,2026-09-10 17:23:25.362741+00:00,,,,,0.23900000000000002,1951.0969999999998,1.496,0.533,31.589,49.408,2032.8659999999998,CONFIRMED
M01,62349,2026-09-10 17:23:25.474086+00:00,2026-09-10 17:23:25.522631+00:00,2026-09-10 17:23:23.441428+00:00,2026-09-10 17:23:23.442503+00:00,2026-09-10 17:23:23.441645+00:00,2026-09-10 17:23:25.444455+00:00,2026-09-10 17:23:25.445118+00:00,,,,,0.217,2002.8100000000002,0.858,0.6629999999999999,28.968,48.544999999999995,2081.203,CONFIRMED
M01,62350,2026-09-10 17:23:25.543241+00:00,2026-09-10 17:23:25.600842+00:00,2026-09-10 17:23:23.471743+00:00,2026-09-10 17:23:23.474551+00:00,2026-09-10 17:23:23.472146+00:00,2026-09-10 17:23:25.523144+00:00,2026-09-10 17:23:25.523510+00:00,,,,,0.40299999999999997,2050.998,2.405,0.366,19.730999999999998,57.601,2129.099,CONFIRMED
M01,62351,2026-09-10 17:23:25.634053+00:00,2026-09-10 17:23:25.680605+00:00,2026-09-10 17:23:23.503945+00:00,2026-09-10 17:23:23.506458+00:00,2026-09-10 17:23:23.504177+00:00,2026-09-10 17:23:25.601491+00:00,2026-09-10 17:23:25.602375+00:00,,,,,0.232,2097.314,2.281,0.884,31.677999999999997,46.552,2176.66,CONFIRMED
M01,62352,2026-09-10 17:23:25.719301+00:00,2026-09-10 17:23:25.767899+00:00,2026-09-10 17:23:23.539456+00:00,2026-09-10 17:23:23.543551+00:00,2026-09-10 17:23:23.539688+00:00,2026-09-10 17:23:25.681768+00:00,2026-09-10 17:23:25.682275+00:00,,,,,0.232,2142.08,3.863,0.507,37.026,48.598,2228.4429999999998,CONFIRMED
M01,62353,2026-09-10 17:23:25.794676+00:00,2026-09-10 17:23:25.841221+00:00,2026-09-10 17:23:23.572830+00:00,2026-09-10 17:23:23.575878+00:00,2026-09-10 17:23:23.573025+00:00,2026-09-10 17:23:25.768747+00:00,2026-09-10 17:23:25.769127+00:00,,,,,0.195,2195.7219999999998,2.853,0.38,25.549,46.545,2268.3909999999996,CONFIRMED
M01,62354,2026-09-10 17:23:25.881044+00:00,2026-09-10 17:23:25.924781+00:00,2026-09-10 17:23:23.617556+00:00,2026-09-10 17:23:23.619082+00:00,2026-09-10 17:23:23.617720+00:00,2026-09-10 17:23:25.841727+00:00,2026-09-10 17:23:25.842168+00:00,,,,,0.164,2224.007,1.3619999999999999,0.441,38.876,43.736999999999995,2307.225,CONFIRMED
M01,62355,2026-09-10 17:23:25.952009+00:00,2026-09-10 17:23:26.023585+00:00,2026-09-10 17:23:23.646944+00:00,2026-09-10 17:23:23.647934+00:00,2026-09-10 17:23:23.647147+00:00,2026-09-10 17:23:25.925238+00:00,2026-09-10 17:23:25.925697+00:00,,,,,0.203,2278.091,0.787,0.45899999999999996,26.311999999999998,71.57600000000001,2376.641,CONFIRMED
M01,62356,2026-09-10 17:23:26.044897+00:00,2026-09-10 17:23:26.092247+00:00,2026-09-10 17:23:23.677120+00:00,2026-09-10 17:23:23.678596+00:00,2026-09-10 17:23:23.677367+00:00,2026-09-10 17:23:26.023965+00:00,2026-09-10 17:23:26.024242+00:00,,,,,0.247,2346.598,1.229,0.277,20.655,47.35,2415.127,CONFIRMED
M01,62357,2026-09-10 17:23:26.127899+00:00,2026-09-10 17:23:26.181449+00:00,2026-09-10 17:23:23.706275+00:00,2026-09-10 17:23:23.707548+00:00,2026-09-10 17:23:23.706460+00:00,2026-09-10 17:23:26.093108+00:00,2026-09-10 17:23:26.093669+00:00,,,,,0.185,2386.648,1.088,0.5609999999999999,34.23,53.55,2475.174,CONFIRMED
M01,62358,2026-09-10 17:23:26.225494+00:00,2026-09-10 17:23:26.280635+00:00,2026-09-10 17:23:23.735457+00:00,2026-09-10 17:23:23.737515+00:00,2026-09-10 17:23:23.735649+00:00,2026-09-10 17:23:26.182209+00:00,2026-09-10 17:23:26.182865+00:00,,,,,0.192,2446.56,1.866,0.656,42.629,55.141000000000005,2545.178,CONFIRMED
M01,62359,2026-09-10 17:23:26.315238+00:00,2026-09-10 17:23:26.360120+00:00,2026-09-10 17:23:23.765640+00:00,2026-09-10 17:23:23.768450+00:00,2026-09-10 17:23:23.765882+00:00,2026-09-10 17:23:26.281259+00:00,2026-09-10 17:23:26.281699+00:00,,,,,0.242,2515.377,2.568,0.44,33.539,44.882,2594.48,CONFIRMED
M01,62360,2026-09-10 17:23:26.399963+00:00,2026-09-10 17:23:26.446394+00:00,2026-09-10 17:23:23.797225+00:00,2026-09-10 17:23:23.798402+00:00,2026-09-10 17:23:23.797404+00:00,2026-09-10 17:23:26.360985+00:00,2026-09-10 17:23:26.361568+00:00,,,,,0.179,2563.581,0.998,0.583,38.394999999999996,46.431,2649.1690000000003,CONFIRMED
M01,62361,2026-09-10 17:23:26.479499+00:00,2026-09-10 17:23:26.533659+00:00,2026-09-10 17:23:23.825235+00:00,2026-09-10 17:23:23.826024+00:00,2026-09-10 17:23:23.825340+00:00,2026-09-10 17:23:26.447184+00:00,2026-09-10 17:23:26.447869+00:00,,,,,0.10500000000000001,2621.844,0.684,0.6849999999999999,31.63,54.16,2708.424,CONFIRMED
M01,62362,2026-09-10 17:23:26.566282+00:00,2026-09-10 17:23:26.637087+00:00,2026-09-10 17:23:23.856722+00:00,2026-09-10 17:23:23.857900+00:00,2026-09-10 17:23:23.857021+00:00,2026-09-10 17:23:26.534587+00:00,2026-09-10 17:23:26.535164+00:00,,,,,0.299,2677.5660000000003,0.879,0.5770000000000001,31.118,70.805,2780.365,CONFIRMED
M01,62363,2026-09-10 17:23:26.675364+00:00,2026-09-10 17:23:26.743598+00:00,2026-09-10 17:23:23.890896+00:00,2026-09-10 17:23:23.892333+00:00,2026-09-10 17:23:23.891830+00:00,2026-09-10 17:23:26.638419+00:00,2026-09-10 17:23:26.640517+00:00,,,,,0.934,2746.589,0.503,2.098,34.847,68.23400000000001,2852.7019999999998,CONFIRMED
M01,62364,2026-09-10 17:23:26.780045+00:00,2026-09-10 17:23:26.836024+00:00,2026-09-10 17:23:23.922424+00:00,2026-09-10 17:23:23.923503+00:00,2026-09-10 17:23:23.922630+00:00,2026-09-10 17:23:26.744182+00:00,2026-09-10 17:23:26.744846+00:00,,,,,0.206,2821.552,0.873,0.664,35.199,55.979,2913.6,CONFIRMED
M01,62365,2026-09-10 17:23:26.881210+00:00,2026-09-10 17:23:26.945024+00:00,2026-09-10 17:23:23.951600+00:00,2026-09-10 17:23:23.952701+00:00,2026-09-10 17:23:23.951789+00:00,2026-09-10 17:23:26.837407+00:00,2026-09-10 17:23:26.837940+00:00,,,,,0.189,2885.618,0.912,0.533,43.27,63.81399999999999,2993.424,CONFIRMED
M01,62366,2026-09-10 17:23:26.980710+00:00,2026-09-10 17:23:27.041710+00:00,2026-09-10 17:23:23.988665+00:00,2026-09-10 17:23:23.990199+00:00,2026-09-10 17:23:23.988822+00:00,2026-09-10 17:23:26.945775+00:00,2026-09-10 17:23:26.946122+00:00,,,,,0.157,2956.953,1.377,0.347,34.588,61.0,3053.045,CONFIRMED
M01,62367,2026-09-10 17:23:27.071154+00:00,2026-09-10 17:23:27.114973+00:00,2026-09-10 17:23:24.019691+00:00,2026-09-10 17:23:24.023153+00:00,2026-09-10 17:23:24.019832+00:00,2026-09-10 17:23:27.042614+00:00,2026-09-10 17:23:27.043172+00:00,,,,,0.14100000000000001,3022.7819999999997,3.321,0.558,27.982,43.818999999999996,3095.282,CONFIRMED
M01,62368,2026-09-10 17:23:27.143035+00:00,2026-09-10 17:23:27.186604+00:00,2026-09-10 17:23:24.051976+00:00,2026-09-10 17:23:24.053634+00:00,2026-09-10 17:23:24.052572+00:00,2026-09-10 17:23:27.115685+00:00,2026-09-10 17:23:27.116209+00:00,,,,,0.596,3063.113,1.062,0.524,26.826,43.568999999999996,3134.628,CONFIRMED
M01,62369,2026-09-10 17:23:27.217252+00:00,2026-09-10 17:23:27.261411+00:00,2026-09-10 17:23:24.082348+00:00,2026-09-10 17:23:24.084142+00:00,2026-09-10 17:23:24.082583+00:00,2026-09-10 17:23:27.187573+00:00,2026-09-10 17:23:27.188004+00:00,,,,,0.235,3104.99,1.5590000000000002,0.431,29.248,44.159,3179.063,CONFIRMED
M01,62370,2026-09-10 17:23:27.295188+00:00,2026-09-10 17:23:27.341032+00:00,2026-09-10 17:23:24.111588+00:00,2026-09-10 17:23:24.112710+00:00,2026-09-10 17:23:24.111803+00:00,2026-09-10 17:23:27.261923+00:00,2026-09-10 17:23:27.262441+00:00,,,,,0.215,3150.12,0.907,0.518,32.747,45.844,3229.444,CONFIRMED
M01,62371,2026-09-10 17:23:27.370995+00:00,2026-09-10 17:23:27.419538+00:00,2026-09-10 17:23:24.141172+00:00,2026-09-10 17:23:24.146041+00:00,2026-09-10 17:23:24.141388+00:00,2026-09-10 17:23:27.341957+00:00,2026-09-10 17:23:27.342449+00:00,,,,,0.216,3200.569,4.653,0.49200000000000005,28.546,48.543000000000006,3278.366,CONFIRMED
M01,62372,2026-09-10 17:23:27.449874+00:00,2026-09-10 17:23:27.491129+00:00,2026-09-10 17:23:24.174929+00:00,2026-09-10 17:23:24.175873+00:00,2026-09-10 17:23:24.175101+00:00,2026-09-10 17:23:27.420329+00:00,2026-09-10 17:23:27.420819+00:00,,,,,0.17200000000000001,3245.228,0.772,0.49,29.055,41.255,3316.2,CONFIRMED
M01,62373,2026-09-10 17:23:27.520425+00:00,2026-09-10 17:23:27.574137+00:00,2026-09-10 17:23:24.206599+00:00,2026-09-10 17:23:24.208953+00:00,2026-09-10 17:23:24.206805+00:00,2026-09-10 17:23:27.491873+00:00,2026-09-10 17:23:27.492347+00:00,,,,,0.206,3285.0679999999998,2.148,0.474,28.078,53.712,3367.538,CONFIRMED
M01,62374,2026-09-10 17:23:27.602532+00:00,2026-09-10 17:23:27.656589+00:00,2026-09-10 17:23:24.235854+00:00,2026-09-10 17:23:24.238489+00:00,2026-09-10 17:23:24.236531+00:00,2026-09-10 17:23:27.574895+00:00,2026-09-10 17:23:27.575263+00:00,,,,,0.6769999999999999,3338.364,1.9580000000000002,0.368,27.269000000000002,54.057,3420.735,CONFIRMED
M01,62375,2026-09-10 17:23:27.694173+00:00,2026-09-10 17:23:27.743058+00:00,2026-09-10 17:23:24.266420+00:00,2026-09-10 17:23:24.268570+00:00,2026-09-10 17:23:24.266668+00:00,2026-09-10 17:23:27.657650+00:00,2026-09-10 17:23:27.658300+00:00,,,,,0.248,3390.982,1.9020000000000001,0.65,35.873000000000005,48.885,3476.638,CONFIRMED
M01,62376,2026-09-10 17:23:27.773521+00:00,2026-09-10 17:23:27.824178+00:00,2026-09-10 17:23:24.296177+00:00,2026-09-10 17:23:24.297203+00:00,2026-09-10 17:23:24.296368+00:00,2026-09-10 17:23:27.743663+00:00,2026-09-10 17:23:27.743998+00:00,,,,,0.191,3447.295,0.8350000000000001,0.335,29.523,50.657000000000004,3528.001,CONFIRMED
M01,62377,2026-09-10 17:23:27.850215+00:00,2026-09-10 17:23:27.902680+00:00,2026-09-10 17:23:24.326332+00:00,2026-09-10 17:23:24.328159+00:00,2026-09-10 17:23:24.326526+00:00,2026-09-10 17:23:27.825545+00:00,2026-09-10 17:23:27.826053+00:00,,,,,0.194,3499.0190000000002,1.633,0.508,24.162,52.464999999999996,3576.348,CONFIRMED
M01,62378,2026-09-10 17:23:27.933280+00:00,2026-09-10 17:23:27.973135+00:00,2026-09-10 17:23:24.356081+00:00,2026-09-10 17:23:24.357721+00:00,2026-09-10 17:23:24.356249+00:00,2026-09-10 17:23:27.903209+00:00,2026-09-10 17:23:27.903595+00:00,,,,,0.16799999999999998,3546.96,1.472,0.386,29.685,39.855000000000004,3617.054,CONFIRMED
M01,62379,2026-09-10 17:23:28.008474+00:00,2026-09-10 17:23:28.054201+00:00,2026-09-10 17:23:24.385884+00:00,2026-09-10 17:23:24.388448+00:00,2026-09-10 17:23:24.386163+00:00,2026-09-10 17:23:27.973947+00:00,2026-09-10 17:23:27.974436+00:00,,,,,0.279,3587.784,2.285,0.48899999999999993,34.038,45.727,3668.317,CONFIRMED
M01,62380,2026-09-10 17:23:28.083285+00:00,2026-09-10 17:23:28.134552+00:00,2026-09-10 17:23:24.416166+00:00,2026-09-10 17:23:24.418449+00:00,2026-09-10 17:23:24.416452+00:00,2026-09-10 17:23:28.055025+00:00,2026-09-10 17:23:28.055536+00:00,,,,,0.28600000000000003,3638.573,1.997,0.5109999999999999,27.749,51.267,3718.386,CONFIRMED
M01,62381,2026-09-10 17:23:28.176284+00:00,2026-09-10 17:23:28.232207+00:00,2026-09-10 17:23:24.448464+00:00,2026-09-10 17:23:24.449950+00:00,2026-09-10 17:23:24.448618+00:00,2026-09-10 17:23:28.135492+00:00,2026-09-10 17:23:28.135948+00:00,,,,,0.154,3686.874,1.332,0.456,40.336,55.923,3783.743,CONFIRMED
M01,62382,2026-09-10 17:23:28.269975+00:00,2026-09-10 17:23:28.316609+00:00,2026-09-10 17:23:24.477060+00:00,2026-09-10 17:23:24.477864+00:00,2026-09-10 17:23:24.477222+00:00,2026-09-10 17:23:28.232913+00:00,2026-09-10 17:23:28.233301+00:00,,,,,0.162,3755.6910000000003,0.642,0.388,36.674,46.634,3839.549,CONFIRMED
M01,62383,2026-09-10 17:23:28.346065+00:00,2026-09-10 17:23:28.394419+00:00,2026-09-10 17:23:24.506252+00:00,2026-09-10 17:23:24.509166+00:00,2026-09-10 17:23:24.506426+00:00,2026-09-10 17:23:28.317378+00:00,2026-09-10 17:23:28.318285+00:00,,,,,0.174,3810.9519999999998,2.7399999999999998,0.907,27.779999999999998,48.354,3888.1670000000004,CONFIRMED
M01,62384,2026-09-10 17:23:28.431109+00:00,2026-09-10 17:23:28.479882+00:00,2026-09-10 17:23:24.546486+00:00,2026-09-10 17:23:24.548947+00:00,2026-09-10 17:23:24.546677+00:00,2026-09-10 17:23:28.396043+00:00,2026-09-10 17:23:28.396563+00:00,,,,,0.191,3849.366,2.27,0.5199999999999999,34.546,48.772999999999996,3933.396,CONFIRMED
M01,62385,2026-09-10 17:23:28.513218+00:00,2026-09-10 17:23:28.567913+00:00,2026-09-10 17:23:24.579622+00:00,2026-09-10 17:23:24.581579+00:00,2026-09-10 17:23:24.579771+00:00,2026-09-10 17:23:28.480574+00:00,2026-09-10 17:23:28.481178+00:00,,,,,0.149,3900.803,1.8079999999999998,0.6040000000000001,32.04,54.695,3988.291,CONFIRMED
M01,62386,2026-09-10 17:23:28.602856+00:00,2026-09-10 17:23:28.654269+00:00,2026-09-10 17:23:24.609098+00:00,2026-09-10 17:23:24.610645+00:00,2026-09-10 17:23:24.609249+00:00,2026-09-10 17:23:28.569394+00:00,2026-09-10 17:23:28.570118+00:00,,,,,0.15100000000000002,3960.145,1.3960000000000001,0.7240000000000001,32.73800000000001,51.413000000000004,4045.171,CONFIRMED
M01,62387,2026-09-10 17:23:28.686126+00:00,2026-09-10 17:23:28.737711+00:00,2026-09-10 17:23:24.638742+00:00,2026-09-10 17:23:24.641076+00:00,2026-09-10 17:23:24.639076+00:00,2026-09-10 17:23:28.655254+00:00,2026-09-10 17:23:28.655965+00:00,,,,,0.33399999999999996,4016.178,2.0,0.7110000000000001,30.161,51.585,4098.969,CONFIRMED
M01,62388,2026-09-10 17:23:28.770561+00:00,2026-09-10 17:23:28.823585+00:00,2026-09-10 17:23:24.672161+00:00,2026-09-10 17:23:24.673358+00:00,2026-09-10 17:23:24.672380+00:00,2026-09-10 17:23:28.739747+00:00,2026-09-10 17:23:28.740419+00:00,,,,,0.219,4067.3669999999997,0.9779999999999999,0.6719999999999999,30.142,53.024,4151.424000000001,CONFIRMED
M01,62389,2026-09-10 17:23:28.854020+00:00,2026-09-10 17:23:28.904949+00:00,2026-09-10 17:23:24.701901+00:00,2026-09-10 17:23:24.704192+00:00,2026-09-10 17:23:24.702167+00:00,2026-09-10 17:23:28.824221+00:00,2026-09-10 17:23:28.824663+00:00,,,,,0.266,4122.054,2.025,0.442,29.357000000000003,50.929,4203.048,CONFIRMED
M01,62390,2026-09-10 17:23:28.949888+00:00,2026-09-10 17:23:28.992564+00:00,2026-09-10 17:23:24.733902+00:00,2026-09-10 17:23:24.737215+00:00,2026-09-10 17:23:24.734080+00:00,2026-09-10 17:23:28.919131+00:00,2026-09-10 17:23:28.919684+00:00,,,,,0.178,4185.0509999999995,3.1350000000000002,0.553,30.204,42.676,4258.662,CONFIRMED
M01,62391,2026-09-10 17:23:29.027788+00:00,2026-09-10 17:23:29.070471+00:00,2026-09-10 17:23:24.765919+00:00,2026-09-10 17:23:24.767291+00:00,2026-09-10 17:23:24.766145+00:00,2026-09-10 17:23:28.993276+00:00,2026-09-10 17:23:28.993901+00:00,,,,,0.22599999999999998,4227.131,1.1460000000000001,0.625,33.887,42.683,4304.552000000001,CONFIRMED
M01,62392,2026-09-10 17:23:29.100976+00:00,2026-09-10 17:23:29.144693+00:00,2026-09-10 17:23:24.796233+00:00,2026-09-10 17:23:24.796925+00:00,2026-09-10 17:23:24.796398+00:00,2026-09-10 17:23:29.071257+00:00,2026-09-10 17:23:29.071811+00:00,,,,,0.165,4274.859,0.527,0.554,29.165,43.717,4348.46,CONFIRMED
M01,62393,2026-09-10 17:23:29.172171+00:00,2026-09-10 17:23:29.213381+00:00,2026-09-10 17:23:24.825136+00:00,2026-09-10 17:23:24.825762+00:00,2026-09-10 17:23:24.825302+00:00,2026-09-10 17:23:29.145411+00:00,2026-09-10 17:23:29.145856+00:00,,,,,0.166,4320.109,0.46,0.44499999999999995,26.315,41.209999999999994,4388.245000000001,CONFIRMED
M01,62394,2026-09-10 17:23:29.242171+00:00,2026-09-10 17:23:29.290101+00:00,2026-09-10 17:23:24.854410+00:00,2026-09-10 17:23:24.856382+00:00,2026-09-10 17:23:24.854647+00:00,2026-09-10 17:23:29.214130+00:00,2026-09-10 17:23:29.214617+00:00,,,,,0.237,4359.483,1.735,0.48700000000000004,27.554,47.93,4435.691000000001,CONFIRMED
M01,62395,2026-09-10 17:23:29.318754+00:00,2026-09-10 17:23:29.362873+00:00,2026-09-10 17:23:24.887165+00:00,2026-09-10 17:23:24.888395+00:00,2026-09-10 17:23:24.887304+00:00,2026-09-10 17:23:29.290929+00:00,2026-09-10 17:23:29.291492+00:00,,,,,0.13899999999999998,4403.625,1.091,0.5630000000000001,27.262,44.119,4475.708,CONFIRMED
M01,62396,2026-09-10 17:23:29.393717+00:00,2026-09-10 17:23:29.439392+00:00,2026-09-10 17:23:24.916726+00:00,2026-09-10 17:23:24.917867+00:00,2026-09-10 17:23:24.916987+00:00,2026-09-10 17:23:29.363569+00:00,2026-09-10 17:23:29.364149+00:00,,,,,0.261,4446.582,0.88,0.58,29.568,45.675,4522.666,CONFIRMED
M01,62397,2026-09-10 17:23:29.470238+00:00,2026-09-10 17:23:29.513820+00:00,2026-09-10 17:23:24.946438+00:00,2026-09-10 17:23:24.948518+00:00,2026-09-10 17:23:24.946649+00:00,2026-09-10 17:23:29.440369+00:00,2026-09-10 17:23:29.440802+00:00,,,,,0.211,4493.719999999999,1.869,0.433,29.436,43.582,4567.3820000000005,CONFIRMED
M01,62398,2026-09-10 17:23:29.545987+00:00,2026-09-10 17:23:29.600052+00:00,2026-09-10 17:23:24.977908+00:00,2026-09-10 17:23:24.979157+00:00,2026-09-10 17:23:24.978057+00:00,2026-09-10 17:23:29.514549+00:00,2026-09-10 17:23:29.514972+00:00,,,,,0.149,4536.492,1.1,0.423,31.015,54.065000000000005,4622.144,CONFIRMED
M01,62399,2026-09-10 17:23:29.633941+00:00,2026-09-10 17:23:29.677046+00:00,2026-09-10 17:23:25.006975+00:00,2026-09-10 17:23:25.008386+00:00,2026-09-10 17:23:25.007175+00:00,2026-09-10 17:23:29.600698+00:00,2026-09-10 17:23:29.601333+00:00,,,,,0.2,4593.523,1.211,0.635,32.608,43.105,4670.071,CONFIRMED
M01,62400,2026-09-10 17:23:29.712506+00:00,2026-09-10 17:23:29.762897+00:00,2026-09-10 17:23:25.037780+00:00,2026-09-10 17:23:25.039636+00:00,2026-09-10 17:23:25.038293+00:00,2026-09-10 17:23:29.677796+00:00,2026-09-10 17:23:29.678174+00:00,,,,,0.513,4639.503000000001,1.343,0.378,34.332,50.391,4725.117,CONFIRMED
M01,62401,2026-09-10 17:23:29.794452+00:00,2026-09-10 17:23:29.846145+00:00,2026-09-10 17:23:25.069294+00:00,2026-09-10 17:23:25.070509+00:00,2026-09-10 17:23:25.069733+00:00,2026-09-10 17:23:29.763600+00:00,2026-09-10 17:23:29.764025+00:00,,,,,0.439,4693.867,0.776,0.425,30.427,51.693000000000005,4776.851,CONFIRMED
M01,62402,2026-09-10 17:23:29.880363+00:00,2026-09-10 17:23:29.930829+00:00,2026-09-10 17:23:25.099411+00:00,2026-09-10 17:23:25.100821+00:00,2026-09-10 17:23:25.099674+00:00,2026-09-10 17:23:29.846848+00:00,2026-09-10 17:23:29.847343+00:00,,,,,0.263,4747.174,1.147,0.495,33.02,50.465999999999994,4831.418000000001,CONFIRMED
M01,62403,2026-09-10 17:23:29.965490+00:00,2026-09-10 17:23:30.005011+00:00,2026-09-10 17:23:25.129779+00:00,2026-09-10 17:23:25.130643+00:00,2026-09-10 17:23:25.130017+00:00,2026-09-10 17:23:29.931523+00:00,2026-09-10 17:23:29.932087+00:00,,,,,0.23800000000000002,4801.505999999999,0.626,0.5640000000000001,33.403,39.521,4875.232000000001,CONFIRMED
M01,62404,2026-09-10 17:23:30.032588+00:00,2026-09-10 17:23:30.080815+00:00,2026-09-10 17:23:25.158692+00:00,2026-09-10 17:23:25.159737+00:00,2026-09-10 17:23:25.158829+00:00,2026-09-10 17:23:30.005702+00:00,2026-09-10 17:23:30.006125+00:00,,,,,0.13699999999999998,4846.8730000000005,0.9079999999999999,0.423,26.463,48.227,4922.123,CONFIRMED
M01,62405,2026-09-10 17:23:30.112744+00:00,2026-09-10 17:23:30.151564+00:00,2026-09-10 17:23:25.188892+00:00,2026-09-10 17:23:25.191099+00:00,2026-09-10 17:23:25.189180+00:00,2026-09-10 17:23:30.081584+00:00,2026-09-10 17:23:30.082184+00:00,,,,,0.28800000000000003,4892.4039999999995,1.9189999999999998,0.6,30.56,38.82,4962.672,CONFIRMED
M01,62406,2026-09-10 17:23:30.182724+00:00,2026-09-10 17:23:30.239129+00:00,2026-09-10 17:23:25.219444+00:00,2026-09-10 17:23:25.220728+00:00,2026-09-10 17:23:25.219786+00:00,2026-09-10 17:23:30.152399+00:00,2026-09-10 17:23:30.152963+00:00,,,,,0.342,4932.613,0.9420000000000001,0.5640000000000001,29.761,56.404999999999994,5019.685,CONFIRMED
M01,62407,2026-09-10 17:23:30.271003+00:00,2026-09-10 17:23:30.328843+00:00,2026-09-10 17:23:25.250047+00:00,2026-09-10 17:23:25.251234+00:00,2026-09-10 17:23:25.250224+00:00,2026-09-10 17:23:30.239831+00:00,2026-09-10 17:23:30.240308+00:00,,,,,0.177,4989.607,1.01,0.477,30.695,57.84,5078.795999999999,CONFIRMED
M01,62408,2026-09-10 17:23:30.362766+00:00,2026-09-10 17:23:30.413721+00:00,2026-09-10 17:23:25.279533+00:00,2026-09-10 17:23:25.280812+00:00,2026-09-10 17:23:25.279717+00:00,2026-09-10 17:23:30.329590+00:00,2026-09-10 17:23:30.330087+00:00,,,,,0.184,5049.873,1.095,0.49700000000000005,32.679,50.955,5134.188,CONFIRMED
M01,62409,2026-09-10 17:23:30.446716+00:00,2026-09-10 17:23:30.505759+00:00,2026-09-10 17:23:25.309166+00:00,2026-09-10 17:23:25.310402+00:00,2026-09-10 17:23:25.309345+00:00,2026-09-10 17:23:30.415012+00:00,2026-09-10 17:23:30.415751+00:00,,,,,0.179,5105.667,1.057,0.739,30.965,59.043,5196.593,CONFIRMED
M01,62410,2026-09-10 17:23:30.540149+00:00,2026-09-10 17:23:30.596504+00:00,2026-09-10 17:23:25.338212+00:00,2026-09-10 17:23:25.339662+00:00,2026-09-10 17:23:25.338557+00:00,2026-09-10 17:23:30.506667+00:00,2026-09-10 17:23:30.507280+00:00,,,,,0.345,5168.110000000001,1.105,0.6130000000000001,32.869,56.355000000000004,5258.292,CONFIRMED
M01,62411,2026-09-10 17:23:30.633278+00:00,2026-09-10 17:23:30.671956+00:00,2026-09-10 17:23:25.368306+00:00,2026-09-10 17:23:25.369732+00:00,2026-09-10 17:23:25.368425+00:00,2026-09-10 17:23:30.597355+00:00,2026-09-10 17:23:30.597890+00:00,,,,,0.11900000000000001,5228.93,1.307,0.535,35.388000000000005,38.678,5303.650000000001,CONFIRMED
M01,62412,2026-09-10 17:23:30.701634+00:00,2026-09-10 17:23:30.754057+00:00,2026-09-10 17:23:25.398494+00:00,2026-09-10 17:23:25.400733+00:00,2026-09-10 17:23:25.398615+00:00,2026-09-10 17:23:30.673251+00:00,2026-09-10 17:23:30.673696+00:00,,,,,0.121,5274.636,2.118,0.44499999999999995,27.938000000000002,52.422999999999995,5355.563,CONFIRMED
M01,62413,2026-09-10 17:23:30.780960+00:00,2026-09-10 17:23:30.826896+00:00,2026-09-10 17:23:25.431795+00:00,2026-09-10 17:23:25.432892+00:00,2026-09-10 17:23:25.431991+00:00,2026-09-10 17:23:30.755029+00:00,2026-09-10 17:23:30.755662+00:00,,,,,0.196,5323.0380000000005,0.901,0.633,25.298000000000002,45.936,5395.101000000001,CONFIRMED
M01,62414,2026-09-10 17:23:30.864140+00:00,2026-09-10 17:23:30.914845+00:00,2026-09-10 17:23:25.461461+00:00,2026-09-10 17:23:25.462528+00:00,2026-09-10 17:23:25.461653+00:00,2026-09-10 17:23:30.827743+00:00,2026-09-10 17:23:30.828267+00:00,,,,,0.192,5366.09,0.875,0.524,35.873000000000005,50.705,5453.384,CONFIRMED
M01,62415,2026-09-10 17:23:30.948556+00:00,2026-09-10 17:23:30.999508+00:00,2026-09-10 17:23:25.491301+00:00,2026-09-10 17:23:25.494058+00:00,2026-09-10 17:23:25.491479+00:00,2026-09-10 17:23:30.915501+00:00,2026-09-10 17:23:30.915998+00:00,,,,,0.178,5424.022,2.579,0.49700000000000005,32.558,50.952,5508.206999999999,CONFIRMED
M01,62416,2026-09-10 17:23:31.033689+00:00,2026-09-10 17:23:31.079951+00:00,2026-09-10 17:23:25.521761+00:00,2026-09-10 17:23:25.523197+00:00,2026-09-10 17:23:25.522007+00:00,2026-09-10 17:23:31.000008+00:00,2026-09-10 17:23:31.000501+00:00,,,,,0.24600000000000002,5478.001,1.1900000000000002,0.49299999999999994,33.188,46.262,5558.19,CONFIRMED
M01,62417,2026-09-10 17:23:31.108679+00:00,2026-09-10 17:23:31.155123+00:00,2026-09-10 17:23:25.551033+00:00,2026-09-10 17:23:25.551906+00:00,2026-09-10 17:23:25.551170+00:00,2026-09-10 17:23:31.080834+00:00,2026-09-10 17:23:31.081327+00:00,,,,,0.13699999999999998,5529.664000000001,0.736,0.49299999999999994,27.352,46.444,5604.09,CONFIRMED
M01,62418,2026-09-10 17:23:31.206857+00:00,2026-09-10 17:23:31.266273+00:00,2026-09-10 17:23:25.581597+00:00,2026-09-10 17:23:25.582933+00:00,2026-09-10 17:23:25.581750+00:00,2026-09-10 17:23:31.155832+00:00,2026-09-10 17:23:31.156310+00:00,,,,,0.153,5574.081999999999,1.183,0.47800000000000004,50.547000000000004,59.416,5684.6759999999995,CONFIRMED
M01,62419,2026-09-10 17:23:31.304490+00:00,2026-09-10 17:23:31.346306+00:00,2026-09-10 17:23:25.610489+00:00,2026-09-10 17:23:25.612007+00:00,2026-09-10 17:23:25.610720+00:00,2026-09-10 17:23:31.267422+00:00,2026-09-10 17:23:31.267835+00:00,,,,,0.231,5656.702,1.287,0.41300000000000003,36.655,41.816,5735.817,CONFIRMED
M01,62420,2026-09-10 17:23:31.372432+00:00,2026-09-10 17:23:31.421830+00:00,2026-09-10 17:23:25.639268+00:00,2026-09-10 17:23:25.641349+00:00,2026-09-10 17:23:25.639412+00:00,2026-09-10 17:23:31.346900+00:00,2026-09-10 17:23:31.347332+00:00,,,,,0.14400000000000002,5707.487999999999,1.9369999999999998,0.432,25.1,49.397999999999996,5782.562000000001,CONFIRMED
M01,62421,2026-09-10 17:23:31.448021+00:00,2026-09-10 17:23:31.490599+00:00,2026-09-10 17:23:25.668916+00:00,2026-09-10 17:23:25.670142+00:00,2026-09-10 17:23:25.669145+00:00,2026-09-10 17:23:31.422238+00:00,2026-09-10 17:23:31.422542+00:00,,,,,0.229,5753.093,0.9970000000000001,0.304,25.479000000000003,42.577999999999996,5821.683,CONFIRMED
M01,62422,2026-09-10 17:23:31.522109+00:00,2026-09-10 17:23:31.564877+00:00,2026-09-10 17:23:25.699049+00:00,2026-09-10 17:23:25.700875+00:00,2026-09-10 17:23:25.699250+00:00,2026-09-10 17:23:31.491111+00:00,2026-09-10 17:23:31.491451+00:00,,,,,0.201,5791.861,1.625,0.34,30.658,42.768,5865.828,CONFIRMED
M01,62423,2026-09-10 17:23:31.610338+00:00,2026-09-10 17:23:31.657922+00:00,2026-09-10 17:23:25.730599+00:00,2026-09-10 17:23:25.732784+00:00,2026-09-10 17:23:25.730783+00:00,2026-09-10 17:23:31.565567+00:00,2026-09-10 17:23:31.566164+00:00,,,,,0.184,5834.784,2.0010000000000003,0.597,44.174,47.584,5927.323,CONFIRMED
M01,62424,2026-09-10 17:23:31.696324+00:00,2026-09-10 17:23:31.746969+00:00,2026-09-10 17:23:25.760505+00:00,2026-09-10 17:23:25.761683+00:00,2026-09-10 17:23:25.760838+00:00,2026-09-10 17:23:31.658721+00:00,2026-09-10 17:23:31.659287+00:00,,,,,0.333,5897.883,0.8450000000000001,0.566,37.037,50.645,5986.464,CONFIRMED
M01,62425,2026-09-10 17:23:31.786542+00:00,2026-09-10 17:23:31.841910+00:00,2026-09-10 17:23:25.789185+00:00,2026-09-10 17:23:25.790128+00:00,2026-09-10 17:23:25.789321+00:00,2026-09-10 17:23:31.747539+00:00,2026-09-10 17:23:31.747896+00:00,,,,,0.136,5958.218000000001,0.8069999999999999,0.357,38.646,55.368,6052.724999999999,CONFIRMED
M01,62426,2026-09-10 17:23:31.883459+00:00,2026-09-10 17:23:31.944505+00:00,2026-09-10 17:23:25.817326+00:00,2026-09-10 17:23:25.820785+00:00,2026-09-10 17:23:25.817489+00:00,2026-09-10 17:23:31.843190+00:00,2026-09-10 17:23:31.843683+00:00,,,,,0.163,6025.701,3.296,0.49299999999999994,39.775999999999996,61.04600000000001,6127.179,CONFIRMED
M01,62427,2026-09-10 17:23:31.974818+00:00,2026-09-10 17:23:32.026104+00:00,2026-09-10 17:23:25.848643+00:00,2026-09-10 17:23:25.850266+00:00,2026-09-10 17:23:25.848813+00:00,2026-09-10 17:23:31.945303+00:00,2026-09-10 17:23:31.945911+00:00,,,,,0.17,6096.49,1.453,0.608,28.907,51.286,6177.461,CONFIRMED
M01,62428,2026-09-10 17:23:32.054649+00:00,2026-09-10 17:23:32.110855+00:00,2026-09-10 17:23:25.885147+00:00,2026-09-10 17:23:25.885856+00:00,2026-09-10 17:23:25.885266+00:00,2026-09-10 17:23:32.026801+00:00,2026-09-10 17:23:32.027279+00:00,,,,,0.11900000000000001,6141.535,0.5900000000000001,0.47800000000000004,27.369999999999997,56.205999999999996,6225.708,CONFIRMED
M01,62429,2026-09-10 17:23:32.141305+00:00,2026-09-10 17:23:32.189272+00:00,2026-09-10 17:23:25.914666+00:00,2026-09-10 17:23:25.915808+00:00,2026-09-10 17:23:25.914844+00:00,2026-09-10 17:23:32.111712+00:00,2026-09-10 17:23:32.112253+00:00,,,,,0.178,6196.868,0.964,0.541,29.052000000000003,47.967000000000006,6274.606000000001,CONFIRMED
M01,62430,2026-09-10 17:23:32.221553+00:00,2026-09-10 17:23:32.270520+00:00,2026-09-10 17:23:25.943072+00:00,2026-09-10 17:23:25.944160+00:00,2026-09-10 17:23:25.943266+00:00,2026-09-10 17:23:32.190063+00:00,2026-09-10 17:23:32.192039+00:00,,,,,0.194,6246.797,0.894,1.976,29.514,48.967,6327.448,CONFIRMED
M01,62431,2026-09-10 17:23:32.297931+00:00,2026-09-10 17:23:32.355415+00:00,2026-09-10 17:23:25.972264+00:00,2026-09-10 17:23:25.975330+00:00,2026-09-10 17:23:25.972528+00:00,2026-09-10 17:23:32.271197+00:00,2026-09-10 17:23:32.271631+00:00,,,,,0.264,6298.669,2.8019999999999996,0.434,26.3,57.484,6383.151,CONFIRMED
M01,62432,2026-09-10 17:23:32.388001+00:00,2026-09-10 17:23:32.433203+00:00,2026-09-10 17:23:26.015156+00:00,2026-09-10 17:23:26.016381+00:00,2026-09-10 17:23:26.015370+00:00,2026-09-10 17:23:32.356339+00:00,2026-09-10 17:23:32.356902+00:00,,,,,0.214,6340.969,1.011,0.5630000000000001,31.099,45.202,6418.047,CONFIRMED
M01,62433,2026-09-10 17:23:32.461628+00:00,2026-09-10 17:23:32.511349+00:00,2026-09-10 17:23:26.043408+00:00,2026-09-10 17:23:26.045449+00:00,2026-09-10 17:23:26.043627+00:00,2026-09-10 17:23:32.434142+00:00,2026-09-10 17:23:32.434681+00:00,,,,,0.219,6390.514999999999,1.822,0.539,26.947,49.721000000000004,6467.941,CONFIRMED
M01,62434,2026-09-10 17:23:32.543318+00:00,2026-09-10 17:23:32.595228+00:00,2026-09-10 17:23:26.075797+00:00,2026-09-10 17:23:26.077860+00:00,2026-09-10 17:23:26.075945+00:00,2026-09-10 17:23:32.512213+00:00,2026-09-10 17:23:32.512629+00:00,,,,,0.148,6436.268,1.915,0.416,30.689,51.91,6519.431,CONFIRMED
M01,62435,2026-09-10 17:23:32.635256+00:00,2026-09-10 17:23:32.683590+00:00,2026-09-10 17:23:26.105186+00:00,2026-09-10 17:23:26.107096+00:00,2026-09-10 17:23:26.105352+00:00,2026-09-10 17:23:32.596126+00:00,2026-09-10 17:23:32.596639+00:00,,,,,0.166,6490.774,1.7440000000000002,0.513,38.617,48.334,6578.4039999999995,CONFIRMED
M01,62436,2026-09-10 17:23:32.721581+00:00,2026-09-10 17:23:32.777915+00:00,2026-09-10 17:23:26.136103+00:00,2026-09-10 17:23:26.138754+00:00,2026-09-10 17:23:26.136282+00:00,2026-09-10 17:23:32.684434+00:00,2026-09-10 17:23:32.685281+00:00,,,,,0.179,6548.152,2.472,0.847,36.3,56.334,6641.812,CONFIRMED
M01,62437,2026-09-10 17:23:32.805672+00:00,2026-09-10 17:23:32.854899+00:00,2026-09-10 17:23:26.166361+00:00,2026-09-10 17:23:26.167236+00:00,2026-09-10 17:23:26.166558+00:00,2026-09-10 17:23:32.778615+00:00,2026-09-10 17:23:32.779212+00:00,,,,,0.19699999999999998,6612.057,0.678,0.597,26.46,49.227,6688.5380000000005,CONFIRMED
M01,62438,2026-09-10 17:23:32.890951+00:00,2026-09-10 17:23:32.953709+00:00,2026-09-10 17:23:26.195069+00:00,2026-09-10 17:23:26.196670+00:00,2026-09-10 17:23:26.195315+00:00,2026-09-10 17:23:32.855446+00:00,2026-09-10 17:23:32.856297+00:00,,,,,0.24600000000000002,6660.130999999999,1.355,0.851,34.653999999999996,62.757999999999996,6758.639999999999,CONFIRMED
M01,62439,2026-09-10 17:23:32.980410+00:00,2026-09-10 17:23:33.027109+00:00,2026-09-10 17:23:26.225170+00:00,2026-09-10 17:23:26.226156+00:00,2026-09-10 17:23:26.225494+00:00,2026-09-10 17:23:32.954234+00:00,2026-09-10 17:23:32.954539+00:00,,,,,0.324,6728.74,0.662,0.305,25.871000000000002,46.699,6801.939,CONFIRMED
M01,62440,2026-09-10 17:23:33.057437+00:00,2026-09-10 17:23:33.109612+00:00,2026-09-10 17:23:26.256449+00:00,2026-09-10 17:23:26.257517+00:00,2026-09-10 17:23:26.256688+00:00,2026-09-10 17:23:33.028373+00:00,2026-09-10 17:23:33.029005+00:00,,,,,0.23900000000000002,6771.6849999999995,0.829,0.632,28.432,52.175,6853.1630000000005,CONFIRMED
M01,62441,2026-09-10 17:23:33.140965+00:00,2026-09-10 17:23:33.188567+00:00,2026-09-10 17:23:26.285444+00:00,2026-09-10 17:23:26.287653+00:00,2026-09-10 17:23:26.285600+00:00,2026-09-10 17:23:33.110247+00:00,2026-09-10 17:23:33.110782+00:00,,,,,0.156,6824.647,2.053,0.535,30.183,47.602,6903.123,CONFIRMED
M01,62442,2026-09-10 17:23:33.221776+00:00,2026-09-10 17:23:33.270904+00:00,2026-09-10 17:23:26.315597+00:00,2026-09-10 17:23:26.316922+00:00,2026-09-10 17:23:26.316134+00:00,2026-09-10 17:23:33.189378+00:00,2026-09-10 17:23:33.189873+00:00,,,,,0.537,6873.244,0.7879999999999999,0.495,31.903000000000002,49.128,6955.307000000001,CONFIRMED
M01,62443,2026-09-10 17:23:33.301818+00:00,2026-09-10 17:23:33.348068+00:00,2026-09-10 17:23:26.348251+00:00,2026-09-10 17:23:26.349209+00:00,2026-09-10 17:23:26.348483+00:00,2026-09-10 17:23:33.271558+00:00,2026-09-10 17:23:33.272092+00:00,,,,,0.232,6923.075,0.726,0.5339999999999999,29.726,46.25,6999.817,CONFIRMED
M01,62444,2026-09-10 17:23:33.381318+00:00,2026-09-10 17:23:33.423675+00:00,2026-09-10 17:23:26.378318+00:00,2026-09-10 17:23:26.379257+00:00,2026-09-10 17:23:26.378486+00:00,2026-09-10 17:23:33.348604+00:00,2026-09-10 17:23:33.349239+00:00,,,,,0.16799999999999998,6970.118,0.771,0.635,32.079,42.357,7045.357,CONFIRMED
M01,62445,2026-09-10 17:23:33.451092+00:00,2026-09-10 17:23:33.498639+00:00,2026-09-10 17:23:26.409922+00:00,2026-09-10 17:23:26.411404+00:00,2026-09-10 17:23:26.410129+00:00,2026-09-10 17:23:33.424255+00:00,2026-09-10 17:23:33.424621+00:00,,,,,0.207,7014.126,1.2750000000000001,0.366,26.471,47.547,7088.717,CONFIRMED
M01,62446,2026-09-10 17:23:33.532236+00:00,2026-09-10 17:23:33.575924+00:00,2026-09-10 17:23:26.439020+00:00,2026-09-10 17:23:26.440869+00:00,2026-09-10 17:23:26.439325+00:00,2026-09-10 17:23:33.499461+00:00,2026-09-10 17:23:33.500111+00:00,,,,,0.305,7060.136,1.544,0.65,32.125,43.687999999999995,7136.904,CONFIRMED
M01,62447,2026-09-10 17:23:33.610368+00:00,2026-09-10 17:23:33.663350+00:00,2026-09-10 17:23:26.470571+00:00,2026-09-10 17:23:26.473595+00:00,2026-09-10 17:23:26.470848+00:00,2026-09-10 17:23:33.576516+00:00,2026-09-10 17:23:33.577004+00:00,,,,,0.277,7105.668,2.747,0.488,33.364,52.982,7192.7789999999995,CONFIRMED
M01,62448,2026-09-10 17:23:33.695638+00:00,2026-09-10 17:23:33.746139+00:00,2026-09-10 17:23:26.502130+00:00,2026-09-10 17:23:26.503645+00:00,2026-09-10 17:23:26.502364+00:00,2026-09-10 17:23:33.664093+00:00,2026-09-10 17:23:33.664660+00:00,,,,,0.23399999999999999,7161.729,1.281,0.5670000000000001,30.977999999999998,50.501,7244.009,CONFIRMED
M01,62449,2026-09-10 17:23:33.780347+00:00,2026-09-10 17:23:33.834175+00:00,2026-09-10 17:23:26.531707+00:00,2026-09-10 17:23:26.532699+00:00,2026-09-10 17:23:26.531856+00:00,2026-09-10 17:23:33.746821+00:00,2026-09-10 17:23:33.747247+00:00,,,,,0.149,7214.965,0.843,0.426,33.099999999999994,53.828,7302.468,CONFIRMED
M01,62450,2026-09-10 17:23:33.988287+00:00,2026-09-10 17:23:34.066474+00:00,2026-09-10 17:23:26.560746+00:00,2026-09-10 17:23:26.562400+00:00,2026-09-10 17:23:26.560992+00:00,2026-09-10 17:23:33.834897+00:00,2026-09-10 17:23:33.835673+00:00,,,,,0.24600000000000002,7273.905,1.408,0.776,152.614,78.18700000000001,7505.727999999999,CONFIRMED
M01,62451,2026-09-10 17:23:34.087856+00:00,2026-09-10 17:23:34.130898+00:00,2026-09-10 17:23:26.590347+00:00,2026-09-10 17:23:26.596045+00:00,2026-09-10 17:23:26.592157+00:00,2026-09-10 17:23:34.067741+00:00,2026-09-10 17:23:34.068218+00:00,,,,,1.81,7475.584,3.888,0.477,19.637999999999998,43.041999999999994,7540.5509999999995,CONFIRMED
M01,62452,2026-09-10 17:23:34.161041+00:00,2026-09-10 17:23:34.210408+00:00,2026-09-10 17:23:26.625607+00:00,2026-09-10 17:23:26.627187+00:00,2026-09-10 17:23:26.626033+00:00,2026-09-10 17:23:34.131610+00:00,2026-09-10 17:23:34.132122+00:00,,,,,0.426,7505.576999999999,1.1540000000000001,0.512,28.919,49.367000000000004,7584.8009999999995,CONFIRMED
M01,62453,2026-09-10 17:23:34.242462+00:00,2026-09-10 17:23:34.287567+00:00,2026-09-10 17:23:26.656480+00:00,2026-09-10 17:23:26.657773+00:00,2026-09-10 17:23:26.656778+00:00,2026-09-10 17:23:34.211207+00:00,2026-09-10 17:23:34.211696+00:00,,,,,0.298,7554.429,0.995,0.48899999999999993,30.766000000000002,45.105,7631.0869999999995,CONFIRMED
M01,62454,2026-09-10 17:23:34.316989+00:00,2026-09-10 17:23:34.357017+00:00,2026-09-10 17:23:26.686924+00:00,2026-09-10 17:23:26.688474+00:00,2026-09-10 17:23:26.687122+00:00,2026-09-10 17:23:34.288467+00:00,2026-09-10 17:23:34.289032+00:00,,,,,0.19799999999999998,7601.345,1.3519999999999999,0.565,27.957,40.028,7670.093,CONFIRMED
M01,62455,2026-09-10 17:23:34.384762+00:00,2026-09-10 17:23:34.433112+00:00,2026-09-10 17:23:26.716753+00:00,2026-09-10 17:23:26.718383+00:00,2026-09-10 17:23:26.717032+00:00,2026-09-10 17:23:34.358571+00:00,2026-09-10 17:23:34.359894+00:00,,,,,0.279,7641.539,1.351,1.323,24.868000000000002,48.349999999999994,7716.3589999999995,CONFIRMED
M01,62456,2026-09-10 17:23:34.457279+00:00,2026-09-10 17:23:34.504200+00:00,2026-09-10 17:23:26.746664+00:00,2026-09-10 17:23:26.748783+00:00,2026-09-10 17:23:26.747571+00:00,2026-09-10 17:23:34.433620+00:00,2026-09-10 17:23:34.434005+00:00,,,,,0.907,7686.049,1.212,0.38499999999999995,23.274,46.921,7757.536,CONFIRMED
M01,62457,2026-09-10 17:23:34.537836+00:00,2026-09-10 17:23:34.581205+00:00,2026-09-10 17:23:26.776052+00:00,2026-09-10 17:23:26.777016+00:00,2026-09-10 17:23:26.776222+00:00,2026-09-10 17:23:34.505373+00:00,2026-09-10 17:23:34.505791+00:00,,,,,0.17,7729.151,0.794,0.41800000000000004,32.044999999999995,43.369,7805.152999999999,CONFIRMED
M01,62458,2026-09-10 17:23:34.608680+00:00,2026-09-10 17:23:34.656308+00:00,2026-09-10 17:23:26.806948+00:00,2026-09-10 17:23:26.808492+00:00,2026-09-10 17:23:26.807177+00:00,2026-09-10 17:23:34.581977+00:00,2026-09-10 17:23:34.582618+00:00,,,,,0.229,7774.8,1.315,0.641,26.061999999999998,47.628,7849.36,CONFIRMED
M01,62459,2026-09-10 17:23:34.688101+00:00,2026-09-10 17:23:34.737028+00:00,2026-09-10 17:23:26.838442+00:00,2026-09-10 17:23:26.839647+00:00,2026-09-10 17:23:26.838579+00:00,2026-09-10 17:23:34.657059+00:00,2026-09-10 17:23:34.657681+00:00,,,,,0.13699999999999998,7818.4800000000005,1.0679999999999998,0.622,30.419999999999998,48.927,7898.586,CONFIRMED
M01,62460,2026-09-10 17:23:34.766479+00:00,2026-09-10 17:23:34.816240+00:00,2026-09-10 17:23:26.879065+00:00,2026-09-10 17:23:26.883343+00:00,2026-09-10 17:23:26.879238+00:00,2026-09-10 17:23:34.737589+00:00,2026-09-10 17:23:34.738024+00:00,,,,,0.17300000000000001,7858.351,4.105,0.435,28.455000000000002,49.761,7937.175,CONFIRMED
M01,62461,2026-09-10 17:23:34.853011+00:00,2026-09-10 17:23:34.903498+00:00,2026-09-10 17:23:26.913146+00:00,2026-09-10 17:23:26.914825+00:00,2026-09-10 17:23:26.913381+00:00,2026-09-10 17:23:34.816971+00:00,2026-09-10 17:23:34.818021+00:00,,,,,0.235,7903.59,1.444,1.05,34.99,50.486999999999995,7990.352,CONFIRMED
M01,62462,2026-09-10 17:23:34.939018+00:00,2026-09-10 17:23:35.000590+00:00,2026-09-10 17:23:26.942551+00:00,2026-09-10 17:23:26.943863+00:00,2026-09-10 17:23:26.943090+00:00,2026-09-10 17:23:34.904408+00:00,2026-09-10 17:23:34.905824+00:00,,,,,0.539,7961.318,0.773,1.416,33.194,61.572,8058.039000000001,CONFIRMED
M01,62463,2026-09-10 17:23:35.033343+00:00,2026-09-10 17:23:35.071481+00:00,2026-09-10 17:23:26.975863+00:00,2026-09-10 17:23:26.977399+00:00,2026-09-10 17:23:26.976079+00:00,2026-09-10 17:23:35.001384+00:00,2026-09-10 17:23:35.002045+00:00,,,,,0.216,8025.304999999999,1.32,0.661,31.298,38.138,8095.618,CONFIRMED
M01,62464,2026-09-10 17:23:35.100507+00:00,2026-09-10 17:23:35.146593+00:00,2026-09-10 17:23:27.006634+00:00,2026-09-10 17:23:27.009032+00:00,2026-09-10 17:23:27.007600+00:00,2026-09-10 17:23:35.072212+00:00,2026-09-10 17:23:35.072697+00:00,,,,,0.966,8064.612,1.432,0.48500000000000004,27.810000000000002,46.086,8139.958999999999,CONFIRMED
M01,62465,2026-09-10 17:23:35.174879+00:00,2026-09-10 17:23:35.214301+00:00,2026-09-10 17:23:27.036668+00:00,2026-09-10 17:23:27.038213+00:00,2026-09-10 17:23:27.036892+00:00,2026-09-10 17:23:35.147365+00:00,2026-09-10 17:23:35.147964+00:00,,,,,0.224,8110.473000000001,1.321,0.599,26.915000000000003,39.422,8177.633,CONFIRMED
M01,62466,2026-09-10 17:23:35.237510+00:00,2026-09-10 17:23:35.286702+00:00,2026-09-10 17:23:27.065986+00:00,2026-09-10 17:23:27.067575+00:00,2026-09-10 17:23:27.066270+00:00,2026-09-10 17:23:35.215102+00:00,2026-09-10 17:23:35.215676+00:00,,,,,0.28400000000000003,8148.832,1.305,0.574,21.834,49.192,8220.716,CONFIRMED
M01,62467,2026-09-10 17:23:35.318217+00:00,2026-09-10 17:23:35.356721+00:00,2026-09-10 17:23:27.095778+00:00,2026-09-10 17:23:27.098104+00:00,2026-09-10 17:23:27.095997+00:00,2026-09-10 17:23:35.287515+00:00,2026-09-10 17:23:35.288215+00:00,,,,,0.219,8191.518,2.1069999999999998,0.7,30.002000000000002,38.504,8260.943,CONFIRMED
M01,62468,2026-09-10 17:23:35.385753+00:00,2026-09-10 17:23:35.432168+00:00,2026-09-10 17:23:27.125770+00:00,2026-09-10 17:23:27.127765+00:00,2026-09-10 17:23:27.125981+00:00,2026-09-10 17:23:35.357511+00:00,2026-09-10 17:23:35.357949+00:00,,,,,0.211,8231.529999999999,1.784,0.438,27.804,46.415,8306.398,CONFIRMED
M01,62469,2026-09-10 17:23:35.460774+00:00,2026-09-10 17:23:35.516019+00:00,2026-09-10 17:23:27.155875+00:00,2026-09-10 17:23:27.157085+00:00,2026-09-10 17:23:27.156079+00:00,2026-09-10 17:23:35.432968+00:00,2026-09-10 17:23:35.433480+00:00,,,,,0.204,8276.889000000001,1.006,0.512,27.294,55.245000000000005,8360.144,CONFIRMED
M01,62470,2026-09-10 17:23:35.553086+00:00,2026-09-10 17:23:35.607737+00:00,2026-09-10 17:23:27.184815+00:00,2026-09-10 17:23:27.185651+00:00,2026-09-10 17:23:27.184972+00:00,2026-09-10 17:23:35.519497+00:00,2026-09-10 17:23:35.519968+00:00,,,,,0.157,8334.525,0.679,0.47100000000000003,33.118,54.650999999999996,8422.922,CONFIRMED
M01,62471,2026-09-10 17:23:35.643611+00:00,2026-09-10 17:23:35.693400+00:00,2026-09-10 17:23:27.213387+00:00,2026-09-10 17:23:27.214733+00:00,2026-09-10 17:23:27.213610+00:00,2026-09-10 17:23:35.609233+00:00,2026-09-10 17:23:35.609853+00:00,,,,,0.223,8395.623,1.123,0.62,33.758,49.789,8480.012999999999,CONFIRMED
M01,62472,2026-09-10 17:23:35.719116+00:00,2026-09-10 17:23:35.769355+00:00,2026-09-10 17:23:27.242308+00:00,2026-09-10 17:23:27.244749+00:00,2026-09-10 17:23:27.242504+00:00,2026-09-10 17:23:35.694086+00:00,2026-09-10 17:23:35.694602+00:00,,,,,0.196,8451.582,2.245,0.516,24.514,50.239,8527.047,CONFIRMED
M01,62473,2026-09-10 17:23:35.802306+00:00,2026-09-10 17:23:35.853583+00:00,2026-09-10 17:23:27.272497+00:00,2026-09-10 17:23:27.273629+00:00,2026-09-10 17:23:27.272640+00:00,2026-09-10 17:23:35.769978+00:00,2026-09-10 17:23:35.770634+00:00,,,,,0.14300000000000002,8497.338,0.9890000000000001,0.656,31.671999999999997,51.277,8581.086,CONFIRMED
M01,62474,2026-09-10 17:23:35.886019+00:00,2026-09-10 17:23:35.951933+00:00,2026-09-10 17:23:27.303981+00:00,2026-09-10 17:23:27.305384+00:00,2026-09-10 17:23:27.304157+00:00,2026-09-10 17:23:35.854312+00:00,2026-09-10 17:23:35.854847+00:00,,,,,0.176,8550.155,1.227,0.535,31.171999999999997,65.914,8647.952,CONFIRMED
M01,62475,2026-09-10 17:23:35.995306+00:00,2026-09-10 17:23:36.036388+00:00,2026-09-10 17:23:27.332799+00:00,2026-09-10 17:23:27.333861+00:00,2026-09-10 17:23:27.333038+00:00,2026-09-10 17:23:35.953021+00:00,2026-09-10 17:23:35.954690+00:00,,,,,0.23900000000000002,8619.983,0.823,1.6689999999999998,40.616,41.082,8703.589000000002,CONFIRMED
M01,62476,2026-09-10 17:23:36.067549+00:00,2026-09-10 17:23:36.117459+00:00,2026-09-10 17:23:27.362695+00:00,2026-09-10 17:23:27.364233+00:00,2026-09-10 17:23:27.362933+00:00,2026-09-10 17:23:36.037086+00:00,2026-09-10 17:23:36.037589+00:00,,,,,0.23800000000000002,8674.153,1.3,0.503,29.96,49.910000000000004,8754.764,CONFIRMED
M01,62477,2026-09-10 17:23:36.146037+00:00,2026-09-10 17:23:36.189889+00:00,2026-09-10 17:23:27.396587+00:00,2026-09-10 17:23:27.398638+00:00,2026-09-10 17:23:27.396806+00:00,2026-09-10 17:23:36.118295+00:00,2026-09-10 17:23:36.118801+00:00,,,,,0.219,8721.489,1.832,0.506,27.236,43.852000000000004,8793.302000000001,CONFIRMED
M01,62478,2026-09-10 17:23:36.215956+00:00,2026-09-10 17:23:36.272316+00:00,2026-09-10 17:23:27.427084+00:00,2026-09-10 17:23:27.427949+00:00,2026-09-10 17:23:27.427240+00:00,2026-09-10 17:23:36.190465+00:00,2026-09-10 17:23:36.190841+00:00,,,,,0.156,8763.225,0.709,0.376,25.115,56.36,8845.232,CONFIRMED
M01,62479,2026-09-10 17:23:36.296995+00:00,2026-09-10 17:23:36.343152+00:00,2026-09-10 17:23:27.460569+00:00,2026-09-10 17:23:27.461808+00:00,2026-09-10 17:23:27.460789+00:00,2026-09-10 17:23:36.272993+00:00,2026-09-10 17:23:36.273435+00:00,,,,,0.22,8812.204,1.019,0.442,23.560000000000002,46.157,8882.583,CONFIRMED
M01,62480,2026-09-10 17:23:36.371304+00:00,2026-09-10 17:23:36.419065+00:00,2026-09-10 17:23:27.489759+00:00,2026-09-10 17:23:27.491219+00:00,2026-09-10 17:23:27.489918+00:00,2026-09-10 17:23:36.343826+00:00,2026-09-10 17:23:36.344953+00:00,,,,,0.159,8853.908000000001,1.3010000000000002,1.127,26.351,47.760999999999996,8929.306,CONFIRMED
M01,62481,2026-09-10 17:23:36.444787+00:00,2026-09-10 17:23:36.484514+00:00,2026-09-10 17:23:27.518335+00:00,2026-09-10 17:23:27.519627+00:00,2026-09-10 17:23:27.518509+00:00,2026-09-10 17:23:36.419655+00:00,2026-09-10 17:23:36.419973+00:00,,,,,0.174,8901.146,1.118,0.318,24.814,39.727,8966.179,CONFIRMED
M01,62482,2026-09-10 17:23:36.511183+00:00,2026-09-10 17:23:36.554903+00:00,2026-09-10 17:23:27.547897+00:00,2026-09-10 17:23:27.548874+00:00,2026-09-10 17:23:27.548085+00:00,2026-09-10 17:23:36.485266+00:00,2026-09-10 17:23:36.485758+00:00,,,,,0.188,8937.181,0.789,0.49200000000000005,25.425,43.72,9007.006000000001,CONFIRMED
M01,62483,2026-09-10 17:23:36.583458+00:00,2026-09-10 17:23:36.628081+00:00,2026-09-10 17:23:27.577354+00:00,2026-09-10 17:23:27.578946+00:00,2026-09-10 17:23:27.577510+00:00,2026-09-10 17:23:36.555750+00:00,2026-09-10 17:23:36.556224+00:00,,,,,0.156,8978.24,1.436,0.474,27.234,44.623000000000005,9050.727,CONFIRMED
M01,62484,2026-09-10 17:23:36.656917+00:00,2026-09-10 17:23:36.703625+00:00,2026-09-10 17:23:27.606976+00:00,2026-09-10 17:23:27.607950+00:00,2026-09-10 17:23:27.607189+00:00,2026-09-10 17:23:36.628798+00:00,2026-09-10 17:23:36.629327+00:00,,,,,0.213,9021.609,0.761,0.5289999999999999,27.59,46.708,9096.649,CONFIRMED
M01,62485,2026-09-10 17:23:36.747188+00:00,2026-09-10 17:23:36.812353+00:00,2026-09-10 17:23:27.635889+00:00,2026-09-10 17:23:27.638259+00:00,2026-09-10 17:23:27.636102+00:00,2026-09-10 17:23:36.704355+00:00,2026-09-10 17:23:36.705317+00:00,,,,,0.213,9068.253,2.157,0.962,41.870999999999995,65.165,9176.464,CONFIRMED
M01,62486,2026-09-10 17:23:36.885278+00:00,2026-09-10 17:23:36.929314+00:00,2026-09-10 17:23:27.671525+00:00,2026-09-10 17:23:27.674610+00:00,2026-09-10 17:23:27.671671+00:00,2026-09-10 17:23:36.819677+00:00,2026-09-10 17:23:36.823515+00:00,,,,,0.146,9148.006000000001,2.939,3.8379999999999996,61.763,44.036,9257.789,CONFIRMED
M01,62487,2026-09-10 17:23:36.958734+00:00,2026-09-10 17:23:37.019614+00:00,2026-09-10 17:23:27.705638+00:00,2026-09-10 17:23:27.706940+00:00,2026-09-10 17:23:27.705865+00:00,2026-09-10 17:23:36.930053+00:00,2026-09-10 17:23:36.930606+00:00,,,,,0.22699999999999998,9224.188,1.075,0.553,28.128,60.879999999999995,9313.976,CONFIRMED
M01,62488,2026-09-10 17:23:37.043838+00:00,2026-09-10 17:23:37.082257+00:00,2026-09-10 17:23:27.734093+00:00,2026-09-10 17:23:27.736129+00:00,2026-09-10 17:23:27.734242+00:00,2026-09-10 17:23:37.020053+00:00,2026-09-10 17:23:37.020507+00:00,,,,,0.149,9285.811000000002,1.887,0.45399999999999996,23.331,38.419000000000004,9348.164,CONFIRMED
M01,62489,2026-09-10 17:23:37.113166+00:00,2026-09-10 17:23:37.156700+00:00,2026-09-10 17:23:27.763924+00:00,2026-09-10 17:23:27.766739+00:00,2026-09-10 17:23:27.764201+00:00,2026-09-10 17:23:37.082846+00:00,2026-09-10 17:23:37.083297+00:00,,,,,0.277,9318.645,2.538,0.451,29.869,43.534000000000006,9392.776,CONFIRMED
M01,62490,2026-09-10 17:23:37.189182+00:00,2026-09-10 17:23:37.240589+00:00,2026-09-10 17:23:27.794965+00:00,2026-09-10 17:23:27.796618+00:00,2026-09-10 17:23:27.795146+00:00,2026-09-10 17:23:37.157609+00:00,2026-09-10 17:23:37.158186+00:00,,,,,0.18100000000000002,9362.463,1.472,0.5770000000000001,30.996,51.407000000000004,9445.624,CONFIRMED
M01,62491,2026-09-10 17:23:37.271431+00:00,2026-09-10 17:23:37.316720+00:00,2026-09-10 17:23:27.825412+00:00,2026-09-10 17:23:27.826404+00:00,2026-09-10 17:23:27.825567+00:00,2026-09-10 17:23:37.241310+00:00,2026-09-10 17:23:37.242032+00:00,,,,,0.155,9415.742999999999,0.837,0.722,29.399,45.289,9491.308,CONFIRMED
M01,62492,2026-09-10 17:23:37.348440+00:00,2026-09-10 17:23:37.391673+00:00,2026-09-10 17:23:27.854032+00:00,2026-09-10 17:23:27.855060+00:00,2026-09-10 17:23:27.854225+00:00,2026-09-10 17:23:37.318722+00:00,2026-09-10 17:23:37.319252+00:00,,,,,0.193,9464.497,0.8350000000000001,0.53,29.188,43.233000000000004,9537.641000000001,CONFIRMED
M01,62493,2026-09-10 17:23:37.422223+00:00,2026-09-10 17:23:37.465456+00:00,2026-09-10 17:23:27.882242+00:00,2026-09-10 17:23:27.886249+00:00,2026-09-10 17:23:27.882458+00:00,2026-09-10 17:23:37.392492+00:00,2026-09-10 17:23:37.392999+00:00,,,,,0.216,9510.034,3.791,0.507,29.224,43.233000000000004,9583.214,CONFIRMED
M01,62494,2026-09-10 17:23:37.493633+00:00,2026-09-10 17:23:37.597133+00:00,2026-09-10 17:23:27.916583+00:00,2026-09-10 17:23:27.918210+00:00,2026-09-10 17:23:27.916836+00:00,2026-09-10 17:23:37.466116+00:00,2026-09-10 17:23:37.466493+00:00,,,,,0.253,9549.279999999999,1.374,0.377,27.14,103.5,9680.550000000001,CONFIRMED
M01,62495,2026-09-10 17:23:37.627531+00:00,2026-09-10 17:23:37.675554+00:00,2026-09-10 17:23:27.946516+00:00,2026-09-10 17:23:27.947742+00:00,2026-09-10 17:23:27.946651+00:00,2026-09-10 17:23:37.597954+00:00,2026-09-10 17:23:37.598513+00:00,,,,,0.135,9651.303,1.091,0.559,29.017999999999997,48.023,9729.037999999999,CONFIRMED
M01,62496,2026-09-10 17:23:37.705228+00:00,2026-09-10 17:23:37.758299+00:00,2026-09-10 17:23:27.982095+00:00,2026-09-10 17:23:27.984442+00:00,2026-09-10 17:23:27.982301+00:00,2026-09-10 17:23:37.676272+00:00,2026-09-10 17:23:37.677209+00:00,,,,,0.206,9693.971,2.141,0.937,28.019,53.071,9776.204,CONFIRMED
M01,62497,2026-09-10 17:23:37.792029+00:00,2026-09-10 17:23:37.841373+00:00,2026-09-10 17:23:28.012280+00:00,2026-09-10 17:23:28.013501+00:00,2026-09-10 17:23:28.012425+00:00,2026-09-10 17:23:37.759234+00:00,2026-09-10 17:23:37.759767+00:00,,,,,0.145,9746.809000000001,1.0759999999999998,0.533,32.262,49.344,9829.093,CONFIRMED
M01,62498,2026-09-10 17:23:37.872804+00:00,2026-09-10 17:23:37.918327+00:00,2026-09-10 17:23:28.040981+00:00,2026-09-10 17:23:28.044427+00:00,2026-09-10 17:23:28.041201+00:00,2026-09-10 17:23:37.842111+00:00,2026-09-10 17:23:37.842600+00:00,,,,,0.22,9800.91,3.226,0.48899999999999993,30.204,45.523,9877.346,CONFIRMED
M01,62499,2026-09-10 17:23:37.941039+00:00,2026-09-10 17:23:38.004253+00:00,2026-09-10 17:23:28.075305+00:00,2026-09-10 17:23:28.077315+00:00,2026-09-10 17:23:28.075496+00:00,2026-09-10 17:23:37.920021+00:00,2026-09-10 17:23:37.920559+00:00,,,,,0.191,9844.525000000001,1.8190000000000002,0.5379999999999999,20.48,63.214000000000006,9928.948,CONFIRMED
M01,62500,2026-09-10 17:23:38.040441+00:00,2026-09-10 17:23:38.084820+00:00,2026-09-10 17:23:28.105038+00:00,2026-09-10 17:23:28.107155+00:00,2026-09-10 17:23:28.105283+00:00,2026-09-10 17:23:38.004739+00:00,2026-09-10 17:23:38.005084+00:00,,,,,0.245,9899.456,1.8719999999999999,0.345,35.357,44.379000000000005,9979.782,CONFIRMED
M01,62501,2026-09-10 17:23:38.114419+00:00,2026-09-10 17:23:38.161005+00:00,2026-09-10 17:23:28.134829+00:00,2026-09-10 17:23:28.137175+00:00,2026-09-10 17:23:28.135019+00:00,2026-09-10 17:23:38.085424+00:00,2026-09-10 17:23:38.085934+00:00,,,,,0.19,9950.405,2.156,0.51,28.485,46.586000000000006,10026.176,CONFIRMED
M01,62502,2026-09-10 17:23:38.193429+00:00,2026-09-10 17:23:38.255473+00:00,2026-09-10 17:23:28.166204+00:00,2026-09-10 17:23:28.168509+00:00,2026-09-10 17:23:28.166466+00:00,2026-09-10 17:23:38.161777+00:00,2026-09-10 17:23:38.162229+00:00,,,,,0.262,9995.311,2.043,0.45199999999999996,31.2,62.044000000000004,10089.269,CONFIRMED
M01,62503,2026-09-10 17:23:38.285860+00:00,2026-09-10 17:23:38.329356+00:00,2026-09-10 17:23:28.197014+00:00,2026-09-10 17:23:28.198910+00:00,2026-09-10 17:23:28.197288+00:00,2026-09-10 17:23:38.256503+00:00,2026-09-10 17:23:38.256910+00:00,,,,,0.27399999999999997,10059.215,1.6219999999999999,0.40700000000000003,28.95,43.496,10132.341999999999,CONFIRMED
M01,62504,2026-09-10 17:23:38.367717+00:00,2026-09-10 17:23:38.418228+00:00,2026-09-10 17:23:28.226573+00:00,2026-09-10 17:23:28.230628+00:00,2026-09-10 17:23:28.226771+00:00,2026-09-10 17:23:38.330390+00:00,2026-09-10 17:23:38.332216+00:00,,,,,0.19799999999999998,10103.619,3.857,1.8259999999999998,35.501,50.511,10191.655,CONFIRMED
M01,62505,2026-09-10 17:23:38.446375+00:00,2026-09-10 17:23:38.487960+00:00,2026-09-10 17:23:28.259457+00:00,2026-09-10 17:23:28.261036+00:00,2026-09-10 17:23:28.259652+00:00,2026-09-10 17:23:38.419202+00:00,2026-09-10 17:23:38.419684+00:00,,,,,0.195,10159.55,1.3840000000000001,0.482,26.691,41.584999999999994,10228.503,CONFIRMED
M01,62506,2026-09-10 17:23:38.520642+00:00,2026-09-10 17:23:38.581879+00:00,2026-09-10 17:23:28.288864+00:00,2026-09-10 17:23:28.290746+00:00,2026-09-10 17:23:28.289242+00:00,2026-09-10 17:23:38.488498+00:00,2026-09-10 17:23:38.488871+00:00,,,,,0.378,10199.256,1.504,0.373,31.771,61.237,10293.015000000001,CONFIRMED
M01,62507,2026-09-10 17:23:38.604262+00:00,2026-09-10 17:23:38.649962+00:00,2026-09-10 17:23:28.318631+00:00,2026-09-10 17:23:28.321289+00:00,2026-09-10 17:23:28.319075+00:00,2026-09-10 17:23:38.582628+00:00,2026-09-10 17:23:38.582987+00:00,,,,,0.444,10263.553,2.214,0.359,21.275,45.699999999999996,10331.331,CONFIRMED
M01,62508,2026-09-10 17:23:38.678742+00:00,2026-09-10 17:23:38.737918+00:00,2026-09-10 17:23:28.351364+00:00,2026-09-10 17:23:28.352821+00:00,2026-09-10 17:23:28.351553+00:00,2026-09-10 17:23:38.650727+00:00,2026-09-10 17:23:38.651209+00:00,,,,,0.189,10299.174,1.268,0.482,27.532999999999998,59.176,10386.554,CONFIRMED
M01,62509,2026-09-10 17:23:38.770489+00:00,2026-09-10 17:23:38.812819+00:00,2026-09-10 17:23:28.382737+00:00,2026-09-10 17:23:28.384470+00:00,2026-09-10 17:23:28.383006+00:00,2026-09-10 17:23:38.738745+00:00,2026-09-10 17:23:38.739238+00:00,,,,,0.26899999999999996,10355.739,1.464,0.49299999999999994,31.251,42.33,10430.082,CONFIRMED
M01,62510,2026-09-10 17:23:38.842412+00:00,2026-09-10 17:23:38.881553+00:00,2026-09-10 17:23:28.413260+00:00,2026-09-10 17:23:28.415193+00:00,2026-09-10 17:23:28.413993+00:00,2026-09-10 17:23:38.813430+00:00,2026-09-10 17:23:38.813963+00:00,,,,,0.733,10399.437,1.2,0.533,28.448999999999998,39.141000000000005,10468.293,CONFIRMED
M01,62511,2026-09-10 17:23:38.914251+00:00,2026-09-10 17:23:38.962169+00:00,2026-09-10 17:23:28.444822+00:00,2026-09-10 17:23:28.447486+00:00,2026-09-10 17:23:28.444981+00:00,2026-09-10 17:23:38.882229+00:00,2026-09-10 17:23:38.882702+00:00,,,,,0.159,10437.248,2.505,0.47300000000000003,31.549,47.918,10517.347000000002,CONFIRMED
M01,62512,2026-09-10 17:23:38.993333+00:00,2026-09-10 17:23:39.045871+00:00,2026-09-10 17:23:28.478726+00:00,2026-09-10 17:23:28.480027+00:00,2026-09-10 17:23:28.479154+00:00,2026-09-10 17:23:38.962901+00:00,2026-09-10 17:23:38.963411+00:00,,,,,0.428,10483.747,0.873,0.51,29.922,52.538000000000004,10567.145,CONFIRMED
M01,62513,2026-09-10 17:23:39.070463+00:00,2026-09-10 17:23:39.116317+00:00,2026-09-10 17:23:28.507706+00:00,2026-09-10 17:23:28.509814+00:00,2026-09-10 17:23:28.508033+00:00,2026-09-10 17:23:39.046580+00:00,2026-09-10 17:23:39.047328+00:00,,,,,0.32699999999999996,10538.546999999999,1.7810000000000001,0.748,23.134999999999998,45.854,10608.610999999999,CONFIRMED
M01,62514,2026-09-10 17:23:39.143229+00:00,2026-09-10 17:23:39.192402+00:00,2026-09-10 17:23:28.538554+00:00,2026-09-10 17:23:28.539536+00:00,2026-09-10 17:23:28.538784+00:00,2026-09-10 17:23:39.117601+00:00,2026-09-10 17:23:39.119218+00:00,,,,,0.23,10578.817000000001,0.752,1.617,24.011000000000003,49.173,10653.848,CONFIRMED
M01,62515,2026-09-10 17:23:39.226041+00:00,2026-09-10 17:23:39.287411+00:00,2026-09-10 17:23:28.567099+00:00,2026-09-10 17:23:28.569459+00:00,2026-09-10 17:23:28.567273+00:00,2026-09-10 17:23:39.193228+00:00,2026-09-10 17:23:39.193759+00:00,,,,,0.174,10625.955,2.186,0.531,32.282,61.37,10720.312,CONFIRMED
M01,62516,2026-09-10 17:23:39.321175+00:00,2026-09-10 17:23:39.371044+00:00,2026-09-10 17:23:28.597375+00:00,2026-09-10 17:23:28.599152+00:00,2026-09-10 17:23:28.597890+00:00,2026-09-10 17:23:39.288306+00:00,2026-09-10 17:23:39.289561+00:00,,,,,0.515,10690.416000000001,1.262,1.2550000000000001,31.614000000000004,49.869,10773.669,CONFIRMED
M01,62517,2026-09-10 17:23:39.401071+00:00,2026-09-10 17:23:39.449374+00:00,2026-09-10 17:23:28.628467+00:00,2026-09-10 17:23:28.630923+00:00,2026-09-10 17:23:28.629631+00:00,2026-09-10 17:23:39.371844+00:00,2026-09-10 17:23:39.372360+00:00,,,,,1.1640000000000001,10742.213,1.292,0.516,28.711000000000002,48.303,10820.907,CONFIRMED
M01,62518,2026-09-10 17:23:39.482957+00:00,2026-09-10 17:23:39.533726+00:00,2026-09-10 17:23:28.659316+00:00,2026-09-10 17:23:28.660414+00:00,2026-09-10 17:23:28.659431+00:00,2026-09-10 17:23:39.450479+00:00,2026-09-10 17:23:39.451256+00:00,,,,,0.115,10791.048,0.983,0.777,31.701,50.769,10874.41,CONFIRMED
M01,62519,2026-09-10 17:23:39.563726+00:00,2026-09-10 17:23:39.615516+00:00,2026-09-10 17:23:28.688103+00:00,2026-09-10 17:23:28.689056+00:00,2026-09-10 17:23:28.688274+00:00,2026-09-10 17:23:39.534717+00:00,2026-09-10 17:23:39.535262+00:00,,,,,0.171,10846.443000000001,0.782,0.545,28.464,51.790000000000006,10927.413,CONFIRMED
M01,62520,2026-09-10 17:23:39.649403+00:00,2026-09-10 17:23:39.690531+00:00,2026-09-10 17:23:28.717867+00:00,2026-09-10 17:23:28.719792+00:00,2026-09-10 17:23:28.718062+00:00,2026-09-10 17:23:39.616271+00:00,2026-09-10 17:23:39.616745+00:00,,,,,0.195,10898.208999999999,1.73,0.474,32.658,41.128,10972.664,CONFIRMED
M01,62521,2026-09-10 17:23:39.730936+00:00,2026-09-10 17:23:39.792785+00:00,2026-09-10 17:23:28.749838+00:00,2026-09-10 17:23:28.751801+00:00,2026-09-10 17:23:28.750036+00:00,2026-09-10 17:23:39.691199+00:00,2026-09-10 17:23:39.691830+00:00,,,,,0.19799999999999998,10941.162999999999,1.7650000000000001,0.631,39.106,61.849000000000004,11042.947,CONFIRMED
M01,62522,2026-09-10 17:23:39.824285+00:00,2026-09-10 17:23:39.870971+00:00,2026-09-10 17:23:28.781133+00:00,2026-09-10 17:23:28.782283+00:00,2026-09-10 17:23:28.781324+00:00,2026-09-10 17:23:39.793602+00:00,2026-09-10 17:23:39.794326+00:00,,,,,0.191,11012.278,0.959,0.7240000000000001,29.959,46.686,11089.838,CONFIRMED
M01,62523,2026-09-10 17:23:39.898271+00:00,2026-09-10 17:23:39.940925+00:00,2026-09-10 17:23:28.809919+00:00,2026-09-10 17:23:28.810935+00:00,2026-09-10 17:23:28.810173+00:00,2026-09-10 17:23:39.871564+00:00,2026-09-10 17:23:39.872008+00:00,,,,,0.254,11061.391,0.762,0.444,26.263,42.653999999999996,11131.006,CONFIRMED
M01,62524,2026-09-10 17:23:39.974440+00:00,2026-09-10 17:23:40.037970+00:00,2026-09-10 17:23:28.844683+00:00,2026-09-10 17:23:28.846457+00:00,2026-09-10 17:23:28.845040+00:00,2026-09-10 17:23:39.942824+00:00,2026-09-10 17:23:39.943300+00:00,,,,,0.357,11097.784000000001,1.417,0.47600000000000003,31.14,63.53,11193.287,CONFIRMED
M01,62525,2026-09-10 17:23:40.072686+00:00,2026-09-10 17:23:40.122694+00:00,2026-09-10 17:23:28.875312+00:00,2026-09-10 17:23:28.877257+00:00,2026-09-10 17:23:28.875516+00:00,2026-09-10 17:23:40.038496+00:00,2026-09-10 17:23:40.038939+00:00,,,,,0.204,11162.98,1.7409999999999999,0.443,33.747,50.007999999999996,11247.382,CONFIRMED
M01,62526,2026-09-10 17:23:40.151465+00:00,2026-09-10 17:23:40.225322+00:00,2026-09-10 17:23:28.913191+00:00,2026-09-10 17:23:28.919052+00:00,2026-09-10 17:23:28.913325+00:00,2026-09-10 17:23:40.123560+00:00,2026-09-10 17:23:40.124023+00:00,,,,,0.134,11210.235,5.727,0.46299999999999997,27.442,73.857,11312.131000000001,CONFIRMED
M01,62527,2026-09-10 17:23:40.258760+00:00,2026-09-10 17:23:40.312090+00:00,2026-09-10 17:23:28.946673+00:00,2026-09-10 17:23:28.948237+00:00,2026-09-10 17:23:28.947161+00:00,2026-09-10 17:23:40.230631+00:00,2026-09-10 17:23:40.231055+00:00,,,,,0.488,11283.47,1.0759999999999998,0.424,27.705000000000002,53.330000000000005,11365.417000000001,CONFIRMED
M01,62528,2026-09-10 17:23:40.342430+00:00,2026-09-10 17:23:40.387995+00:00,2026-09-10 17:23:28.975450+00:00,2026-09-10 17:23:28.977074+00:00,2026-09-10 17:23:28.975684+00:00,2026-09-10 17:23:40.313146+00:00,2026-09-10 17:23:40.313674+00:00,,,,,0.23399999999999999,11337.462,1.39,0.528,28.756,45.565000000000005,11412.545,CONFIRMED
M01,62529,2026-09-10 17:23:40.425781+00:00,2026-09-10 17:23:40.473030+00:00,2026-09-10 17:23:29.005046+00:00,2026-09-10 17:23:29.006728+00:00,2026-09-10 17:23:29.005228+00:00,2026-09-10 17:23:40.388926+00:00,2026-09-10 17:23:40.390635+00:00,,,,,0.182,11383.698,1.5,1.709,35.145999999999994,47.249,11467.984,CONFIRMED
M01,62530,2026-09-10 17:23:40.509513+00:00,2026-09-10 17:23:40.555564+00:00,2026-09-10 17:23:29.036223+00:00,2026-09-10 17:23:29.037538+00:00,2026-09-10 17:23:29.036385+00:00,2026-09-10 17:23:40.473727+00:00,2026-09-10 17:23:40.474285+00:00,,,,,0.162,11437.341999999999,1.153,0.558,35.228,46.051,11519.341,CONFIRMED
M01,62531,2026-09-10 17:23:40.585560+00:00,2026-09-10 17:23:40.630382+00:00,2026-09-10 17:23:29.065284+00:00,2026-09-10 17:23:29.067018+00:00,2026-09-10 17:23:29.065447+00:00,2026-09-10 17:23:40.556737+00:00,2026-09-10 17:23:40.557294+00:00,,,,,0.163,11491.289999999999,1.571,0.5569999999999999,28.266,44.822,11565.098,CONFIRMED
M01,62532,2026-09-10 17:23:40.669398+00:00,2026-09-10 17:23:40.713779+00:00,2026-09-10 17:23:29.094482+00:00,2026-09-10 17:23:29.096671+00:00,2026-09-10 17:23:29.094674+00:00,2026-09-10 17:23:40.631110+00:00,2026-09-10 17:23:40.631635+00:00,,,,,0.192,11536.436,1.997,0.525,37.763,44.381,11619.296999999999,CONFIRMED
M01,62533,2026-09-10 17:23:40.742048+00:00,2026-09-10 17:23:40.792064+00:00,2026-09-10 17:23:29.124705+00:00,2026-09-10 17:23:29.128554+00:00,2026-09-10 17:23:29.124901+00:00,2026-09-10 17:23:40.714721+00:00,2026-09-10 17:23:40.715214+00:00,,,,,0.196,11589.82,3.653,0.49299999999999994,26.834,50.016,11667.358999999999,CONFIRMED
M01,62534,2026-09-10 17:23:40.822050+00:00,2026-09-10 17:23:40.868770+00:00,2026-09-10 17:23:29.157334+00:00,2026-09-10 17:23:29.158457+00:00,2026-09-10 17:23:29.157552+00:00,2026-09-10 17:23:40.792526+00:00,2026-09-10 17:23:40.792873+00:00,,,,,0.21800000000000003,11634.974,0.905,0.347,29.177000000000003,46.72,11711.436,CONFIRMED
M01,62535,2026-09-10 17:23:40.896254+00:00,2026-09-10 17:23:40.943456+00:00,2026-09-10 17:23:29.186354+00:00,2026-09-10 17:23:29.187298+00:00,2026-09-10 17:23:29.186580+00:00,2026-09-10 17:23:40.869336+00:00,2026-09-10 17:23:40.869732+00:00,,,,,0.22599999999999998,11682.756,0.718,0.39599999999999996,26.522000000000002,47.202,11757.101999999999,CONFIRMED
M01,62536,2026-09-10 17:23:40.975598+00:00,2026-09-10 17:23:41.028149+00:00,2026-09-10 17:23:29.216933+00:00,2026-09-10 17:23:29.219210+00:00,2026-09-10 17:23:29.217099+00:00,2026-09-10 17:23:40.944202+00:00,2026-09-10 17:23:40.944761+00:00,,,,,0.166,11727.103,2.111,0.559,30.837,52.551,11811.216,CONFIRMED
M01,62537,2026-09-10 17:23:41.054575+00:00,2026-09-10 17:23:41.095526+00:00,2026-09-10 17:23:29.250876+00:00,2026-09-10 17:23:29.252070+00:00,2026-09-10 17:23:29.251019+00:00,2026-09-10 17:23:41.028807+00:00,2026-09-10 17:23:41.029412+00:00,,,,,0.14300000000000002,11777.787999999999,1.0510000000000002,0.605,25.163,40.951,11844.65,CONFIRMED
M01,62538,2026-09-10 17:23:41.124240+00:00,2026-09-10 17:23:41.177195+00:00,2026-09-10 17:23:29.280291+00:00,2026-09-10 17:23:29.281211+00:00,2026-09-10 17:23:29.280469+00:00,2026-09-10 17:23:41.096338+00:00,2026-09-10 17:23:41.096975+00:00,,,,,0.178,11815.868999999999,0.742,0.637,27.265,52.955000000000005,11896.903999999999,CONFIRMED
M01,62539,2026-09-10 17:23:41.208232+00:00,2026-09-10 17:23:41.253481+00:00,2026-09-10 17:23:29.309143+00:00,2026-09-10 17:23:29.310263+00:00,2026-09-10 17:23:29.309328+00:00,2026-09-10 17:23:41.178042+00:00,2026-09-10 17:23:41.178851+00:00,,,,,0.185,11868.714,0.9349999999999999,0.809,29.381,45.248999999999995,11944.338,CONFIRMED
M01,62540,2026-09-10 17:23:41.277991+00:00,2026-09-10 17:23:41.324306+00:00,2026-09-10 17:23:29.339511+00:00,2026-09-10 17:23:29.340667+00:00,2026-09-10 17:23:29.339712+00:00,2026-09-10 17:23:41.254393+00:00,2026-09-10 17:23:41.254907+00:00,,,,,0.201,11914.681,0.955,0.514,23.084,46.315000000000005,11984.795,CONFIRMED
M01,62541,2026-09-10 17:23:41.348313+00:00,2026-09-10 17:23:41.389606+00:00,2026-09-10 17:23:29.371155+00:00,2026-09-10 17:23:29.372136+00:00,2026-09-10 17:23:29.371342+00:00,2026-09-10 17:23:41.324844+00:00,2026-09-10 17:23:41.325405+00:00,,,,,0.187,11953.502,0.794,0.5609999999999999,22.908,41.293000000000006,12018.451000000001,CONFIRMED
M01,62542,2026-09-10 17:23:41.419844+00:00,2026-09-10 17:23:41.471993+00:00,2026-09-10 17:23:29.400952+00:00,2026-09-10 17:23:29.401924+00:00,2026-09-10 17:23:29.401178+00:00,2026-09-10 17:23:41.390392+00:00,2026-09-10 17:23:41.391014+00:00,,,,,0.22599999999999998,11989.214,0.746,0.622,28.830000000000002,52.149,12071.041,CONFIRMED
M01,62543,2026-09-10 17:23:41.503010+00:00,2026-09-10 17:23:41.552634+00:00,2026-09-10 17:23:29.429839+00:00,2026-09-10 17:23:29.432093+00:00,2026-09-10 17:23:29.430860+00:00,2026-09-10 17:23:41.472780+00:00,2026-09-10 17:23:41.473625+00:00,,,,,1.021,12041.92,1.2329999999999999,0.8450000000000001,29.385,49.624,12122.795,CONFIRMED
M01,62544,2026-09-10 17:23:41.586124+00:00,2026-09-10 17:23:41.650172+00:00,2026-09-10 17:23:29.462283+00:00,2026-09-10 17:23:29.463081+00:00,2026-09-10 17:23:29.462483+00:00,2026-09-10 17:23:41.553287+00:00,2026-09-10 17:23:41.553859+00:00,,,,,0.2,12090.804,0.598,0.5720000000000001,32.265,64.04799999999999,12187.889000000001,CONFIRMED
M01,62545,2026-09-10 17:23:41.681540+00:00,2026-09-10 17:23:41.736327+00:00,2026-09-10 17:23:29.495844+00:00,2026-09-10 17:23:29.497008+00:00,2026-09-10 17:23:29.496092+00:00,2026-09-10 17:23:41.650792+00:00,2026-09-10 17:23:41.651254+00:00,,,,,0.248,12154.7,0.916,0.462,30.286,54.787,12240.483,CONFIRMED
M01,62546,2026-09-10 17:23:41.762628+00:00,2026-09-10 17:23:41.812270+00:00,2026-09-10 17:23:29.525271+00:00,2026-09-10 17:23:29.526440+00:00,2026-09-10 17:23:29.525452+00:00,2026-09-10 17:23:41.737178+00:00,2026-09-10 17:23:41.738015+00:00,,,,,0.18100000000000002,12211.726,0.988,0.837,24.613,49.641999999999996,12286.999,CONFIRMED
M01,62547,2026-09-10 17:23:41.842126+00:00,2026-09-10 17:23:41.884345+00:00,2026-09-10 17:23:29.554151+00:00,2026-09-10 17:23:29.555514+00:00,2026-09-10 17:23:29.554290+00:00,2026-09-10 17:23:41.814361+00:00,2026-09-10 17:23:41.814870+00:00,,,,,0.13899999999999998,12260.071,1.224,0.509,27.256,42.219,12330.194000000001,CONFIRMED
M01,62548,2026-09-10 17:23:41.915384+00:00,2026-09-10 17:23:41.977500+00:00,2026-09-10 17:23:29.583300+00:00,2026-09-10 17:23:29.584581+00:00,2026-09-10 17:23:29.583575+00:00,2026-09-10 17:23:41.884941+00:00,2026-09-10 17:23:41.885287+00:00,,,,,0.275,12301.366,1.006,0.34600000000000003,30.096999999999998,62.116,12394.199999999999,CONFIRMED
M01,62549,2026-09-10 17:23:42.000374+00:00,2026-09-10 17:23:42.050520+00:00,2026-09-10 17:23:29.612581+00:00,2026-09-10 17:23:29.613881+00:00,2026-09-10 17:23:29.612840+00:00,2026-09-10 17:23:41.978375+00:00,2026-09-10 17:23:41.979177+00:00,,,,,0.259,12365.535,1.0410000000000001,0.8019999999999999,21.197,50.146,12437.939,CONFIRMED
M01,62550,2026-09-10 17:23:42.086851+00:00,2026-09-10 17:23:42.127223+00:00,2026-09-10 17:23:29.641535+00:00,2026-09-10 17:23:29.642811+00:00,2026-09-10 17:23:29.641722+00:00,2026-09-10 17:23:42.051198+00:00,2026-09-10 17:23:42.051618+00:00,,,,,0.187,12409.476,1.089,0.42000000000000004,35.233,40.372,12485.688,CONFIRMED
M01,62551,2026-09-10 17:23:42.163372+00:00,2026-09-10 17:23:42.208974+00:00,2026-09-10 17:23:29.670209+00:00,2026-09-10 17:23:29.671023+00:00,2026-09-10 17:23:29.670398+00:00,2026-09-10 17:23:42.128000+00:00,2026-09-10 17:23:42.128632+00:00,,,,,0.189,12457.601999999999,0.625,0.632,34.74,45.602,12538.765,CONFIRMED
M01,62552,2026-09-10 17:23:42.238055+00:00,2026-09-10 17:23:42.281488+00:00,2026-09-10 17:23:29.698875+00:00,2026-09-10 17:23:29.701212+00:00,2026-09-10 17:23:29.699109+00:00,2026-09-10 17:23:42.209735+00:00,2026-09-10 17:23:42.210247+00:00,,,,,0.23399999999999999,12510.626,2.1029999999999998,0.512,27.808,43.433,12582.613,CONFIRMED
M01,62553,2026-09-10 17:23:42.321152+00:00,2026-09-10 17:23:42.365325+00:00,2026-09-10 17:23:29.730818+00:00,2026-09-10 17:23:29.733014+00:00,2026-09-10 17:23:29.731097+00:00,2026-09-10 17:23:42.282534+00:00,2026-09-10 17:23:42.283138+00:00,,,,,0.279,12551.437,1.917,0.6040000000000001,38.013999999999996,44.172999999999995,12634.507,CONFIRMED
M01,62554,2026-09-10 17:23:42.399357+00:00,2026-09-10 17:23:42.453359+00:00,2026-09-10 17:23:29.761249+00:00,2026-09-10 17:23:29.762516+00:00,2026-09-10 17:23:29.761405+00:00,2026-09-10 17:23:42.366105+00:00,2026-09-10 17:23:42.366607+00:00,,,,,0.156,12604.699999999999,1.111,0.502,32.75,54.002,12692.109999999999,CONFIRMED
M01,62555,2026-09-10 17:23:42.485343+00:00,2026-09-10 17:23:42.536401+00:00,2026-09-10 17:23:29.792065+00:00,2026-09-10 17:23:29.793865+00:00,2026-09-10 17:23:29.792272+00:00,2026-09-10 17:23:42.454223+00:00,2026-09-10 17:23:42.454762+00:00,,,,,0.207,12661.951000000001,1.593,0.539,30.581,51.058,12744.336000000001,CONFIRMED
M01,62556,2026-09-10 17:23:42.572194+00:00,2026-09-10 17:23:42.612760+00:00,2026-09-10 17:23:29.821226+00:00,2026-09-10 17:23:29.822544+00:00,2026-09-10 17:23:29.821517+00:00,2026-09-10 17:23:42.536994+00:00,2026-09-10 17:23:42.537586+00:00,,,,,0.29100000000000004,12715.477,1.027,0.592,34.608,40.565999999999995,12791.534,CONFIRMED
M01,62557,2026-09-10 17:23:42.633262+00:00,2026-09-10 17:23:42.683621+00:00,2026-09-10 17:23:29.850300+00:00,2026-09-10 17:23:29.851577+00:00,2026-09-10 17:23:29.850465+00:00,2026-09-10 17:23:42.613306+00:00,2026-09-10 17:23:42.613693+00:00,,,,,0.165,12762.841,1.1119999999999999,0.38699999999999996,19.569,50.359,12833.321,CONFIRMED
M01,62558,2026-09-10 17:23:42.710451+00:00,2026-09-10 17:23:42.755306+00:00,2026-09-10 17:23:29.879235+00:00,2026-09-10 17:23:29.881283+00:00,2026-09-10 17:23:29.879443+00:00,2026-09-10 17:23:42.684479+00:00,2026-09-10 17:23:42.685095+00:00,,,,,0.208,12805.036,1.84,0.616,25.356,44.855,12876.071,CONFIRMED
M01,62559,2026-09-10 17:23:42.775972+00:00,2026-09-10 17:23:42.823948+00:00,2026-09-10 17:23:29.909269+00:00,2026-09-10 17:23:29.910360+00:00,2026-09-10 17:23:29.909442+00:00,2026-09-10 17:23:42.755888+00:00,2026-09-10 17:23:42.756259+00:00,,,,,0.17300000000000001,12846.446,0.9179999999999999,0.371,19.713,47.976,12914.679,CONFIRMED
M01,62560,2026-09-10 17:23:42.852369+00:00,2026-09-10 17:23:42.900167+00:00,2026-09-10 17:23:29.938273+00:00,2026-09-10 17:23:29.942940+00:00,2026-09-10 17:23:29.938420+00:00,2026-09-10 17:23:42.824879+00:00,2026-09-10 17:23:42.825485+00:00,,,,,0.147,12886.459,4.52,0.606,26.884,47.798,12961.894,CONFIRMED
M01,62561,2026-09-10 17:23:42.931273+00:00,2026-09-10 17:23:42.977519+00:00,2026-09-10 17:23:29.971072+00:00,2026-09-10 17:23:29.972520+00:00,2026-09-10 17:23:29.971202+00:00,2026-09-10 17:23:42.900968+00:00,2026-09-10 17:23:42.901563+00:00,,,,,0.12999999999999998,12929.766000000001,1.3179999999999998,0.5950000000000001,29.71,46.246,13006.447,CONFIRMED
M01,62562,2026-09-10 17:23:43.003940+00:00,2026-09-10 17:23:43.053996+00:00,2026-09-10 17:23:30.000096+00:00,2026-09-10 17:23:30.004194+00:00,2026-09-10 17:23:30.000219+00:00,2026-09-10 17:23:42.978368+00:00,2026-09-10 17:23:42.978999+00:00,,,,,0.12300000000000001,12978.149,3.975,0.631,24.941000000000003,50.056000000000004,13053.9,CONFIRMED
M01,62563,2026-09-10 17:23:43.095578+00:00,2026-09-10 17:23:43.138399+00:00,2026-09-10 17:23:30.031646+00:00,2026-09-10 17:23:30.032669+00:00,2026-09-10 17:23:30.031879+00:00,2026-09-10 17:23:43.054855+00:00,2026-09-10 17:23:43.057921+00:00,,,,,0.23299999999999998,13022.976,0.79,3.0660000000000003,37.657000000000004,42.821,13106.752999999999,CONFIRMED
M01,62564,2026-09-10 17:23:43.168501+00:00,2026-09-10 17:23:43.212486+00:00,2026-09-10 17:23:30.060384+00:00,2026-09-10 17:23:30.062527+00:00,2026-09-10 17:23:30.060604+00:00,2026-09-10 17:23:43.139307+00:00,2026-09-10 17:23:43.140028+00:00,,,,,0.22,13078.703000000001,1.923,0.721,28.473,43.98500000000001,13152.101999999999,CONFIRMED
M01,62565,2026-09-10 17:23:43.243016+00:00,2026-09-10 17:23:43.290514+00:00,2026-09-10 17:23:30.091967+00:00,2026-09-10 17:23:30.093480+00:00,2026-09-10 17:23:30.092146+00:00,2026-09-10 17:23:43.213168+00:00,2026-09-10 17:23:43.213705+00:00,,,,,0.179,13121.022,1.3339999999999999,0.537,29.311,47.498,13198.547,CONFIRMED
M01,62566,2026-09-10 17:23:43.320463+00:00,2026-09-10 17:23:43.364608+00:00,2026-09-10 17:23:30.121269+00:00,2026-09-10 17:23:30.122439+00:00,2026-09-10 17:23:30.121426+00:00,2026-09-10 17:23:43.291293+00:00,2026-09-10 17:23:43.291818+00:00,,,,,0.157,13169.867,1.013,0.525,28.645,44.144999999999996,13243.339,CONFIRMED
M01,62567,2026-09-10 17:23:43.395340+00:00,2026-09-10 17:23:43.435735+00:00,2026-09-10 17:23:30.149604+00:00,2026-09-10 17:23:30.150535+00:00,2026-09-10 17:23:30.149775+00:00,2026-09-10 17:23:43.366918+00:00,2026-09-10 17:23:43.367244+00:00,,,,,0.171,13217.143,0.76,0.326,28.096,40.395,13286.131,CONFIRMED
M01,62568,2026-09-10 17:23:43.463151+00:00,2026-09-10 17:23:43.507268+00:00,2026-09-10 17:23:30.177968+00:00,2026-09-10 17:23:30.178798+00:00,2026-09-10 17:23:30.178142+00:00,2026-09-10 17:23:43.436603+00:00,2026-09-10 17:23:43.437256+00:00,,,,,0.174,13258.461000000001,0.656,0.653,25.895000000000003,44.117000000000004,13329.3,CONFIRMED
M01,62569,2026-09-10 17:23:43.539090+00:00,2026-09-10 17:23:43.583820+00:00,2026-09-10 17:23:30.208158+00:00,2026-09-10 17:23:30.209334+00:00,2026-09-10 17:23:30.208364+00:00,2026-09-10 17:23:43.507960+00:00,2026-09-10 17:23:43.508457+00:00,,,,,0.206,13299.596,0.9700000000000001,0.49700000000000005,30.633,44.73,13375.662,CONFIRMED
M01,62570,2026-09-10 17:23:43.618092+00:00,2026-09-10 17:23:43.657511+00:00,2026-09-10 17:23:30.236827+00:00,2026-09-10 17:23:30.237965+00:00,2026-09-10 17:23:30.237017+00:00,2026-09-10 17:23:43.584641+00:00,2026-09-10 17:23:43.585307+00:00,,,,,0.19,13347.624,0.948,0.666,32.785000000000004,39.419000000000004,13420.684,CONFIRMED
M01,62571,2026-09-10 17:23:43.683918+00:00,2026-09-10 17:23:43.733672+00:00,2026-09-10 17:23:30.267401+00:00,2026-09-10 17:23:30.269188+00:00,2026-09-10 17:23:30.267591+00:00,2026-09-10 17:23:43.658135+00:00,2026-09-10 17:23:43.658615+00:00,,,,,0.19,13390.544,1.597,0.48000000000000004,25.303,49.754,13466.271,CONFIRMED
M01,62572,2026-09-10 17:23:43.773442+00:00,2026-09-10 17:23:43.832512+00:00,2026-09-10 17:23:30.297715+00:00,2026-09-10 17:23:30.318422+00:00,2026-09-10 17:23:30.297946+00:00,2026-09-10 17:23:43.734366+00:00,2026-09-10 17:23:43.734875+00:00,,,,,0.231,13436.42,20.476000000000003,0.509,38.567,59.07,13534.796999999999,CONFIRMED
M01,62573,2026-09-10 17:23:43.860400+00:00,2026-09-10 17:23:43.917960+00:00,2026-09-10 17:23:30.347922+00:00,2026-09-10 17:23:30.350849+00:00,2026-09-10 17:23:30.348172+00:00,2026-09-10 17:23:43.833285+00:00,2026-09-10 17:23:43.833858+00:00,,,,,0.25,13485.113,2.677,0.5730000000000001,26.541999999999998,57.56,13570.038,CONFIRMED
M01,62574,2026-09-10 17:23:43.942246+00:00,2026-09-10 17:23:43.985463+00:00,2026-09-10 17:23:30.380713+00:00,2026-09-10 17:23:30.383679+00:00,2026-09-10 17:23:30.380993+00:00,2026-09-10 17:23:43.918918+00:00,2026-09-10 17:23:43.919290+00:00,,,,,0.27999999999999997,13537.925,2.686,0.372,22.956,43.217,13604.75,CONFIRMED
M01,62575,2026-09-10 17:23:44.016184+00:00,2026-09-10 17:23:44.063525+00:00,2026-09-10 17:23:30.411890+00:00,2026-09-10 17:23:30.413410+00:00,2026-09-10 17:23:30.412113+00:00,2026-09-10 17:23:43.986272+00:00,2026-09-10 17:23:43.986840+00:00,,,,,0.223,13574.159,1.297,0.5680000000000001,29.343999999999998,47.341,13651.635,CONFIRMED
M01,62576,2026-09-10 17:23:44.090761+00:00,2026-09-10 17:23:44.142912+00:00,2026-09-10 17:23:30.456091+00:00,2026-09-10 17:23:30.457499+00:00,2026-09-10 17:23:30.456320+00:00,2026-09-10 17:23:44.064368+00:00,2026-09-10 17:23:44.065320+00:00,,,,,0.229,13608.048,1.1789999999999998,0.9520000000000001,25.441,52.151,13686.821,CONFIRMED
M01,62577,2026-09-10 17:23:44.180407+00:00,2026-09-10 17:23:44.226219+00:00,2026-09-10 17:23:30.485122+00:00,2026-09-10 17:23:30.486030+00:00,2026-09-10 17:23:30.485326+00:00,2026-09-10 17:23:44.144297+00:00,2026-09-10 17:23:44.145024+00:00,,,,,0.204,13658.971,0.704,0.727,35.382999999999996,45.812,13741.097,CONFIRMED
M01,62578,2026-09-10 17:23:44.257113+00:00,2026-09-10 17:23:44.306410+00:00,2026-09-10 17:23:30.513971+00:00,2026-09-10 17:23:30.514858+00:00,2026-09-10 17:23:30.514143+00:00,2026-09-10 17:23:44.226975+00:00,2026-09-10 17:23:44.227477+00:00,,,,,0.17200000000000001,13712.832,0.7150000000000001,0.502,29.636,49.297,13792.439,CONFIRMED
M01,62579,2026-09-10 17:23:44.337004+00:00,2026-09-10 17:23:44.380076+00:00,2026-09-10 17:23:30.542940+00:00,2026-09-10 17:23:30.543716+00:00,2026-09-10 17:23:30.543061+00:00,2026-09-10 17:23:44.307305+00:00,2026-09-10 17:23:44.307835+00:00,,,,,0.121,13764.244,0.655,0.53,29.169,43.072,13837.135999999999,CONFIRMED
M01,62580,2026-09-10 17:23:44.406361+00:00,2026-09-10 17:23:44.451010+00:00,2026-09-10 17:23:30.572184+00:00,2026-09-10 17:23:30.573154+00:00,2026-09-10 17:23:30.572418+00:00,2026-09-10 17:23:44.380733+00:00,2026-09-10 17:23:44.381168+00:00,,,,,0.23399999999999999,13808.315,0.736,0.435,25.193,44.649,13878.826000000001,CONFIRMED
M01,62581,2026-09-10 17:23:44.485397+00:00,2026-09-10 17:23:44.530388+00:00,2026-09-10 17:23:30.601748+00:00,2026-09-10 17:23:30.604765+00:00,2026-09-10 17:23:30.603523+00:00,2026-09-10 17:23:44.451731+00:00,2026-09-10 17:23:44.452190+00:00,,,,,1.7750000000000001,13848.207999999999,1.242,0.45899999999999996,33.207,44.991,13928.64,CONFIRMED
M01,62582,2026-09-10 17:23:44.551851+00:00,2026-09-10 17:23:44.609753+00:00,2026-09-10 17:23:30.633341+00:00,2026-09-10 17:23:30.634884+00:00,2026-09-10 17:23:30.633810+00:00,2026-09-10 17:23:44.531050+00:00,2026-09-10 17:23:44.531474+00:00,,,,,0.46900000000000003,13897.24,1.074,0.424,20.377,57.902,13976.412,CONFIRMED
M01,62583,2026-09-10 17:23:44.643811+00:00,2026-09-10 17:23:44.690288+00:00,2026-09-10 17:23:30.663646+00:00,2026-09-10 17:23:30.665923+00:00,2026-09-10 17:23:30.663885+00:00,2026-09-10 17:23:44.611141+00:00,2026-09-10 17:23:44.611774+00:00,,,,,0.23900000000000002,13947.256,2.038,0.633,32.037000000000006,46.477,14026.642,CONFIRMED
M01,62584,2026-09-10 17:23:44.725519+00:00,2026-09-10 17:23:44.768198+00:00,2026-09-10 17:23:30.693839+00:00,2026-09-10 17:23:30.695249+00:00,2026-09-10 17:23:30.694069+00:00,2026-09-10 17:23:44.690984+00:00,2026-09-10 17:23:44.691568+00:00,,,,,0.23,13996.914999999999,1.1800000000000002,0.584,33.951,42.679,14074.358999999999,CONFIRMED
M01,62585,2026-09-10 17:23:44.797291+00:00,2026-09-10 17:23:44.852414+00:00,2026-09-10 17:23:30.724046+00:00,2026-09-10 17:23:30.725271+00:00,2026-09-10 17:23:30.724319+00:00,2026-09-10 17:23:44.768807+00:00,2026-09-10 17:23:44.769185+00:00,,,,,0.273,14044.488,0.9520000000000001,0.378,28.105999999999998,55.123,14128.368,CONFIRMED
M01,62586,2026-09-10 17:23:44.884599+00:00,2026-09-10 17:23:44.937416+00:00,2026-09-10 17:23:30.753535+00:00,2026-09-10 17:23:30.754701+00:00,2026-09-10 17:23:30.753672+00:00,2026-09-10 17:23:44.853244+00:00,2026-09-10 17:23:44.853694+00:00,,,,,0.13699999999999998,14099.572,1.029,0.45,30.904999999999998,52.817,14183.881,CONFIRMED
M01,62587,2026-09-10 17:23:44.967902+00:00,2026-09-10 17:23:45.013281+00:00,2026-09-10 17:23:30.782729+00:00,2026-09-10 17:23:30.784128+00:00,2026-09-10 17:23:30.782887+00:00,2026-09-10 17:23:44.938600+00:00,2026-09-10 17:23:44.939137+00:00,,,,,0.158,14155.713,1.2409999999999999,0.537,28.765,45.379000000000005,14230.552,CONFIRMED
M01,62588,2026-09-10 17:23:45.048849+00:00,2026-09-10 17:23:45.103445+00:00,2026-09-10 17:23:30.813055+00:00,2026-09-10 17:23:30.813959+00:00,2026-09-10 17:23:30.813226+00:00,2026-09-10 17:23:45.014390+00:00,2026-09-10 17:23:45.014984+00:00,,,,,0.171,14201.164,0.733,0.594,33.865,54.596,14290.390000000001,CONFIRMED
M01,62589,2026-09-10 17:23:45.129289+00:00,2026-09-10 17:23:45.174183+00:00,2026-09-10 17:23:30.841708+00:00,2026-09-10 17:23:30.844481+00:00,2026-09-10 17:23:30.842026+00:00,2026-09-10 17:23:45.104306+00:00,2026-09-10 17:23:45.104954+00:00,,,,,0.318,14262.28,2.455,0.648,24.334999999999997,44.894000000000005,14332.475,CONFIRMED
M01,62590,2026-09-10 17:23:45.205132+00:00,2026-09-10 17:23:45.246641+00:00,2026-09-10 17:23:30.872372+00:00,2026-09-10 17:23:30.873202+00:00,2026-09-10 17:23:30.872541+00:00,2026-09-10 17:23:45.174939+00:00,2026-09-10 17:23:45.175388+00:00,,,,,0.16899999999999998,14302.398000000001,0.661,0.449,29.744,41.509,14374.269,CONFIRMED
M01,62591,2026-09-10 17:23:45.277308+00:00,2026-09-10 17:23:45.320753+00:00,2026-09-10 17:23:30.901238+00:00,2026-09-10 17:23:30.903728+00:00,2026-09-10 17:23:30.901431+00:00,2026-09-10 17:23:45.247412+00:00,2026-09-10 17:23:45.247774+00:00,,,,,0.193,14345.981,2.297,0.36200000000000004,29.534000000000002,43.445,14419.515000000001,CONFIRMED
M01,62592,2026-09-10 17:23:45.344431+00:00,2026-09-10 17:23:45.395236+00:00,2026-09-10 17:23:30.931854+00:00,2026-09-10 17:23:30.933177+00:00,2026-09-10 17:23:30.932046+00:00,2026-09-10 17:23:45.321478+00:00,2026-09-10 17:23:45.321977+00:00,,,,,0.192,14389.431999999999,1.131,0.499,22.453999999999997,50.805,14463.382,CONFIRMED
M01,62593,2026-09-10 17:23:45.421798+00:00,2026-09-10 17:23:45.469436+00:00,2026-09-10 17:23:30.965536+00:00,2026-09-10 17:23:30.966991+00:00,2026-09-10 17:23:30.965695+00:00,2026-09-10 17:23:45.396035+00:00,2026-09-10 17:23:45.396551+00:00,,,,,0.159,14430.34,1.296,0.516,25.247,47.638,14503.9,CONFIRMED
M01,62594,2026-09-10 17:23:45.504851+00:00,2026-09-10 17:23:45.550024+00:00,2026-09-10 17:23:30.996906+00:00,2026-09-10 17:23:30.998118+00:00,2026-09-10 17:23:30.997104+00:00,2026-09-10 17:23:45.470220+00:00,2026-09-10 17:23:45.470728+00:00,,,,,0.19799999999999998,14473.116,1.014,0.508,34.123,45.172999999999995,14553.118,CONFIRMED
M01,62595,2026-09-10 17:23:45.576146+00:00,2026-09-10 17:23:45.634781+00:00,2026-09-10 17:23:31.025328+00:00,2026-09-10 17:23:31.028373+00:00,2026-09-10 17:23:31.025595+00:00,2026-09-10 17:23:45.550721+00:00,2026-09-10 17:23:45.551282+00:00,,,,,0.26699999999999996,14525.126,2.778,0.5609999999999999,24.864,58.635,14609.453,CONFIRMED
M01,62596,2026-09-10 17:23:45.672171+00:00,2026-09-10 17:23:45.714511+00:00,2026-09-10 17:23:31.057832+00:00,2026-09-10 17:23:31.059223+00:00,2026-09-10 17:23:31.058081+00:00,2026-09-10 17:23:45.635821+00:00,2026-09-10 17:23:45.636352+00:00,,,,,0.24899999999999997,14577.74,1.142,0.531,35.818999999999996,42.34,14656.679,CONFIRMED
M01,62597,2026-09-10 17:23:45.744846+00:00,2026-09-10 17:23:45.788675+00:00,2026-09-10 17:23:31.088138+00:00,2026-09-10 17:23:31.089741+00:00,2026-09-10 17:23:31.088355+00:00,2026-09-10 17:23:45.715567+00:00,2026-09-10 17:23:45.716247+00:00,,,,,0.217,14627.212,1.3860000000000001,0.68,28.599,43.829,14700.537,CONFIRMED
M01,62598,2026-09-10 17:23:45.816550+00:00,2026-09-10 17:23:45.862987+00:00,2026-09-10 17:23:31.117785+00:00,2026-09-10 17:23:31.119093+00:00,2026-09-10 17:23:31.117995+00:00,2026-09-10 17:23:45.789662+00:00,2026-09-10 17:23:45.790185+00:00,,,,,0.21000000000000002,14671.667,1.098,0.523,26.365,46.437,14745.202000000001,CONFIRMED
M01,62599,2026-09-10 17:23:45.892709+00:00,2026-09-10 17:23:45.946863+00:00,2026-09-10 17:23:31.147772+00:00,2026-09-10 17:23:31.148906+00:00,2026-09-10 17:23:31.148039+00:00,2026-09-10 17:23:45.863738+00:00,2026-09-10 17:23:45.864232+00:00,,,,,0.26699999999999996,14715.699,0.867,0.494,28.477,54.154,14799.091,CONFIRMED
M01,62600,2026-09-10 17:23:45.979809+00:00,2026-09-10 17:23:46.022707+00:00,2026-09-10 17:23:31.176759+00:00,2026-09-10 17:23:31.178443+00:00,2026-09-10 17:23:31.177094+00:00,2026-09-10 17:23:45.948566+00:00,2026-09-10 17:23:45.949095+00:00,,,,,0.335,14771.472,1.349,0.5289999999999999,30.714000000000002,42.897999999999996,14845.948,CONFIRMED
M01,62601,2026-09-10 17:23:46.063034+00:00,2026-09-10 17:23:46.113761+00:00,2026-09-10 17:23:31.206788+00:00,2026-09-10 17:23:31.208035+00:00,2026-09-10 17:23:31.207022+00:00,2026-09-10 17:23:46.023455+00:00,2026-09-10 17:23:46.024010+00:00,,,,,0.23399999999999999,14816.432999999999,1.013,0.555,39.024,50.727000000000004,14906.973,CONFIRMED
M01,62602,2026-09-10 17:23:46.139240+00:00,2026-09-10 17:23:46.181486+00:00,2026-09-10 17:23:31.246382+00:00,2026-09-10 17:23:31.247274+00:00,2026-09-10 17:23:31.246588+00:00,2026-09-10 17:23:46.114533+00:00,2026-09-10 17:23:46.115147+00:00,,,,,0.206,14867.945000000002,0.6859999999999999,0.614,24.093,42.246,14935.104000000001,CONFIRMED
M01,62603,2026-09-10 17:23:46.210592+00:00,2026-09-10 17:23:46.260201+00:00,2026-09-10 17:23:31.274913+00:00,2026-09-10 17:23:31.275740+00:00,2026-09-10 17:23:31.275045+00:00,2026-09-10 17:23:46.182120+00:00,2026-09-10 17:23:46.182686+00:00,,,,,0.132,14907.075,0.695,0.566,27.906,49.609,14985.288,CONFIRMED
M01,62604,2026-09-10 17:23:46.295304+00:00,2026-09-10 17:23:46.338779+00:00,2026-09-10 17:23:31.304526+00:00,2026-09-10 17:23:31.305944+00:00,2026-09-10 17:23:31.304697+00:00,2026-09-10 17:23:46.260989+00:00,2026-09-10 17:23:46.261891+00:00,,,,,0.171,14956.292,1.247,0.902,33.413,43.475,15034.252999999999,CONFIRMED
M01,62605,2026-09-10 17:23:46.379465+00:00,2026-09-10 17:23:46.423485+00:00,2026-09-10 17:23:31.333025+00:00,2026-09-10 17:23:31.334458+00:00,2026-09-10 17:23:31.333218+00:00,2026-09-10 17:23:46.339527+00:00,2026-09-10 17:23:46.340127+00:00,,,,,0.193,15006.309,1.24,0.6,39.338,44.019999999999996,15090.460000000001,CONFIRMED
M01,62606,2026-09-10 17:23:46.455927+00:00,2026-09-10 17:23:46.497114+00:00,2026-09-10 17:23:31.363379+00:00,2026-09-10 17:23:31.364372+00:00,2026-09-10 17:23:31.363581+00:00,2026-09-10 17:23:46.424334+00:00,2026-09-10 17:23:46.424934+00:00,,,,,0.202,15060.753,0.791,0.6,30.993,41.187000000000005,15133.735,CONFIRMED
M01,62607,2026-09-10 17:23:46.527998+00:00,2026-09-10 17:23:46.573270+00:00,2026-09-10 17:23:31.391843+00:00,2026-09-10 17:23:31.392645+00:00,2026-09-10 17:23:31.392078+00:00,2026-09-10 17:23:46.497881+00:00,2026-09-10 17:23:46.498344+00:00,,,,,0.235,15105.803,0.5670000000000001,0.46299999999999997,29.654,45.272,15181.427,CONFIRMED
M01,62608,2026-09-10 17:23:46.613567+00:00,2026-09-10 17:23:46.666579+00:00,2026-09-10 17:23:31.420664+00:00,2026-09-10 17:23:31.421523+00:00,2026-09-10 17:23:31.420819+00:00,2026-09-10 17:23:46.573967+00:00,2026-09-10 17:23:46.574535+00:00,,,,,0.155,15153.148,0.704,0.5680000000000001,39.032,53.01199999999999,15245.915,CONFIRMED
M01,62609,2026-09-10 17:23:46.698792+00:00,2026-09-10 17:23:46.746462+00:00,2026-09-10 17:23:31.448984+00:00,2026-09-10 17:23:31.451127+00:00,2026-09-10 17:23:31.449202+00:00,2026-09-10 17:23:46.667339+00:00,2026-09-10 17:23:46.667863+00:00,,,,,0.21800000000000003,15218.137,1.925,0.524,30.929000000000002,47.669999999999995,15297.478,CONFIRMED
M01,62610,2026-09-10 17:23:46.779105+00:00,2026-09-10 17:23:46.823668+00:00,2026-09-10 17:23:31.479773+00:00,2026-09-10 17:23:31.481057+00:00,2026-09-10 17:23:31.480002+00:00,2026-09-10 17:23:46.747148+00:00,2026-09-10 17:23:46.747775+00:00,,,,,0.229,15267.146,1.055,0.627,31.33,44.562999999999995,15343.895,CONFIRMED
M01,62611,2026-09-10 17:23:46.858078+00:00,2026-09-10 17:23:46.914211+00:00,2026-09-10 17:23:31.508686+00:00,2026-09-10 17:23:31.510031+00:00,2026-09-10 17:23:31.508897+00:00,2026-09-10 17:23:46.824667+00:00,2026-09-10 17:23:46.825412+00:00,,,,,0.211,15315.77,1.1340000000000001,0.745,32.666000000000004,56.133,15405.525000000001,CONFIRMED
M01,62612,2026-09-10 17:23:46.949424+00:00,2026-09-10 17:23:46.994302+00:00,2026-09-10 17:23:31.538050+00:00,2026-09-10 17:23:31.538742+00:00,2026-09-10 17:23:31.538195+00:00,2026-09-10 17:23:46.915290+00:00,2026-09-10 17:23:46.916293+00:00,,,,,0.145,15377.095000000001,0.5469999999999999,1.003,33.131,44.878,15456.251999999999,CONFIRMED
M01,62613,2026-09-10 17:23:47.026149+00:00,2026-09-10 17:23:47.076006+00:00,2026-09-10 17:23:31.566541+00:00,2026-09-10 17:23:31.568005+00:00,2026-09-10 17:23:31.566709+00:00,2026-09-10 17:23:46.995056+00:00,2026-09-10 17:23:46.995643+00:00,,,,,0.16799999999999998,15428.347,1.296,0.587,30.505999999999997,49.857,15509.465,CONFIRMED
M01,62614,2026-09-10 17:23:47.125912+00:00,2026-09-10 17:23:47.169441+00:00,2026-09-10 17:23:31.597707+00:00,2026-09-10 17:23:31.599340+00:00,2026-09-10 17:23:31.597934+00:00,2026-09-10 17:23:47.077156+00:00,2026-09-10 17:23:47.077689+00:00,,,,,0.22699999999999998,15479.222,1.406,0.533,48.223,43.528999999999996,15571.733999999999,CONFIRMED
M01,62615,2026-09-10 17:23:47.197252+00:00,2026-09-10 17:23:47.240594+00:00,2026-09-10 17:23:31.629182+00:00,2026-09-10 17:23:31.630110+00:00,2026-09-10 17:23:31.629381+00:00,2026-09-10 17:23:47.170189+00:00,2026-09-10 17:23:47.170714+00:00,,,,,0.199,15540.808,0.7290000000000001,0.525,26.538,43.342,15611.412,CONFIRMED
M01,62616,2026-09-10 17:23:47.274677+00:00,2026-09-10 17:23:47.322995+00:00,2026-09-10 17:23:31.658157+00:00,2026-09-10 17:23:31.659295+00:00,2026-09-10 17:23:31.658389+00:00,2026-09-10 17:23:47.241398+00:00,2026-09-10 17:23:47.241919+00:00,,,,,0.232,15583.009,0.906,0.521,32.758,48.318,15664.838,CONFIRMED
M01,62617,2026-09-10 17:23:47.352757+00:00,2026-09-10 17:23:47.401322+00:00,2026-09-10 17:23:31.687171+00:00,2026-09-10 17:23:31.689506+00:00,2026-09-10 17:23:31.687342+00:00,2026-09-10 17:23:47.324216+00:00,2026-09-10 17:23:47.324577+00:00,,,,,0.171,15636.874,2.164,0.361,28.18,48.565,15714.151,CONFIRMED
M01,62618,2026-09-10 17:23:47.433789+00:00,2026-09-10 17:23:47.477674+00:00,2026-09-10 17:23:31.719418+00:00,2026-09-10 17:23:31.720817+00:00,2026-09-10 17:23:31.719645+00:00,2026-09-10 17:23:47.402169+00:00,2026-09-10 17:23:47.402883+00:00,,,,,0.22699999999999998,15682.524000000001,1.1720000000000002,0.714,30.906,43.885,15758.256,CONFIRMED
M01,62619,2026-09-10 17:23:47.503794+00:00,2026-09-10 17:23:47.551634+00:00,2026-09-10 17:23:31.749975+00:00,2026-09-10 17:23:31.752251+00:00,2026-09-10 17:23:31.750112+00:00,2026-09-10 17:23:47.478272+00:00,2026-09-10 17:23:47.478659+00:00,,,,,0.13699999999999998,15728.160000000002,2.139,0.38699999999999996,25.135,47.84,15801.659000000001,CONFIRMED
M01,62620,2026-09-10 17:23:47.579984+00:00,2026-09-10 17:23:47.628293+00:00,2026-09-10 17:23:31.780412+00:00,2026-09-10 17:23:31.782263+00:00,2026-09-10 17:23:31.780682+00:00,2026-09-10 17:23:47.552873+00:00,2026-09-10 17:23:47.553416+00:00,,,,,0.27,15772.190999999999,1.581,0.5429999999999999,26.568,48.309,15847.881,CONFIRMED
M01,62621,2026-09-10 17:23:47.661786+00:00,2026-09-10 17:23:47.707813+00:00,2026-09-10 17:23:31.810511+00:00,2026-09-10 17:23:31.811697+00:00,2026-09-10 17:23:31.810687+00:00,2026-09-10 17:23:47.629134+00:00,2026-09-10 17:23:47.629659+00:00,,,,,0.176,15818.447,1.01,0.525,32.127,46.027,15897.302,CONFIRMED
M01,62622,2026-09-10 17:23:47.733346+00:00,2026-09-10 17:23:47.774980+00:00,2026-09-10 17:23:31.841462+00:00,2026-09-10 17:23:31.842537+00:00,2026-09-10 17:23:31.841659+00:00,2026-09-10 17:23:47.708880+00:00,2026-09-10 17:23:47.709495+00:00,,,,,0.19699999999999998,15867.221000000001,0.878,0.615,23.851,41.634,15933.518,CONFIRMED
M01,62623,2026-09-10 17:23:47.803949+00:00,2026-09-10 17:23:47.845814+00:00,2026-09-10 17:23:31.876228+00:00,2026-09-10 17:23:31.877531+00:00,2026-09-10 17:23:31.876463+00:00,2026-09-10 17:23:47.775549+00:00,2026-09-10 17:23:47.775938+00:00,,,,,0.235,15899.086000000001,1.0679999999999998,0.389,28.011000000000003,41.865,15969.586,CONFIRMED
M01,62624,2026-09-10 17:23:47.875618+00:00,2026-09-10 17:23:47.926330+00:00,2026-09-10 17:23:31.905745+00:00,2026-09-10 17:23:31.906734+00:00,2026-09-10 17:23:31.906018+00:00,2026-09-10 17:23:47.846516+00:00,2026-09-10 17:23:47.847087+00:00,,,,,0.273,15940.498,0.716,0.571,28.531000000000002,50.712,16020.585000000001,CONFIRMED
M01,62625,2026-09-10 17:23:47.955823+00:00,2026-09-10 17:23:47.993761+00:00,2026-09-10 17:23:31.937097+00:00,2026-09-10 17:23:31.938048+00:00,2026-09-10 17:23:31.937308+00:00,2026-09-10 17:23:47.927102+00:00,2026-09-10 17:23:47.927707+00:00,,,,,0.211,15989.794,0.74,0.605,28.116,37.938,16056.664,CONFIRMED
M01,62626,2026-09-10 17:23:48.029561+00:00,2026-09-10 17:23:48.076767+00:00,2026-09-10 17:23:31.967895+00:00,2026-09-10 17:23:31.969306+00:00,2026-09-10 17:23:31.968189+00:00,2026-09-10 17:23:47.994415+00:00,2026-09-10 17:23:47.994920+00:00,,,,,0.294,16026.226,1.117,0.505,34.641,47.205999999999996,16108.872000000001,CONFIRMED
M01,62627,2026-09-10 17:23:48.112922+00:00,2026-09-10 17:23:48.164431+00:00,2026-09-10 17:23:31.997215+00:00,2026-09-10 17:23:31.998649+00:00,2026-09-10 17:23:31.997378+00:00,2026-09-10 17:23:48.077629+00:00,2026-09-10 17:23:48.078232+00:00,,,,,0.163,16080.251,1.271,0.603,34.69,51.509,16167.216,CONFIRMED
M01,62628,2026-09-10 17:23:48.200320+00:00,2026-09-10 17:23:48.253010+00:00,2026-09-10 17:23:32.026967+00:00,2026-09-10 17:23:32.031531+00:00,2026-09-10 17:23:32.027131+00:00,2026-09-10 17:23:48.165132+00:00,2026-09-10 17:23:48.165718+00:00,,,,,0.164,16138.000999999998,4.4,0.5860000000000001,34.602000000000004,52.69,16226.043000000001,CONFIRMED
M01,62629,2026-09-10 17:23:48.296685+00:00,2026-09-10 17:23:48.347568+00:00,2026-09-10 17:23:32.059192+00:00,2026-09-10 17:23:32.061262+00:00,2026-09-10 17:23:32.059373+00:00,2026-09-10 17:23:48.253846+00:00,2026-09-10 17:23:48.254431+00:00,,,,,0.18100000000000002,16194.472999999998,1.889,0.585,42.254,50.882999999999996,16288.376,CONFIRMED
M01,62630,2026-09-10 17:23:48.387090+00:00,2026-09-10 17:23:48.427862+00:00,2026-09-10 17:23:32.090202+00:00,2026-09-10 17:23:32.091727+00:00,2026-09-10 17:23:32.090434+00:00,2026-09-10 17:23:48.348460+00:00,2026-09-10 17:23:48.349839+00:00,,,,,0.232,16258.026000000002,1.2930000000000001,1.379,37.251,40.772000000000006,16337.66,CONFIRMED
M01,62631,2026-09-10 17:23:48.456183+00:00,2026-09-10 17:23:48.501070+00:00,2026-09-10 17:23:32.119402+00:00,2026-09-10 17:23:32.121650+00:00,2026-09-10 17:23:32.119629+00:00,2026-09-10 17:23:48.428774+00:00,2026-09-10 17:23:48.429238+00:00,,,,,0.22699999999999998,16309.145,2.021,0.464,26.945,44.887,16381.668000000001,CONFIRMED
M01,62632,2026-09-10 17:23:48.532833+00:00,2026-09-10 17:23:48.583276+00:00,2026-09-10 17:23:32.149434+00:00,2026-09-10 17:23:32.154949+00:00,2026-09-10 17:23:32.149645+00:00,2026-09-10 17:23:48.501661+00:00,2026-09-10 17:23:48.502006+00:00,,,,,0.211,16352.016,5.303999999999999,0.345,30.827,50.443000000000005,16433.841999999997,CONFIRMED
M01,62633,2026-09-10 17:23:48.612307+00:00,2026-09-10 17:23:48.657935+00:00,2026-09-10 17:23:32.183278+00:00,2026-09-10 17:23:32.184971+00:00,2026-09-10 17:23:32.183626+00:00,2026-09-10 17:23:48.584108+00:00,2026-09-10 17:23:48.584571+00:00,,,,,0.348,16400.482,1.345,0.46299999999999997,27.736,45.628,16474.657,CONFIRMED
M01,62634,2026-09-10 17:23:48.699031+00:00,2026-09-10 17:23:48.747390+00:00,2026-09-10 17:23:32.212853+00:00,2026-09-10 17:23:32.213981+00:00,2026-09-10 17:23:32.213069+00:00,2026-09-10 17:23:48.659157+00:00,2026-09-10 17:23:48.659817+00:00,,,,,0.216,16446.088,0.912,0.66,39.214,48.359,16534.537,CONFIRMED
M01,62635,2026-09-10 17:23:48.780978+00:00,2026-09-10 17:23:48.830001+00:00,2026-09-10 17:23:32.242464+00:00,2026-09-10 17:23:32.244320+00:00,2026-09-10 17:23:32.242674+00:00,2026-09-10 17:23:48.749046+00:00,2026-09-10 17:23:48.749489+00:00,,,,,0.21000000000000002,16506.372,1.646,0.443,31.489000000000004,49.022999999999996,16587.537,CONFIRMED
M01,62636,2026-09-10 17:23:48.859508+00:00,2026-09-10 17:23:48.908933+00:00,2026-09-10 17:23:32.271250+00:00,2026-09-10 17:23:32.273969+00:00,2026-09-10 17:23:32.271370+00:00,2026-09-10 17:23:48.830813+00:00,2026-09-10 17:23:48.831305+00:00,,,,,0.12000000000000001,16559.443000000003,2.599,0.49200000000000005,28.203,49.425,16637.683,CONFIRMED
M01,62637,2026-09-10 17:23:48.938211+00:00,2026-09-10 17:23:48.990705+00:00,2026-09-10 17:23:32.302632+00:00,2026-09-10 17:23:32.305278+00:00,2026-09-10 17:23:32.302794+00:00,2026-09-10 17:23:48.909701+00:00,2026-09-10 17:23:48.910228+00:00,,,,,0.162,16606.907,2.484,0.527,27.983,52.494,16688.073,CONFIRMED
M01,62638,2026-09-10 17:23:49.018234+00:00,2026-09-10 17:23:49.062898+00:00,2026-09-10 17:23:32.333793+00:00,2026-09-10 17:23:32.334955+00:00,2026-09-10 17:23:32.333989+00:00,2026-09-10 17:23:48.991586+00:00,2026-09-10 17:23:48.992019+00:00,,,,,0.196,16657.596999999998,0.966,0.433,26.215,44.664,16729.105,CONFIRMED
M01,62639,2026-09-10 17:23:49.086464+00:00,2026-09-10 17:23:49.135273+00:00,2026-09-10 17:23:32.365261+00:00,2026-09-10 17:23:32.367821+00:00,2026-09-10 17:23:32.365393+00:00,2026-09-10 17:23:49.063611+00:00,2026-09-10 17:23:49.063938+00:00,,,,,0.132,16698.218,2.428,0.32699999999999996,22.526,48.809,16770.012000000002,CONFIRMED
M01,62640,2026-09-10 17:23:49.165170+00:00,2026-09-10 17:23:49.206291+00:00,2026-09-10 17:23:32.396702+00:00,2026-09-10 17:23:32.399108+00:00,2026-09-10 17:23:32.396876+00:00,2026-09-10 17:23:49.135909+00:00,2026-09-10 17:23:49.136382+00:00,,,,,0.174,16739.033,2.232,0.47300000000000003,28.788,41.120999999999995,16809.589,CONFIRMED
M01,62641,2026-09-10 17:23:49.238932+00:00,2026-09-10 17:23:49.281565+00:00,2026-09-10 17:23:32.430800+00:00,2026-09-10 17:23:32.432142+00:00,2026-09-10 17:23:32.431007+00:00,2026-09-10 17:23:49.207022+00:00,2026-09-10 17:23:49.207541+00:00,,,,,0.207,16776.015,1.135,0.519,31.391000000000002,42.632999999999996,16850.765,CONFIRMED
M01,62642,2026-09-10 17:23:49.311294+00:00,2026-09-10 17:23:49.353441+00:00,2026-09-10 17:23:32.461263+00:00,2026-09-10 17:23:32.462107+00:00,2026-09-10 17:23:32.461441+00:00,2026-09-10 17:23:49.282420+00:00,2026-09-10 17:23:49.283002+00:00,,,,,0.178,16820.979000000003,0.666,0.5820000000000001,28.292,42.147,16892.178,CONFIRMED
M01,62643,2026-09-10 17:23:49.387055+00:00,2026-09-10 17:23:49.432002+00:00,2026-09-10 17:23:32.489846+00:00,2026-09-10 17:23:32.490967+00:00,2026-09-10 17:23:32.490029+00:00,2026-09-10 17:23:49.354085+00:00,2026-09-10 17:23:49.354460+00:00,,,,,0.183,16864.056,0.9380000000000001,0.375,32.595,44.947,16942.156,CONFIRMED
M01,62644,2026-09-10 17:23:49.460162+00:00,2026-09-10 17:23:49.497929+00:00,2026-09-10 17:23:32.521088+00:00,2026-09-10 17:23:32.522444+00:00,2026-09-10 17:23:32.521277+00:00,2026-09-10 17:23:49.432654+00:00,2026-09-10 17:23:49.433041+00:00,,,,,0.189,16911.377,1.167,0.38699999999999996,27.121,37.767,16976.841,CONFIRMED
M01,62645,2026-09-10 17:23:49.530138+00:00,2026-09-10 17:23:49.573334+00:00,2026-09-10 17:23:32.552405+00:00,2026-09-10 17:23:32.553986+00:00,2026-09-10 17:23:32.552674+00:00,2026-09-10 17:23:49.498755+00:00,2026-09-10 17:23:49.499337+00:00,,,,,0.26899999999999996,16946.081,1.312,0.5820000000000001,30.801,43.196,17020.929,CONFIRMED
M01,62646,2026-09-10 17:23:49.602937+00:00,2026-09-10 17:23:49.653706+00:00,2026-09-10 17:23:32.582285+00:00,2026-09-10 17:23:32.583826+00:00,2026-09-10 17:23:32.582554+00:00,2026-09-10 17:23:49.574207+00:00,2026-09-10 17:23:49.574785+00:00,,,,,0.26899999999999996,16991.653,1.272,0.578,28.152,50.769,17071.421000000002,CONFIRMED
M01,62647,2026-09-10 17:23:49.677557+00:00,2026-09-10 17:23:49.719650+00:00,2026-09-10 17:23:32.611340+00:00,2026-09-10 17:23:32.612394+00:00,2026-09-10 17:23:32.611571+00:00,2026-09-10 17:23:49.654467+00:00,2026-09-10 17:23:49.655011+00:00,,,,,0.231,17042.896,0.823,0.544,22.546,42.092999999999996,17108.309999999998,CONFIRMED
M01,62648,2026-09-10 17:23:49.751895+00:00,2026-09-10 17:23:49.800014+00:00,2026-09-10 17:23:32.640312+00:00,2026-09-10 17:23:32.640949+00:00,2026-09-10 17:23:32.640433+00:00,2026-09-10 17:23:49.720394+00:00,2026-09-10 17:23:49.720849+00:00,,,,,0.121,17079.961,0.516,0.455,31.046,48.119,17159.702,CONFIRMED
M01,62649,2026-09-10 17:23:49.824246+00:00,2026-09-10 17:23:49.887262+00:00,2026-09-10 17:23:32.669116+00:00,2026-09-10 17:23:32.670147+00:00,2026-09-10 17:23:32.669353+00:00,2026-09-10 17:23:49.800730+00:00,2026-09-10 17:23:49.801296+00:00,,,,,0.237,17131.377,0.794,0.566,22.950000000000003,63.016000000000005,17218.146,CONFIRMED
M01,62650,2026-09-10 17:23:49.920742+00:00,2026-09-10 17:23:49.964286+00:00,2026-09-10 17:23:32.699330+00:00,2026-09-10 17:23:32.702243+00:00,2026-09-10 17:23:32.699539+00:00,2026-09-10 17:23:49.887822+00:00,2026-09-10 17:23:49.888169+00:00,,,,,0.20900000000000002,17188.283,2.7039999999999997,0.347,32.573,43.544,17264.956000000002,CONFIRMED
M01,62651,2026-09-10 17:23:49.997723+00:00,2026-09-10 17:23:50.052135+00:00,2026-09-10 17:23:32.730543+00:00,2026-09-10 17:23:32.732908+00:00,2026-09-10 17:23:32.730787+00:00,2026-09-10 17:23:49.964954+00:00,2026-09-10 17:23:49.965331+00:00,,,,,0.244,17234.166999999998,2.121,0.377,32.391999999999996,54.412,17321.592,CONFIRMED
M01,62652,2026-09-10 17:23:50.092273+00:00,2026-09-10 17:23:50.145344+00:00,2026-09-10 17:23:32.760213+00:00,2026-09-10 17:23:32.760950+00:00,2026-09-10 17:23:32.760356+00:00,2026-09-10 17:23:50.052921+00:00,2026-09-10 17:23:50.053459+00:00,,,,,0.14300000000000002,17292.565,0.594,0.5379999999999999,38.814,53.071,17385.131,CONFIRMED
M01,62653,2026-09-10 17:23:50.180328+00:00,2026-09-10 17:23:50.220625+00:00,2026-09-10 17:23:32.788417+00:00,2026-09-10 17:23:32.789547+00:00,2026-09-10 17:23:32.788553+00:00,2026-09-10 17:23:50.146028+00:00,2026-09-10 17:23:50.146597+00:00,,,,,0.136,17357.475000000002,0.9940000000000001,0.569,33.730999999999995,40.297,17432.208,CONFIRMED
M01,62654,2026-09-10 17:23:50.249114+00:00,2026-09-10 17:23:50.295200+00:00,2026-09-10 17:23:32.818435+00:00,2026-09-10 17:23:32.820977+00:00,2026-09-10 17:23:32.818846+00:00,2026-09-10 17:23:50.221442+00:00,2026-09-10 17:23:50.221980+00:00,,,,,0.41100000000000003,17402.595999999998,2.1310000000000002,0.5379999999999999,27.133999999999997,46.086,17476.765,CONFIRMED
M01,62655,2026-09-10 17:23:50.328250+00:00,2026-09-10 17:23:50.369288+00:00,2026-09-10 17:23:32.847884+00:00,2026-09-10 17:23:32.849052+00:00,2026-09-10 17:23:32.848101+00:00,2026-09-10 17:23:50.296092+00:00,2026-09-10 17:23:50.297443+00:00,,,,,0.217,17447.990999999998,0.9510000000000001,1.351,30.807000000000002,41.038,17521.404,CONFIRMED
M01,62656,2026-09-10 17:23:50.400861+00:00,2026-09-10 17:23:50.459091+00:00,2026-09-10 17:23:32.877184+00:00,2026-09-10 17:23:32.880050+00:00,2026-09-10 17:23:32.877394+00:00,2026-09-10 17:23:50.370106+00:00,2026-09-10 17:23:50.370819+00:00,,,,,0.21000000000000002,17492.712,2.656,0.713,30.041999999999998,58.23,17581.907,CONFIRMED
M01,62657,2026-09-10 17:23:50.493823+00:00,2026-09-10 17:23:50.545542+00:00,2026-09-10 17:23:32.907902+00:00,2026-09-10 17:23:32.909341+00:00,2026-09-10 17:23:32.908107+00:00,2026-09-10 17:23:50.462109+00:00,2026-09-10 17:23:50.463501+00:00,,,,,0.205,17554.002,1.234,1.392,30.322000000000003,51.719,17637.64,CONFIRMED
M01,62658,2026-09-10 17:23:50.582928+00:00,2026-09-10 17:23:50.630481+00:00,2026-09-10 17:23:32.938112+00:00,2026-09-10 17:23:32.939670+00:00,2026-09-10 17:23:32.938485+00:00,2026-09-10 17:23:50.546349+00:00,2026-09-10 17:23:50.546905+00:00,,,,,0.373,17607.863999999998,1.185,0.5559999999999999,36.022999999999996,47.553,17692.369,CONFIRMED
M01,62659,2026-09-10 17:23:50.658993+00:00,2026-09-10 17:23:50.703281+00:00,2026-09-10 17:23:32.969215+00:00,2026-09-10 17:23:32.970399+00:00,2026-09-10 17:23:32.969384+00:00,2026-09-10 17:23:50.631536+00:00,2026-09-10 17:23:50.632060+00:00,,,,,0.16899999999999998,17662.152,1.0150000000000001,0.524,26.933,44.288000000000004,17734.066,CONFIRMED
M01,62660,2026-09-10 17:23:50.735343+00:00,2026-09-10 17:23:50.796404+00:00,2026-09-10 17:23:32.997842+00:00,2026-09-10 17:23:32.999794+00:00,2026-09-10 17:23:32.998035+00:00,2026-09-10 17:23:50.704234+00:00,2026-09-10 17:23:50.704739+00:00,,,,,0.193,17706.199,1.759,0.505,30.604,61.061,17798.562,CONFIRMED
M01,62661,2026-09-10 17:23:50.826604+00:00,2026-09-10 17:23:50.878334+00:00,2026-09-10 17:23:33.033092+00:00,2026-09-10 17:23:33.034064+00:00,2026-09-10 17:23:33.033273+00:00,2026-09-10 17:23:50.797129+00:00,2026-09-10 17:23:50.797680+00:00,,,,,0.18100000000000002,17763.856,0.791,0.5509999999999999,28.924,51.73,17845.242,CONFIRMED
M01,62662,2026-09-10 17:23:50.909195+00:00,2026-09-10 17:23:50.965888+00:00,2026-09-10 17:23:33.062309+00:00,2026-09-10 17:23:33.063268+00:00,2026-09-10 17:23:33.062466+00:00,2026-09-10 17:23:50.879248+00:00,2026-09-10 17:23:50.880268+00:00,,,,,0.157,17816.782,0.8019999999999999,1.02,28.927,56.693,17903.579,CONFIRMED
M01,62663,2026-09-10 17:23:50.990613+00:00,2026-09-10 17:23:51.031870+00:00,2026-09-10 17:23:33.090791+00:00,2026-09-10 17:23:33.092713+00:00,2026-09-10 17:23:33.091079+00:00,2026-09-10 17:23:50.966818+00:00,2026-09-10 17:23:50.967340+00:00,,,,,0.28800000000000003,17875.738999999998,1.6340000000000001,0.522,23.273,41.257000000000005,17941.078999999998,CONFIRMED
M01,62664,2026-09-10 17:23:51.069590+00:00,2026-09-10 17:23:51.107468+00:00,2026-09-10 17:23:33.120559+00:00,2026-09-10 17:23:33.121726+00:00,2026-09-10 17:23:33.120712+00:00,2026-09-10 17:23:51.032606+00:00,2026-09-10 17:23:51.033182+00:00,,,,,0.153,17911.894,1.014,0.5760000000000001,36.408,37.878,17986.909,CONFIRMED
M01,62665,2026-09-10 17:23:51.133746+00:00,2026-09-10 17:23:51.193329+00:00,2026-09-10 17:23:33.150332+00:00,2026-09-10 17:23:33.152009+00:00,2026-09-10 17:23:33.150559+00:00,2026-09-10 17:23:51.108436+00:00,2026-09-10 17:23:51.109060+00:00,,,,,0.22699999999999998,17957.877,1.45,0.624,24.686,59.583,18042.997,CONFIRMED
M01,62666,2026-09-10 17:23:51.222752+00:00,2026-09-10 17:23:51.266976+00:00,2026-09-10 17:23:33.180366+00:00,2026-09-10 17:23:33.184463+00:00,2026-09-10 17:23:33.180649+00:00,2026-09-10 17:23:51.194081+00:00,2026-09-10 17:23:51.194612+00:00,,,,,0.283,18013.432,3.814,0.531,28.139999999999997,44.224,18086.61,CONFIRMED
M01,62667,2026-09-10 17:23:51.297258+00:00,2026-09-10 17:23:51.348050+00:00,2026-09-10 17:23:33.212408+00:00,2026-09-10 17:23:33.213614+00:00,2026-09-10 17:23:33.212655+00:00,2026-09-10 17:23:51.267735+00:00,2026-09-10 17:23:51.268340+00:00,,,,,0.247,18055.08,0.959,0.605,28.918,50.791999999999994,18135.642,CONFIRMED
M01,62668,2026-09-10 17:23:51.374115+00:00,2026-09-10 17:23:51.425047+00:00,2026-09-10 17:23:33.244302+00:00,2026-09-10 17:23:33.245103+00:00,2026-09-10 17:23:33.244455+00:00,2026-09-10 17:23:51.348832+00:00,2026-09-10 17:23:51.349304+00:00,,,,,0.153,18104.377,0.648,0.472,24.811,50.931999999999995,18180.745000000003,CONFIRMED
M01,62669,2026-09-10 17:23:51.452436+00:00,2026-09-10 17:23:51.502115+00:00,2026-09-10 17:23:33.273115+00:00,2026-09-10 17:23:33.274006+00:00,2026-09-10 17:23:33.273253+00:00,2026-09-10 17:23:51.425838+00:00,2026-09-10 17:23:51.426424+00:00,,,,,0.13799999999999998,18152.585,0.753,0.5860000000000001,26.012,49.679,18229.0,CONFIRMED
M01,62670,2026-09-10 17:23:51.530728+00:00,2026-09-10 17:23:51.579126+00:00,2026-09-10 17:23:33.301772+00:00,2026-09-10 17:23:33.303254+00:00,2026-09-10 17:23:33.302295+00:00,2026-09-10 17:23:51.503564+00:00,2026-09-10 17:23:51.503968+00:00,,,,,0.523,18201.269,0.959,0.404,26.759999999999998,48.397999999999996,18277.354,CONFIRMED
M01,62671,2026-09-10 17:23:51.607271+00:00,2026-09-10 17:23:51.644643+00:00,2026-09-10 17:23:33.330935+00:00,2026-09-10 17:23:33.332042+00:00,2026-09-10 17:23:33.331197+00:00,2026-09-10 17:23:51.580135+00:00,2026-09-10 17:23:51.580639+00:00,,,,,0.262,18248.938,0.8450000000000001,0.504,26.631999999999998,37.372,18313.708,CONFIRMED
M01,62672,2026-09-10 17:23:51.672964+00:00,2026-09-10 17:23:51.726270+00:00,2026-09-10 17:23:33.360348+00:00,2026-09-10 17:23:33.361742+00:00,2026-09-10 17:23:33.360541+00:00,2026-09-10 17:23:51.645426+00:00,2026-09-10 17:23:51.645901+00:00,,,,,0.193,18284.885,1.201,0.475,27.063,53.306,18365.922000000002,CONFIRMED
M01,62673,2026-09-10 17:23:51.753045+00:00,2026-09-10 17:23:51.794928+00:00,2026-09-10 17:23:33.389369+00:00,2026-09-10 17:23:33.390734+00:00,2026-09-10 17:23:33.389578+00:00,2026-09-10 17:23:51.727181+00:00,2026-09-10 17:23:51.727624+00:00,,,,,0.20900000000000002,18337.603000000003,1.156,0.443,25.421,41.882999999999996,18405.559,CONFIRMED
M01,62674,2026-09-10 17:23:51.818238+00:00,2026-09-10 17:23:51.861470+00:00,2026-09-10 17:23:33.424202+00:00,2026-09-10 17:23:33.426635+00:00,2026-09-10 17:23:33.424317+00:00,2026-09-10 17:23:51.795750+00:00,2026-09-10 17:23:51.796304+00:00,,,,,0.115,18371.433,2.318,0.554,21.933999999999997,43.232,18437.268,CONFIRMED
M01,62675,2026-09-10 17:23:51.891461+00:00,2026-09-10 17:23:51.939249+00:00,2026-09-10 17:23:33.457365+00:00,2026-09-10 17:23:33.461726+00:00,2026-09-10 17:23:33.457561+00:00,2026-09-10 17:23:51.862362+00:00,2026-09-10 17:23:51.862902+00:00,,,,,0.196,18404.801,4.165,0.54,28.559,47.788,18481.884000000002,CONFIRMED
M01,62676,2026-09-10 17:23:51.961749+00:00,2026-09-10 17:23:52.006640+00:00,2026-09-10 17:23:33.491396+00:00,2026-09-10 17:23:33.494407+00:00,2026-09-10 17:23:33.491583+00:00,2026-09-10 17:23:51.939998+00:00,2026-09-10 17:23:51.940550+00:00,,,,,0.187,18448.415,2.8240000000000003,0.5519999999999999,21.198999999999998,44.891,18515.244,CONFIRMED
M01,62677,2026-09-10 17:23:52.037732+00:00,2026-09-10 17:23:52.088353+00:00,2026-09-10 17:23:33.522932+00:00,2026-09-10 17:23:33.524609+00:00,2026-09-10 17:23:33.523167+00:00,2026-09-10 17:23:52.007404+00:00,2026-09-10 17:23:52.008001+00:00,,,,,0.235,18484.237,1.442,0.597,29.731,50.621,18565.421000000002,CONFIRMED
M01,62678,2026-09-10 17:23:52.118038+00:00,2026-09-10 17:23:52.169502+00:00,2026-09-10 17:23:33.553330+00:00,2026-09-10 17:23:33.554592+00:00,2026-09-10 17:23:33.553500+00:00,2026-09-10 17:23:52.089073+00:00,2026-09-10 17:23:52.089759+00:00,,,,,0.17,18535.573,1.092,0.6859999999999999,28.279,51.464000000000006,18616.172,CONFIRMED
M01,62679,2026-09-10 17:23:52.202285+00:00,2026-09-10 17:23:52.251276+00:00,2026-09-10 17:23:33.583713+00:00,2026-09-10 17:23:33.585442+00:00,2026-09-10 17:23:33.583995+00:00,2026-09-10 17:23:52.170253+00:00,2026-09-10 17:23:52.170737+00:00,,,,,0.28200000000000003,18586.258,1.4469999999999998,0.484,31.548,48.991,18667.563000000002,CONFIRMED
M01,62680,2026-09-10 17:23:52.275236+00:00,2026-09-10 17:23:52.320171+00:00,2026-09-10 17:23:33.613235+00:00,2026-09-10 17:23:33.614866+00:00,2026-09-10 17:23:33.613365+00:00,2026-09-10 17:23:52.252047+00:00,2026-09-10 17:23:52.252438+00:00,,,,,0.12999999999999998,18638.682,1.501,0.391,22.798,44.935,18706.935999999998,CONFIRMED
M01,62681,2026-09-10 17:23:52.352128+00:00,2026-09-10 17:23:52.397253+00:00,2026-09-10 17:23:33.643220+00:00,2026-09-10 17:23:33.644084+00:00,2026-09-10 17:23:33.643383+00:00,2026-09-10 17:23:52.320786+00:00,2026-09-10 17:23:52.321120+00:00,,,,,0.163,18677.403,0.7010000000000001,0.33399999999999996,31.008,45.125,18754.033,CONFIRMED
M01,62682,2026-09-10 17:23:52.423504+00:00,2026-09-10 17:23:52.471681+00:00,2026-09-10 17:23:33.673567+00:00,2026-09-10 17:23:33.674396+00:00,2026-09-10 17:23:33.673789+00:00,2026-09-10 17:23:52.398026+00:00,2026-09-10 17:23:52.398530+00:00,,,,,0.222,18724.236999999997,0.607,0.504,24.974,48.177,18798.113999999998,CONFIRMED
M01,62683,2026-09-10 17:23:52.500806+00:00,2026-09-10 17:23:52.545424+00:00,2026-09-10 17:23:33.703840+00:00,2026-09-10 17:23:33.704892+00:00,2026-09-10 17:23:33.704074+00:00,2026-09-10 17:23:52.472568+00:00,2026-09-10 17:23:52.473205+00:00,,,,,0.23399999999999999,18768.494,0.8180000000000001,0.637,27.601,44.617999999999995,18841.584000000003,CONFIRMED
M01,62684,2026-09-10 17:23:52.571855+00:00,2026-09-10 17:23:52.613783+00:00,2026-09-10 17:23:33.733224+00:00,2026-09-10 17:23:33.735103+00:00,2026-09-10 17:23:33.733463+00:00,2026-09-10 17:23:52.547212+00:00,2026-09-10 17:23:52.547722+00:00,,,,,0.23900000000000002,18813.749,1.64,0.51,24.133000000000003,41.928,18880.559,CONFIRMED
M01,62685,2026-09-10 17:23:52.655784+00:00,2026-09-10 17:23:52.707209+00:00,2026-09-10 17:23:33.768635+00:00,2026-09-10 17:23:33.769805+00:00,2026-09-10 17:23:33.768948+00:00,2026-09-10 17:23:52.615240+00:00,2026-09-10 17:23:52.615880+00:00,,,,,0.313,18846.291999999998,0.857,0.64,39.904,51.425,18938.574,CONFIRMED
M01,62686,2026-09-10 17:23:52.743357+00:00,2026-09-10 17:23:52.792142+00:00,2026-09-10 17:23:33.800811+00:00,2026-09-10 17:23:33.802442+00:00,2026-09-10 17:23:33.801004+00:00,2026-09-10 17:23:52.708130+00:00,2026-09-10 17:23:52.709765+00:00,,,,,0.193,18907.126,1.438,1.635,33.592,48.785000000000004,18991.331,CONFIRMED
M01,62687,2026-09-10 17:23:52.818607+00:00,2026-09-10 17:23:52.883728+00:00,2026-09-10 17:23:33.830625+00:00,2026-09-10 17:23:33.832875+00:00,2026-09-10 17:23:33.830819+00:00,2026-09-10 17:23:52.792609+00:00,2026-09-10 17:23:52.792958+00:00,,,,,0.194,18961.79,2.056,0.34900000000000003,25.649,65.121,19053.103,CONFIRMED
M01,62688,2026-09-10 17:23:52.919164+00:00,2026-09-10 17:23:52.979028+00:00,2026-09-10 17:23:33.878789+00:00,2026-09-10 17:23:33.883423+00:00,2026-09-10 17:23:33.878983+00:00,2026-09-10 17:23:52.884262+00:00,2026-09-10 17:23:52.884612+00:00,,,,,0.194,19005.279000000002,4.44,0.35,34.552,59.864,19100.238999999998,CONFIRMED
M01,62689,2026-09-10 17:23:53.017237+00:00,2026-09-10 17:23:53.056762+00:00,2026-09-10 17:23:33.984459+00:00,2026-09-10 17:23:33.992036+00:00,2026-09-10 17:23:33.984713+00:00,2026-09-10 17:23:52.979793+00:00,2026-09-10 17:23:52.980296+00:00,,,,,0.254,18995.08,7.3229999999999995,0.503,36.941,39.525,19072.303,CONFIRMED
M01,62690,2026-09-10 17:23:53.088781+00:00,2026-09-10 17:23:53.135681+00:00,2026-09-10 17:23:34.023682+00:00,2026-09-10 17:23:34.055890+00:00,2026-09-10 17:23:34.023912+00:00,2026-09-10 17:23:53.057473+00:00,2026-09-10 17:23:53.057879+00:00,,,,,0.23,19033.560999999998,31.977999999999998,0.406,30.901999999999997,46.9,19111.999,CONFIRMED
M01,62691,2026-09-10 17:23:53.165841+00:00,2026-09-10 17:23:53.218436+00:00,2026-09-10 17:23:34.088189+00:00,2026-09-10 17:23:34.089079+00:00,2026-09-10 17:23:34.088305+00:00,2026-09-10 17:23:53.136761+00:00,2026-09-10 17:23:53.137347+00:00,,,,,0.116,19048.456000000002,0.7739999999999999,0.5860000000000001,28.494,52.595000000000006,19130.247,CONFIRMED
M01,62692,2026-09-10 17:23:53.242706+00:00,2026-09-10 17:23:53.286700+00:00,2026-09-10 17:23:34.116837+00:00,2026-09-10 17:23:34.117814+00:00,2026-09-10 17:23:34.117040+00:00,2026-09-10 17:23:53.219033+00:00,2026-09-10 17:23:53.219710+00:00,,,,,0.203,19101.993,0.7739999999999999,0.6769999999999999,22.996,43.994,19169.863,CONFIRMED
M01,62693,2026-09-10 17:23:53.317842+00:00,2026-09-10 17:23:53.360586+00:00,2026-09-10 17:23:34.145613+00:00,2026-09-10 17:23:34.147131+00:00,2026-09-10 17:23:34.145830+00:00,2026-09-10 17:23:53.287473+00:00,2026-09-10 17:23:53.287955+00:00,,,,,0.217,19141.643,1.3010000000000002,0.482,29.887,42.744,19214.973,CONFIRMED
M01,62694,2026-09-10 17:23:53.389915+00:00,2026-09-10 17:23:53.435846+00:00,2026-09-10 17:23:34.175405+00:00,2026-09-10 17:23:34.176639+00:00,2026-09-10 17:23:34.175565+00:00,2026-09-10 17:23:53.361450+00:00,2026-09-10 17:23:53.362270+00:00,,,,,0.16,19185.885,1.074,0.82,27.645,45.931,19260.441,CONFIRMED
M01,62695,2026-09-10 17:23:53.461410+00:00,2026-09-10 17:23:53.508884+00:00,2026-09-10 17:23:34.205087+00:00,2026-09-10 17:23:34.205976+00:00,2026-09-10 17:23:34.205354+00:00,2026-09-10 17:23:53.436717+00:00,2026-09-10 17:23:53.437308+00:00,,,,,0.26699999999999996,19231.363,0.622,0.5910000000000001,24.101999999999997,47.474000000000004,19303.797,CONFIRMED
M01,62696,2026-09-10 17:23:53.536869+00:00,2026-09-10 17:23:53.578298+00:00,2026-09-10 17:23:34.233380+00:00,2026-09-10 17:23:34.234807+00:00,2026-09-10 17:23:34.233644+00:00,2026-09-10 17:23:53.509656+00:00,2026-09-10 17:23:53.510104+00:00,,,,,0.264,19276.012000000002,1.163,0.448,26.765,41.429,19344.918,CONFIRMED
M01,62697,2026-09-10 17:23:53.611080+00:00,2026-09-10 17:23:53.658694+00:00,2026-09-10 17:23:34.262099+00:00,2026-09-10 17:23:34.262954+00:00,2026-09-10 17:23:34.262267+00:00,2026-09-10 17:23:53.580504+00:00,2026-09-10 17:23:53.580987+00:00,,,,,0.16799999999999998,19318.237,0.687,0.483,30.093,47.614,19396.595,CONFIRMED
M01,62698,2026-09-10 17:23:53.688956+00:00,2026-09-10 17:23:53.733135+00:00,2026-09-10 17:23:34.290873+00:00,2026-09-10 17:23:34.292236+00:00,2026-09-10 17:23:34.291015+00:00,2026-09-10 17:23:53.659533+00:00,2026-09-10 17:23:53.660007+00:00,,,,,0.14200000000000002,19368.518,1.221,0.474,28.948999999999998,44.179,19442.262,CONFIRMED
M01,62699,2026-09-10 17:23:53.764565+00:00,2026-09-10 17:23:53.814290+00:00,2026-09-10 17:23:34.325904+00:00,2026-09-10 17:23:34.328317+00:00,2026-09-10 17:23:34.326085+00:00,2026-09-10 17:23:53.733839+00:00,2026-09-10 17:23:53.734435+00:00,,,,,0.18100000000000002,19407.754,2.232,0.596,30.13,49.725,19488.386,CONFIRMED
M01,62700,2026-09-10 17:23:53.841297+00:00,2026-09-10 17:23:53.887119+00:00,2026-09-10 17:23:34.356474+00:00,2026-09-10 17:23:34.357750+00:00,2026-09-10 17:23:34.356645+00:00,2026-09-10 17:23:53.815521+00:00,2026-09-10 17:23:53.816244+00:00,,,,,0.171,19458.876,1.105,0.723,25.052999999999997,45.822,19530.645,CONFIRMED
M01,62701,2026-09-10 17:23:53.921788+00:00,2026-09-10 17:23:53.969281+00:00,2026-09-10 17:23:34.386136+00:00,2026-09-10 17:23:34.387426+00:00,2026-09-10 17:23:34.386346+00:00,2026-09-10 17:23:53.888586+00:00,2026-09-10 17:23:53.889266+00:00,,,,,0.21000000000000002,19502.24,1.08,0.68,32.522000000000006,47.493,19583.145,CONFIRMED
M01,62702,2026-09-10 17:23:54.001103+00:00,2026-09-10 17:23:54.044871+00:00,2026-09-10 17:23:34.416140+00:00,2026-09-10 17:23:34.418016+00:00,2026-09-10 17:23:34.416312+00:00,2026-09-10 17:23:53.970521+00:00,2026-09-10 17:23:53.971434+00:00,,,,,0.17200000000000001,19554.209,1.704,0.9129999999999999,29.669,43.768,19628.731,CONFIRMED
M01,62703,2026-09-10 17:23:54.072339+00:00,2026-09-10 17:23:54.119345+00:00,2026-09-10 17:23:34.445590+00:00,2026-09-10 17:23:34.446648+00:00,2026-09-10 17:23:34.445755+00:00,2026-09-10 17:23:54.045768+00:00,2026-09-10 17:23:54.046383+00:00,,,,,0.165,19600.013,0.893,0.615,25.956,47.006,19673.755,CONFIRMED
M01,62704,2026-09-10 17:23:54.147622+00:00,2026-09-10 17:23:54.206397+00:00,2026-09-10 17:23:34.477382+00:00,2026-09-10 17:23:34.478702+00:00,2026-09-10 17:23:34.477616+00:00,2026-09-10 17:23:54.120099+00:00,2026-09-10 17:23:54.120648+00:00,,,,,0.23399999999999999,19642.483,1.0859999999999999,0.549,26.974,58.775,19729.015,CONFIRMED
M01,62705,2026-09-10 17:23:54.232743+00:00,2026-09-10 17:23:54.276613+00:00,2026-09-10 17:23:34.507517+00:00,2026-09-10 17:23:34.510275+00:00,2026-09-10 17:23:34.507721+00:00,2026-09-10 17:23:54.206982+00:00,2026-09-10 17:23:54.207601+00:00,,,,,0.204,19699.261,2.554,0.619,25.142,43.87,19769.096,CONFIRMED
M01,62706,2026-09-10 17:23:54.311324+00:00,2026-09-10 17:23:54.352492+00:00,2026-09-10 17:23:34.538458+00:00,2026-09-10 17:23:34.539498+00:00,2026-09-10 17:23:34.538635+00:00,2026-09-10 17:23:54.277141+00:00,2026-09-10 17:23:54.277654+00:00,,,,,0.177,19738.506,0.8630000000000001,0.513,33.67,41.168000000000006,19814.034,CONFIRMED
M01,62707,2026-09-10 17:23:54.381795+00:00,2026-09-10 17:23:54.433993+00:00,2026-09-10 17:23:34.568297+00:00,2026-09-10 17:23:34.569530+00:00,2026-09-10 17:23:34.568466+00:00,2026-09-10 17:23:54.353483+00:00,2026-09-10 17:23:54.354163+00:00,,,,,0.16899999999999998,19785.017,1.064,0.68,27.632,52.198,19865.696,CONFIRMED
M01,62708,2026-09-10 17:23:54.460743+00:00,2026-09-10 17:23:54.497909+00:00,2026-09-10 17:23:34.597818+00:00,2026-09-10 17:23:34.598856+00:00,2026-09-10 17:23:34.598066+00:00,2026-09-10 17:23:54.434743+00:00,2026-09-10 17:23:54.435299+00:00,,,,,0.248,19836.677000000003,0.79,0.5559999999999999,25.444000000000003,37.166,19900.091,CONFIRMED
M01,62709,2026-09-10 17:23:54.526389+00:00,2026-09-10 17:23:54.575256+00:00,2026-09-10 17:23:34.626223+00:00,2026-09-10 17:23:34.630428+00:00,2026-09-10 17:23:34.626415+00:00,2026-09-10 17:23:54.498689+00:00,2026-09-10 17:23:54.499232+00:00,,,,,0.192,19872.274,4.013,0.5429999999999999,27.157,48.867,19949.033,CONFIRMED
M01,62710,2026-09-10 17:23:54.599083+00:00,2026-09-10 17:23:54.639870+00:00,2026-09-10 17:23:34.658254+00:00,2026-09-10 17:23:34.661202+00:00,2026-09-10 17:23:34.658361+00:00,2026-09-10 17:23:54.576140+00:00,2026-09-10 17:23:54.576696+00:00,,,,,0.107,19917.779,2.841,0.5559999999999999,22.387,40.787,19981.615999999998,CONFIRMED
M01,62711,2026-09-10 17:23:54.668951+00:00,2026-09-10 17:23:54.718323+00:00,2026-09-10 17:23:34.689827+00:00,2026-09-10 17:23:34.690999+00:00,2026-09-10 17:23:34.690001+00:00,2026-09-10 17:23:54.640581+00:00,2026-09-10 17:23:54.641059+00:00,,,,,0.174,19950.579999999998,0.998,0.47800000000000004,27.892,49.372,20028.496,CONFIRMED
M01,62712,2026-09-10 17:23:54.744507+00:00,2026-09-10 17:23:54.784414+00:00,2026-09-10 17:23:34.719315+00:00,2026-09-10 17:23:34.720559+00:00,2026-09-10 17:23:34.719532+00:00,2026-09-10 17:23:54.719126+00:00,2026-09-10 17:23:54.719553+00:00,,,,,0.217,19999.593999999997,1.027,0.42700000000000005,24.954,39.907,20065.099,CONFIRMED
M01,62713,2026-09-10 17:23:54.812255+00:00,2026-09-10 17:23:54.861948+00:00,2026-09-10 17:23:34.748593+00:00,2026-09-10 17:23:34.752995+00:00,2026-09-10 17:23:34.748775+00:00,2026-09-10 17:23:54.785163+00:00,2026-09-10 17:23:54.785640+00:00,,,,,0.182,20036.388,4.22,0.477,26.615,49.693,20113.355,CONFIRMED
M01,62714,2026-09-10 17:23:54.899277+00:00,2026-09-10 17:23:54.966691+00:00,2026-09-10 17:23:34.787286+00:00,2026-09-10 17:23:34.790735+00:00,2026-09-10 17:23:34.787500+00:00,2026-09-10 17:23:54.862710+00:00,2026-09-10 17:23:54.863193+00:00,,,,,0.214,20075.21,3.235,0.483,36.083999999999996,67.414,20179.405,CONFIRMED
M01,62715,2026-09-10 17:23:54.999707+00:00,2026-09-10 17:23:55.051932+00:00,2026-09-10 17:23:34.823598+00:00,2026-09-10 17:23:34.826717+00:00,2026-09-10 17:23:34.823852+00:00,2026-09-10 17:23:54.967410+00:00,2026-09-10 17:23:54.967913+00:00,,,,,0.254,20143.557999999997,2.8649999999999998,0.503,31.794000000000004,52.225,20228.334,CONFIRMED
M01,62716,2026-09-10 17:23:55.082229+00:00,2026-09-10 17:23:55.133289+00:00,2026-09-10 17:23:34.854393+00:00,2026-09-10 17:23:34.855355+00:00,2026-09-10 17:23:34.854529+00:00,2026-09-10 17:23:55.052777+00:00,2026-09-10 17:23:55.053237+00:00,,,,,0.136,20198.248,0.8260000000000001,0.46,28.992,51.06,20278.896,CONFIRMED
M01,62717,2026-09-10 17:23:55.172722+00:00,2026-09-10 17:23:55.235702+00:00,2026-09-10 17:23:34.883058+00:00,2026-09-10 17:23:34.885061+00:00,2026-09-10 17:23:34.883216+00:00,2026-09-10 17:23:55.133830+00:00,2026-09-10 17:23:55.134181+00:00,,,,,0.158,20250.613999999998,1.845,0.35100000000000003,38.541,62.98,20352.644,CONFIRMED
M01,62718,2026-09-10 17:23:55.263949+00:00,2026-09-10 17:23:55.309984+00:00,2026-09-10 17:23:34.912614+00:00,2026-09-10 17:23:34.913615+00:00,2026-09-10 17:23:34.912805+00:00,2026-09-10 17:23:55.236629+00:00,2026-09-10 17:23:55.237371+00:00,,,,,0.191,20323.823999999997,0.8099999999999999,0.742,26.578,46.035,20397.37,CONFIRMED
M01,62719,2026-09-10 17:23:55.340664+00:00,2026-09-10 17:23:55.384341+00:00,2026-09-10 17:23:34.942264+00:00,2026-09-10 17:23:34.944313+00:00,2026-09-10 17:23:34.942433+00:00,2026-09-10 17:23:55.310990+00:00,2026-09-10 17:23:55.311999+00:00,,,,,0.16899999999999998,20368.557,1.88,1.009,28.665,43.677,20442.077,CONFIRMED
M01,62720,2026-09-10 17:23:55.414164+00:00,2026-09-10 17:23:55.461285+00:00,2026-09-10 17:23:34.974119+00:00,2026-09-10 17:23:34.976217+00:00,2026-09-10 17:23:34.974355+00:00,2026-09-10 17:23:55.385333+00:00,2026-09-10 17:23:55.385841+00:00,,,,,0.236,20410.978,1.8619999999999999,0.508,28.323,47.121,20487.165999999997,CONFIRMED
M01,62721,2026-09-10 17:23:55.485996+00:00,2026-09-10 17:23:55.535442+00:00,2026-09-10 17:23:35.004575+00:00,2026-09-10 17:23:35.005798+00:00,2026-09-10 17:23:35.004704+00:00,2026-09-10 17:23:55.462163+00:00,2026-09-10 17:23:55.462959+00:00,,,,,0.129,20457.459,1.0939999999999999,0.796,23.037,49.446,20530.867000000002,CONFIRMED
M01,62722,2026-09-10 17:23:55.567180+00:00,2026-09-10 17:23:55.614013+00:00,2026-09-10 17:23:35.036697+00:00,2026-09-10 17:23:35.038803+00:00,2026-09-10 17:23:35.036922+00:00,2026-09-10 17:23:55.536433+00:00,2026-09-10 17:23:55.537037+00:00,,,,,0.225,20499.511,1.881,0.6040000000000001,30.143,46.833,20577.316,CONFIRMED
M01,62723,2026-09-10 17:23:55.646834+00:00,2026-09-10 17:23:55.688789+00:00,2026-09-10 17:23:35.066473+00:00,2026-09-10 17:23:35.068588+00:00,2026-09-10 17:23:35.066849+00:00,2026-09-10 17:23:55.614655+00:00,2026-09-10 17:23:55.615107+00:00,,,,,0.376,20547.806,1.739,0.45199999999999996,31.726999999999997,41.955,20622.316000000003,CONFIRMED
M01,62724,2026-09-10 17:23:55.718605+00:00,2026-09-10 17:23:55.766873+00:00,2026-09-10 17:23:35.096424+00:00,2026-09-10 17:23:35.097703+00:00,2026-09-10 17:23:35.096621+00:00,2026-09-10 17:23:55.689506+00:00,2026-09-10 17:23:55.689969+00:00,,,,,0.19699999999999998,20592.885,1.082,0.46299999999999997,28.636000000000003,48.268,20670.449,CONFIRMED
M01,62725,2026-09-10 17:23:55.794590+00:00,2026-09-10 17:23:55.840638+00:00,2026-09-10 17:23:35.125508+00:00,2026-09-10 17:23:35.126383+00:00,2026-09-10 17:23:35.125689+00:00,2026-09-10 17:23:55.767461+00:00,2026-09-10 17:23:55.767858+00:00,,,,,0.18100000000000002,20641.772,0.694,0.397,26.732,46.048,20715.129999999997,CONFIRMED
M01,62726,2026-09-10 17:23:55.869913+00:00,2026-09-10 17:23:55.920861+00:00,2026-09-10 17:23:35.155207+00:00,2026-09-10 17:23:35.156482+00:00,2026-09-10 17:23:35.155400+00:00,2026-09-10 17:23:55.841141+00:00,2026-09-10 17:23:55.841442+00:00,,,,,0.193,20685.741,1.082,0.301,28.471,50.948,20765.654000000002,CONFIRMED
M01,62727,2026-09-10 17:23:55.948041+00:00,2026-09-10 17:23:56.002428+00:00,2026-09-10 17:23:35.184828+00:00,2026-09-10 17:23:35.185878+00:00,2026-09-10 17:23:35.184971+00:00,2026-09-10 17:23:55.921730+00:00,2026-09-10 17:23:55.922112+00:00,,,,,0.14300000000000002,20736.759,0.907,0.382,25.929000000000002,54.387,20817.6,CONFIRMED
M01,62728,2026-09-10 17:23:56.040375+00:00,2026-09-10 17:23:56.086122+00:00,2026-09-10 17:23:35.213266+00:00,2026-09-10 17:23:35.214593+00:00,2026-09-10 17:23:35.213433+00:00,2026-09-10 17:23:56.003270+00:00,2026-09-10 17:23:56.003827+00:00,,,,,0.16699999999999998,20789.837,1.16,0.5569999999999999,36.547999999999995,45.747,20872.856,CONFIRMED
M01,62729,2026-09-10 17:23:56.125103+00:00,2026-09-10 17:23:56.171705+00:00,2026-09-10 17:23:35.242880+00:00,2026-09-10 17:23:35.244600+00:00,2026-09-10 17:23:35.243037+00:00,2026-09-10 17:23:56.087722+00:00,2026-09-10 17:23:56.088085+00:00,,,,,0.157,20844.684999999998,1.563,0.363,37.018,46.602,20928.825,CONFIRMED
M01,62730,2026-09-10 17:23:56.208263+00:00,2026-09-10 17:23:56.264009+00:00,2026-09-10 17:23:35.272905+00:00,2026-09-10 17:23:35.274027+00:00,2026-09-10 17:23:35.273131+00:00,2026-09-10 17:23:56.172447+00:00,2026-09-10 17:23:56.173026+00:00,,,,,0.22599999999999998,20899.316,0.896,0.579,35.236999999999995,55.745999999999995,20991.104,CONFIRMED
M01,62731,2026-09-10 17:23:56.304345+00:00,2026-09-10 17:23:56.352296+00:00,2026-09-10 17:23:35.303611+00:00,2026-09-10 17:23:35.305006+00:00,2026-09-10 17:23:35.303746+00:00,2026-09-10 17:23:56.269457+00:00,2026-09-10 17:23:56.270458+00:00,,,,,0.135,20965.711,1.26,1.001,33.887,47.951,21048.684999999998,CONFIRMED
M01,62732,2026-09-10 17:23:56.387004+00:00,2026-09-10 17:23:56.440845+00:00,2026-09-10 17:23:35.333443+00:00,2026-09-10 17:23:35.335170+00:00,2026-09-10 17:23:35.333650+00:00,2026-09-10 17:23:56.353069+00:00,2026-09-10 17:23:56.353573+00:00,,,,,0.207,21019.418999999998,1.52,0.504,33.431000000000004,53.841,21107.402000000002,CONFIRMED
M01,62733,2026-09-10 17:23:56.480735+00:00,2026-09-10 17:23:56.532742+00:00,2026-09-10 17:23:35.362345+00:00,2026-09-10 17:23:35.363204+00:00,2026-09-10 17:23:35.362530+00:00,2026-09-10 17:23:56.441562+00:00,2026-09-10 17:23:56.442084+00:00,,,,,0.185,21079.032000000003,0.674,0.522,38.650999999999996,52.007,21170.397,CONFIRMED
M01,62734,2026-09-10 17:23:56.565525+00:00,2026-09-10 17:23:56.610566+00:00,2026-09-10 17:23:35.390851+00:00,2026-09-10 17:23:35.393646+00:00,2026-09-10 17:23:35.391085+00:00,2026-09-10 17:23:56.533229+00:00,2026-09-10 17:23:56.533641+00:00,,,,,0.23399999999999999,21142.143999999997,2.561,0.412,31.884000000000004,45.041,21219.715,CONFIRMED
M01,62735,2026-09-10 17:23:56.650848+00:00,2026-09-10 17:23:56.698008+00:00,2026-09-10 17:23:35.421200+00:00,2026-09-10 17:23:35.424738+00:00,2026-09-10 17:23:35.421371+00:00,2026-09-10 17:23:56.611385+00:00,2026-09-10 17:23:56.611961+00:00,,,,,0.171,21190.014000000003,3.367,0.5760000000000001,38.887,47.160000000000004,21276.807999999997,CONFIRMED
M01,62736,2026-09-10 17:23:56.736575+00:00,2026-09-10 17:23:56.786656+00:00,2026-09-10 17:23:35.454171+00:00,2026-09-10 17:23:35.456061+00:00,2026-09-10 17:23:35.454364+00:00,2026-09-10 17:23:56.698969+00:00,2026-09-10 17:23:56.699530+00:00,,,,,0.193,21244.605,1.6969999999999998,0.5609999999999999,37.045,50.081,21332.484999999997,CONFIRMED
M01,62737,2026-09-10 17:23:56.832575+00:00,2026-09-10 17:23:56.881193+00:00,2026-09-10 17:23:35.485748+00:00,2026-09-10 17:23:35.487123+00:00,2026-09-10 17:23:35.485931+00:00,2026-09-10 17:23:56.787868+00:00,2026-09-10 17:23:56.788635+00:00,,,,,0.183,21301.936999999998,1.192,0.767,43.94,48.618,21395.445,CONFIRMED
M01,62738,2026-09-10 17:23:56.914026+00:00,2026-09-10 17:23:56.965559+00:00,2026-09-10 17:23:35.522404+00:00,2026-09-10 17:23:35.524339+00:00,2026-09-10 17:23:35.522589+00:00,2026-09-10 17:23:56.881910+00:00,2026-09-10 17:23:56.882402+00:00,,,,,0.185,21359.321,1.75,0.49200000000000005,31.624,51.533,21443.155000000002,CONFIRMED
M01,62739,2026-09-10 17:23:56.995176+00:00,2026-09-10 17:23:57.054976+00:00,2026-09-10 17:23:35.552110+00:00,2026-09-10 17:23:35.553174+00:00,2026-09-10 17:23:35.552293+00:00,2026-09-10 17:23:56.966217+00:00,2026-09-10 17:23:56.966708+00:00,,,,,0.183,21413.924000000003,0.8809999999999999,0.491,28.468,59.8,21502.866,CONFIRMED
M01,62740,2026-09-10 17:23:57.096217+00:00,2026-09-10 17:23:57.162740+00:00,2026-09-10 17:23:35.581248+00:00,2026-09-10 17:23:35.584306+00:00,2026-09-10 17:23:35.581477+00:00,2026-09-10 17:23:57.055761+00:00,2026-09-10 17:23:57.056370+00:00,,,,,0.229,21474.284,2.8289999999999997,0.609,39.847,66.523,21581.492000000002,CONFIRMED
M01,62741,2026-09-10 17:23:57.190356+00:00,2026-09-10 17:23:57.250467+00:00,2026-09-10 17:23:35.612446+00:00,2026-09-10 17:23:35.614142+00:00,2026-09-10 17:23:35.612615+00:00,2026-09-10 17:23:57.163286+00:00,2026-09-10 17:23:57.163872+00:00,,,,,0.16899999999999998,21550.671000000002,1.527,0.5860000000000001,26.484,60.111,21638.020999999997,CONFIRMED
M01,62742,2026-09-10 17:23:57.282544+00:00,2026-09-10 17:23:57.326282+00:00,2026-09-10 17:23:35.641474+00:00,2026-09-10 17:23:35.642701+00:00,2026-09-10 17:23:35.641703+00:00,2026-09-10 17:23:57.251191+00:00,2026-09-10 17:23:57.251743+00:00,,,,,0.229,21609.487999999998,0.998,0.5519999999999999,30.801,43.738,21684.808,CONFIRMED
M01,62743,2026-09-10 17:23:57.355785+00:00,2026-09-10 17:23:57.409941+00:00,2026-09-10 17:23:35.670488+00:00,2026-09-10 17:23:35.672061+00:00,2026-09-10 17:23:35.670700+00:00,2026-09-10 17:23:57.326899+00:00,2026-09-10 17:23:57.327292+00:00,,,,,0.212,21656.199,1.361,0.393,28.493000000000002,54.156000000000006,21739.453,CONFIRMED
M01,62744,2026-09-10 17:23:57.457943+00:00,2026-09-10 17:23:57.501905+00:00,2026-09-10 17:23:35.702666+00:00,2026-09-10 17:23:35.704436+00:00,2026-09-10 17:23:35.702849+00:00,2026-09-10 17:23:57.410757+00:00,2026-09-10 17:23:57.411290+00:00,,,,,0.183,21707.908,1.5870000000000002,0.533,46.653,43.962,21799.239,CONFIRMED
M01,62745,2026-09-10 17:23:57.537359+00:00,2026-09-10 17:23:57.595686+00:00,2026-09-10 17:23:35.732755+00:00,2026-09-10 17:23:35.734300+00:00,2026-09-10 17:23:35.732966+00:00,2026-09-10 17:23:57.502827+00:00,2026-09-10 17:23:57.503659+00:00,,,,,0.211,21769.860999999997,1.3339999999999999,0.832,33.7,58.327,21862.931,CONFIRMED
M01,62746,2026-09-10 17:23:57.630766+00:00,2026-09-10 17:23:57.683390+00:00,2026-09-10 17:23:35.762336+00:00,2026-09-10 17:23:35.764807+00:00,2026-09-10 17:23:35.762511+00:00,2026-09-10 17:23:57.596406+00:00,2026-09-10 17:23:57.596812+00:00,,,,,0.175,21833.894999999997,2.296,0.406,33.954,52.623999999999995,21921.054,CONFIRMED
M01,62747,2026-09-10 17:23:57.718236+00:00,2026-09-10 17:23:57.767280+00:00,2026-09-10 17:23:35.791930+00:00,2026-09-10 17:23:35.793227+00:00,2026-09-10 17:23:35.792186+00:00,2026-09-10 17:23:57.684163+00:00,2026-09-10 17:23:57.684503+00:00,,,,,0.256,21891.977,1.0410000000000001,0.34,33.733,49.044,21975.35,CONFIRMED
M01,62748,2026-09-10 17:23:57.794396+00:00,2026-09-10 17:23:57.843190+00:00,2026-09-10 17:23:35.822342+00:00,2026-09-10 17:23:35.824366+00:00,2026-09-10 17:23:35.822722+00:00,2026-09-10 17:23:57.768300+00:00,2026-09-10 17:23:57.768958+00:00,,,,,0.38,21945.578,1.6440000000000001,0.6579999999999999,25.438,48.794,22020.848,CONFIRMED
M01,62749,2026-09-10 17:23:57.868927+00:00,2026-09-10 17:23:57.911115+00:00,2026-09-10 17:23:35.852545+00:00,2026-09-10 17:23:35.853917+00:00,2026-09-10 17:23:35.852773+00:00,2026-09-10 17:23:57.843773+00:00,2026-09-10 17:23:57.844197+00:00,,,,,0.228,21991.0,1.1440000000000001,0.424,24.729999999999997,42.188,22058.57,CONFIRMED
M01,62750,2026-09-10 17:23:57.936061+00:00,2026-09-10 17:23:57.980422+00:00,2026-09-10 17:23:35.882990+00:00,2026-09-10 17:23:35.884343+00:00,2026-09-10 17:23:35.883188+00:00,2026-09-10 17:23:57.911788+00:00,2026-09-10 17:23:57.912221+00:00,,,,,0.19799999999999998,22028.600000000002,1.155,0.433,23.84,44.361,22097.432,CONFIRMED
M01,62751,2026-09-10 17:23:58.008901+00:00,2026-09-10 17:23:58.067046+00:00,2026-09-10 17:23:35.917792+00:00,2026-09-10 17:23:35.919029+00:00,2026-09-10 17:23:35.917996+00:00,2026-09-10 17:23:57.981152+00:00,2026-09-10 17:23:57.981648+00:00,,,,,0.204,22063.156,1.0330000000000001,0.496,27.253,58.145,22149.254,CONFIRMED
M01,62752,2026-09-10 17:23:58.092212+00:00,2026-09-10 17:23:58.137247+00:00,2026-09-10 17:23:35.947744+00:00,2026-09-10 17:23:35.952088+00:00,2026-09-10 17:23:35.948051+00:00,2026-09-10 17:23:58.067760+00:00,2026-09-10 17:23:58.068656+00:00,,,,,0.307,22119.709,4.037,0.896,23.556,45.035,22189.502999999997,CONFIRMED
M01,62753,2026-09-10 17:23:58.170770+00:00,2026-09-10 17:23:58.210848+00:00,2026-09-10 17:23:35.980936+00:00,2026-09-10 17:23:35.982154+00:00,2026-09-10 17:23:35.981237+00:00,2026-09-10 17:23:58.137921+00:00,2026-09-10 17:23:58.138523+00:00,,,,,0.301,22156.683999999997,0.9169999999999999,0.602,32.247,40.078,22229.912,CONFIRMED
M01,62754,2026-09-10 17:23:58.252103+00:00,2026-09-10 17:23:58.301740+00:00,2026-09-10 17:23:36.010037+00:00,2026-09-10 17:23:36.011201+00:00,2026-09-10 17:23:36.010257+00:00,2026-09-10 17:23:58.211849+00:00,2026-09-10 17:23:58.212410+00:00,,,,,0.22,22201.592,0.944,0.5609999999999999,39.693,49.637,22291.702999999998,CONFIRMED
M01,62755,2026-09-10 17:23:58.334208+00:00,2026-09-10 17:23:58.380109+00:00,2026-09-10 17:23:36.039650+00:00,2026-09-10 17:23:36.040458+00:00,2026-09-10 17:23:36.039773+00:00,2026-09-10 17:23:58.302522+00:00,2026-09-10 17:23:58.302990+00:00,,,,,0.12300000000000001,22262.749,0.6849999999999999,0.46799999999999997,31.218,45.900999999999996,22340.459,CONFIRMED
M01,62756,2026-09-10 17:23:58.433776+00:00,2026-09-10 17:23:58.510215+00:00,2026-09-10 17:23:36.068239+00:00,2026-09-10 17:23:36.070725+00:00,2026-09-10 17:23:36.068376+00:00,2026-09-10 17:23:58.381484+00:00,2026-09-10 17:23:58.382057+00:00,,,,,0.13699999999999998,22313.108,2.3489999999999998,0.5730000000000001,51.719,76.439,22441.976,CONFIRMED
M01,62757,2026-09-10 17:23:58.543402+00:00,2026-09-10 17:23:58.591136+00:00,2026-09-10 17:23:36.099471+00:00,2026-09-10 17:23:36.101002+00:00,2026-09-10 17:23:36.099680+00:00,2026-09-10 17:23:58.511017+00:00,2026-09-10 17:23:58.511473+00:00,,,,,0.20900000000000002,22411.337,1.322,0.456,31.929,47.734,22491.665,CONFIRMED
M01,62758,2026-09-10 17:23:58.623810+00:00,2026-09-10 17:23:58.675677+00:00,2026-09-10 17:23:36.128623+00:00,2026-09-10 17:23:36.129893+00:00,2026-09-10 17:23:36.128771+00:00,2026-09-10 17:23:58.593282+00:00,2026-09-10 17:23:58.593909+00:00,,,,,0.148,22464.511000000002,1.1219999999999999,0.627,29.901,51.867000000000004,22547.054,CONFIRMED
M01,62759,2026-09-10 17:23:58.710910+00:00,2026-09-10 17:23:58.755780+00:00,2026-09-10 17:23:36.157488+00:00,2026-09-10 17:23:36.158728+00:00,2026-09-10 17:23:36.157687+00:00,2026-09-10 17:23:58.676432+00:00,2026-09-10 17:23:58.676787+00:00,,,,,0.199,22518.745,1.0410000000000001,0.355,34.123,44.87,22598.292,CONFIRMED
M01,62760,2026-09-10 17:23:58.791245+00:00,2026-09-10 17:23:58.845505+00:00,2026-09-10 17:23:36.186116+00:00,2026-09-10 17:23:36.187265+00:00,2026-09-10 17:23:36.186299+00:00,2026-09-10 17:23:58.756697+00:00,2026-09-10 17:23:58.759292+00:00,,,,,0.183,22570.398,0.966,2.595,31.953000000000003,54.260000000000005,22659.389,CONFIRMED
M01,62761,2026-09-10 17:23:58.875466+00:00,2026-09-10 17:23:58.928113+00:00,2026-09-10 17:23:36.214443+00:00,2026-09-10 17:23:36.215866+00:00,2026-09-10 17:23:36.214662+00:00,2026-09-10 17:23:58.846258+00:00,2026-09-10 17:23:58.846692+00:00,,,,,0.219,22631.596,1.204,0.434,28.774,52.647,22713.670000000002,CONFIRMED
M01,62762,2026-09-10 17:23:58.967192+00:00,2026-09-10 17:23:59.035433+00:00,2026-09-10 17:23:36.243950+00:00,2026-09-10 17:23:36.245865+00:00,2026-09-10 17:23:36.244234+00:00,2026-09-10 17:23:58.928765+00:00,2026-09-10 17:23:58.929220+00:00,,,,,0.28400000000000003,22684.531,1.631,0.455,37.972,68.241,22791.483,CONFIRMED
M01,62763,2026-09-10 17:23:59.080471+00:00,2026-09-10 17:23:59.142321+00:00,2026-09-10 17:23:36.273133+00:00,2026-09-10 17:23:36.274273+00:00,2026-09-10 17:23:36.273248+00:00,2026-09-10 17:23:59.036143+00:00,2026-09-10 17:23:59.036656+00:00,,,,,0.115,22762.895,1.0250000000000001,0.513,43.815,61.85,22869.188000000002,CONFIRMED
M01,62764,2026-09-10 17:23:59.183160+00:00,2026-09-10 17:23:59.238357+00:00,2026-09-10 17:23:36.302816+00:00,2026-09-10 17:23:36.304643+00:00,2026-09-10 17:23:36.303013+00:00,2026-09-10 17:23:59.143102+00:00,2026-09-10 17:23:59.143722+00:00,,,,,0.19699999999999998,22840.089,1.63,0.62,39.438,55.197,22935.541,CONFIRMED
M01,62765,2026-09-10 17:23:59.287357+00:00,2026-09-10 17:23:59.326929+00:00,2026-09-10 17:23:36.332978+00:00,2026-09-10 17:23:36.335167+00:00,2026-09-10 17:23:36.333233+00:00,2026-09-10 17:23:59.239473+00:00,2026-09-10 17:23:59.240993+00:00,,,,,0.255,22906.24,1.934,1.52,46.364000000000004,39.572,22993.951,CONFIRMED
M01,62766,2026-09-10 17:23:59.362797+00:00,2026-09-10 17:23:59.419098+00:00,2026-09-10 17:23:36.362511+00:00,2026-09-10 17:23:36.364001+00:00,2026-09-10 17:23:36.362703+00:00,2026-09-10 17:23:59.327744+00:00,2026-09-10 17:23:59.328199+00:00,,,,,0.192,22965.041,1.2979999999999998,0.455,34.598,56.300999999999995,23056.587,CONFIRMED
M01,62767,2026-09-10 17:23:59.445939+00:00,2026-09-10 17:23:59.493969+00:00,2026-09-10 17:23:36.393182+00:00,2026-09-10 17:23:36.394237+00:00,2026-09-10 17:23:36.393403+00:00,2026-09-10 17:23:59.422312+00:00,2026-09-10 17:23:59.422720+00:00,,,,,0.221,23028.909,0.834,0.408,23.219,48.03,23100.787,CONFIRMED
M01,62768,2026-09-10 17:23:59.531324+00:00,2026-09-10 17:23:59.579521+00:00,2026-09-10 17:23:36.422833+00:00,2026-09-10 17:23:36.423712+00:00,2026-09-10 17:23:36.422999+00:00,2026-09-10 17:23:59.494527+00:00,2026-09-10 17:23:59.495049+00:00,,,,,0.166,23071.528000000002,0.713,0.522,36.275,48.196999999999996,23156.688,CONFIRMED
M01,62769,2026-09-10 17:23:59.614689+00:00,2026-09-10 17:23:59.661966+00:00,2026-09-10 17:23:36.451804+00:00,2026-09-10 17:23:36.452704+00:00,2026-09-10 17:23:36.452017+00:00,2026-09-10 17:23:59.580222+00:00,2026-09-10 17:23:59.580801+00:00,,,,,0.213,23128.205,0.687,0.579,33.888,47.277,23210.162,CONFIRMED
M01,62770,2026-09-10 17:23:59.699014+00:00,2026-09-10 17:23:59.745684+00:00,2026-09-10 17:23:36.480125+00:00,2026-09-10 17:23:36.481644+00:00,2026-09-10 17:23:36.480320+00:00,2026-09-10 17:23:59.662641+00:00,2026-09-10 17:23:59.663091+00:00,,,,,0.195,23182.321000000004,1.324,0.45,35.922999999999995,46.67,23265.559,CONFIRMED
M01,62771,2026-09-10 17:23:59.776157+00:00,2026-09-10 17:23:59.820527+00:00,2026-09-10 17:23:36.509287+00:00,2026-09-10 17:23:36.510882+00:00,2026-09-10 17:23:36.509551+00:00,2026-09-10 17:23:59.746554+00:00,2026-09-10 17:23:59.747142+00:00,,,,,0.264,23237.003,1.331,0.588,29.015,44.37,23311.24,CONFIRMED
M01,62772,2026-09-10 17:23:59.849625+00:00,2026-09-10 17:23:59.897752+00:00,2026-09-10 17:23:36.539549+00:00,2026-09-10 17:23:36.541646+00:00,2026-09-10 17:23:36.539788+00:00,2026-09-10 17:23:59.821339+00:00,2026-09-10 17:23:59.821851+00:00,,,,,0.23900000000000002,23281.551,1.858,0.512,27.774,48.127,23358.203,CONFIRMED
M01,62773,2026-09-10 17:23:59.934490+00:00,2026-09-10 17:23:59.988848+00:00,2026-09-10 17:23:36.571940+00:00,2026-09-10 17:23:36.573146+00:00,2026-09-10 17:23:36.572151+00:00,2026-09-10 17:23:59.898700+00:00,2026-09-10 17:23:59.903475+00:00,,,,,0.211,23326.549,0.995,4.7749999999999995,31.015,54.358,23416.908,CONFIRMED
M01,62774,2026-09-10 17:24:00.033143+00:00,2026-09-10 17:24:00.087276+00:00,2026-09-10 17:23:36.601957+00:00,2026-09-10 17:23:36.603158+00:00,2026-09-10 17:23:36.602193+00:00,2026-09-10 17:23:59.989793+00:00,2026-09-10 17:23:59.990417+00:00,,,,,0.236,23387.6,0.9650000000000001,0.624,42.726,54.133,23485.319,CONFIRMED
M01,62775,2026-09-10 17:24:00.120884+00:00,2026-09-10 17:24:00.171162+00:00,2026-09-10 17:23:36.630432+00:00,2026-09-10 17:23:36.631701+00:00,2026-09-10 17:23:36.630556+00:00,2026-09-10 17:24:00.087962+00:00,2026-09-10 17:24:00.088573+00:00,,,,,0.124,23457.406,1.145,0.611,32.311,50.278000000000006,23540.73,CONFIRMED
M01,62776,2026-09-10 17:24:00.201552+00:00,2026-09-10 17:24:00.251817+00:00,2026-09-10 17:23:36.658668+00:00,2026-09-10 17:23:36.659695+00:00,2026-09-10 17:23:36.658833+00:00,2026-09-10 17:24:00.172181+00:00,2026-09-10 17:24:00.172598+00:00,,,,,0.165,23513.348,0.862,0.417,28.954,50.265,23593.149,CONFIRMED
M01,62777,2026-09-10 17:24:00.296565+00:00,2026-09-10 17:24:00.334894+00:00,2026-09-10 17:23:36.686922+00:00,2026-09-10 17:23:36.687970+00:00,2026-09-10 17:23:36.687165+00:00,2026-09-10 17:24:00.252424+00:00,2026-09-10 17:24:00.252940+00:00,,,,,0.243,23565.259000000002,0.805,0.516,43.625,38.329,23647.971999999998,CONFIRMED
M01,62778,2026-09-10 17:24:00.361899+00:00,2026-09-10 17:24:00.418361+00:00,2026-09-10 17:23:36.715401+00:00,2026-09-10 17:23:36.720471+00:00,2026-09-10 17:23:36.715563+00:00,2026-09-10 17:24:00.336092+00:00,2026-09-10 17:24:00.336601+00:00,,,,,0.162,23620.529000000002,4.908,0.509,25.298000000000002,56.461999999999996,23702.96,CONFIRMED
M01,62779,2026-09-10 17:24:00.453666+00:00,2026-09-10 17:24:00.511795+00:00,2026-09-10 17:23:36.751066+00:00,2026-09-10 17:23:36.751922+00:00,2026-09-10 17:23:36.751274+00:00,2026-09-10 17:24:00.421022+00:00,2026-09-10 17:24:00.422090+00:00,,,,,0.208,23669.748,0.648,1.0679999999999998,31.576,58.129,23760.729000000003,CONFIRMED
M01,62780,2026-09-10 17:24:00.539638+00:00,2026-09-10 17:24:00.594170+00:00,2026-09-10 17:23:36.781036+00:00,2026-09-10 17:23:36.782570+00:00,2026-09-10 17:23:36.781304+00:00,2026-09-10 17:24:00.512784+00:00,2026-09-10 17:24:00.513374+00:00,,,,,0.268,23731.48,1.266,0.5900000000000001,26.264,54.532,23813.134000000002,CONFIRMED
M01,62781,2026-09-10 17:24:00.624775+00:00,2026-09-10 17:24:00.682538+00:00,2026-09-10 17:23:36.826427+00:00,2026-09-10 17:23:36.827722+00:00,2026-09-10 17:23:36.826580+00:00,2026-09-10 17:24:00.595673+00:00,2026-09-10 17:24:00.596118+00:00,,,,,0.153,23769.093,1.142,0.44499999999999995,28.657,57.763000000000005,23856.110999999997,CONFIRMED
M01,62782,2026-09-10 17:24:00.718225+00:00,2026-09-10 17:24:00.770003+00:00,2026-09-10 17:23:36.866576+00:00,2026-09-10 17:23:36.868146+00:00,2026-09-10 17:23:36.867203+00:00,2026-09-10 17:24:00.683292+00:00,2026-09-10 17:24:00.684802+00:00,,,,,0.627,23816.089,0.9430000000000001,1.51,33.423,51.778,23903.427,CONFIRMED
M01,62783,2026-09-10 17:24:00.804841+00:00,2026-09-10 17:24:00.860159+00:00,2026-09-10 17:23:36.895683+00:00,2026-09-10 17:23:36.896600+00:00,2026-09-10 17:23:36.895915+00:00,2026-09-10 17:24:00.771040+00:00,2026-09-10 17:24:00.771637+00:00,,,,,0.232,23875.125,0.6849999999999999,0.597,33.204,55.318,23964.476000000002,CONFIRMED
M01,62784,2026-09-10 17:24:00.966000+00:00,2026-09-10 17:24:01.051054+00:00,2026-09-10 17:23:36.925567+00:00,2026-09-10 17:23:36.926535+00:00,2026-09-10 17:23:36.925752+00:00,2026-09-10 17:24:00.860992+00:00,2026-09-10 17:24:00.861476+00:00,,,,,0.185,23935.24,0.7829999999999999,0.484,104.524,85.054,24125.487,CONFIRMED
M01,62785,2026-09-10 17:24:01.092577+00:00,2026-09-10 17:24:01.130865+00:00,2026-09-10 17:23:36.953943+00:00,2026-09-10 17:23:36.955102+00:00,2026-09-10 17:23:36.954138+00:00,2026-09-10 17:24:01.051665+00:00,2026-09-10 17:24:01.052129+00:00,,,,,0.195,24097.527,0.964,0.464,40.448,38.288000000000004,24176.922000000002,CONFIRMED
M01,62786,2026-09-10 17:24:01.163105+00:00,2026-09-10 17:24:01.217568+00:00,2026-09-10 17:23:36.983594+00:00,2026-09-10 17:23:36.984791+00:00,2026-09-10 17:23:36.983743+00:00,2026-09-10 17:24:01.131750+00:00,2026-09-10 17:24:01.132372+00:00,,,,,0.149,24148.007,1.048,0.622,30.733,54.463,24233.974,CONFIRMED
M01,62787,2026-09-10 17:24:01.255694+00:00,2026-09-10 17:24:01.317409+00:00,2026-09-10 17:23:37.012545+00:00,2026-09-10 17:23:37.013384+00:00,2026-09-10 17:23:37.012770+00:00,2026-09-10 17:24:01.218418+00:00,2026-09-10 17:24:01.219035+00:00,,,,,0.225,24205.648,0.614,0.617,36.659,61.714999999999996,24304.863999999998,CONFIRMED
M01,62788,2026-09-10 17:24:01.354554+00:00,2026-09-10 17:24:01.407143+00:00,2026-09-10 17:23:37.043931+00:00,2026-09-10 17:23:37.045659+00:00,2026-09-10 17:23:37.044103+00:00,2026-09-10 17:24:01.318185+00:00,2026-09-10 17:24:01.318795+00:00,,,,,0.17200000000000001,24274.082,1.556,0.61,35.759,52.589,24363.212,CONFIRMED
M01,62789,2026-09-10 17:24:01.435834+00:00,2026-09-10 17:24:01.479205+00:00,2026-09-10 17:23:37.072994+00:00,2026-09-10 17:23:37.077675+00:00,2026-09-10 17:23:37.073225+00:00,2026-09-10 17:24:01.407889+00:00,2026-09-10 17:24:01.408402+00:00,,,,,0.231,24334.664,4.45,0.513,27.432000000000002,43.371,24406.211,CONFIRMED
M01,62790,2026-09-10 17:24:01.503538+00:00,2026-09-10 17:24:01.555961+00:00,2026-09-10 17:23:37.106156+00:00,2026-09-10 17:23:37.108581+00:00,2026-09-10 17:23:37.106418+00:00,2026-09-10 17:24:01.479914+00:00,2026-09-10 17:24:01.480451+00:00,,,,,0.262,24373.496,2.163,0.537,23.087,52.422999999999995,24449.805,CONFIRMED
M01,62791,2026-09-10 17:24:01.586756+00:00,2026-09-10 17:24:01.629037+00:00,2026-09-10 17:23:37.137138+00:00,2026-09-10 17:23:37.139196+00:00,2026-09-10 17:23:37.137430+00:00,2026-09-10 17:24:01.557239+00:00,2026-09-10 17:24:01.558105+00:00,,,,,0.292,24419.809,1.766,0.866,28.651,42.281,24491.899,CONFIRMED
M01,62792,2026-09-10 17:24:01.667908+00:00,2026-09-10 17:24:01.714522+00:00,2026-09-10 17:23:37.167545+00:00,2026-09-10 17:23:37.168645+00:00,2026-09-10 17:23:37.167678+00:00,2026-09-10 17:24:01.629766+00:00,2026-09-10 17:24:01.630472+00:00,,,,,0.133,24462.088,0.967,0.7060000000000001,37.436,46.614000000000004,24546.977,CONFIRMED
M01,62793,2026-09-10 17:24:01.742109+00:00,2026-09-10 17:24:01.790703+00:00,2026-09-10 17:23:37.196760+00:00,2026-09-10 17:23:37.198166+00:00,2026-09-10 17:23:37.196974+00:00,2026-09-10 17:24:01.715146+00:00,2026-09-10 17:24:01.715503+00:00,,,,,0.214,24518.172,1.192,0.357,26.606,48.594,24593.943,CONFIRMED
M01,62794,2026-09-10 17:24:01.829701+00:00,2026-09-10 17:24:01.879473+00:00,2026-09-10 17:23:37.225969+00:00,2026-09-10 17:23:37.228449+00:00,2026-09-10 17:23:37.226302+00:00,2026-09-10 17:24:01.791442+00:00,2026-09-10 17:24:01.791897+00:00,,,,,0.333,24565.14,2.1470000000000002,0.455,37.803999999999995,49.772,24653.504,CONFIRMED
M01,62795,2026-09-10 17:24:01.907650+00:00,2026-09-10 17:24:01.957766+00:00,2026-09-10 17:23:37.257574+00:00,2026-09-10 17:23:37.258294+00:00,2026-09-10 17:23:37.257709+00:00,2026-09-10 17:24:01.880517+00:00,2026-09-10 17:24:01.881006+00:00,,,,,0.135,24622.808,0.585,0.48899999999999993,26.644000000000002,50.116,24700.192000000003,CONFIRMED
M01,62796,2026-09-10 17:24:01.989623+00:00,2026-09-10 17:24:02.038062+00:00,2026-09-10 17:23:37.287286+00:00,2026-09-10 17:23:37.287948+00:00,2026-09-10 17:23:37.287433+00:00,2026-09-10 17:24:01.958683+00:00,2026-09-10 17:24:01.959542+00:00,,,,,0.147,24671.25,0.515,0.859,30.081,48.439,24750.775999999998,CONFIRMED
M01,62797,2026-09-10 17:24:02.071806+00:00,2026-09-10 17:24:02.124161+00:00,2026-09-10 17:23:37.315441+00:00,2026-09-10 17:23:37.317402+00:00,2026-09-10 17:23:37.315571+00:00,2026-09-10 17:24:02.038651+00:00,2026-09-10 17:24:02.039300+00:00,,,,,0.12999999999999998,24723.079999999998,1.831,0.6489999999999999,32.506,52.355,24808.72,CONFIRMED
M01,62798,2026-09-10 17:24:02.153070+00:00,2026-09-10 17:24:02.195998+00:00,2026-09-10 17:23:37.346198+00:00,2026-09-10 17:23:37.348124+00:00,2026-09-10 17:23:37.346480+00:00,2026-09-10 17:24:02.124988+00:00,2026-09-10 17:24:02.125456+00:00,,,,,0.28200000000000003,24778.507999999998,1.6440000000000001,0.46799999999999997,27.614,42.928000000000004,24849.8,CONFIRMED
M01,62799,2026-09-10 17:24:02.227507+00:00,2026-09-10 17:24:02.275282+00:00,2026-09-10 17:23:37.375524+00:00,2026-09-10 17:23:37.376644+00:00,2026-09-10 17:23:37.375755+00:00,2026-09-10 17:24:02.196952+00:00,2026-09-10 17:24:02.197466+00:00,,,,,0.231,24821.197,0.889,0.514,30.041,47.775,24899.757999999998,CONFIRMED
M01,62800,2026-09-10 17:24:02.307451+00:00,2026-09-10 17:24:02.352681+00:00,2026-09-10 17:23:37.404254+00:00,2026-09-10 17:23:37.406734+00:00,2026-09-10 17:23:37.404438+00:00,2026-09-10 17:24:02.275960+00:00,2026-09-10 17:24:02.276349+00:00,,,,,0.184,24871.521999999997,2.296,0.389,31.102,45.23,24948.427,CONFIRMED
M01,62801,2026-09-10 17:24:02.379170+00:00,2026-09-10 17:24:02.424863+00:00,2026-09-10 17:23:37.436255+00:00,2026-09-10 17:23:37.437357+00:00,2026-09-10 17:23:37.436439+00:00,2026-09-10 17:24:02.353228+00:00,2026-09-10 17:24:02.353677+00:00,,,,,0.184,24916.789,0.9179999999999999,0.449,25.493,45.693,24988.608,CONFIRMED
M01,62802,2026-09-10 17:24:02.458622+00:00,2026-09-10 17:24:02.506844+00:00,2026-09-10 17:23:37.465319+00:00,2026-09-10 17:23:37.467585+00:00,2026-09-10 17:23:37.465532+00:00,2026-09-10 17:24:02.425620+00:00,2026-09-10 17:24:02.426104+00:00,,,,,0.213,24960.088,2.053,0.484,32.518,48.222,25041.525,CONFIRMED
M01,62803,2026-09-10 17:24:02.539828+00:00,2026-09-10 17:24:02.598650+00:00,2026-09-10 17:23:37.495814+00:00,2026-09-10 17:23:37.497004+00:00,2026-09-10 17:23:37.495988+00:00,2026-09-10 17:24:02.507409+00:00,2026-09-10 17:24:02.507878+00:00,,,,,0.174,25011.421,1.016,0.46900000000000003,31.95,58.822,25102.836,CONFIRMED
M01,62804,2026-09-10 17:24:02.631583+00:00,2026-09-10 17:24:02.688417+00:00,2026-09-10 17:23:37.524768+00:00,2026-09-10 17:23:37.529024+00:00,2026-09-10 17:23:37.525003+00:00,2026-09-10 17:24:02.599757+00:00,2026-09-10 17:24:02.600341+00:00,,,,,0.235,25074.753999999997,4.021,0.584,31.241999999999997,56.834,25163.649,CONFIRMED
M01,62805,2026-09-10 17:24:02.721663+00:00,2026-09-10 17:24:02.770439+00:00,2026-09-10 17:23:37.557021+00:00,2026-09-10 17:23:37.557759+00:00,2026-09-10 17:23:37.557144+00:00,2026-09-10 17:24:02.689179+00:00,2026-09-10 17:24:02.689751+00:00,,,,,0.12300000000000001,25132.035,0.615,0.5720000000000001,31.912000000000003,48.776,25213.418,CONFIRMED
M01,62806,2026-09-10 17:24:02.798876+00:00,2026-09-10 17:24:02.843336+00:00,2026-09-10 17:23:37.584801+00:00,2026-09-10 17:23:37.585947+00:00,2026-09-10 17:23:37.585050+00:00,2026-09-10 17:24:02.771400+00:00,2026-09-10 17:24:02.772389+00:00,,,,,0.24899999999999997,25186.350000000002,0.897,0.9890000000000001,26.487000000000002,44.46,25258.535,CONFIRMED
M01,62807,2026-09-10 17:24:02.870494+00:00,2026-09-10 17:24:02.922339+00:00,2026-09-10 17:23:37.613856+00:00,2026-09-10 17:23:37.614995+00:00,2026-09-10 17:23:37.614080+00:00,2026-09-10 17:24:02.844159+00:00,2026-09-10 17:24:02.844798+00:00,,,,,0.224,25230.079,0.915,0.639,25.696,51.845,25308.483,CONFIRMED
M01,62808,2026-09-10 17:24:02.947716+00:00,2026-09-10 17:24:02.995129+00:00,2026-09-10 17:23:37.643956+00:00,2026-09-10 17:23:37.645944+00:00,2026-09-10 17:23:37.644166+00:00,2026-09-10 17:24:02.923360+00:00,2026-09-10 17:24:02.923878+00:00,,,,,0.21000000000000002,25279.194,1.778,0.518,23.838,47.413,25351.173,CONFIRMED
M01,62809,2026-09-10 17:24:03.029598+00:00,2026-09-10 17:24:03.079615+00:00,2026-09-10 17:23:37.674082+00:00,2026-09-10 17:23:37.675030+00:00,2026-09-10 17:23:37.674294+00:00,2026-09-10 17:24:02.996008+00:00,2026-09-10 17:24:02.996436+00:00,,,,,0.212,25321.714,0.736,0.428,33.162,50.016999999999996,25405.533,CONFIRMED
M01,62810,2026-09-10 17:24:03.117829+00:00,2026-09-10 17:24:03.175087+00:00,2026-09-10 17:23:37.703527+00:00,2026-09-10 17:23:37.704666+00:00,2026-09-10 17:23:37.703768+00:00,2026-09-10 17:24:03.080218+00:00,2026-09-10 17:24:03.080612+00:00,,,,,0.241,25376.449999999997,0.898,0.39399999999999996,37.217,57.258,25471.56,CONFIRMED
M01,62811,2026-09-10 17:24:03.206168+00:00,2026-09-10 17:24:03.258006+00:00,2026-09-10 17:23:37.735042+00:00,2026-09-10 17:23:37.736573+00:00,2026-09-10 17:23:37.735239+00:00,2026-09-10 17:24:03.176004+00:00,2026-09-10 17:24:03.176797+00:00,,,,,0.19699999999999998,25440.765,1.3339999999999999,0.7929999999999999,29.371000000000002,51.838,25522.964,CONFIRMED
M01,62812,2026-09-10 17:24:03.297683+00:00,2026-09-10 17:24:03.358484+00:00,2026-09-10 17:23:37.766929+00:00,2026-09-10 17:23:37.768861+00:00,2026-09-10 17:23:37.767108+00:00,2026-09-10 17:24:03.259344+00:00,2026-09-10 17:24:03.260227+00:00,,,,,0.179,25492.235999999997,1.753,0.883,37.456,60.801,25591.555,CONFIRMED
M01,62813,2026-09-10 17:24:03.391844+00:00,2026-09-10 17:24:03.441111+00:00,2026-09-10 17:23:37.796888+00:00,2026-09-10 17:23:37.798052+00:00,2026-09-10 17:23:37.797015+00:00,2026-09-10 17:24:03.360291+00:00,2026-09-10 17:24:03.360738+00:00,,,,,0.127,25563.275999999998,1.037,0.447,31.106,49.266999999999996,25644.223,CONFIRMED
M01,62814,2026-09-10 17:24:03.474999+00:00,2026-09-10 17:24:03.527241+00:00,2026-09-10 17:23:37.825407+00:00,2026-09-10 17:23:37.828802+00:00,2026-09-10 17:23:37.825594+00:00,2026-09-10 17:24:03.441893+00:00,2026-09-10 17:24:03.442600+00:00,,,,,0.187,25616.299000000003,3.2079999999999997,0.707,32.398999999999994,52.242,25701.834000000003,CONFIRMED
M01,62815,2026-09-10 17:24:03.556057+00:00,2026-09-10 17:24:03.610949+00:00,2026-09-10 17:23:37.859284+00:00,2026-09-10 17:23:37.860248+00:00,2026-09-10 17:23:37.859465+00:00,2026-09-10 17:24:03.527766+00:00,2026-09-10 17:24:03.528227+00:00,,,,,0.18100000000000002,25668.301,0.7829999999999999,0.46099999999999997,27.830000000000002,54.892,25751.665,CONFIRMED
M01,62816,2026-09-10 17:24:03.649209+00:00,2026-09-10 17:24:03.700393+00:00,2026-09-10 17:23:37.888029+00:00,2026-09-10 17:23:37.889382+00:00,2026-09-10 17:23:37.888422+00:00,2026-09-10 17:24:03.611752+00:00,2026-09-10 17:24:03.612360+00:00,,,,,0.393,25723.33,0.9600000000000001,0.608,36.849,51.184,25812.363999999998,CONFIRMED
M01,62817,2026-09-10 17:24:03.734064+00:00,2026-09-10 17:24:03.792182+00:00,2026-09-10 17:23:37.917592+00:00,2026-09-10 17:23:37.918639+00:00,2026-09-10 17:23:37.917739+00:00,2026-09-10 17:24:03.701068+00:00,2026-09-10 17:24:03.701640+00:00,,,,,0.147,25783.328999999998,0.9,0.5720000000000001,32.424,58.118,25874.59,CONFIRMED
M01,62818,2026-09-10 17:24:03.820433+00:00,2026-09-10 17:24:03.871648+00:00,2026-09-10 17:23:37.949854+00:00,2026-09-10 17:23:37.951375+00:00,2026-09-10 17:23:37.950084+00:00,2026-09-10 17:24:03.792821+00:00,2026-09-10 17:24:03.793338+00:00,,,,,0.23,25842.737,1.2910000000000001,0.517,27.095000000000002,51.214999999999996,25921.793999999998,CONFIRMED
M01,62819,2026-09-10 17:24:03.913987+00:00,2026-09-10 17:24:03.967371+00:00,2026-09-10 17:23:37.981663+00:00,2026-09-10 17:23:37.986026+00:00,2026-09-10 17:23:37.984589+00:00,2026-09-10 17:24:03.873554+00:00,2026-09-10 17:24:03.874107+00:00,,,,,2.926,25888.965,1.4369999999999998,0.553,39.879999999999995,53.384,25985.708,CONFIRMED
M01,62820,2026-09-10 17:24:04.000959+00:00,2026-09-10 17:24:04.050548+00:00,2026-09-10 17:23:38.015422+00:00,2026-09-10 17:23:38.017104+00:00,2026-09-10 17:23:38.015854+00:00,2026-09-10 17:24:03.968205+00:00,2026-09-10 17:24:03.968677+00:00,,,,,0.432,25952.351,1.25,0.472,32.282,49.589,26035.126,CONFIRMED
M01,62821,2026-09-10 17:24:04.080255+00:00,2026-09-10 17:24:04.127249+00:00,2026-09-10 17:23:38.045578+00:00,2026-09-10 17:23:38.046791+00:00,2026-09-10 17:23:38.045742+00:00,2026-09-10 17:24:04.051429+00:00,2026-09-10 17:24:04.051889+00:00,,,,,0.164,26005.687,1.049,0.46,28.366,46.994,26081.671,CONFIRMED
M01,62822,2026-09-10 17:24:04.158599+00:00,2026-09-10 17:24:04.209080+00:00,2026-09-10 17:23:38.075678+00:00,2026-09-10 17:23:38.080262+00:00,2026-09-10 17:23:38.075844+00:00,2026-09-10 17:24:04.131835+00:00,2026-09-10 17:24:04.133227+00:00,,,,,0.166,26055.990999999998,4.418,1.392,25.372,50.480999999999995,26133.402000000002,CONFIRMED
M01,62823,2026-09-10 17:24:04.236765+00:00,2026-09-10 17:24:04.295941+00:00,2026-09-10 17:23:38.108437+00:00,2026-09-10 17:23:38.110403+00:00,2026-09-10 17:23:38.108668+00:00,2026-09-10 17:24:04.209939+00:00,2026-09-10 17:24:04.210369+00:00,,,,,0.231,26101.271,1.735,0.43,26.396,59.176,26187.504,CONFIRMED
M01,62824,2026-09-10 17:24:04.328262+00:00,2026-09-10 17:24:04.384388+00:00,2026-09-10 17:23:38.138324+00:00,2026-09-10 17:23:38.140081+00:00,2026-09-10 17:23:38.138506+00:00,2026-09-10 17:24:04.296889+00:00,2026-09-10 17:24:04.297549+00:00,,,,,0.182,26158.383,1.575,0.66,30.713,56.126000000000005,26246.064000000002,CONFIRMED
M01,62825,2026-09-10 17:24:04.419628+00:00,2026-09-10 17:24:04.480370+00:00,2026-09-10 17:23:38.168456+00:00,2026-09-10 17:23:38.171507+00:00,2026-09-10 17:23:38.168673+00:00,2026-09-10 17:24:04.385560+00:00,2026-09-10 17:24:04.386268+00:00,,,,,0.217,26216.887,2.834,0.708,33.36,60.742,26311.914,CONFIRMED
M01,62826,2026-09-10 17:24:04.518909+00:00,2026-09-10 17:24:04.572423+00:00,2026-09-10 17:23:38.199631+00:00,2026-09-10 17:23:38.200413+00:00,2026-09-10 17:23:38.199834+00:00,2026-09-10 17:24:04.481107+00:00,2026-09-10 17:24:04.481605+00:00,,,,,0.203,26281.272999999997,0.579,0.49799999999999994,37.303999999999995,53.513999999999996,26372.792,CONFIRMED
M01,62827,2026-09-10 17:24:04.611009+00:00,2026-09-10 17:24:04.662488+00:00,2026-09-10 17:23:38.232163+00:00,2026-09-10 17:23:38.233396+00:00,2026-09-10 17:23:38.232548+00:00,2026-09-10 17:24:04.573316+00:00,2026-09-10 17:24:04.573892+00:00,,,,,0.38499999999999995,26340.768,0.848,0.5760000000000001,37.117,51.479,26430.325,CONFIRMED
M01,62828,2026-09-10 17:24:04.695346+00:00,2026-09-10 17:24:04.752045+00:00,2026-09-10 17:23:38.260945+00:00,2026-09-10 17:23:38.261774+00:00,2026-09-10 17:23:38.261146+00:00,2026-09-10 17:24:04.663390+00:00,2026-09-10 17:24:04.664655+00:00,,,,,0.201,26402.244,0.628,1.2650000000000001,30.691,56.699,26491.1,CONFIRMED
M01,62829,2026-09-10 17:24:04.786764+00:00,2026-09-10 17:24:04.826515+00:00,2026-09-10 17:23:38.290444+00:00,2026-09-10 17:23:38.291712+00:00,2026-09-10 17:23:38.290639+00:00,2026-09-10 17:24:04.753058+00:00,2026-09-10 17:24:04.753596+00:00,,,,,0.195,26462.419,1.073,0.5379999999999999,33.168000000000006,39.751000000000005,26536.071,CONFIRMED
M01,62830,2026-09-10 17:24:04.852111+00:00,2026-09-10 17:24:04.896920+00:00,2026-09-10 17:23:38.319077+00:00,2026-09-10 17:23:38.320341+00:00,2026-09-10 17:23:38.319279+00:00,2026-09-10 17:24:04.827280+00:00,2026-09-10 17:24:04.828154+00:00,,,,,0.202,26508.001,1.062,0.874,23.957,44.809000000000005,26577.843,CONFIRMED
M01,62831,2026-09-10 17:24:04.929192+00:00,2026-09-10 17:24:04.971133+00:00,2026-09-10 17:23:38.348957+00:00,2026-09-10 17:23:38.350004+00:00,2026-09-10 17:23:38.349254+00:00,2026-09-10 17:24:04.897774+00:00,2026-09-10 17:24:04.898314+00:00,,,,,0.297,26548.52,0.75,0.54,30.878,41.941,26622.176,CONFIRMED
M01,62832,2026-09-10 17:24:05.002125+00:00,2026-09-10 17:24:05.051052+00:00,2026-09-10 17:23:38.379200+00:00,2026-09-10 17:23:38.381896+00:00,2026-09-10 17:23:38.379420+00:00,2026-09-10 17:24:04.972027+00:00,2026-09-10 17:24:04.972546+00:00,,,,,0.22,26592.607,2.476,0.519,29.579,48.927,26671.852000000003,CONFIRMED
M01,62833,2026-09-10 17:24:05.084621+00:00,2026-09-10 17:24:05.135498+00:00,2026-09-10 17:23:38.409299+00:00,2026-09-10 17:23:38.410514+00:00,2026-09-10 17:23:38.409467+00:00,2026-09-10 17:24:05.051633+00:00,2026-09-10 17:24:05.052135+00:00,,,,,0.16799999999999998,26642.166,1.047,0.502,32.486000000000004,50.876999999999995,26726.199,CONFIRMED
M01,62834,2026-09-10 17:24:05.167066+00:00,2026-09-10 17:24:05.220572+00:00,2026-09-10 17:23:38.439784+00:00,2026-09-10 17:23:38.442964+00:00,2026-09-10 17:23:38.439933+00:00,2026-09-10 17:24:05.136423+00:00,2026-09-10 17:24:05.136966+00:00,,,,,0.149,26696.49,3.0309999999999997,0.5429999999999999,30.099999999999998,53.506,26780.788,CONFIRMED
M01,62835,2026-09-10 17:24:05.253208+00:00,2026-09-10 17:24:05.302836+00:00,2026-09-10 17:23:38.470909+00:00,2026-09-10 17:23:38.472671+00:00,2026-09-10 17:23:38.471147+00:00,2026-09-10 17:24:05.221246+00:00,2026-09-10 17:24:05.221676+00:00,,,,,0.23800000000000002,26750.099,1.524,0.43,31.531999999999996,49.628,26831.927,CONFIRMED
M01,62836,2026-09-10 17:24:05.343014+00:00,2026-09-10 17:24:05.389241+00:00,2026-09-10 17:23:38.500493+00:00,2026-09-10 17:23:38.501670+00:00,2026-09-10 17:23:38.500706+00:00,2026-09-10 17:24:05.303249+00:00,2026-09-10 17:24:05.303546+00:00,,,,,0.213,26802.543,0.964,0.297,39.468,46.227,26888.748,CONFIRMED
M01,62837,2026-09-10 17:24:05.422539+00:00,2026-09-10 17:24:05.475766+00:00,2026-09-10 17:23:38.531326+00:00,2026-09-10 17:23:38.535340+00:00,2026-09-10 17:23:38.531498+00:00,2026-09-10 17:24:05.389946+00:00,2026-09-10 17:24:05.390434+00:00,,,,,0.17200000000000001,26858.448,3.842,0.488,32.105000000000004,53.227,26944.44,CONFIRMED
M01,62838,2026-09-10 17:24:05.512568+00:00,2026-09-10 17:24:05.566273+00:00,2026-09-10 17:23:38.567138+00:00,2026-09-10 17:23:38.568725+00:00,2026-09-10 17:23:38.567399+00:00,2026-09-10 17:24:05.476403+00:00,2026-09-10 17:24:05.476834+00:00,,,,,0.261,26909.004,1.3259999999999998,0.431,35.734,53.705000000000005,26999.135,CONFIRMED
M01,62839,2026-09-10 17:24:05.590768+00:00,2026-09-10 17:24:05.640004+00:00,2026-09-10 17:23:38.600290+00:00,2026-09-10 17:23:38.601198+00:00,2026-09-10 17:23:38.600713+00:00,2026-09-10 17:24:05.567243+00:00,2026-09-10 17:24:05.567873+00:00,,,,,0.423,26966.53,0.48500000000000004,0.63,22.895,49.236000000000004,27039.714,CONFIRMED
M01,62840,2026-09-10 17:24:05.671578+00:00,2026-09-10 17:24:05.712604+00:00,2026-09-10 17:23:38.628541+00:00,2026-09-10 17:23:38.629352+00:00,2026-09-10 17:23:38.628736+00:00,2026-09-10 17:24:05.640824+00:00,2026-09-10 17:24:05.641312+00:00,,,,,0.195,27012.088,0.616,0.488,30.266000000000002,41.026,27084.063000000002,CONFIRMED
M01,62841,2026-09-10 17:24:05.755470+00:00,2026-09-10 17:24:05.795257+00:00,2026-09-10 17:23:38.659169+00:00,2026-09-10 17:23:38.660356+00:00,2026-09-10 17:23:38.659350+00:00,2026-09-10 17:24:05.715029+00:00,2026-09-10 17:24:05.715766+00:00,,,,,0.18100000000000002,27055.679,1.006,0.737,39.704,39.787000000000006,27136.088,CONFIRMED
M01,62842,2026-09-10 17:24:05.832771+00:00,2026-09-10 17:24:05.884116+00:00,2026-09-10 17:23:38.688282+00:00,2026-09-10 17:23:38.689641+00:00,2026-09-10 17:23:38.688549+00:00,2026-09-10 17:24:05.796020+00:00,2026-09-10 17:24:05.796853+00:00,,,,,0.26699999999999996,27107.471,1.092,0.833,35.918,51.345,27195.834000000003,CONFIRMED
M01,62843,2026-09-10 17:24:05.915678+00:00,2026-09-10 17:24:05.965907+00:00,2026-09-10 17:23:38.717644+00:00,2026-09-10 17:23:38.719699+00:00,2026-09-10 17:23:38.717877+00:00,2026-09-10 17:24:05.884895+00:00,2026-09-10 17:24:05.886038+00:00,,,,,0.23299999999999998,27167.018,1.822,1.143,29.64,50.229000000000006,27248.263000000003,CONFIRMED
M01,62844,2026-09-10 17:24:06.002316+00:00,2026-09-10 17:24:06.048911+00:00,2026-09-10 17:23:38.757376+00:00,2026-09-10 17:23:38.758748+00:00,2026-09-10 17:23:38.757644+00:00,2026-09-10 17:24:05.966588+00:00,2026-09-10 17:24:05.967184+00:00,,,,,0.268,27208.944,1.1039999999999999,0.596,35.132,46.595,27291.535,CONFIRMED
M01,62845,2026-09-10 17:24:06.080671+00:00,2026-09-10 17:24:06.139690+00:00,2026-09-10 17:23:38.786924+00:00,2026-09-10 17:23:38.789810+00:00,2026-09-10 17:23:38.787193+00:00,2026-09-10 17:24:06.050518+00:00,2026-09-10 17:24:06.051307+00:00,,,,,0.26899999999999996,27263.324999999997,2.617,0.789,29.364,59.019000000000005,27352.766,CONFIRMED
M01,62846,2026-09-10 17:24:06.176448+00:00,2026-09-10 17:24:06.231413+00:00,2026-09-10 17:23:38.817946+00:00,2026-09-10 17:23:38.818574+00:00,2026-09-10 17:23:38.818057+00:00,2026-09-10 17:24:06.140864+00:00,2026-09-10 17:24:06.141577+00:00,,,,,0.111,27322.807,0.517,0.713,34.871,54.965,27413.467,CONFIRMED
M01,62847,2026-09-10 17:24:06.259337+00:00,2026-09-10 17:24:06.309049+00:00,2026-09-10 17:23:38.846212+00:00,2026-09-10 17:23:38.847858+00:00,2026-09-10 17:23:38.846418+00:00,2026-09-10 17:24:06.232218+00:00,2026-09-10 17:24:06.232770+00:00,,,,,0.206,27385.8,1.4400000000000002,0.5519999999999999,26.567,49.711999999999996,27462.837,CONFIRMED
M01,62848,2026-09-10 17:24:06.339710+00:00,2026-09-10 17:24:06.410639+00:00,2026-09-10 17:23:38.874890+00:00,2026-09-10 17:23:38.875955+00:00,2026-09-10 17:23:38.875139+00:00,2026-09-10 17:24:06.309909+00:00,2026-09-10 17:24:06.310370+00:00,,,,,0.24899999999999997,27434.77,0.816,0.46099999999999997,29.34,70.929,27535.749,CONFIRMED
M01,62849,2026-09-10 17:24:06.439567+00:00,2026-09-10 17:24:06.492659+00:00,2026-09-10 17:23:38.905902+00:00,2026-09-10 17:23:38.907179+00:00,2026-09-10 17:23:38.906142+00:00,2026-09-10 17:24:06.411293+00:00,2026-09-10 17:24:06.411707+00:00,,,,,0.24000000000000002,27505.151,1.037,0.414,27.86,53.092,27586.756999999998,CONFIRMED
M01,62850,2026-09-10 17:24:06.524785+00:00,2026-09-10 17:24:06.584121+00:00,2026-09-10 17:23:38.938620+00:00,2026-09-10 17:23:38.939946+00:00,2026-09-10 17:23:38.938944+00:00,2026-09-10 17:24:06.493285+00:00,2026-09-10 17:24:06.493638+00:00,,,,,0.324,27554.341,1.002,0.35300000000000004,31.147000000000002,59.336,27645.501,CONFIRMED
M01,62851,2026-09-10 17:24:06.619569+00:00,2026-09-10 17:24:06.675049+00:00,2026-09-10 17:23:38.967854+00:00,2026-09-10 17:23:38.969334+00:00,2026-09-10 17:23:38.967979+00:00,2026-09-10 17:24:06.587555+00:00,2026-09-10 17:24:06.588146+00:00,,,,,0.125,27619.575999999997,1.355,0.5910000000000001,31.423,55.480000000000004,27707.195,CONFIRMED
M01,62852,2026-09-10 17:24:06.717159+00:00,2026-09-10 17:24:06.769539+00:00,2026-09-10 17:23:38.998229+00:00,2026-09-10 17:23:39.000550+00:00,2026-09-10 17:23:38.998432+00:00,2026-09-10 17:24:06.676275+00:00,2026-09-10 17:24:06.676883+00:00,,,,,0.203,27677.843,2.118,0.608,40.275999999999996,52.38,27771.31,CONFIRMED
M01,62853,2026-09-10 17:24:06.815791+00:00,2026-09-10 17:24:06.859942+00:00,2026-09-10 17:23:39.033713+00:00,2026-09-10 17:23:39.034695+00:00,2026-09-10 17:23:39.034007+00:00,2026-09-10 17:24:06.771949+00:00,2026-09-10 17:24:06.784111+00:00,,,,,0.294,27737.942,0.6880000000000001,12.161999999999999,31.68,44.151,27826.229000000003,CONFIRMED
M01,62854,2026-09-10 17:24:06.894949+00:00,2026-09-10 17:24:06.936676+00:00,2026-09-10 17:23:39.062440+00:00,2026-09-10 17:23:39.064441+00:00,2026-09-10 17:23:39.062779+00:00,2026-09-10 17:24:06.860471+00:00,2026-09-10 17:24:06.860997+00:00,,,,,0.339,27797.692000000003,1.6620000000000001,0.526,33.952000000000005,41.727,27874.236,CONFIRMED
M01,62855,2026-09-10 17:24:06.964408+00:00,2026-09-10 17:24:07.002279+00:00,2026-09-10 17:23:39.092444+00:00,2026-09-10 17:23:39.093684+00:00,2026-09-10 17:23:39.092631+00:00,2026-09-10 17:24:06.937462+00:00,2026-09-10 17:24:06.937973+00:00,,,,,0.187,27844.831,1.053,0.5109999999999999,26.435,37.871,27909.835000000003,CONFIRMED
M01,62856,2026-09-10 17:24:07.031226+00:00,2026-09-10 17:24:07.071682+00:00,2026-09-10 17:23:39.121802+00:00,2026-09-10 17:23:39.122827+00:00,2026-09-10 17:23:39.121981+00:00,2026-09-10 17:24:07.003048+00:00,2026-09-10 17:24:07.004084+00:00,,,,,0.179,27881.067000000003,0.846,1.036,27.142,40.455999999999996,27949.88,CONFIRMED
M01,62857,2026-09-10 17:24:07.100807+00:00,2026-09-10 17:24:07.145873+00:00,2026-09-10 17:23:39.151278+00:00,2026-09-10 17:23:39.152238+00:00,2026-09-10 17:23:39.151474+00:00,2026-09-10 17:24:07.072228+00:00,2026-09-10 17:24:07.072540+00:00,,,,,0.196,27920.753999999997,0.764,0.312,28.267,45.066,27994.595,CONFIRMED
M01,62858,2026-09-10 17:24:07.177685+00:00,2026-09-10 17:24:07.217053+00:00,2026-09-10 17:23:39.179759+00:00,2026-09-10 17:23:39.180677+00:00,2026-09-10 17:23:39.179979+00:00,2026-09-10 17:24:07.146458+00:00,2026-09-10 17:24:07.146959+00:00,,,,,0.22,27966.479,0.6980000000000001,0.501,30.726,39.368,28037.293999999998,CONFIRMED
M01,62859,2026-09-10 17:24:07.249894+00:00,2026-09-10 17:24:07.293073+00:00,2026-09-10 17:23:39.208320+00:00,2026-09-10 17:23:39.209449+00:00,2026-09-10 17:23:39.208486+00:00,2026-09-10 17:24:07.217762+00:00,2026-09-10 17:24:07.218589+00:00,,,,,0.166,28009.275999999998,0.963,0.8270000000000001,31.305,43.179,28084.753,CONFIRMED
M01,62860,2026-09-10 17:24:07.326518+00:00,2026-09-10 17:24:07.378149+00:00,2026-09-10 17:23:39.238507+00:00,2026-09-10 17:23:39.239471+00:00,2026-09-10 17:23:39.238702+00:00,2026-09-10 17:24:07.293905+00:00,2026-09-10 17:24:07.294499+00:00,,,,,0.195,28055.202999999998,0.769,0.594,32.019,51.631,28139.642,CONFIRMED
M01,62861,2026-09-10 17:24:07.409164+00:00,2026-09-10 17:24:07.446565+00:00,2026-09-10 17:23:39.268564+00:00,2026-09-10 17:23:39.271460+00:00,2026-09-10 17:23:39.268759+00:00,2026-09-10 17:24:07.378639+00:00,2026-09-10 17:24:07.379280+00:00,,,,,0.195,28109.88,2.7009999999999996,0.641,29.884,37.400999999999996,28178.000999999997,CONFIRMED
M01,62862,2026-09-10 17:24:07.473189+00:00,2026-09-10 17:24:07.537624+00:00,2026-09-10 17:23:39.299712+00:00,2026-09-10 17:23:39.301073+00:00,2026-09-10 17:23:39.299936+00:00,2026-09-10 17:24:07.447380+00:00,2026-09-10 17:24:07.447941+00:00,,,,,0.224,28147.444,1.137,0.5609999999999999,25.248,64.435,28237.912,CONFIRMED
M01,62863,2026-09-10 17:24:07.569920+00:00,2026-09-10 17:24:07.623048+00:00,2026-09-10 17:23:39.331654+00:00,2026-09-10 17:23:39.332798+00:00,2026-09-10 17:23:39.331839+00:00,2026-09-10 17:24:07.538430+00:00,2026-09-10 17:24:07.538835+00:00,,,,,0.185,28206.591,0.959,0.40499999999999997,31.085,53.128,28291.394,CONFIRMED
M01,62864,2026-09-10 17:24:07.648608+00:00,2026-09-10 17:24:07.694907+00:00,2026-09-10 17:23:39.360992+00:00,2026-09-10 17:23:39.362311+00:00,2026-09-10 17:23:39.361185+00:00,2026-09-10 17:24:07.623786+00:00,2026-09-10 17:24:07.624261+00:00,,,,,0.193,28262.601,1.1260000000000001,0.475,24.347,46.299,28333.915,CONFIRMED
M01,62865,2026-09-10 17:24:07.721753+00:00,2026-09-10 17:24:07.757540+00:00,2026-09-10 17:23:39.391643+00:00,2026-09-10 17:23:39.393962+00:00,2026-09-10 17:23:39.392017+00:00,2026-09-10 17:24:07.695662+00:00,2026-09-10 17:24:07.696234+00:00,,,,,0.374,28303.645,1.9449999999999998,0.5720000000000001,25.519,35.787,28365.897,CONFIRMED
M01,62866,2026-09-10 17:24:07.790282+00:00,2026-09-10 17:24:07.826763+00:00,2026-09-10 17:23:39.421246+00:00,2026-09-10 17:23:39.422218+00:00,2026-09-10 17:23:39.421425+00:00,2026-09-10 17:24:07.758340+00:00,2026-09-10 17:24:07.759156+00:00,,,,,0.179,28336.915,0.7929999999999999,0.816,31.126,36.481,28405.517,CONFIRMED
M01,62867,2026-09-10 17:24:07.855356+00:00,2026-09-10 17:24:07.892420+00:00,2026-09-10 17:23:39.450010+00:00,2026-09-10 17:23:39.451162+00:00,2026-09-10 17:23:39.450175+00:00,2026-09-10 17:24:07.827604+00:00,2026-09-10 17:24:07.828098+00:00,,,,,0.165,28377.429,0.987,0.494,27.258000000000003,37.064,28442.41,CONFIRMED
M01,62868,2026-09-10 17:24:07.929232+00:00,2026-09-10 17:24:07.978666+00:00,2026-09-10 17:23:39.478980+00:00,2026-09-10 17:23:39.480385+00:00,2026-09-10 17:23:39.479269+00:00,2026-09-10 17:24:07.893525+00:00,2026-09-10 17:24:07.894138+00:00,,,,,0.289,28414.256,1.116,0.6130000000000001,35.094,49.434,28499.686,CONFIRMED
M01,62869,2026-09-10 17:24:08.013562+00:00,2026-09-10 17:24:08.051347+00:00,2026-09-10 17:23:39.508183+00:00,2026-09-10 17:23:39.509407+00:00,2026-09-10 17:23:39.508350+00:00,2026-09-10 17:24:07.979951+00:00,2026-09-10 17:24:07.980514+00:00,,,,,0.16699999999999998,28471.601,1.057,0.5630000000000001,33.048,37.785,28543.164,CONFIRMED
M01,62870,2026-09-10 17:24:08.075599+00:00,2026-09-10 17:24:08.124332+00:00,2026-09-10 17:23:39.536525+00:00,2026-09-10 17:23:39.537569+00:00,2026-09-10 17:23:39.536660+00:00,2026-09-10 17:24:08.052080+00:00,2026-09-10 17:24:08.052701+00:00,,,,,0.135,28515.42,0.909,0.621,22.898000000000003,48.733,28587.807,CONFIRMED
M01,62871,2026-09-10 17:24:08.159910+00:00,2026-09-10 17:24:08.208588+00:00,2026-09-10 17:23:39.565343+00:00,2026-09-10 17:23:39.570602+00:00,2026-09-10 17:23:39.565521+00:00,2026-09-10 17:24:08.125101+00:00,2026-09-10 17:24:08.125983+00:00,,,,,0.178,28559.58,5.0809999999999995,0.882,33.927,48.678,28643.245,CONFIRMED
M01,62872,2026-09-10 17:24:08.243380+00:00,2026-09-10 17:24:08.291237+00:00,2026-09-10 17:23:39.598069+00:00,2026-09-10 17:23:39.599070+00:00,2026-09-10 17:23:39.598271+00:00,2026-09-10 17:24:08.209179+00:00,2026-09-10 17:24:08.209629+00:00,,,,,0.202,28610.908,0.799,0.45,33.751000000000005,47.857,28693.168,CONFIRMED
M01,62873,2026-09-10 17:24:08.322651+00:00,2026-09-10 17:24:08.394977+00:00,2026-09-10 17:23:39.629989+00:00,2026-09-10 17:23:39.632269+00:00,2026-09-10 17:23:39.630204+00:00,2026-09-10 17:24:08.291818+00:00,2026-09-10 17:24:08.292325+00:00,,,,,0.215,28661.614,2.065,0.507,30.326,72.32600000000001,28764.987999999998,CONFIRMED
M01,62874,2026-09-10 17:24:08.440909+00:00,2026-09-10 17:24:08.500285+00:00,2026-09-10 17:23:39.664702+00:00,2026-09-10 17:23:39.666466+00:00,2026-09-10 17:23:39.664828+00:00,2026-09-10 17:24:08.395838+00:00,2026-09-10 17:24:08.396394+00:00,,,,,0.126,28731.010000000002,1.638,0.5559999999999999,44.515,59.376,28835.583,CONFIRMED
M01,62875,2026-09-10 17:24:08.535198+00:00,2026-09-10 17:24:08.580714+00:00,2026-09-10 17:23:39.695067+00:00,2026-09-10 17:23:39.698083+00:00,2026-09-10 17:23:39.695288+00:00,2026-09-10 17:24:08.501180+00:00,2026-09-10 17:24:08.501812+00:00,,,,,0.221,28805.892,2.7950000000000004,0.632,33.385999999999996,45.516,28885.646999999997,CONFIRMED
M01,62876,2026-09-10 17:24:08.606732+00:00,2026-09-10 17:24:08.654198+00:00,2026-09-10 17:23:39.727179+00:00,2026-09-10 17:23:39.729273+00:00,2026-09-10 17:23:39.727310+00:00,2026-09-10 17:24:08.581279+00:00,2026-09-10 17:24:08.582229+00:00,,,,,0.131,28853.969,1.9629999999999999,0.95,24.503,47.466,28927.019,CONFIRMED
M01,62877,2026-09-10 17:24:08.690294+00:00,2026-09-10 17:24:08.730369+00:00,2026-09-10 17:23:39.764123+00:00,2026-09-10 17:23:39.768242+00:00,2026-09-10 17:23:39.764310+00:00,2026-09-10 17:24:08.654931+00:00,2026-09-10 17:24:08.655485+00:00,,,,,0.187,28890.621,3.932,0.554,34.809,40.075,28966.246000000003,CONFIRMED
M01,62878,2026-09-10 17:24:08.761361+00:00,2026-09-10 17:24:08.802106+00:00,2026-09-10 17:23:39.799018+00:00,2026-09-10 17:23:39.800813+00:00,2026-09-10 17:23:39.799204+00:00,2026-09-10 17:24:08.731596+00:00,2026-09-10 17:24:08.732147+00:00,,,,,0.186,28932.392,1.609,0.5509999999999999,29.214,40.745000000000005,29003.088000000003,CONFIRMED
M01,62879,2026-09-10 17:24:08.832242+00:00,2026-09-10 17:24:08.884169+00:00,2026-09-10 17:23:39.827999+00:00,2026-09-10 17:23:39.829248+00:00,2026-09-10 17:23:39.828328+00:00,2026-09-10 17:24:08.802915+00:00,2026-09-10 17:24:08.803260+00:00,,,,,0.32899999999999996,28974.587,0.92,0.345,28.982,51.927,29056.170000000002,CONFIRMED
M01,62880,2026-09-10 17:24:08.910314+00:00,2026-09-10 17:24:08.961170+00:00,2026-09-10 17:23:39.856720+00:00,2026-09-10 17:23:39.859824+00:00,2026-09-10 17:23:39.856950+00:00,2026-09-10 17:24:08.884969+00:00,2026-09-10 17:24:08.885523+00:00,,,,,0.23,29028.019,2.8739999999999997,0.554,24.791,50.856,29104.45,CONFIRMED
M01,62881,2026-09-10 17:24:08.996994+00:00,2026-09-10 17:24:09.037219+00:00,2026-09-10 17:23:39.888040+00:00,2026-09-10 17:23:39.890577+00:00,2026-09-10 17:23:39.888225+00:00,2026-09-10 17:24:08.961868+00:00,2026-09-10 17:24:08.962436+00:00,,,,,0.185,29073.643,2.352,0.5680000000000001,34.558,40.224999999999994,29149.179,CONFIRMED
M01,62882,2026-09-10 17:24:09.061775+00:00,2026-09-10 17:24:09.100607+00:00,2026-09-10 17:23:39.919372+00:00,2026-09-10 17:23:39.920306+00:00,2026-09-10 17:23:39.919555+00:00,2026-09-10 17:24:09.038166+00:00,2026-09-10 17:24:09.038674+00:00,,,,,0.183,29118.611,0.751,0.508,23.101,38.832,29181.235,CONFIRMED
M01,62883,2026-09-10 17:24:09.129033+00:00,2026-09-10 17:24:09.166537+00:00,2026-09-10 17:23:39.948559+00:00,2026-09-10 17:23:39.951583+00:00,2026-09-10 17:23:39.948764+00:00,2026-09-10 17:24:09.101337+00:00,2026-09-10 17:24:09.102281+00:00,,,,,0.205,29152.573,2.819,0.944,26.752000000000002,37.504000000000005,29217.978,CONFIRMED
M01,62884,2026-09-10 17:24:09.220230+00:00,2026-09-10 17:24:09.263058+00:00,2026-09-10 17:23:39.981354+00:00,2026-09-10 17:23:39.982958+00:00,2026-09-10 17:23:39.981548+00:00,2026-09-10 17:24:09.169328+00:00,2026-09-10 17:24:09.173282+00:00,,,,,0.194,29187.78,1.41,3.954,46.94799999999999,42.827999999999996,29281.704,CONFIRMED
M01,62885,2026-09-10 17:24:09.296500+00:00,2026-09-10 17:24:09.340872+00:00,2026-09-10 17:23:40.010601+00:00,2026-09-10 17:23:40.012028+00:00,2026-09-10 17:23:40.011043+00:00,2026-09-10 17:24:09.263759+00:00,2026-09-10 17:24:09.264178+00:00,,,,,0.442,29252.716,0.985,0.419,32.321999999999996,44.372,29330.271,CONFIRMED
M01,62886,2026-09-10 17:24:09.374953+00:00,2026-09-10 17:24:09.426138+00:00,2026-09-10 17:23:40.040839+00:00,2026-09-10 17:23:40.045584+00:00,2026-09-10 17:23:40.041004+00:00,2026-09-10 17:24:09.341427+00:00,2026-09-10 17:24:09.341919+00:00,,,,,0.165,29300.423,4.58,0.49200000000000005,33.034,51.185,29385.299,CONFIRMED
M01,62887,2026-09-10 17:24:09.451560+00:00,2026-09-10 17:24:09.488135+00:00,2026-09-10 17:23:40.073828+00:00,2026-09-10 17:23:40.074663+00:00,2026-09-10 17:23:40.073948+00:00,2026-09-10 17:24:09.427317+00:00,2026-09-10 17:24:09.428383+00:00,,,,,0.12000000000000001,29353.369000000002,0.7150000000000001,1.066,23.177,36.575,29414.307,CONFIRMED
M01,62888,2026-09-10 17:24:09.515994+00:00,2026-09-10 17:24:09.554152+00:00,2026-09-10 17:23:40.103805+00:00,2026-09-10 17:23:40.104818+00:00,2026-09-10 17:23:40.104044+00:00,2026-09-10 17:24:09.488769+00:00,2026-09-10 17:24:09.489276+00:00,,,,,0.23900000000000002,29384.725,0.7739999999999999,0.507,26.718,38.157999999999994,29450.347,CONFIRMED
M01,62889,2026-09-10 17:24:09.581460+00:00,2026-09-10 17:24:09.627241+00:00,2026-09-10 17:23:40.133661+00:00,2026-09-10 17:23:40.135618+00:00,2026-09-10 17:23:40.133832+00:00,2026-09-10 17:24:09.555151+00:00,2026-09-10 17:24:09.556009+00:00,,,,,0.171,29421.319,1.786,0.858,25.451,45.781,29493.58,CONFIRMED
M01,62890,2026-09-10 17:24:09.649175+00:00,2026-09-10 17:24:09.704020+00:00,2026-09-10 17:23:40.164732+00:00,2026-09-10 17:23:40.165558+00:00,2026-09-10 17:23:40.164928+00:00,2026-09-10 17:24:09.627802+00:00,2026-09-10 17:24:09.628322+00:00,,,,,0.196,29462.874,0.63,0.5199999999999999,20.853,54.845,29539.288,CONFIRMED
M01,62891,2026-09-10 17:24:09.735237+00:00,2026-09-10 17:24:09.785505+00:00,2026-09-10 17:23:40.207710+00:00,2026-09-10 17:23:40.209106+00:00,2026-09-10 17:23:40.207974+00:00,2026-09-10 17:24:09.705150+00:00,2026-09-10 17:24:09.705869+00:00,,,,,0.264,29497.176,1.132,0.719,29.368,50.268,29577.795,CONFIRMED
M01,62892,2026-09-10 17:24:09.819962+00:00,2026-09-10 17:24:09.861683+00:00,2026-09-10 17:23:40.238906+00:00,2026-09-10 17:23:40.240028+00:00,2026-09-10 17:23:40.239043+00:00,2026-09-10 17:24:09.786339+00:00,2026-09-10 17:24:09.786943+00:00,,,,,0.13699999999999998,29547.296,0.985,0.6040000000000001,33.019,41.721000000000004,29622.777,CONFIRMED
M01,62893,2026-09-10 17:24:09.892729+00:00,2026-09-10 17:24:09.930145+00:00,2026-09-10 17:23:40.268396+00:00,2026-09-10 17:23:40.270829+00:00,2026-09-10 17:23:40.268587+00:00,2026-09-10 17:24:09.862703+00:00,2026-09-10 17:24:09.863172+00:00,,,,,0.191,29594.115999999998,2.242,0.46900000000000003,29.557,37.416,29661.749,CONFIRMED
M01,62894,2026-09-10 17:24:09.971977+00:00,2026-09-10 17:24:10.013654+00:00,2026-09-10 17:23:40.300678+00:00,2026-09-10 17:23:40.304284+00:00,2026-09-10 17:23:40.302136+00:00,2026-09-10 17:24:09.930868+00:00,2026-09-10 17:24:09.931471+00:00,,,,,1.4580000000000002,29628.732,2.148,0.603,40.506,41.677,29712.976000000002,CONFIRMED
M01,62895,2026-09-10 17:24:10.037755+00:00,2026-09-10 17:24:10.097925+00:00,2026-09-10 17:23:40.333774+00:00,2026-09-10 17:23:40.335332+00:00,2026-09-10 17:23:40.334078+00:00,2026-09-10 17:24:10.015709+00:00,2026-09-10 17:24:10.016065+00:00,,,,,0.304,29681.631,1.254,0.356,21.69,60.17,29764.150999999998,CONFIRMED
M01,62896,2026-09-10 17:24:10.135938+00:00,2026-09-10 17:24:10.187556+00:00,2026-09-10 17:23:40.363596+00:00,2026-09-10 17:23:40.364690+00:00,2026-09-10 17:23:40.363841+00:00,2026-09-10 17:24:10.098784+00:00,2026-09-10 17:24:10.099261+00:00,,,,,0.245,29734.943000000003,0.8490000000000001,0.477,36.677,51.617999999999995,29823.96,CONFIRMED
M01,62897,2026-09-10 17:24:10.227324+00:00,2026-09-10 17:24:10.276005+00:00,2026-09-10 17:23:40.392385+00:00,2026-09-10 17:23:40.393284+00:00,2026-09-10 17:23:40.392528+00:00,2026-09-10 17:24:10.188565+00:00,2026-09-10 17:24:10.189105+00:00,,,,,0.14300000000000002,29796.036999999997,0.756,0.54,38.219,48.681000000000004,29883.62,CONFIRMED
M01,62898,2026-09-10 17:24:10.308905+00:00,2026-09-10 17:24:10.348516+00:00,2026-09-10 17:23:40.421413+00:00,2026-09-10 17:23:40.423012+00:00,2026-09-10 17:23:40.421583+00:00,2026-09-10 17:24:10.276734+00:00,2026-09-10 17:24:10.277742+00:00,,,,,0.17,29855.150999999998,1.4289999999999998,1.008,31.163,39.611,29927.103,CONFIRMED
M01,62899,2026-09-10 17:24:10.399490+00:00,2026-09-10 17:24:10.445525+00:00,2026-09-10 17:23:40.451190+00:00,2026-09-10 17:23:40.454905+00:00,2026-09-10 17:23:40.451340+00:00,2026-09-10 17:24:10.349269+00:00,2026-09-10 17:24:10.349728+00:00,,,,,0.15,29897.929,3.565,0.45899999999999996,49.762,46.035,29994.335,CONFIRMED
M01,62900,2026-09-10 17:24:10.475499+00:00,2026-09-10 17:24:10.516142+00:00,2026-09-10 17:23:40.484112+00:00,2026-09-10 17:23:40.485578+00:00,2026-09-10 17:23:40.484507+00:00,2026-09-10 17:24:10.447250+00:00,2026-09-10 17:24:10.447907+00:00,,,,,0.395,29962.743,1.071,0.657,27.592,40.643,30032.03,CONFIRMED
M01,62901,2026-09-10 17:24:10.543800+00:00,2026-09-10 17:24:10.588072+00:00,2026-09-10 17:23:40.514791+00:00,2026-09-10 17:23:40.516625+00:00,2026-09-10 17:23:40.514991+00:00,2026-09-10 17:24:10.516865+00:00,2026-09-10 17:24:10.517610+00:00,,,,,0.2,30001.874,1.6340000000000001,0.745,26.19,44.272,30073.281000000003,CONFIRMED
M01,62902,2026-09-10 17:24:10.622289+00:00,2026-09-10 17:24:10.676801+00:00,2026-09-10 17:23:40.544621+00:00,2026-09-10 17:23:40.547018+00:00,2026-09-10 17:23:40.544873+00:00,2026-09-10 17:24:10.588896+00:00,2026-09-10 17:24:10.589357+00:00,,,,,0.252,30044.023,2.145,0.46099999999999997,32.932,54.512,30132.18,CONFIRMED
M01,62903,2026-09-10 17:24:10.712885+00:00,2026-09-10 17:24:10.774183+00:00,2026-09-10 17:23:40.576524+00:00,2026-09-10 17:23:40.578759+00:00,2026-09-10 17:23:40.576839+00:00,2026-09-10 17:24:10.677482+00:00,2026-09-10 17:24:10.678032+00:00,,,,,0.315,30100.643,1.9200000000000002,0.55,34.853,61.298,30197.659000000003,CONFIRMED
M01,62904,2026-09-10 17:24:10.807199+00:00,2026-09-10 17:24:10.845367+00:00,2026-09-10 17:23:40.607513+00:00,2026-09-10 17:23:40.608869+00:00,2026-09-10 17:23:40.607703+00:00,2026-09-10 17:24:10.775106+00:00,2026-09-10 17:24:10.775658+00:00,,,,,0.19,30167.403,1.166,0.5519999999999999,31.541,38.168,30237.854,CONFIRMED
M01,62905,2026-09-10 17:24:10.876283+00:00,2026-09-10 17:24:10.912583+00:00,2026-09-10 17:23:40.638400+00:00,2026-09-10 17:23:40.640952+00:00,2026-09-10 17:23:40.638645+00:00,2026-09-10 17:24:10.846549+00:00,2026-09-10 17:24:10.847064+00:00,,,,,0.245,30207.904,2.307,0.515,29.218999999999998,36.3,30274.183,CONFIRMED
M01,62906,2026-09-10 17:24:10.933266+00:00,2026-09-10 17:24:10.974298+00:00,2026-09-10 17:23:40.669875+00:00,2026-09-10 17:23:40.671412+00:00,2026-09-10 17:23:40.670007+00:00,2026-09-10 17:24:10.913155+00:00,2026-09-10 17:24:10.913550+00:00,,,,,0.132,30243.148,1.405,0.395,19.716,41.032,30304.423,CONFIRMED
M01,62907,2026-09-10 17:24:10.998499+00:00,2026-09-10 17:24:11.036721+00:00,2026-09-10 17:23:40.699658+00:00,2026-09-10 17:23:40.700610+00:00,2026-09-10 17:23:40.699813+00:00,2026-09-10 17:24:10.975045+00:00,2026-09-10 17:24:10.975395+00:00,,,,,0.155,30275.232,0.7969999999999999,0.35,23.104,38.222,30337.063000000002,CONFIRMED
M01,62908,2026-09-10 17:24:11.060435+00:00,2026-09-10 17:24:11.096609+00:00,2026-09-10 17:23:40.727806+00:00,2026-09-10 17:23:40.729124+00:00,2026-09-10 17:23:40.727984+00:00,2026-09-10 17:24:11.037659+00:00,2026-09-10 17:24:11.038376+00:00,,,,,0.178,30309.675,1.14,0.717,22.058999999999997,36.174,30368.803,CONFIRMED
M01,62909,2026-09-10 17:24:11.122683+00:00,2026-09-10 17:24:11.171045+00:00,2026-09-10 17:23:40.758484+00:00,2026-09-10 17:23:40.761627+00:00,2026-09-10 17:23:40.760036+00:00,2026-09-10 17:24:11.097449+00:00,2026-09-10 17:24:11.098051+00:00,,,,,1.552,30337.413,1.591,0.602,24.632,48.362,30412.561,CONFIRMED
M02,62910,2026-09-10 17:24:11.202481+00:00,2026-09-10 17:24:11.258285+00:00,2026-09-10 17:23:40.790974+00:00,2026-09-10 17:23:40.791981+00:00,2026-09-10 17:23:40.791136+00:00,2026-09-10 17:24:11.171802+00:00,2026-09-10 17:24:11.172322+00:00,,,,,0.162,30380.666,0.8450000000000001,0.5199999999999999,30.159,55.804,30467.310999999998,CONFIRMED
M02,62911,2026-09-10 17:24:11.289473+00:00,2026-09-10 17:24:11.338865+00:00,2026-09-10 17:23:40.819999+00:00,2026-09-10 17:23:40.823731+00:00,2026-09-10 17:23:40.820798+00:00,2026-09-10 17:24:11.259366+00:00,2026-09-10 17:24:11.259897+00:00,,,,,0.799,30438.568,2.933,0.531,29.576,49.391999999999996,30518.865999999998,CONFIRMED
M02,62912,2026-09-10 17:24:11.371129+00:00,2026-09-10 17:24:11.432359+00:00,2026-09-10 17:23:40.854163+00:00,2026-09-10 17:23:40.855286+00:00,2026-09-10 17:23:40.854309+00:00,2026-09-10 17:24:11.339539+00:00,2026-09-10 17:24:11.340428+00:00,,,,,0.146,30485.230000000003,0.977,0.889,30.701,61.23,30578.196,CONFIRMED
M02,62913,2026-09-10 17:24:11.461075+00:00,2026-09-10 17:24:11.505099+00:00,2026-09-10 17:23:40.884200+00:00,2026-09-10 17:23:40.885446+00:00,2026-09-10 17:23:40.884464+00:00,2026-09-10 17:24:11.433138+00:00,2026-09-10 17:24:11.433693+00:00,,,,,0.264,30548.674,0.982,0.555,27.382,44.024,30620.899,CONFIRMED
M02,62914,2026-09-10 17:24:11.533970+00:00,2026-09-10 17:24:11.571909+00:00,2026-09-10 17:23:40.912862+00:00,2026-09-10 17:23:40.913950+00:00,2026-09-10 17:23:40.913075+00:00,2026-09-10 17:24:11.505832+00:00,2026-09-10 17:24:11.506324+00:00,,,,,0.213,30592.756999999998,0.875,0.49200000000000005,27.646,37.939,30659.047000000002,CONFIRMED
M02,62915,2026-09-10 17:24:11.598721+00:00,2026-09-10 17:24:11.636341+00:00,2026-09-10 17:23:40.943749+00:00,2026-09-10 17:23:40.946453+00:00,2026-09-10 17:23:40.943859+00:00,2026-09-10 17:24:11.572826+00:00,2026-09-10 17:24:11.573337+00:00,,,,,0.11,30628.967,2.594,0.5109999999999999,25.384,37.62,30692.592,CONFIRMED
M02,62916,2026-09-10 17:24:11.670172+00:00,2026-09-10 17:24:11.710433+00:00,2026-09-10 17:23:40.974603+00:00,2026-09-10 17:23:40.975479+00:00,2026-09-10 17:23:40.974791+00:00,2026-09-10 17:24:11.637142+00:00,2026-09-10 17:24:11.637711+00:00,,,,,0.188,30662.351000000002,0.6880000000000001,0.569,32.461,40.260999999999996,30735.83,CONFIRMED
M02,62917,2026-09-10 17:24:11.757475+00:00,2026-09-10 17:24:11.803968+00:00,2026-09-10 17:23:41.002982+00:00,2026-09-10 17:23:41.007866+00:00,2026-09-10 17:23:41.003349+00:00,2026-09-10 17:24:11.717324+00:00,2026-09-10 17:24:11.717753+00:00,,,,,0.367,30713.975000000002,4.517,0.429,39.722,46.493,30800.986,CONFIRMED
M02,62918,2026-09-10 17:24:11.834687+00:00,2026-09-10 17:24:11.882856+00:00,2026-09-10 17:23:41.040805+00:00,2026-09-10 17:23:41.042263+00:00,2026-09-10 17:23:41.040952+00:00,2026-09-10 17:24:11.804698+00:00,2026-09-10 17:24:11.805220+00:00,,,,,0.147,30763.746000000003,1.3110000000000002,0.522,29.467,48.169,30842.051000000003,CONFIRMED
M02,62919,2026-09-10 17:24:11.905438+00:00,2026-09-10 17:24:11.942532+00:00,2026-09-10 17:23:41.071777+00:00,2026-09-10 17:23:41.074321+00:00,2026-09-10 17:23:41.071968+00:00,2026-09-10 17:24:11.883384+00:00,2026-09-10 17:24:11.883847+00:00,,,,,0.191,30811.416,2.353,0.46299999999999997,21.590999999999998,37.094,30870.754999999997,CONFIRMED
M02,62920,2026-09-10 17:24:11.971010+00:00,2026-09-10 17:24:12.014006+00:00,2026-09-10 17:23:41.100937+00:00,2026-09-10 17:23:41.103317+00:00,2026-09-10 17:23:41.101092+00:00,2026-09-10 17:24:11.943454+00:00,2026-09-10 17:24:11.944078+00:00,,,,,0.155,30842.362,2.225,0.624,26.932000000000002,42.996,30913.069,CONFIRMED
M02,62921,2026-09-10 17:24:12.044903+00:00,2026-09-10 17:24:12.095628+00:00,2026-09-10 17:23:41.131244+00:00,2026-09-10 17:23:41.133169+00:00,2026-09-10 17:23:41.131424+00:00,2026-09-10 17:24:12.014486+00:00,2026-09-10 17:24:12.015094+00:00,,,,,0.18000000000000002,30883.061999999998,1.745,0.608,29.808999999999997,50.725,30964.384,CONFIRMED
M02,62922,2026-09-10 17:24:12.121722+00:00,2026-09-10 17:24:12.175797+00:00,2026-09-10 17:23:41.161199+00:00,2026-09-10 17:23:41.163043+00:00,2026-09-10 17:23:41.161420+00:00,2026-09-10 17:24:12.096112+00:00,2026-09-10 17:24:12.096423+00:00,,,,,0.221,30934.692,1.623,0.311,25.299,54.074999999999996,31014.597999999998,CONFIRMED
M02,62923,2026-09-10 17:24:12.206754+00:00,2026-09-10 17:24:12.262686+00:00,2026-09-10 17:23:41.191981+00:00,2026-09-10 17:23:41.193323+00:00,2026-09-10 17:23:41.192226+00:00,2026-09-10 17:24:12.176493+00:00,2026-09-10 17:24:12.177083+00:00,,,,,0.245,30984.267,1.0970000000000002,0.5900000000000001,29.671,55.932,31070.705,CONFIRMED
M02,62924,2026-09-10 17:24:12.293786+00:00,2026-09-10 17:24:12.339668+00:00,2026-09-10 17:23:41.224793+00:00,2026-09-10 17:23:41.225793+00:00,2026-09-10 17:23:41.224998+00:00,2026-09-10 17:24:12.263246+00:00,2026-09-10 17:24:12.263628+00:00,,,,,0.205,31038.248,0.795,0.382,30.158,45.882,31114.875,CONFIRMED
M02,62925,2026-09-10 17:24:12.374956+00:00,2026-09-10 17:24:12.428037+00:00,2026-09-10 17:23:41.257016+00:00,2026-09-10 17:23:41.258097+00:00,2026-09-10 17:23:41.257183+00:00,2026-09-10 17:24:12.340617+00:00,2026-09-10 17:24:12.341194+00:00,,,,,0.16699999999999998,31083.434,0.914,0.5770000000000001,33.762,53.081,31171.021,CONFIRMED
M02,62926,2026-09-10 17:24:12.454077+00:00,2026-09-10 17:24:12.490744+00:00,2026-09-10 17:23:41.286776+00:00,2026-09-10 17:23:41.289714+00:00,2026-09-10 17:23:41.287055+00:00,2026-09-10 17:24:12.428988+00:00,2026-09-10 17:24:12.429560+00:00,,,,,0.279,31141.933,2.659,0.5720000000000001,24.517,36.667,31203.968,CONFIRMED
M02,62927,2026-09-10 17:24:12.520045+00:00,2026-09-10 17:24:12.557448+00:00,2026-09-10 17:23:41.317354+00:00,2026-09-10 17:23:41.319089+00:00,2026-09-10 17:23:41.317505+00:00,2026-09-10 17:24:12.491596+00:00,2026-09-10 17:24:12.492217+00:00,,,,,0.15100000000000002,31174.091,1.5839999999999999,0.621,27.828,37.403,31240.093999999997,CONFIRMED
M02,62928,2026-09-10 17:24:12.582768+00:00,2026-09-10 17:24:12.619360+00:00,2026-09-10 17:23:41.346957+00:00,2026-09-10 17:23:41.348007+00:00,2026-09-10 17:23:41.347280+00:00,2026-09-10 17:24:12.558433+00:00,2026-09-10 17:24:12.558950+00:00,,,,,0.323,31211.153,0.727,0.517,23.817999999999998,36.592,31272.403000000002,CONFIRMED
M02,62929,2026-09-10 17:24:12.643953+00:00,2026-09-10 17:24:12.679962+00:00,2026-09-10 17:23:41.376164+00:00,2026-09-10 17:23:41.377129+00:00,2026-09-10 17:23:41.376328+00:00,2026-09-10 17:24:12.620227+00:00,2026-09-10 17:24:12.620813+00:00,,,,,0.164,31243.898999999998,0.8009999999999999,0.5860000000000001,23.14,36.009,31303.798,CONFIRMED
M02,62930,2026-09-10 17:24:12.710141+00:00,2026-09-10 17:24:12.746734+00:00,2026-09-10 17:23:41.404939+00:00,2026-09-10 17:23:41.406215+00:00,2026-09-10 17:23:41.405124+00:00,2026-09-10 17:24:12.680887+00:00,2026-09-10 17:24:12.681455+00:00,,,,,0.185,31275.763000000003,1.091,0.5680000000000001,28.686,36.593,31341.795000000002,CONFIRMED
M02,62931,2026-09-10 17:24:12.773376+00:00,2026-09-10 17:24:12.814468+00:00,2026-09-10 17:23:41.434000+00:00,2026-09-10 17:23:41.435188+00:00,2026-09-10 17:23:41.434160+00:00,2026-09-10 17:24:12.747529+00:00,2026-09-10 17:24:12.748112+00:00,,,,,0.16,31313.369000000002,1.028,0.583,25.264000000000003,41.092,31380.468,CONFIRMED
M02,62932,2026-09-10 17:24:12.854304+00:00,2026-09-10 17:24:12.897128+00:00,2026-09-10 17:23:41.462435+00:00,2026-09-10 17:23:41.463881+00:00,2026-09-10 17:23:41.462642+00:00,2026-09-10 17:24:12.816486+00:00,2026-09-10 17:24:12.817130+00:00,,,,,0.207,31353.843999999997,1.239,0.644,37.174,42.824,31434.693,CONFIRMED
M02,62933,2026-09-10 17:24:12.926380+00:00,2026-09-10 17:24:12.964549+00:00,2026-09-10 17:23:41.492511+00:00,2026-09-10 17:23:41.494340+00:00,2026-09-10 17:23:41.492821+00:00,2026-09-10 17:24:12.897687+00:00,2026-09-10 17:24:12.898038+00:00,,,,,0.31,31404.865999999998,1.519,0.35100000000000003,28.342,38.169000000000004,31472.038,CONFIRMED
M02,62934,2026-09-10 17:24:12.999720+00:00,2026-09-10 17:24:13.039574+00:00,2026-09-10 17:23:41.524285+00:00,2026-09-10 17:23:41.525593+00:00,2026-09-10 17:23:41.524676+00:00,2026-09-10 17:24:12.965435+00:00,2026-09-10 17:24:12.965969+00:00,,,,,0.391,31440.759,0.9169999999999999,0.5339999999999999,33.751000000000005,39.854,31515.289,CONFIRMED
M02,62935,2026-09-10 17:24:13.064316+00:00,2026-09-10 17:24:13.101473+00:00,2026-09-10 17:23:41.554752+00:00,2026-09-10 17:23:41.555572+00:00,2026-09-10 17:23:41.554897+00:00,2026-09-10 17:24:13.040257+00:00,2026-09-10 17:24:13.040783+00:00,,,,,0.145,31485.36,0.675,0.526,23.532999999999998,37.157000000000004,31546.721,CONFIRMED
M02,62936,2026-09-10 17:24:13.127791+00:00,2026-09-10 17:24:13.165634+00:00,2026-09-10 17:23:41.584829+00:00,2026-09-10 17:23:41.586014+00:00,2026-09-10 17:23:41.585166+00:00,2026-09-10 17:24:13.102311+00:00,2026-09-10 17:24:13.102868+00:00,,,,,0.337,31517.145,0.848,0.5569999999999999,24.923000000000002,37.843,31580.805,CONFIRMED
M02,62937,2026-09-10 17:24:13.197138+00:00,2026-09-10 17:24:13.237682+00:00,2026-09-10 17:23:41.614782+00:00,2026-09-10 17:23:41.617253+00:00,2026-09-10 17:23:41.615011+00:00,2026-09-10 17:24:13.166404+00:00,2026-09-10 17:24:13.166963+00:00,,,,,0.229,31551.393,2.242,0.559,30.175,40.544,31622.9,CONFIRMED
M02,62938,2026-09-10 17:24:13.261998+00:00,2026-09-10 17:24:13.299446+00:00,2026-09-10 17:23:41.644526+00:00,2026-09-10 17:23:41.645531+00:00,2026-09-10 17:23:41.644694+00:00,2026-09-10 17:24:13.238424+00:00,2026-09-10 17:24:13.238935+00:00,,,,,0.16799999999999998,31593.73,0.837,0.5109999999999999,23.063,37.448,31654.920000000002,CONFIRMED
M02,62939,2026-09-10 17:24:13.326538+00:00,2026-09-10 17:24:13.364071+00:00,2026-09-10 17:23:41.675484+00:00,2026-09-10 17:23:41.677046+00:00,2026-09-10 17:23:41.675628+00:00,2026-09-10 17:24:13.300192+00:00,2026-09-10 17:24:13.300832+00:00,,,,,0.14400000000000002,31624.564,1.418,0.64,25.706,37.532999999999994,31688.587,CONFIRMED
M02,62940,2026-09-10 17:24:13.390239+00:00,2026-09-10 17:24:13.433257+00:00,2026-09-10 17:23:41.705272+00:00,2026-09-10 17:23:41.706362+00:00,2026-09-10 17:23:41.705524+00:00,2026-09-10 17:24:13.364782+00:00,2026-09-10 17:24:13.365272+00:00,,,,,0.252,31659.258,0.838,0.49,24.967,43.018,31727.985,CONFIRMED
M02,62941,2026-09-10 17:24:13.469481+00:00,2026-09-10 17:24:13.521399+00:00,2026-09-10 17:23:41.733291+00:00,2026-09-10 17:23:41.734304+00:00,2026-09-10 17:23:41.733449+00:00,2026-09-10 17:24:13.434112+00:00,2026-09-10 17:24:13.434680+00:00,,,,,0.158,31700.663,0.855,0.5680000000000001,34.801,51.918,31788.108,CONFIRMED
M02,62942,2026-09-10 17:24:13.544915+00:00,2026-09-10 17:24:13.583026+00:00,2026-09-10 17:23:41.764589+00:00,2026-09-10 17:23:41.765458+00:00,2026-09-10 17:23:41.764748+00:00,2026-09-10 17:24:13.521952+00:00,2026-09-10 17:24:13.522489+00:00,,,,,0.159,31757.204,0.71,0.537,22.426000000000002,38.111,31818.436999999998,CONFIRMED
M02,62943,2026-09-10 17:24:13.609086+00:00,2026-09-10 17:24:13.646878+00:00,2026-09-10 17:23:41.792582+00:00,2026-09-10 17:23:41.793520+00:00,2026-09-10 17:23:41.792769+00:00,2026-09-10 17:24:13.583929+00:00,2026-09-10 17:24:13.584432+00:00,,,,,0.187,31791.16,0.751,0.503,24.654,37.792,31854.296000000002,CONFIRMED
M02,62944,2026-09-10 17:24:13.680859+00:00,2026-09-10 17:24:13.718598+00:00,2026-09-10 17:23:41.821631+00:00,2026-09-10 17:23:41.822597+00:00,2026-09-10 17:23:41.821816+00:00,2026-09-10 17:24:13.647574+00:00,2026-09-10 17:24:13.648166+00:00,,,,,0.185,31825.758,0.781,0.592,32.693,37.739000000000004,31896.967,CONFIRMED
M02,62945,2026-09-10 17:24:13.750093+00:00,2026-09-10 17:24:13.789375+00:00,2026-09-10 17:23:41.850230+00:00,2026-09-10 17:23:41.851912+00:00,2026-09-10 17:23:41.850410+00:00,2026-09-10 17:24:13.719266+00:00,2026-09-10 17:24:13.719697+00:00,,,,,0.18000000000000002,31868.856,1.502,0.431,30.396,39.282,31939.145,CONFIRMED
M02,62946,2026-09-10 17:24:13.822966+00:00,2026-09-10 17:24:13.872685+00:00,2026-09-10 17:23:41.882262+00:00,2026-09-10 17:23:41.883630+00:00,2026-09-10 17:23:41.882460+00:00,2026-09-10 17:24:13.790153+00:00,2026-09-10 17:24:13.790639+00:00,,,,,0.19799999999999998,31907.693,1.17,0.486,32.327,49.719,31990.423,CONFIRMED
M02,62947,2026-09-10 17:24:13.900272+00:00,2026-09-10 17:24:13.945494+00:00,2026-09-10 17:23:41.910726+00:00,2026-09-10 17:23:41.912159+00:00,2026-09-10 17:23:41.910995+00:00,2026-09-10 17:24:13.873545+00:00,2026-09-10 17:24:13.874201+00:00,,,,,0.26899999999999996,31962.55,1.1640000000000001,0.656,26.071,45.222,32034.768,CONFIRMED
M02,62948,2026-09-10 17:24:13.974496+00:00,2026-09-10 17:24:14.011971+00:00,2026-09-10 17:23:41.940865+00:00,2026-09-10 17:23:41.942847+00:00,2026-09-10 17:23:41.941126+00:00,2026-09-10 17:24:13.946311+00:00,2026-09-10 17:24:13.946864+00:00,,,,,0.261,32005.184999999998,1.721,0.553,27.632,37.475,32071.106,CONFIRMED
M02,62949,2026-09-10 17:24:14.039185+00:00,2026-09-10 17:24:14.079705+00:00,2026-09-10 17:23:41.974392+00:00,2026-09-10 17:23:41.975587+00:00,2026-09-10 17:23:41.974550+00:00,2026-09-10 17:24:14.012778+00:00,2026-09-10 17:24:14.013314+00:00,,,,,0.158,32038.227999999996,1.037,0.536,25.871000000000002,40.52,32105.313000000002,CONFIRMED
M02,62950,2026-09-10 17:24:14.104515+00:00,2026-09-10 17:24:14.142899+00:00,2026-09-10 17:23:42.002952+00:00,2026-09-10 17:23:42.004076+00:00,2026-09-10 17:23:42.003134+00:00,2026-09-10 17:24:14.080470+00:00,2026-09-10 17:24:14.080929+00:00,,,,,0.182,32077.336000000003,0.9420000000000001,0.45899999999999996,23.586,38.384,32139.947,CONFIRMED
M02,62951,2026-09-10 17:24:14.167968+00:00,2026-09-10 17:24:14.202868+00:00,2026-09-10 17:23:42.031890+00:00,2026-09-10 17:23:42.032749+00:00,2026-09-10 17:23:42.032095+00:00,2026-09-10 17:24:14.143820+00:00,2026-09-10 17:24:14.144372+00:00,,,,,0.205,32111.725,0.6539999999999999,0.5519999999999999,23.596,34.9,32170.978,CONFIRMED
M02,62952,2026-09-10 17:24:14.229534+00:00,2026-09-10 17:24:14.264314+00:00,2026-09-10 17:23:42.060737+00:00,2026-09-10 17:23:42.064345+00:00,2026-09-10 17:23:42.060983+00:00,2026-09-10 17:24:14.203742+00:00,2026-09-10 17:24:14.204280+00:00,,,,,0.24600000000000002,32142.759,3.362,0.5379999999999999,25.253999999999998,34.78,32203.577,CONFIRMED
M02,62953,2026-09-10 17:24:14.291106+00:00,2026-09-10 17:24:14.328016+00:00,2026-09-10 17:23:42.092698+00:00,2026-09-10 17:23:42.093443+00:00,2026-09-10 17:23:42.092832+00:00,2026-09-10 17:24:14.265079+00:00,2026-09-10 17:24:14.265531+00:00,,,,,0.134,32172.247,0.611,0.45199999999999996,25.575,36.91,32235.318,CONFIRMED
M02,62954,2026-09-10 17:24:14.359285+00:00,2026-09-10 17:24:14.396313+00:00,2026-09-10 17:23:42.120261+00:00,2026-09-10 17:23:42.121189+00:00,2026-09-10 17:23:42.120441+00:00,2026-09-10 17:24:14.328851+00:00,2026-09-10 17:24:14.329866+00:00,,,,,0.18000000000000002,32208.41,0.748,1.0150000000000001,29.419,37.028,32276.052,CONFIRMED
M02,62955,2026-09-10 17:24:14.430076+00:00,2026-09-10 17:24:14.479951+00:00,2026-09-10 17:23:42.149620+00:00,2026-09-10 17:23:42.151064+00:00,2026-09-10 17:23:42.149870+00:00,2026-09-10 17:24:14.397256+00:00,2026-09-10 17:24:14.397876+00:00,,,,,0.25,32247.386,1.194,0.62,32.2,49.875,32330.331000000002,CONFIRMED
M02,62956,2026-09-10 17:24:14.509627+00:00,2026-09-10 17:24:14.548047+00:00,2026-09-10 17:23:42.181606+00:00,2026-09-10 17:23:42.182885+00:00,2026-09-10 17:23:42.181861+00:00,2026-09-10 17:24:14.480787+00:00,2026-09-10 17:24:14.481258+00:00,,,,,0.255,32298.926000000003,1.024,0.47100000000000003,28.369,38.42,32366.441000000003,CONFIRMED
M02,62957,2026-09-10 17:24:14.575474+00:00,2026-09-10 17:24:14.615298+00:00,2026-09-10 17:23:42.210592+00:00,2026-09-10 17:23:42.211511+00:00,2026-09-10 17:23:42.210881+00:00,2026-09-10 17:24:14.549032+00:00,2026-09-10 17:24:14.549646+00:00,,,,,0.289,32338.151,0.63,0.614,25.828,39.824,32404.706,CONFIRMED
M02,62958,2026-09-10 17:24:14.641990+00:00,2026-09-10 17:24:14.683651+00:00,2026-09-10 17:23:42.238755+00:00,2026-09-10 17:23:42.239632+00:00,2026-09-10 17:23:42.238871+00:00,2026-09-10 17:24:14.616023+00:00,2026-09-10 17:24:14.616581+00:00,,,,,0.116,32377.152000000002,0.761,0.558,25.409000000000002,41.660999999999994,32444.896,CONFIRMED
M02,62959,2026-09-10 17:24:14.716514+00:00,2026-09-10 17:24:14.754345+00:00,2026-09-10 17:23:42.266925+00:00,2026-09-10 17:23:42.267848+00:00,2026-09-10 17:23:42.267124+00:00,2026-09-10 17:24:14.684444+00:00,2026-09-10 17:24:14.685112+00:00,,,,,0.199,32417.319999999996,0.7240000000000001,0.6679999999999999,31.402,37.830999999999996,32487.420000000002,CONFIRMED
M02,62960,2026-09-10 17:24:14.778971+00:00,2026-09-10 17:24:14.816063+00:00,2026-09-10 17:23:42.295209+00:00,2026-09-10 17:23:42.296170+00:00,2026-09-10 17:23:42.295383+00:00,2026-09-10 17:24:14.755165+00:00,2026-09-10 17:24:14.755722+00:00,,,,,0.174,32459.781999999996,0.787,0.5569999999999999,23.249,37.092,32520.854,CONFIRMED
M02,62961,2026-09-10 17:24:14.842222+00:00,2026-09-10 17:24:14.881491+00:00,2026-09-10 17:23:42.323923+00:00,2026-09-10 17:23:42.324925+00:00,2026-09-10 17:23:42.324092+00:00,2026-09-10 17:24:14.816889+00:00,2026-09-10 17:24:14.817330+00:00,,,,,0.16899999999999998,32492.797000000002,0.833,0.441,24.892,39.269,32557.568000000003,CONFIRMED
M02,62962,2026-09-10 17:24:14.909410+00:00,2026-09-10 17:24:14.946541+00:00,2026-09-10 17:23:42.352296+00:00,2026-09-10 17:23:42.353364+00:00,2026-09-10 17:23:42.352488+00:00,2026-09-10 17:24:14.882302+00:00,2026-09-10 17:24:14.882778+00:00,,,,,0.192,32529.814000000002,0.876,0.47600000000000003,26.631999999999998,37.131,32594.245000000003,CONFIRMED
M02,62963,2026-09-10 17:24:14.972611+00:00,2026-09-10 17:24:15.011428+00:00,2026-09-10 17:23:42.381505+00:00,2026-09-10 17:23:42.384432+00:00,2026-09-10 17:23:42.381711+00:00,2026-09-10 17:24:14.947430+00:00,2026-09-10 17:24:14.947932+00:00,,,,,0.206,32565.719,2.721,0.502,24.679,38.817,32629.923,CONFIRMED
M02,62964,2026-09-10 17:24:15.045832+00:00,2026-09-10 17:24:15.095044+00:00,2026-09-10 17:23:42.416398+00:00,2026-09-10 17:23:42.417378+00:00,2026-09-10 17:23:42.416628+00:00,2026-09-10 17:24:15.012370+00:00,2026-09-10 17:24:15.013001+00:00,,,,,0.23,32595.742000000002,0.75,0.631,32.830999999999996,49.211999999999996,32678.646,CONFIRMED
M02,62965,2026-09-10 17:24:15.126417+00:00,2026-09-10 17:24:15.166665+00:00,2026-09-10 17:23:42.444589+00:00,2026-09-10 17:23:42.447498+00:00,2026-09-10 17:23:42.444875+00:00,2026-09-10 17:24:15.095930+00:00,2026-09-10 17:24:15.096597+00:00,,,,,0.28600000000000003,32651.055,2.6229999999999998,0.6669999999999999,29.82,40.248,32722.076,CONFIRMED
M02,62966,2026-09-10 17:24:15.203640+00:00,2026-09-10 17:24:15.251905+00:00,2026-09-10 17:23:42.474281+00:00,2026-09-10 17:23:42.476996+00:00,2026-09-10 17:23:42.474466+00:00,2026-09-10 17:24:15.168677+00:00,2026-09-10 17:24:15.169302+00:00,,,,,0.185,32694.211000000003,2.5300000000000002,0.625,34.338,48.265,32777.624,CONFIRMED
M02,62967,2026-09-10 17:24:15.284225+00:00,2026-09-10 17:24:15.322355+00:00,2026-09-10 17:23:42.505635+00:00,2026-09-10 17:23:42.507591+00:00,2026-09-10 17:23:42.505859+00:00,2026-09-10 17:24:15.253866+00:00,2026-09-10 17:24:15.254420+00:00,,,,,0.224,32748.007,1.732,0.554,29.805000000000003,38.129999999999995,32816.719999999994,CONFIRMED
M02,62968,2026-09-10 17:24:15.350341+00:00,2026-09-10 17:24:15.388112+00:00,2026-09-10 17:23:42.535457+00:00,2026-09-10 17:23:42.536961+00:00,2026-09-10 17:23:42.535613+00:00,2026-09-10 17:24:15.323098+00:00,2026-09-10 17:24:15.323650+00:00,,,,,0.156,32787.48499999999,1.348,0.5519999999999999,26.691,37.771,32852.655,CONFIRMED
M02,62969,2026-09-10 17:24:15.414251+00:00,2026-09-10 17:24:15.460694+00:00,2026-09-10 17:23:42.565787+00:00,2026-09-10 17:23:42.566994+00:00,2026-09-10 17:23:42.566330+00:00,2026-09-10 17:24:15.388814+00:00,2026-09-10 17:24:15.389283+00:00,,,,,0.5429999999999999,32822.484000000004,0.664,0.46900000000000003,24.968,46.443,32894.90700000001,CONFIRMED
M02,62970,2026-09-10 17:24:15.489403+00:00,2026-09-10 17:24:15.528717+00:00,2026-09-10 17:23:42.594887+00:00,2026-09-10 17:23:42.597016+00:00,2026-09-10 17:23:42.595052+00:00,2026-09-10 17:24:15.461340+00:00,2026-09-10 17:24:15.461804+00:00,,,,,0.165,32866.288,1.964,0.464,27.599,39.314,32933.83,CONFIRMED
M02,62971,2026-09-10 17:24:15.563223+00:00,2026-09-10 17:24:15.600799+00:00,2026-09-10 17:23:42.624650+00:00,2026-09-10 17:23:42.625625+00:00,2026-09-10 17:23:42.624853+00:00,2026-09-10 17:24:15.529615+00:00,2026-09-10 17:24:15.530066+00:00,,,,,0.203,32904.761999999995,0.772,0.451,33.157,37.576,32976.149,CONFIRMED
M02,62972,2026-09-10 17:24:15.626985+00:00,2026-09-10 17:24:15.663791+00:00,2026-09-10 17:23:42.652979+00:00,2026-09-10 17:23:42.654629+00:00,2026-09-10 17:23:42.653193+00:00,2026-09-10 17:24:15.601731+00:00,2026-09-10 17:24:15.602151+00:00,,,,,0.214,32948.538,1.436,0.42000000000000004,24.834,36.806,33010.812,CONFIRMED
M02,62973,2026-09-10 17:24:15.690114+00:00,2026-09-10 17:24:15.728672+00:00,2026-09-10 17:23:42.683635+00:00,2026-09-10 17:23:42.686468+00:00,2026-09-10 17:23:42.683776+00:00,2026-09-10 17:24:15.664369+00:00,2026-09-10 17:24:15.664813+00:00,,,,,0.14100000000000001,32980.593,2.692,0.444,25.301000000000002,38.558,33045.037000000004,CONFIRMED
M02,62974,2026-09-10 17:24:15.756900+00:00,2026-09-10 17:24:15.793798+00:00,2026-09-10 17:23:42.714544+00:00,2026-09-10 17:23:42.715146+00:00,2026-09-10 17:23:42.714645+00:00,2026-09-10 17:24:15.729476+00:00,2026-09-10 17:24:15.729990+00:00,,,,,0.101,33014.831,0.501,0.514,26.91,36.898,33079.254,CONFIRMED
M02,62975,2026-09-10 17:24:15.823018+00:00,2026-09-10 17:24:15.858422+00:00,2026-09-10 17:23:42.742471+00:00,2026-09-10 17:23:42.743414+00:00,2026-09-10 17:23:42.742697+00:00,2026-09-10 17:24:15.794614+00:00,2026-09-10 17:24:15.795114+00:00,,,,,0.22599999999999998,33051.917,0.717,0.5,27.904000000000003,35.403999999999996,33115.951,CONFIRMED
M02,62976,2026-09-10 17:24:15.886613+00:00,2026-09-10 17:24:15.935190+00:00,2026-09-10 17:23:42.771606+00:00,2026-09-10 17:23:42.772397+00:00,2026-09-10 17:23:42.771745+00:00,2026-09-10 17:24:15.859237+00:00,2026-09-10 17:24:15.859762+00:00,,,,,0.13899999999999998,33087.492,0.652,0.525,26.851,48.577000000000005,33163.584,CONFIRMED
M02,62977,2026-09-10 17:24:15.962371+00:00,2026-09-10 17:24:16.005215+00:00,2026-09-10 17:23:42.800052+00:00,2026-09-10 17:23:42.801077+00:00,2026-09-10 17:23:42.800296+00:00,2026-09-10 17:24:15.936270+00:00,2026-09-10 17:24:15.936834+00:00,,,,,0.244,33135.973999999995,0.781,0.5640000000000001,25.537,42.844,33205.163,CONFIRMED
M02,62978,2026-09-10 17:24:16.036940+00:00,2026-09-10 17:24:16.075259+00:00,2026-09-10 17:23:42.828678+00:00,2026-09-10 17:23:42.829624+00:00,2026-09-10 17:23:42.828808+00:00,2026-09-10 17:24:16.005873+00:00,2026-09-10 17:24:16.006657+00:00,,,,,0.12999999999999998,33177.065,0.816,0.784,30.283,38.318999999999996,33246.581,CONFIRMED
M02,62979,2026-09-10 17:24:16.103507+00:00,2026-09-10 17:24:16.141314+00:00,2026-09-10 17:23:42.857549+00:00,2026-09-10 17:23:42.858360+00:00,2026-09-10 17:23:42.857724+00:00,2026-09-10 17:24:16.075956+00:00,2026-09-10 17:24:16.076653+00:00,,,,,0.175,33218.232,0.636,0.6970000000000001,26.854,37.807,33283.765,CONFIRMED
M02,62980,2026-09-10 17:24:16.168342+00:00,2026-09-10 17:24:16.206888+00:00,2026-09-10 17:23:42.885793+00:00,2026-09-10 17:23:42.886669+00:00,2026-09-10 17:23:42.885989+00:00,2026-09-10 17:24:16.142204+00:00,2026-09-10 17:24:16.142778+00:00,,,,,0.196,33256.215,0.68,0.574,25.564,38.546,33321.095,CONFIRMED
M02,62981,2026-09-10 17:24:16.231148+00:00,2026-09-10 17:24:16.266732+00:00,2026-09-10 17:23:42.914065+00:00,2026-09-10 17:23:42.916259+00:00,2026-09-10 17:23:42.914258+00:00,2026-09-10 17:24:16.207628+00:00,2026-09-10 17:24:16.208198+00:00,,,,,0.193,33293.37,2.0010000000000003,0.57,22.950000000000003,35.583999999999996,33352.666999999994,CONFIRMED
M02,62982,2026-09-10 17:24:16.295815+00:00,2026-09-10 17:24:16.333053+00:00,2026-09-10 17:23:42.943621+00:00,2026-09-10 17:23:42.944567+00:00,2026-09-10 17:23:42.943866+00:00,2026-09-10 17:24:16.267763+00:00,2026-09-10 17:24:16.268307+00:00,,,,,0.245,33323.897000000004,0.7010000000000001,0.544,27.508000000000003,37.238,33389.432,CONFIRMED
M02,62983,2026-09-10 17:24:16.358274+00:00,2026-09-10 17:24:16.399037+00:00,2026-09-10 17:23:42.972045+00:00,2026-09-10 17:23:42.973084+00:00,2026-09-10 17:23:42.972250+00:00,2026-09-10 17:24:16.333956+00:00,2026-09-10 17:24:16.334548+00:00,,,,,0.205,33361.706,0.834,0.592,23.726,40.763,33426.992,CONFIRMED
M02,62984,2026-09-10 17:24:16.427183+00:00,2026-09-10 17:24:16.486975+00:00,2026-09-10 17:23:43.000508+00:00,2026-09-10 17:23:43.001480+00:00,2026-09-10 17:23:43.000681+00:00,2026-09-10 17:24:16.399895+00:00,2026-09-10 17:24:16.400464+00:00,,,,,0.17300000000000001,33399.214,0.799,0.569,26.719,59.791999999999994,33486.467,CONFIRMED
M02,62985,2026-09-10 17:24:16.519438+00:00,2026-09-10 17:24:16.558079+00:00,2026-09-10 17:23:43.029045+00:00,2026-09-10 17:23:43.030087+00:00,2026-09-10 17:23:43.029209+00:00,2026-09-10 17:24:16.488104+00:00,2026-09-10 17:24:16.488632+00:00,,,,,0.164,33458.895,0.878,0.528,30.806,38.641,33529.034,CONFIRMED
M02,62986,2026-09-10 17:24:16.589409+00:00,2026-09-10 17:24:16.627754+00:00,2026-09-10 17:23:43.057678+00:00,2026-09-10 17:23:43.058801+00:00,2026-09-10 17:23:43.057841+00:00,2026-09-10 17:24:16.558753+00:00,2026-09-10 17:24:16.559328+00:00,,,,,0.163,33500.912,0.9600000000000001,0.575,30.081,38.345,33570.076,CONFIRMED
M02,62987,2026-09-10 17:24:16.660690+00:00,2026-09-10 17:24:16.696962+00:00,2026-09-10 17:23:43.089216+00:00,2026-09-10 17:23:43.091710+00:00,2026-09-10 17:23:43.089479+00:00,2026-09-10 17:24:16.628717+00:00,2026-09-10 17:24:16.629251+00:00,,,,,0.263,33539.238,2.231,0.5339999999999999,31.439,36.272,33607.746,CONFIRMED
M02,62988,2026-09-10 17:24:16.724094+00:00,2026-09-10 17:24:16.763032+00:00,2026-09-10 17:23:43.120156+00:00,2026-09-10 17:23:43.121216+00:00,2026-09-10 17:23:43.120313+00:00,2026-09-10 17:24:16.697820+00:00,2026-09-10 17:24:16.698262+00:00,,,,,0.157,33577.507,0.903,0.442,25.832,38.938,33642.876000000004,CONFIRMED
M02,62989,2026-09-10 17:24:16.788510+00:00,2026-09-10 17:24:16.835570+00:00,2026-09-10 17:23:43.149543+00:00,2026-09-10 17:23:43.151983+00:00,2026-09-10 17:23:43.149684+00:00,2026-09-10 17:24:16.763803+00:00,2026-09-10 17:24:16.764363+00:00,,,,,0.14100000000000001,33614.119,2.299,0.5599999999999999,24.147,47.059999999999995,33686.027,CONFIRMED
M02,62990,2026-09-10 17:24:16.860921+00:00,2026-09-10 17:24:16.902404+00:00,2026-09-10 17:23:43.179548+00:00,2026-09-10 17:23:43.181229+00:00,2026-09-10 17:23:43.179780+00:00,2026-09-10 17:24:16.836362+00:00,2026-09-10 17:24:16.836832+00:00,,,,,0.232,33656.582,1.449,0.47,24.089,41.483,33722.856,CONFIRMED
M02,62991,2026-09-10 17:24:16.929587+00:00,2026-09-10 17:24:16.964459+00:00,2026-09-10 17:23:43.209269+00:00,2026-09-10 17:23:43.210765+00:00,2026-09-10 17:23:43.209473+00:00,2026-09-10 17:24:16.903017+00:00,2026-09-10 17:24:16.903548+00:00,,,,,0.204,33693.544,1.292,0.531,26.038999999999998,34.872,33755.19,CONFIRMED
M02,62992,2026-09-10 17:24:16.995221+00:00,2026-09-10 17:24:17.030492+00:00,2026-09-10 17:23:43.237980+00:00,2026-09-10 17:23:43.239017+00:00,2026-09-10 17:23:43.238177+00:00,2026-09-10 17:24:16.965212+00:00,2026-09-10 17:24:16.965825+00:00,,,,,0.19699999999999998,33727.035,0.8400000000000001,0.6130000000000001,29.395999999999997,35.270999999999994,33792.512,CONFIRMED
M02,62993,2026-09-10 17:24:17.058644+00:00,2026-09-10 17:24:17.094464+00:00,2026-09-10 17:23:43.266932+00:00,2026-09-10 17:23:43.270847+00:00,2026-09-10 17:23:43.267193+00:00,2026-09-10 17:24:17.031235+00:00,2026-09-10 17:24:17.031804+00:00,,,,,0.261,33764.042,3.654,0.569,26.84,35.82,33827.532,CONFIRMED
M02,62994,2026-09-10 17:24:17.120303+00:00,2026-09-10 17:24:17.158381+00:00,2026-09-10 17:23:43.298992+00:00,2026-09-10 17:23:43.301455+00:00,2026-09-10 17:23:43.299182+00:00,2026-09-10 17:24:17.095188+00:00,2026-09-10 17:24:17.095754+00:00,,,,,0.19,33796.006,2.2729999999999997,0.566,24.549000000000003,38.078,33859.389,CONFIRMED
M02,62995,2026-09-10 17:24:17.185319+00:00,2026-09-10 17:24:17.227088+00:00,2026-09-10 17:23:43.330045+00:00,2026-09-10 17:23:43.331932+00:00,2026-09-10 17:23:43.330187+00:00,2026-09-10 17:24:17.159234+00:00,2026-09-10 17:24:17.160412+00:00,,,,,0.14200000000000002,33829.047000000006,1.745,1.178,24.907,41.769,33897.043,CONFIRMED
M02,62996,2026-09-10 17:24:17.253313+00:00,2026-09-10 17:24:17.294464+00:00,2026-09-10 17:23:43.364417+00:00,2026-09-10 17:23:43.365349+00:00,2026-09-10 17:23:43.364584+00:00,2026-09-10 17:24:17.229047+00:00,2026-09-10 17:24:17.229557+00:00,,,,,0.16699999999999998,33864.463,0.7649999999999999,0.51,23.756,41.151,33930.047,CONFIRMED
M02,62997,2026-09-10 17:24:17.321479+00:00,2026-09-10 17:24:17.371934+00:00,2026-09-10 17:23:43.392871+00:00,2026-09-10 17:23:43.395675+00:00,2026-09-10 17:23:43.393098+00:00,2026-09-10 17:24:17.295394+00:00,2026-09-10 17:24:17.295939+00:00,,,,,0.22699999999999998,33902.296,2.577,0.545,25.54,50.455,33979.062999999995,CONFIRMED
M02,62998,2026-09-10 17:24:17.402295+00:00,2026-09-10 17:24:17.442596+00:00,2026-09-10 17:23:43.423190+00:00,2026-09-10 17:23:43.427661+00:00,2026-09-10 17:23:43.423353+00:00,2026-09-10 17:24:17.374296+00:00,2026-09-10 17:24:17.374827+00:00,,,,,0.163,33950.943,4.308,0.531,27.468,40.300999999999995,34019.405999999995,CONFIRMED
M02,62999,2026-09-10 17:24:17.484107+00:00,2026-09-10 17:24:17.527426+00:00,2026-09-10 17:23:43.459322+00:00,2026-09-10 17:23:43.460312+00:00,2026-09-10 17:23:43.459529+00:00,2026-09-10 17:24:17.443326+00:00,2026-09-10 17:24:17.443968+00:00,,,,,0.207,33983.797000000006,0.7829999999999999,0.642,40.139,43.319,34068.104,CONFIRMED
M02,63000,2026-09-10 17:24:17.549769+00:00,2026-09-10 17:24:17.586110+00:00,2026-09-10 17:23:43.488345+00:00,2026-09-10 17:23:43.489295+00:00,2026-09-10 17:23:43.488511+00:00,2026-09-10 17:24:17.528074+00:00,2026-09-10 17:24:17.528529+00:00,,,,,0.166,34039.563,0.784,0.455,21.24,36.341,34097.765,CONFIRMED
M02,63001,2026-09-10 17:24:17.614041+00:00,2026-09-10 17:24:17.650028+00:00,2026-09-10 17:23:43.518148+00:00,2026-09-10 17:23:43.518994+00:00,2026-09-10 17:23:43.518275+00:00,2026-09-10 17:24:17.586908+00:00,2026-09-10 17:24:17.587421+00:00,,,,,0.127,34068.633,0.719,0.513,26.62,35.986999999999995,34131.880000000005,CONFIRMED
M02,63002,2026-09-10 17:24:17.680065+00:00,2026-09-10 17:24:17.717433+00:00,2026-09-10 17:23:43.546698+00:00,2026-09-10 17:23:43.548089+00:00,2026-09-10 17:23:43.546854+00:00,2026-09-10 17:24:17.650752+00:00,2026-09-10 17:24:17.651221+00:00,,,,,0.156,34103.898,1.2349999999999999,0.46900000000000003,28.844,37.367999999999995,34170.735,CONFIRMED
M02,63003,2026-09-10 17:24:17.743158+00:00,2026-09-10 17:24:17.779451+00:00,2026-09-10 17:23:43.575679+00:00,2026-09-10 17:23:43.578162+00:00,2026-09-10 17:23:43.575904+00:00,2026-09-10 17:24:17.718138+00:00,2026-09-10 17:24:17.718598+00:00,,,,,0.225,34142.234000000004,2.258,0.46,24.56,36.293,34203.772,CONFIRMED
M02,63004,2026-09-10 17:24:17.803818+00:00,2026-09-10 17:24:17.839145+00:00,2026-09-10 17:23:43.606332+00:00,2026-09-10 17:23:43.607851+00:00,2026-09-10 17:23:43.606540+00:00,2026-09-10 17:24:17.780294+00:00,2026-09-10 17:24:17.780814+00:00,,,,,0.208,34173.754,1.3110000000000002,0.5199999999999999,23.004,35.327,34232.813,CONFIRMED
M02,63005,2026-09-10 17:24:17.874080+00:00,2026-09-10 17:24:17.909863+00:00,2026-09-10 17:23:43.636616+00:00,2026-09-10 17:23:43.637679+00:00,2026-09-10 17:23:43.636895+00:00,2026-09-10 17:24:17.840083+00:00,2026-09-10 17:24:17.841804+00:00,,,,,0.279,34203.187999999995,0.784,1.721,32.275999999999996,35.783,34273.246999999996,CONFIRMED
M02,63006,2026-09-10 17:24:17.936425+00:00,2026-09-10 17:24:17.973933+00:00,2026-09-10 17:23:43.669055+00:00,2026-09-10 17:23:43.670200+00:00,2026-09-10 17:23:43.669249+00:00,2026-09-10 17:24:17.910601+00:00,2026-09-10 17:24:17.911200+00:00,,,,,0.194,34241.352,0.9510000000000001,0.599,25.225,37.508,34304.878000000004,CONFIRMED
M02,63007,2026-09-10 17:24:18.010511+00:00,2026-09-10 17:24:18.062323+00:00,2026-09-10 17:23:43.698569+00:00,2026-09-10 17:23:43.700160+00:00,2026-09-10 17:23:43.698887+00:00,2026-09-10 17:24:17.974911+00:00,2026-09-10 17:24:17.975483+00:00,,,,,0.318,34276.024,1.2730000000000001,0.5720000000000001,35.028,51.812,34363.754,CONFIRMED
M02,63008,2026-09-10 17:24:18.091755+00:00,2026-09-10 17:24:18.134553+00:00,2026-09-10 17:23:43.728421+00:00,2026-09-10 17:23:43.729523+00:00,2026-09-10 17:23:43.728650+00:00,2026-09-10 17:24:18.063150+00:00,2026-09-10 17:24:18.063734+00:00,,,,,0.229,34334.5,0.873,0.584,28.021,42.798,34406.132,CONFIRMED
M02,63009,2026-09-10 17:24:18.182085+00:00,2026-09-10 17:24:18.219817+00:00,2026-09-10 17:23:43.759431+00:00,2026-09-10 17:23:43.762776+00:00,2026-09-10 17:23:43.759739+00:00,2026-09-10 17:24:18.159744+00:00,2026-09-10 17:24:18.160429+00:00,,,,,0.308,34400.005,3.0370000000000004,0.6849999999999999,21.656000000000002,37.732,34460.386,CONFIRMED
M02,63010,2026-09-10 17:24:18.242440+00:00,2026-09-10 17:24:18.280184+00:00,2026-09-10 17:23:43.791902+00:00,2026-09-10 17:23:43.793396+00:00,2026-09-10 17:23:43.792106+00:00,2026-09-10 17:24:18.220635+00:00,2026-09-10 17:24:18.221224+00:00,,,,,0.204,34428.528999999995,1.2899999999999998,0.589,21.215999999999998,37.744,34488.282,CONFIRMED
M02,63011,2026-09-10 17:24:18.304119+00:00,2026-09-10 17:24:18.342242+00:00,2026-09-10 17:23:43.821165+00:00,2026-09-10 17:23:43.822685+00:00,2026-09-10 17:23:43.821406+00:00,2026-09-10 17:24:18.280884+00:00,2026-09-10 17:24:18.281315+00:00,,,,,0.241,34459.477999999996,1.279,0.431,22.804000000000002,38.123,34521.077,CONFIRMED
M02,63012,2026-09-10 17:24:18.367115+00:00,2026-09-10 17:24:18.404699+00:00,2026-09-10 17:23:43.855321+00:00,2026-09-10 17:23:43.856381+00:00,2026-09-10 17:23:43.855534+00:00,2026-09-10 17:24:18.343034+00:00,2026-09-10 17:24:18.343415+00:00,,,,,0.213,34487.5,0.847,0.381,23.7,37.583999999999996,34549.378,CONFIRMED
M02,63013,2026-09-10 17:24:18.435081+00:00,2026-09-10 17:24:18.482731+00:00,2026-09-10 17:23:43.885363+00:00,2026-09-10 17:23:43.886236+00:00,2026-09-10 17:23:43.885572+00:00,2026-09-10 17:24:18.405474+00:00,2026-09-10 17:24:18.406107+00:00,,,,,0.20900000000000002,34519.902,0.664,0.633,28.974,47.65,34597.368,CONFIRMED
M02,63014,2026-09-10 17:24:18.522726+00:00,2026-09-10 17:24:18.559096+00:00,2026-09-10 17:23:43.913604+00:00,2026-09-10 17:23:43.915385+00:00,2026-09-10 17:23:43.913768+00:00,2026-09-10 17:24:18.486037+00:00,2026-09-10 17:24:18.493670+00:00,,,,,0.164,34572.269,1.617,7.633,29.055999999999997,36.37,34645.492,CONFIRMED
M02,63015,2026-09-10 17:24:18.587143+00:00,2026-09-10 17:24:18.623606+00:00,2026-09-10 17:23:43.945344+00:00,2026-09-10 17:23:43.947887+00:00,2026-09-10 17:23:43.945509+00:00,2026-09-10 17:24:18.559804+00:00,2026-09-10 17:24:18.560250+00:00,,,,,0.165,34614.295,2.378,0.446,26.893,36.463,34678.261999999995,CONFIRMED
M02,63016,2026-09-10 17:24:18.647446+00:00,2026-09-10 17:24:18.683088+00:00,2026-09-10 17:23:43.974999+00:00,2026-09-10 17:23:43.976042+00:00,2026-09-10 17:23:43.975178+00:00,2026-09-10 17:24:18.624469+00:00,2026-09-10 17:24:18.625079+00:00,,,,,0.179,34649.291,0.864,0.61,22.367,35.642,34708.089,CONFIRMED
M02,63017,2026-09-10 17:24:18.714127+00:00,2026-09-10 17:24:18.750796+00:00,2026-09-10 17:23:44.003409+00:00,2026-09-10 17:23:44.005005+00:00,2026-09-10 17:23:44.003554+00:00,2026-09-10 17:24:18.683911+00:00,2026-09-10 17:24:18.684515+00:00,,,,,0.145,34680.357,1.451,0.6040000000000001,29.612,36.669,34747.387,CONFIRMED
M02,63018,2026-09-10 17:24:18.778243+00:00,2026-09-10 17:24:18.820112+00:00,2026-09-10 17:23:44.033652+00:00,2026-09-10 17:23:44.034666+00:00,2026-09-10 17:23:44.033879+00:00,2026-09-10 17:24:18.751505+00:00,2026-09-10 17:24:18.752021+00:00,,,,,0.22699999999999998,34717.626000000004,0.787,0.516,26.221999999999998,41.86900000000001,34786.46,CONFIRMED
M02,63019,2026-09-10 17:24:18.846831+00:00,2026-09-10 17:24:18.886533+00:00,2026-09-10 17:23:44.062253+00:00,2026-09-10 17:23:44.064919+00:00,2026-09-10 17:23:44.062640+00:00,2026-09-10 17:24:18.820775+00:00,2026-09-10 17:24:18.821234+00:00,,,,,0.38699999999999996,34758.135,2.2790000000000004,0.45899999999999996,25.597,39.702,34824.28,CONFIRMED
M02,63020,2026-09-10 17:24:18.919017+00:00,2026-09-10 17:24:18.958965+00:00,2026-09-10 17:23:44.094084+00:00,2026-09-10 17:23:44.097525+00:00,2026-09-10 17:23:44.094215+00:00,2026-09-10 17:24:18.887384+00:00,2026-09-10 17:24:18.887937+00:00,,,,,0.131,34793.169,3.31,0.553,31.08,39.948,34864.880999999994,CONFIRMED
M02,63021,2026-09-10 17:24:18.982827+00:00,2026-09-10 17:24:19.020990+00:00,2026-09-10 17:23:44.128263+00:00,2026-09-10 17:23:44.129163+00:00,2026-09-10 17:23:44.128455+00:00,2026-09-10 17:24:18.959800+00:00,2026-09-10 17:24:18.960342+00:00,,,,,0.192,34831.345,0.708,0.5419999999999999,22.485000000000003,38.163000000000004,34892.727,CONFIRMED
M02,63022,2026-09-10 17:24:19.045122+00:00,2026-09-10 17:24:19.081421+00:00,2026-09-10 17:23:44.157200+00:00,2026-09-10 17:23:44.158948+00:00,2026-09-10 17:23:44.157376+00:00,2026-09-10 17:24:19.021654+00:00,2026-09-10 17:24:19.022167+00:00,,,,,0.176,34864.278,1.572,0.513,22.955,36.299,34924.221000000005,CONFIRMED
M02,63023,2026-09-10 17:24:19.113164+00:00,2026-09-10 17:24:19.148035+00:00,2026-09-10 17:23:44.186326+00:00,2026-09-10 17:23:44.189488+00:00,2026-09-10 17:23:44.186491+00:00,2026-09-10 17:24:19.082110+00:00,2026-09-10 17:24:19.082614+00:00,,,,,0.165,34895.619000000006,2.997,0.504,30.55,34.871,34961.709,CONFIRMED
M02,63024,2026-09-10 17:24:19.172334+00:00,2026-09-10 17:24:19.206999+00:00,2026-09-10 17:23:44.219057+00:00,2026-09-10 17:23:44.220215+00:00,2026-09-10 17:23:44.219342+00:00,2026-09-10 17:24:19.148766+00:00,2026-09-10 17:24:19.149457+00:00,,,,,0.285,34929.424,0.873,0.691,22.877000000000002,34.665,34987.941999999995,CONFIRMED
M02,63025,2026-09-10 17:24:19.235262+00:00,2026-09-10 17:24:19.270176+00:00,2026-09-10 17:23:44.248070+00:00,2026-09-10 17:23:44.249908+00:00,2026-09-10 17:23:44.248321+00:00,2026-09-10 17:24:19.207874+00:00,2026-09-10 17:24:19.208417+00:00,,,,,0.251,34959.553,1.5870000000000002,0.5429999999999999,26.845000000000002,34.914,35022.106,CONFIRMED
M02,63026,2026-09-10 17:24:19.301743+00:00,2026-09-10 17:24:19.338803+00:00,2026-09-10 17:23:44.278724+00:00,2026-09-10 17:23:44.279899+00:00,2026-09-10 17:23:44.278940+00:00,2026-09-10 17:24:19.271042+00:00,2026-09-10 17:24:19.271617+00:00,,,,,0.216,34992.102000000006,0.959,0.575,30.126,37.06,35060.079000000005,CONFIRMED
M02,63027,2026-09-10 17:24:19.370005+00:00,2026-09-10 17:24:19.406148+00:00,2026-09-10 17:23:44.307235+00:00,2026-09-10 17:23:44.308406+00:00,2026-09-10 17:23:44.307362+00:00,2026-09-10 17:24:19.339648+00:00,2026-09-10 17:24:19.340250+00:00,,,,,0.127,35032.286,1.044,0.602,29.755,36.143,35098.913,CONFIRMED
M02,63028,2026-09-10 17:24:19.431937+00:00,2026-09-10 17:24:19.481517+00:00,2026-09-10 17:23:44.335759+00:00,2026-09-10 17:23:44.338485+00:00,2026-09-10 17:23:44.335894+00:00,2026-09-10 17:24:19.406977+00:00,2026-09-10 17:24:19.407501+00:00,,,,,0.135,35071.083,2.591,0.524,24.436,49.58,35145.758,CONFIRMED
M02,63029,2026-09-10 17:24:19.517955+00:00,2026-09-10 17:24:19.566838+00:00,2026-09-10 17:23:44.368086+00:00,2026-09-10 17:23:44.369092+00:00,2026-09-10 17:23:44.368293+00:00,2026-09-10 17:24:19.482256+00:00,2026-09-10 17:24:19.482771+00:00,,,,,0.207,35113.962999999996,0.799,0.515,35.184,48.883,35198.752,CONFIRMED
M02,63030,2026-09-10 17:24:19.602277+00:00,2026-09-10 17:24:19.638613+00:00,2026-09-10 17:23:44.396752+00:00,2026-09-10 17:23:44.398225+00:00,2026-09-10 17:23:44.396942+00:00,2026-09-10 17:24:19.567730+00:00,2026-09-10 17:24:19.568357+00:00,,,,,0.19,35170.788,1.2830000000000001,0.627,33.92,36.336,35241.861,CONFIRMED
M02,63031,2026-09-10 17:24:19.674728+00:00,2026-09-10 17:24:19.712228+00:00,2026-09-10 17:23:44.426651+00:00,2026-09-10 17:23:44.428033+00:00,2026-09-10 17:23:44.426847+00:00,2026-09-10 17:24:19.639531+00:00,2026-09-10 17:24:19.640209+00:00,,,,,0.196,35212.684,1.186,0.678,34.519,37.5,35285.577000000005,CONFIRMED
M02,63032,2026-09-10 17:24:19.739605+00:00,2026-09-10 17:24:19.775511+00:00,2026-09-10 17:23:44.458624+00:00,2026-09-10 17:23:44.460177+00:00,2026-09-10 17:23:44.458827+00:00,2026-09-10 17:24:19.713009+00:00,2026-09-10 17:24:19.713546+00:00,,,,,0.203,35254.182,1.35,0.537,26.058999999999997,35.906,35316.887,CONFIRMED
M02,63033,2026-09-10 17:24:19.800822+00:00,2026-09-10 17:24:19.837532+00:00,2026-09-10 17:23:44.488625+00:00,2026-09-10 17:23:44.497610+00:00,2026-09-10 17:23:44.488805+00:00,2026-09-10 17:24:19.776051+00:00,2026-09-10 17:24:19.776389+00:00,,,,,0.18000000000000002,35287.24600000001,8.805,0.33799999999999997,24.433,36.71,35348.907,CONFIRMED
M02,63034,2026-09-10 17:24:19.863175+00:00,2026-09-10 17:24:19.906999+00:00,2026-09-10 17:23:44.527482+00:00,2026-09-10 17:23:44.528636+00:00,2026-09-10 17:23:44.527661+00:00,2026-09-10 17:24:19.838340+00:00,2026-09-10 17:24:19.838752+00:00,,,,,0.179,35310.679000000004,0.975,0.412,24.423000000000002,43.824000000000005,35379.517,CONFIRMED
M02,63035,2026-09-10 17:24:19.934233+00:00,2026-09-10 17:24:19.976929+00:00,2026-09-10 17:23:44.557309+00:00,2026-09-10 17:23:44.558143+00:00,2026-09-10 17:23:44.557437+00:00,2026-09-10 17:24:19.907880+00:00,2026-09-10 17:24:19.908549+00:00,,,,,0.128,35350.443,0.7060000000000001,0.669,25.683999999999997,42.696,35419.62,CONFIRMED
M02,63036,2026-09-10 17:24:20.003228+00:00,2026-09-10 17:24:20.038968+00:00,2026-09-10 17:23:44.591806+00:00,2026-09-10 17:23:44.595188+00:00,2026-09-10 17:23:44.592070+00:00,2026-09-10 17:24:19.977613+00:00,2026-09-10 17:24:19.978098+00:00,,,,,0.264,35385.543,3.1180000000000003,0.48500000000000004,25.13,35.74,35447.162,CONFIRMED
M02,63037,2026-09-10 17:24:20.064841+00:00,2026-09-10 17:24:20.108013+00:00,2026-09-10 17:23:44.628236+00:00,2026-09-10 17:23:44.630757+00:00,2026-09-10 17:23:44.628538+00:00,2026-09-10 17:24:20.039775+00:00,2026-09-10 17:24:20.040272+00:00,,,,,0.30200000000000005,35411.237,2.219,0.49700000000000005,24.569,43.172000000000004,35479.777,CONFIRMED
M02,63038,2026-09-10 17:24:20.144564+00:00,2026-09-10 17:24:20.185691+00:00,2026-09-10 17:23:44.658524+00:00,2026-09-10 17:23:44.660429+00:00,2026-09-10 17:23:44.658713+00:00,2026-09-10 17:24:20.108803+00:00,2026-09-10 17:24:20.109374+00:00,,,,,0.189,35450.090000000004,1.716,0.571,35.19,41.126999999999995,35527.167,CONFIRMED
M02,63039,2026-09-10 17:24:20.218217+00:00,2026-09-10 17:24:20.268064+00:00,2026-09-10 17:23:44.689482+00:00,2026-09-10 17:23:44.690898+00:00,2026-09-10 17:23:44.689637+00:00,2026-09-10 17:24:20.186493+00:00,2026-09-10 17:24:20.187110+00:00,,,,,0.155,35496.856,1.261,0.617,31.107,49.847,35578.581999999995,CONFIRMED
M02,63040,2026-09-10 17:24:20.304201+00:00,2026-09-10 17:24:20.349639+00:00,2026-09-10 17:23:44.720574+00:00,2026-09-10 17:23:44.721896+00:00,2026-09-10 17:23:44.720840+00:00,2026-09-10 17:24:20.268934+00:00,2026-09-10 17:24:20.269535+00:00,,,,,0.266,35548.094,1.056,0.601,34.666000000000004,45.438,35629.064999999995,CONFIRMED
M02,63041,2026-09-10 17:24:20.380798+00:00,2026-09-10 17:24:20.418652+00:00,2026-09-10 17:23:44.749811+00:00,2026-09-10 17:23:44.751851+00:00,2026-09-10 17:23:44.749988+00:00,2026-09-10 17:24:20.350479+00:00,2026-09-10 17:24:20.351062+00:00,,,,,0.177,35600.490999999995,1.863,0.583,29.735999999999997,37.854,35668.841,CONFIRMED
M02,63042,2026-09-10 17:24:20.445861+00:00,2026-09-10 17:24:20.514912+00:00,2026-09-10 17:23:44.780363+00:00,2026-09-10 17:23:44.781772+00:00,2026-09-10 17:23:44.780508+00:00,2026-09-10 17:24:20.419472+00:00,2026-09-10 17:24:20.419938+00:00,,,,,0.145,35638.964,1.264,0.46599999999999997,25.923000000000002,69.051,35734.549,CONFIRMED
M02,63043,2026-09-10 17:24:20.543397+00:00,2026-09-10 17:24:20.584536+00:00,2026-09-10 17:23:44.809391+00:00,2026-09-10 17:23:44.812702+00:00,2026-09-10 17:23:44.809665+00:00,2026-09-10 17:24:20.515767+00:00,2026-09-10 17:24:20.516279+00:00,,,,,0.27399999999999997,35706.102,3.0370000000000004,0.512,27.118,41.139,35775.145000000004,CONFIRMED
M02,63044,2026-09-10 17:24:20.611687+00:00,2026-09-10 17:24:20.652524+00:00,2026-09-10 17:23:44.843999+00:00,2026-09-10 17:23:44.845363+00:00,2026-09-10 17:23:44.844213+00:00,2026-09-10 17:24:20.585544+00:00,2026-09-10 17:24:20.586144+00:00,,,,,0.214,35741.331000000006,1.15,0.6,25.543,40.836999999999996,35808.525,CONFIRMED
M02,63045,2026-09-10 17:24:20.680889+00:00,2026-09-10 17:24:20.722789+00:00,2026-09-10 17:23:44.875983+00:00,2026-09-10 17:23:44.879540+00:00,2026-09-10 17:23:44.877016+00:00,2026-09-10 17:24:20.653354+00:00,2026-09-10 17:24:20.653998+00:00,,,,,1.0330000000000001,35776.338,2.524,0.644,26.891000000000002,41.9,35846.806000000004,CONFIRMED
M02,63046,2026-09-10 17:24:20.750943+00:00,2026-09-10 17:24:20.788797+00:00,2026-09-10 17:23:44.909633+00:00,2026-09-10 17:23:44.911983+00:00,2026-09-10 17:23:44.910854+00:00,2026-09-10 17:24:20.723681+00:00,2026-09-10 17:24:20.724153+00:00,,,,,1.221,35812.827,1.129,0.472,26.790000000000003,37.854,35879.164000000004,CONFIRMED
M02,63047,2026-09-10 17:24:20.812261+00:00,2026-09-10 17:24:20.849220+00:00,2026-09-10 17:23:44.940009+00:00,2026-09-10 17:23:44.941190+00:00,2026-09-10 17:23:44.940143+00:00,2026-09-10 17:24:20.789508+00:00,2026-09-10 17:24:20.790032+00:00,,,,,0.134,35849.365,1.047,0.524,22.229,36.958999999999996,35909.210999999996,CONFIRMED
M02,63048,2026-09-10 17:24:20.873493+00:00,2026-09-10 17:24:20.910601+00:00,2026-09-10 17:23:44.970503+00:00,2026-09-10 17:23:44.973953+00:00,2026-09-10 17:23:44.970665+00:00,2026-09-10 17:24:20.849900+00:00,2026-09-10 17:24:20.850420+00:00,,,,,0.162,35879.235,3.2880000000000003,0.5199999999999999,23.073,37.108000000000004,35940.098,CONFIRMED
M02,63049,2026-09-10 17:24:20.940469+00:00,2026-09-10 17:24:20.979991+00:00,2026-09-10 17:23:45.002250+00:00,2026-09-10 17:23:45.003379+00:00,2026-09-10 17:23:45.002493+00:00,2026-09-10 17:24:20.911556+00:00,2026-09-10 17:24:20.912090+00:00,,,,,0.243,35909.063,0.886,0.5339999999999999,28.379,39.522,35977.741,CONFIRMED
M02,63050,2026-09-10 17:24:21.005978+00:00,2026-09-10 17:24:21.046098+00:00,2026-09-10 17:23:45.031375+00:00,2026-09-10 17:23:45.032343+00:00,2026-09-10 17:23:45.031616+00:00,2026-09-10 17:24:20.980757+00:00,2026-09-10 17:24:20.981278+00:00,,,,,0.241,35949.140999999996,0.727,0.521,24.7,40.120000000000005,36014.723,CONFIRMED
M02,63051,2026-09-10 17:24:21.070430+00:00,2026-09-10 17:24:21.107085+00:00,2026-09-10 17:23:45.062246+00:00,2026-09-10 17:23:45.063028+00:00,2026-09-10 17:23:45.062407+00:00,2026-09-10 17:24:21.046828+00:00,2026-09-10 17:24:21.047395+00:00,,,,,0.161,35984.420999999995,0.621,0.5670000000000001,23.035,36.655,36044.839,CONFIRMED
M02,63052,2026-09-10 17:24:21.133214+00:00,2026-09-10 17:24:21.169660+00:00,2026-09-10 17:23:45.092404+00:00,2026-09-10 17:23:45.092975+00:00,2026-09-10 17:23:45.092557+00:00,2026-09-10 17:24:21.107792+00:00,2026-09-10 17:24:21.108212+00:00,,,,,0.153,36015.235,0.41800000000000004,0.42000000000000004,25.002,36.446,36077.256,CONFIRMED
M02,63053,2026-09-10 17:24:21.196061+00:00,2026-09-10 17:24:21.236189+00:00,2026-09-10 17:23:45.123991+00:00,2026-09-10 17:23:45.126065+00:00,2026-09-10 17:23:45.124228+00:00,2026-09-10 17:24:21.170467+00:00,2026-09-10 17:24:21.170954+00:00,,,,,0.237,36046.239,1.8370000000000002,0.48700000000000004,25.107,40.128,36112.198,CONFIRMED
M02,63054,2026-09-10 17:24:21.260633+00:00,2026-09-10 17:24:21.299652+00:00,2026-09-10 17:23:45.153620+00:00,2026-09-10 17:23:45.154786+00:00,2026-09-10 17:23:45.153810+00:00,2026-09-10 17:24:21.237899+00:00,2026-09-10 17:24:21.238397+00:00,,,,,0.19,36084.089,0.976,0.49799999999999994,22.235999999999997,39.019,36146.032,CONFIRMED
M02,63055,2026-09-10 17:24:21.325548+00:00,2026-09-10 17:24:21.360534+00:00,2026-09-10 17:23:45.182007+00:00,2026-09-10 17:23:45.182885+00:00,2026-09-10 17:23:45.182207+00:00,2026-09-10 17:24:21.300559+00:00,2026-09-10 17:24:21.301144+00:00,,,,,0.2,36118.352,0.678,0.585,24.404,34.986000000000004,36178.527,CONFIRMED
M02,63056,2026-09-10 17:24:21.387656+00:00,2026-09-10 17:24:21.423108+00:00,2026-09-10 17:23:45.210535+00:00,2026-09-10 17:23:45.212271+00:00,2026-09-10 17:23:45.210710+00:00,2026-09-10 17:24:21.361183+00:00,2026-09-10 17:24:21.361750+00:00,,,,,0.175,36150.473,1.5610000000000002,0.5670000000000001,25.906,35.452,36212.573,CONFIRMED
M02,63057,2026-09-10 17:24:21.446738+00:00,2026-09-10 17:24:21.483838+00:00,2026-09-10 17:23:45.239962+00:00,2026-09-10 17:23:45.241881+00:00,2026-09-10 17:23:45.240166+00:00,2026-09-10 17:24:21.423880+00:00,2026-09-10 17:24:21.424356+00:00,,,,,0.204,36183.714,1.7149999999999999,0.47600000000000003,22.381999999999998,37.1,36243.876000000004,CONFIRMED
M02,63058,2026-09-10 17:24:21.522113+00:00,2026-09-10 17:24:21.563017+00:00,2026-09-10 17:23:45.270264+00:00,2026-09-10 17:23:45.271439+00:00,2026-09-10 17:23:45.270460+00:00,2026-09-10 17:24:21.484556+00:00,2026-09-10 17:24:21.485135+00:00,,,,,0.196,36214.096,0.9790000000000001,0.579,36.977999999999994,40.904,36292.753,CONFIRMED
M02,63059,2026-09-10 17:24:21.586470+00:00,2026-09-10 17:24:21.623794+00:00,2026-09-10 17:23:45.299167+00:00,2026-09-10 17:23:45.300433+00:00,2026-09-10 17:23:45.299368+00:00,2026-09-10 17:24:21.563801+00:00,2026-09-10 17:24:21.564216+00:00,,,,,0.201,36264.433,1.065,0.415,22.253999999999998,37.324000000000005,36324.627,CONFIRMED
M02,63060,2026-09-10 17:24:21.647597+00:00,2026-09-10 17:24:21.684893+00:00,2026-09-10 17:23:45.328897+00:00,2026-09-10 17:23:45.330303+00:00,2026-09-10 17:23:45.329145+00:00,2026-09-10 17:24:21.624571+00:00,2026-09-10 17:24:21.625233+00:00,,,,,0.248,36295.426,1.158,0.662,22.363999999999997,37.296,36355.996,CONFIRMED
M02,63061,2026-09-10 17:24:21.711764+00:00,2026-09-10 17:24:21.759018+00:00,2026-09-10 17:23:45.357856+00:00,2026-09-10 17:23:45.359332+00:00,2026-09-10 17:23:45.358045+00:00,2026-09-10 17:24:21.685687+00:00,2026-09-10 17:24:21.686181+00:00,,,,,0.189,36327.642,1.287,0.494,25.583000000000002,47.254,36401.162,CONFIRMED
M02,63062,2026-09-10 17:24:21.790368+00:00,2026-09-10 17:24:21.831139+00:00,2026-09-10 17:23:45.386620+00:00,2026-09-10 17:23:45.387548+00:00,2026-09-10 17:23:45.386822+00:00,2026-09-10 17:24:21.759745+00:00,2026-09-10 17:24:21.760519+00:00,,,,,0.202,36372.923,0.726,0.7739999999999999,29.849,40.771,36444.519,CONFIRMED
M02,63063,2026-09-10 17:24:21.865196+00:00,2026-09-10 17:24:21.911295+00:00,2026-09-10 17:23:45.415052+00:00,2026-09-10 17:23:45.416340+00:00,2026-09-10 17:23:45.415321+00:00,2026-09-10 17:24:21.831987+00:00,2026-09-10 17:24:21.832966+00:00,,,,,0.26899999999999996,36416.666,1.019,0.9790000000000001,32.230000000000004,46.099000000000004,36496.243,CONFIRMED
M02,63064,2026-09-10 17:24:21.942948+00:00,2026-09-10 17:24:21.980452+00:00,2026-09-10 17:23:45.444487+00:00,2026-09-10 17:23:45.446987+00:00,2026-09-10 17:23:45.444699+00:00,2026-09-10 17:24:21.912003+00:00,2026-09-10 17:24:21.912473+00:00,,,,,0.212,36467.304,2.2880000000000003,0.47,30.474999999999998,37.504000000000005,36535.965,CONFIRMED
M02,63065,2026-09-10 17:24:22.008612+00:00,2026-09-10 17:24:22.044338+00:00,2026-09-10 17:23:45.474382+00:00,2026-09-10 17:23:45.475502+00:00,2026-09-10 17:23:45.474527+00:00,2026-09-10 17:24:21.981308+00:00,2026-09-10 17:24:21.981962+00:00,,,,,0.145,36506.780999999995,0.975,0.6539999999999999,26.65,35.726,36569.956,CONFIRMED
M02,63066,2026-09-10 17:24:22.069690+00:00,2026-09-10 17:24:22.109666+00:00,2026-09-10 17:23:45.504959+00:00,2026-09-10 17:23:45.505785+00:00,2026-09-10 17:23:45.505109+00:00,2026-09-10 17:24:22.045316+00:00,2026-09-10 17:24:22.045748+00:00,,,,,0.15,36540.207,0.6759999999999999,0.432,23.942,39.976,36604.706999999995,CONFIRMED
M02,63067,2026-09-10 17:24:22.135841+00:00,2026-09-10 17:24:22.173568+00:00,2026-09-10 17:23:45.533066+00:00,2026-09-10 17:23:45.533882+00:00,2026-09-10 17:23:45.533218+00:00,2026-09-10 17:24:22.110394+00:00,2026-09-10 17:24:22.110891+00:00,,,,,0.152,36577.176,0.664,0.49700000000000005,24.95,37.727,36640.502,CONFIRMED
M02,63068,2026-09-10 17:24:22.210374+00:00,2026-09-10 17:24:22.253225+00:00,2026-09-10 17:23:45.563459+00:00,2026-09-10 17:23:45.564707+00:00,2026-09-10 17:23:45.563659+00:00,2026-09-10 17:24:22.177233+00:00,2026-09-10 17:24:22.177698+00:00,,,,,0.2,36613.574,1.048,0.465,32.675999999999995,42.851,36689.765999999996,CONFIRMED
M02,63069,2026-09-10 17:24:22.280153+00:00,2026-09-10 17:24:22.319648+00:00,2026-09-10 17:23:45.592775+00:00,2026-09-10 17:23:45.595449+00:00,2026-09-10 17:23:45.592985+00:00,2026-09-10 17:24:22.253996+00:00,2026-09-10 17:24:22.254568+00:00,,,,,0.21000000000000002,36661.011,2.464,0.5720000000000001,25.585,39.495000000000005,36726.873,CONFIRMED
M02,63070,2026-09-10 17:24:22.347722+00:00,2026-09-10 17:24:22.390567+00:00,2026-09-10 17:23:45.623411+00:00,2026-09-10 17:23:45.625923+00:00,2026-09-10 17:23:45.623683+00:00,2026-09-10 17:24:22.320258+00:00,2026-09-10 17:24:22.320822+00:00,,,,,0.272,36696.575000000004,2.2399999999999998,0.5640000000000001,26.9,42.845,36767.156,CONFIRMED
M02,63071,2026-09-10 17:24:22.415499+00:00,2026-09-10 17:24:22.451837+00:00,2026-09-10 17:23:45.656689+00:00,2026-09-10 17:23:45.657857+00:00,2026-09-10 17:23:45.656903+00:00,2026-09-10 17:24:22.391275+00:00,2026-09-10 17:24:22.391962+00:00,,,,,0.214,36734.372,0.954,0.687,23.537,36.338,36795.148,CONFIRMED
M02,63072,2026-09-10 17:24:22.479169+00:00,2026-09-10 17:24:22.532679+00:00,2026-09-10 17:23:45.687207+00:00,2026-09-10 17:23:45.687884+00:00,2026-09-10 17:23:45.687371+00:00,2026-09-10 17:24:22.453666+00:00,2026-09-10 17:24:22.454389+00:00,,,,,0.164,36766.295,0.513,0.723,24.78,53.510000000000005,36845.472,CONFIRMED
M02,63073,2026-09-10 17:24:22.563853+00:00,2026-09-10 17:24:22.607156+00:00,2026-09-10 17:23:45.714945+00:00,2026-09-10 17:23:45.718241+00:00,2026-09-10 17:23:45.715187+00:00,2026-09-10 17:24:22.533441+00:00,2026-09-10 17:24:22.533976+00:00,,,,,0.242,36818.254,3.054,0.535,29.877000000000002,43.303000000000004,36892.211,CONFIRMED
M02,63074,2026-09-10 17:24:22.631587+00:00,2026-09-10 17:24:22.673583+00:00,2026-09-10 17:23:45.751126+00:00,2026-09-10 17:23:45.752574+00:00,2026-09-10 17:23:45.751246+00:00,2026-09-10 17:24:22.607761+00:00,2026-09-10 17:24:22.608246+00:00,,,,,0.12000000000000001,36856.515,1.328,0.48500000000000004,23.341,41.995999999999995,36922.457,CONFIRMED
M02,63075,2026-09-10 17:24:22.701272+00:00,2026-09-10 17:24:22.739445+00:00,2026-09-10 17:23:45.783035+00:00,2026-09-10 17:23:45.784057+00:00,2026-09-10 17:23:45.783222+00:00,2026-09-10 17:24:22.674379+00:00,2026-09-10 17:24:22.674832+00:00,,,,,0.187,36891.157,0.8350000000000001,0.453,26.44,38.173,36956.409999999996,CONFIRMED
M02,63076,2026-09-10 17:24:22.765257+00:00,2026-09-10 17:24:22.801465+00:00,2026-09-10 17:23:45.811978+00:00,2026-09-10 17:23:45.813360+00:00,2026-09-10 17:23:45.812148+00:00,2026-09-10 17:24:22.740388+00:00,2026-09-10 17:24:22.740911+00:00,,,,,0.17,36928.240000000005,1.212,0.523,24.346,36.208,36989.486999999994,CONFIRMED
M02,63077,2026-09-10 17:24:22.828911+00:00,2026-09-10 17:24:22.864970+00:00,2026-09-10 17:23:45.840656+00:00,2026-09-10 17:23:45.841815+00:00,2026-09-10 17:23:45.840866+00:00,2026-09-10 17:24:22.802307+00:00,2026-09-10 17:24:22.802791+00:00,,,,,0.21000000000000002,36961.441,0.949,0.484,26.12,36.059,37024.314,CONFIRMED
M02,63078,2026-09-10 17:24:22.891615+00:00,2026-09-10 17:24:22.929181+00:00,2026-09-10 17:23:45.869809+00:00,2026-09-10 17:23:45.870782+00:00,2026-09-10 17:23:45.869962+00:00,2026-09-10 17:24:22.865649+00:00,2026-09-10 17:24:22.866120+00:00,,,,,0.153,36995.687,0.82,0.47100000000000003,25.495,37.566,37059.372,CONFIRMED
M02,63079,2026-09-10 17:24:22.958882+00:00,2026-09-10 17:24:22.996047+00:00,2026-09-10 17:23:45.907819+00:00,2026-09-10 17:23:45.909954+00:00,2026-09-10 17:23:45.908005+00:00,2026-09-10 17:24:22.930020+00:00,2026-09-10 17:24:22.930588+00:00,,,,,0.186,37022.01500000001,1.949,0.5680000000000001,28.294,37.165,37088.228,CONFIRMED
M02,63080,2026-09-10 17:24:23.022592+00:00,2026-09-10 17:24:23.060248+00:00,2026-09-10 17:23:45.937498+00:00,2026-09-10 17:23:45.939868+00:00,2026-09-10 17:23:45.937650+00:00,2026-09-10 17:24:22.997761+00:00,2026-09-10 17:24:22.998301+00:00,,,,,0.152,37060.111,2.218,0.54,24.291,37.656,37122.75,CONFIRMED
M02,63081,2026-09-10 17:24:23.093643+00:00,2026-09-10 17:24:23.132668+00:00,2026-09-10 17:23:45.970004+00:00,2026-09-10 17:23:45.971413+00:00,2026-09-10 17:23:45.970194+00:00,2026-09-10 17:24:23.061029+00:00,2026-09-10 17:24:23.061574+00:00,,,,,0.19,37090.835,1.219,0.545,32.069,39.025,37162.664,CONFIRMED
M02,63082,2026-09-10 17:24:23.162030+00:00,2026-09-10 17:24:23.199539+00:00,2026-09-10 17:23:45.998748+00:00,2026-09-10 17:23:45.999742+00:00,2026-09-10 17:23:45.998955+00:00,2026-09-10 17:24:23.133578+00:00,2026-09-10 17:24:23.134104+00:00,,,,,0.207,37134.623,0.787,0.526,27.926,37.509,37200.791000000005,CONFIRMED
M02,63083,2026-09-10 17:24:23.229340+00:00,2026-09-10 17:24:23.267180+00:00,2026-09-10 17:23:46.030268+00:00,2026-09-10 17:23:46.031510+00:00,2026-09-10 17:23:46.030452+00:00,2026-09-10 17:24:23.201330+00:00,2026-09-10 17:24:23.201970+00:00,,,,,0.184,37170.878000000004,1.0579999999999998,0.64,27.369999999999997,37.839999999999996,37236.912,CONFIRMED
M02,63084,2026-09-10 17:24:23.294759+00:00,2026-09-10 17:24:23.330550+00:00,2026-09-10 17:23:46.063701+00:00,2026-09-10 17:23:46.064521+00:00,2026-09-10 17:23:46.063852+00:00,2026-09-10 17:24:23.268102+00:00,2026-09-10 17:24:23.268766+00:00,,,,,0.15100000000000002,37204.25,0.669,0.664,25.993,35.791000000000004,37266.849,CONFIRMED
M02,63085,2026-09-10 17:24:23.356718+00:00,2026-09-10 17:24:23.392376+00:00,2026-09-10 17:23:46.097898+00:00,2026-09-10 17:23:46.099426+00:00,2026-09-10 17:23:46.098104+00:00,2026-09-10 17:24:23.331403+00:00,2026-09-10 17:24:23.331915+00:00,,,,,0.206,37233.299,1.322,0.512,24.802999999999997,35.658,37294.477999999996,CONFIRMED
M02,63086,2026-09-10 17:24:23.417547+00:00,2026-09-10 17:24:23.455556+00:00,2026-09-10 17:23:46.127738+00:00,2026-09-10 17:23:46.128882+00:00,2026-09-10 17:23:46.127949+00:00,2026-09-10 17:24:23.393194+00:00,2026-09-10 17:24:23.393804+00:00,,,,,0.211,37265.245,0.933,0.61,23.743,38.009,37327.818,CONFIRMED
M02,63087,2026-09-10 17:24:23.483958+00:00,2026-09-10 17:24:23.529428+00:00,2026-09-10 17:23:46.157480+00:00,2026-09-10 17:23:46.159753+00:00,2026-09-10 17:23:46.158005+00:00,2026-09-10 17:24:23.456442+00:00,2026-09-10 17:24:23.456943+00:00,,,,,0.525,37298.437,1.748,0.501,27.015,45.47,37371.948000000004,CONFIRMED
M02,63088,2026-09-10 17:24:23.570486+00:00,2026-09-10 17:24:23.608814+00:00,2026-09-10 17:23:46.188926+00:00,2026-09-10 17:23:46.189856+00:00,2026-09-10 17:23:46.189103+00:00,2026-09-10 17:24:23.537449+00:00,2026-09-10 17:24:23.537840+00:00,,,,,0.177,37348.346,0.753,0.391,32.646,38.328,37419.888,CONFIRMED
M02,63089,2026-09-10 17:24:23.635652+00:00,2026-09-10 17:24:23.677275+00:00,2026-09-10 17:23:46.217297+00:00,2026-09-10 17:23:46.218444+00:00,2026-09-10 17:23:46.217521+00:00,2026-09-10 17:24:23.609565+00:00,2026-09-10 17:24:23.610072+00:00,,,,,0.224,37392.044,0.923,0.507,25.58,41.623,37459.978,CONFIRMED
M02,63090,2026-09-10 17:24:23.701109+00:00,2026-09-10 17:24:23.737139+00:00,2026-09-10 17:23:46.247062+00:00,2026-09-10 17:23:46.248403+00:00,2026-09-10 17:23:46.247224+00:00,2026-09-10 17:24:23.677983+00:00,2026-09-10 17:24:23.678399+00:00,,,,,0.162,37430.759000000005,1.1789999999999998,0.416,22.71,36.03,37490.077,CONFIRMED
M02,63091,2026-09-10 17:24:23.761466+00:00,2026-09-10 17:24:23.797932+00:00,2026-09-10 17:23:46.276693+00:00,2026-09-10 17:23:46.279770+00:00,2026-09-10 17:23:46.276887+00:00,2026-09-10 17:24:23.737838+00:00,2026-09-10 17:24:23.738418+00:00,,,,,0.194,37460.951,2.883,0.58,23.048,36.466,37521.239,CONFIRMED
M02,63092,2026-09-10 17:24:23.825624+00:00,2026-09-10 17:24:23.861926+00:00,2026-09-10 17:23:46.309298+00:00,2026-09-10 17:23:46.310573+00:00,2026-09-10 17:23:46.309526+00:00,2026-09-10 17:24:23.798708+00:00,2026-09-10 17:24:23.799281+00:00,,,,,0.228,37489.182,1.047,0.5730000000000001,26.343,36.302,37552.628,CONFIRMED
M02,63093,2026-09-10 17:24:23.884842+00:00,2026-09-10 17:24:23.920190+00:00,2026-09-10 17:23:46.338102+00:00,2026-09-10 17:23:46.339784+00:00,2026-09-10 17:23:46.338258+00:00,2026-09-10 17:24:23.862548+00:00,2026-09-10 17:24:23.863018+00:00,,,,,0.156,37524.29,1.526,0.47,21.823999999999998,35.348,37582.087999999996,CONFIRMED
M02,63094,2026-09-10 17:24:23.953629+00:00,2026-09-10 17:24:23.996413+00:00,2026-09-10 17:23:46.368748+00:00,2026-09-10 17:23:46.369970+00:00,2026-09-10 17:23:46.369003+00:00,2026-09-10 17:24:23.921030+00:00,2026-09-10 17:24:23.921613+00:00,,,,,0.255,37552.027,0.967,0.583,32.016000000000005,42.784000000000006,37627.665,CONFIRMED
M02,63095,2026-09-10 17:24:24.027149+00:00,2026-09-10 17:24:24.074096+00:00,2026-09-10 17:23:46.397220+00:00,2026-09-10 17:23:46.398191+00:00,2026-09-10 17:23:46.397418+00:00,2026-09-10 17:24:23.997277+00:00,2026-09-10 17:24:23.998065+00:00,,,,,0.19799999999999998,37599.859000000004,0.773,0.7879999999999999,29.084,46.947,37676.876,CONFIRMED
M02,63096,2026-09-10 17:24:24.104613+00:00,2026-09-10 17:24:24.149447+00:00,2026-09-10 17:23:46.426719+00:00,2026-09-10 17:23:46.427752+00:00,2026-09-10 17:23:46.426878+00:00,2026-09-10 17:24:24.074809+00:00,2026-09-10 17:24:24.075362+00:00,,,,,0.159,37647.931,0.874,0.553,29.250999999999998,44.833999999999996,37722.728,CONFIRMED
M02,63097,2026-09-10 17:24:24.173009+00:00,2026-09-10 17:24:24.209202+00:00,2026-09-10 17:23:46.455238+00:00,2026-09-10 17:23:46.456471+00:00,2026-09-10 17:23:46.455415+00:00,2026-09-10 17:24:24.150247+00:00,2026-09-10 17:24:24.150700+00:00,,,,,0.177,37694.831999999995,1.056,0.453,22.308999999999997,36.193000000000005,37753.964,CONFIRMED
M02,63098,2026-09-10 17:24:24.237250+00:00,2026-09-10 17:24:24.279944+00:00,2026-09-10 17:23:46.484365+00:00,2026-09-10 17:23:46.485928+00:00,2026-09-10 17:23:46.484529+00:00,2026-09-10 17:24:24.210003+00:00,2026-09-10 17:24:24.210562+00:00,,,,,0.164,37725.474,1.399,0.559,26.688,42.694,37795.579000000005,CONFIRMED
M02,63099,2026-09-10 17:24:24.320158+00:00,2026-09-10 17:24:24.363213+00:00,2026-09-10 17:23:46.514317+00:00,2026-09-10 17:23:46.515294+00:00,2026-09-10 17:23:46.514475+00:00,2026-09-10 17:24:24.280649+00:00,2026-09-10 17:24:24.281138+00:00,,,,,0.158,37766.174,0.819,0.48899999999999993,39.019999999999996,43.055,37848.896,CONFIRMED
M02,63100,2026-09-10 17:24:24.391098+00:00,2026-09-10 17:24:24.443899+00:00,2026-09-10 17:23:46.543108+00:00,2026-09-10 17:23:46.544390+00:00,2026-09-10 17:23:46.543305+00:00,2026-09-10 17:24:24.364162+00:00,2026-09-10 17:24:24.364842+00:00,,,,,0.19699999999999998,37820.856999999996,1.085,0.68,26.256,52.801,37900.791,CONFIRMED
M02,63101,2026-09-10 17:24:24.468695+00:00,2026-09-10 17:24:24.509090+00:00,2026-09-10 17:23:46.571668+00:00,2026-09-10 17:23:46.573489+00:00,2026-09-10 17:23:46.571834+00:00,2026-09-10 17:24:24.444864+00:00,2026-09-10 17:24:24.445299+00:00,,,,,0.166,37873.03,1.655,0.435,23.396,40.395,37937.422,CONFIRMED
M02,63102,2026-09-10 17:24:24.536916+00:00,2026-09-10 17:24:24.590472+00:00,2026-09-10 17:23:46.601385+00:00,2026-09-10 17:23:46.602731+00:00,2026-09-10 17:23:46.601670+00:00,2026-09-10 17:24:24.510722+00:00,2026-09-10 17:24:24.511738+00:00,,,,,0.285,37909.052,1.0610000000000002,1.016,25.177999999999997,53.556,37989.087,CONFIRMED
M02,63103,2026-09-10 17:24:24.621118+00:00,2026-09-10 17:24:24.659904+00:00,2026-09-10 17:23:46.631891+00:00,2026-09-10 17:23:46.633427+00:00,2026-09-10 17:23:46.632034+00:00,2026-09-10 17:24:24.591437+00:00,2026-09-10 17:24:24.592081+00:00,,,,,0.14300000000000002,37959.403,1.393,0.644,29.037,38.786,38028.013,CONFIRMED
M02,63104,2026-09-10 17:24:24.689645+00:00,2026-09-10 17:24:24.731547+00:00,2026-09-10 17:23:46.660577+00:00,2026-09-10 17:23:46.661622+00:00,2026-09-10 17:23:46.660768+00:00,2026-09-10 17:24:24.660944+00:00,2026-09-10 17:24:24.661661+00:00,,,,,0.191,38000.17600000001,0.8540000000000001,0.717,27.983999999999998,41.902,38070.97,CONFIRMED
M02,63105,2026-09-10 17:24:24.763088+00:00,2026-09-10 17:24:24.801007+00:00,2026-09-10 17:23:46.690083+00:00,2026-09-10 17:23:46.693412+00:00,2026-09-10 17:23:46.690320+00:00,2026-09-10 17:24:24.732273+00:00,2026-09-10 17:24:24.732839+00:00,,,,,0.237,38041.953,3.092,0.566,30.249000000000002,37.919000000000004,38110.924,CONFIRMED
M02,63106,2026-09-10 17:24:24.831748+00:00,2026-09-10 17:24:24.867793+00:00,2026-09-10 17:23:46.723203+00:00,2026-09-10 17:23:46.724061+00:00,2026-09-10 17:23:46.723388+00:00,2026-09-10 17:24:24.801630+00:00,2026-09-10 17:24:24.802127+00:00,,,,,0.185,38078.242000000006,0.673,0.49700000000000005,29.621000000000002,36.045,38144.590000000004,CONFIRMED
M02,63107,2026-09-10 17:24:24.893015+00:00,2026-09-10 17:24:24.932682+00:00,2026-09-10 17:23:46.753461+00:00,2026-09-10 17:23:46.755525+00:00,2026-09-10 17:23:46.753592+00:00,2026-09-10 17:24:24.868688+00:00,2026-09-10 17:24:24.869250+00:00,,,,,0.131,38115.096,1.933,0.562,23.765,39.667,38179.221,CONFIRMED
M02,63108,2026-09-10 17:24:24.960596+00:00,2026-09-10 17:24:25.001416+00:00,2026-09-10 17:23:46.784457+00:00,2026-09-10 17:23:46.785600+00:00,2026-09-10 17:23:46.784635+00:00,2026-09-10 17:24:24.933456+00:00,2026-09-10 17:24:24.934117+00:00,,,,,0.178,38148.820999999996,0.9650000000000001,0.661,26.479,40.82,38216.959,CONFIRMED
M02,63109,2026-09-10 17:24:25.028839+00:00,2026-09-10 17:24:25.066958+00:00,2026-09-10 17:23:46.817853+00:00,2026-09-10 17:23:46.819207+00:00,2026-09-10 17:23:46.818039+00:00,2026-09-10 17:24:25.002142+00:00,2026-09-10 17:24:25.002646+00:00,,,,,0.186,38184.103,1.168,0.504,26.193,38.119,38249.105,CONFIRMED
M02,63110,2026-09-10 17:24:25.093113+00:00,2026-09-10 17:24:25.133064+00:00,2026-09-10 17:23:46.847694+00:00,2026-09-10 17:23:46.848877+00:00,2026-09-10 17:23:46.847946+00:00,2026-09-10 17:24:25.067733+00:00,2026-09-10 17:24:25.068229+00:00,,,,,0.252,38219.787,0.9309999999999999,0.496,24.884,39.951,38285.37,CONFIRMED
M02,63111,2026-09-10 17:24:25.163055+00:00,2026-09-10 17:24:25.202348+00:00,2026-09-10 17:23:46.878539+00:00,2026-09-10 17:23:46.882160+00:00,2026-09-10 17:23:46.878874+00:00,2026-09-10 17:24:25.133796+00:00,2026-09-10 17:24:25.134407+00:00,,,,,0.335,38254.922,3.286,0.611,28.648,39.293,38323.808999999994,CONFIRMED
M02,63112,2026-09-10 17:24:25.231168+00:00,2026-09-10 17:24:25.272638+00:00,2026-09-10 17:23:46.911915+00:00,2026-09-10 17:23:46.912799+00:00,2026-09-10 17:23:46.912092+00:00,2026-09-10 17:24:25.203078+00:00,2026-09-10 17:24:25.203623+00:00,,,,,0.177,38290.986,0.707,0.545,27.545,41.47,38360.723,CONFIRMED
M02,63113,2026-09-10 17:24:25.298529+00:00,2026-09-10 17:24:25.339862+00:00,2026-09-10 17:23:46.940486+00:00,2026-09-10 17:23:46.942166+00:00,2026-09-10 17:23:46.940703+00:00,2026-09-10 17:24:25.273720+00:00,2026-09-10 17:24:25.274159+00:00,,,,,0.217,38333.017,1.463,0.439,24.37,41.333,38399.376,CONFIRMED
M02,63114,2026-09-10 17:24:25.370193+00:00,2026-09-10 17:24:25.415138+00:00,2026-09-10 17:23:46.972232+00:00,2026-09-10 17:23:46.974404+00:00,2026-09-10 17:23:46.972419+00:00,2026-09-10 17:24:25.340579+00:00,2026-09-10 17:24:25.341174+00:00,,,,,0.187,38368.16,1.9849999999999999,0.5950000000000001,29.019,44.945,38442.906,CONFIRMED
M02,63115,2026-09-10 17:24:25.442037+00:00,2026-09-10 17:24:25.478070+00:00,2026-09-10 17:23:47.001840+00:00,2026-09-10 17:23:47.002945+00:00,2026-09-10 17:23:47.002052+00:00,2026-09-10 17:24:25.415852+00:00,2026-09-10 17:24:25.416407+00:00,,,,,0.212,38413.8,0.893,0.555,25.63,36.033,38476.23,CONFIRMED
M02,63116,2026-09-10 17:24:25.506888+00:00,2026-09-10 17:24:25.562802+00:00,2026-09-10 17:23:47.030754+00:00,2026-09-10 17:23:47.033108+00:00,2026-09-10 17:23:47.030950+00:00,2026-09-10 17:24:25.479279+00:00,2026-09-10 17:24:25.480001+00:00,,,,,0.196,38448.329,2.1580000000000004,0.722,26.887,55.914,38532.048,CONFIRMED
M02,63117,2026-09-10 17:24:25.597064+00:00,2026-09-10 17:24:25.635528+00:00,2026-09-10 17:23:47.060982+00:00,2026-09-10 17:23:47.062151+00:00,2026-09-10 17:23:47.061129+00:00,2026-09-10 17:24:25.564293+00:00,2026-09-10 17:24:25.564754+00:00,,,,,0.147,38503.164,1.0219999999999998,0.46099999999999997,32.309999999999995,38.464,38574.545999999995,CONFIRMED
M02,63118,2026-09-10 17:24:25.665035+00:00,2026-09-10 17:24:25.703541+00:00,2026-09-10 17:23:47.090039+00:00,2026-09-10 17:23:47.091142+00:00,2026-09-10 17:23:47.090284+00:00,2026-09-10 17:24:25.636410+00:00,2026-09-10 17:24:25.637027+00:00,,,,,0.245,38546.126000000004,0.858,0.617,28.008000000000003,38.506,38613.502,CONFIRMED
M02,63119,2026-09-10 17:24:25.732399+00:00,2026-09-10 17:24:25.768513+00:00,2026-09-10 17:23:47.125081+00:00,2026-09-10 17:23:47.126512+00:00,2026-09-10 17:23:47.125274+00:00,2026-09-10 17:24:25.704224+00:00,2026-09-10 17:24:25.704820+00:00,,,,,0.193,38578.95,1.238,0.596,27.579,36.114,38643.432,CONFIRMED
M02,63120,2026-09-10 17:24:25.799549+00:00,2026-09-10 17:24:25.836896+00:00,2026-09-10 17:23:47.154073+00:00,2026-09-10 17:23:47.154906+00:00,2026-09-10 17:23:47.154218+00:00,2026-09-10 17:24:25.769415+00:00,2026-09-10 17:24:25.769986+00:00,,,,,0.145,38615.197,0.6880000000000001,0.571,29.563,37.347,38682.823,CONFIRMED
M02,63121,2026-09-10 17:24:25.869386+00:00,2026-09-10 17:24:25.907660+00:00,2026-09-10 17:23:47.182203+00:00,2026-09-10 17:23:47.183092+00:00,2026-09-10 17:23:47.182331+00:00,2026-09-10 17:24:25.837835+00:00,2026-09-10 17:24:25.838299+00:00,,,,,0.128,38655.504,0.761,0.464,31.087,38.274,38725.457,CONFIRMED
M02,63122,2026-09-10 17:24:25.958958+00:00,2026-09-10 17:24:26.004772+00:00,2026-09-10 17:23:47.210247+00:00,2026-09-10 17:23:47.211960+00:00,2026-09-10 17:23:47.210383+00:00,2026-09-10 17:24:25.908592+00:00,2026-09-10 17:24:25.909294+00:00,,,,,0.136,38698.208999999995,1.577,0.7020000000000001,49.664,45.814,38794.525,CONFIRMED
M02,63123,2026-09-10 17:24:26.042344+00:00,2026-09-10 17:24:26.091287+00:00,2026-09-10 17:23:47.240504+00:00,2026-09-10 17:23:47.241358+00:00,2026-09-10 17:23:47.240667+00:00,2026-09-10 17:24:26.005729+00:00,2026-09-10 17:24:26.006297+00:00,,,,,0.163,38765.062,0.691,0.5680000000000001,36.047000000000004,48.943,38850.783,CONFIRMED
M02,63124,2026-09-10 17:24:26.118529+00:00,2026-09-10 17:24:26.164152+00:00,2026-09-10 17:23:47.269508+00:00,2026-09-10 17:23:47.270960+00:00,2026-09-10 17:23:47.269822+00:00,2026-09-10 17:24:26.091964+00:00,2026-09-10 17:24:26.092540+00:00,,,,,0.314,38822.142,1.138,0.5760000000000001,25.989,45.623,38894.644,CONFIRMED
M02,63125,2026-09-10 17:24:26.202104+00:00,2026-09-10 17:24:26.244131+00:00,2026-09-10 17:23:47.298831+00:00,2026-09-10 17:23:47.299950+00:00,2026-09-10 17:23:47.299027+00:00,2026-09-10 17:24:26.164624+00:00,2026-09-10 17:24:26.165119+00:00,,,,,0.196,38865.597,0.923,0.495,36.985,42.027,38945.3,CONFIRMED
M02,63126,2026-09-10 17:24:26.282186+00:00,2026-09-10 17:24:26.330142+00:00,2026-09-10 17:23:47.329957+00:00,2026-09-10 17:23:47.333423+00:00,2026-09-10 17:23:47.330182+00:00,2026-09-10 17:24:26.245564+00:00,2026-09-10 17:24:26.246247+00:00,,,,,0.225,38915.382,3.241,0.683,35.939,47.955999999999996,39000.185000000005,CONFIRMED
M02,63127,2026-09-10 17:24:26.368951+00:00,2026-09-10 17:24:26.419944+00:00,2026-09-10 17:23:47.362610+00:00,2026-09-10 17:23:47.364119+00:00,2026-09-10 17:23:47.362737+00:00,2026-09-10 17:24:26.330866+00:00,2026-09-10 17:24:26.331352+00:00,,,,,0.127,38968.129,1.382,0.486,37.599000000000004,50.992999999999995,39057.333999999995,CONFIRMED
M02,63128,2026-09-10 17:24:26.444149+00:00,2026-09-10 17:24:26.487298+00:00,2026-09-10 17:23:47.391485+00:00,2026-09-10 17:23:47.393310+00:00,2026-09-10 17:23:47.391699+00:00,2026-09-10 17:24:26.420569+00:00,2026-09-10 17:24:26.420975+00:00,,,,,0.214,39028.869999999995,1.611,0.406,23.174,43.149,39095.813,CONFIRMED
M02,63129,2026-09-10 17:24:26.521550+00:00,2026-09-10 17:24:26.570206+00:00,2026-09-10 17:23:47.422981+00:00,2026-09-10 17:23:47.424103+00:00,2026-09-10 17:23:47.423148+00:00,2026-09-10 17:24:26.488046+00:00,2026-09-10 17:24:26.488649+00:00,,,,,0.16699999999999998,39064.898,0.955,0.603,32.900999999999996,48.656,39147.225,CONFIRMED
M02,63130,2026-09-10 17:24:26.601288+00:00,2026-09-10 17:24:26.638810+00:00,2026-09-10 17:23:47.455038+00:00,2026-09-10 17:23:47.456909+00:00,2026-09-10 17:23:47.455237+00:00,2026-09-10 17:24:26.570938+00:00,2026-09-10 17:24:26.571336+00:00,,,,,0.199,39115.701,1.6720000000000002,0.398,29.951999999999998,37.522,39183.772,CONFIRMED
M02,63131,2026-09-10 17:24:26.664818+00:00,2026-09-10 17:24:26.703150+00:00,2026-09-10 17:23:47.485174+00:00,2026-09-10 17:23:47.486267+00:00,2026-09-10 17:23:47.485348+00:00,2026-09-10 17:24:26.639864+00:00,2026-09-10 17:24:26.640342+00:00,,,,,0.174,39154.516,0.919,0.47800000000000004,24.476000000000003,38.332,39217.976,CONFIRMED
M02,63132,2026-09-10 17:24:26.732768+00:00,2026-09-10 17:24:26.779122+00:00,2026-09-10 17:23:47.519447+00:00,2026-09-10 17:23:47.520493+00:00,2026-09-10 17:23:47.519671+00:00,2026-09-10 17:24:26.704094+00:00,2026-09-10 17:24:26.704593+00:00,,,,,0.224,39184.423,0.8220000000000001,0.499,28.174999999999997,46.354,39259.675,CONFIRMED
M02,63133,2026-09-10 17:24:26.818161+00:00,2026-09-10 17:24:26.858594+00:00,2026-09-10 17:23:47.550072+00:00,2026-09-10 17:23:47.555623+00:00,2026-09-10 17:23:47.550297+00:00,2026-09-10 17:24:26.779757+00:00,2026-09-10 17:24:26.780092+00:00,,,,,0.225,39229.46000000001,5.326,0.335,38.068999999999996,40.433,39308.522000000004,CONFIRMED
M02,63134,2026-09-10 17:24:26.899135+00:00,2026-09-10 17:24:26.942333+00:00,2026-09-10 17:23:47.585327+00:00,2026-09-10 17:23:47.586542+00:00,2026-09-10 17:23:47.585493+00:00,2026-09-10 17:24:26.859478+00:00,2026-09-10 17:24:26.860008+00:00,,,,,0.166,39273.985,1.049,0.53,39.127,43.198,39357.006,CONFIRMED
M02,63135,2026-09-10 17:24:26.972021+00:00,2026-09-10 17:24:27.021225+00:00,2026-09-10 17:23:47.613957+00:00,2026-09-10 17:23:47.614974+00:00,2026-09-10 17:23:47.614151+00:00,2026-09-10 17:24:26.943423+00:00,2026-09-10 17:24:26.944259+00:00,,,,,0.194,39329.272000000004,0.823,0.8360000000000001,27.761999999999997,49.204,39407.268000000004,CONFIRMED
M02,63136,2026-09-10 17:24:27.058286+00:00,2026-09-10 17:24:27.098560+00:00,2026-09-10 17:23:47.644563+00:00,2026-09-10 17:23:47.645789+00:00,2026-09-10 17:23:47.644739+00:00,2026-09-10 17:24:27.022084+00:00,2026-09-10 17:24:27.022779+00:00,,,,,0.176,39377.345,1.05,0.695,35.507,40.273999999999994,39453.997,CONFIRMED
M02,63137,2026-09-10 17:24:27.132335+00:00,2026-09-10 17:24:27.180613+00:00,2026-09-10 17:23:47.673895+00:00,2026-09-10 17:23:47.676650+00:00,2026-09-10 17:23:47.674066+00:00,2026-09-10 17:24:27.099436+00:00,2026-09-10 17:24:27.100000+00:00,,,,,0.171,39425.37,2.584,0.5640000000000001,32.335,48.278,39506.718,CONFIRMED
M02,63138,2026-09-10 17:24:27.214513+00:00,2026-09-10 17:24:27.257736+00:00,2026-09-10 17:23:47.706344+00:00,2026-09-10 17:23:47.708735+00:00,2026-09-10 17:23:47.706502+00:00,2026-09-10 17:24:27.181190+00:00,2026-09-10 17:24:27.181629+00:00,,,,,0.158,39474.688,2.233,0.439,32.88399999999999,43.223,39551.392,CONFIRMED
M02,63139,2026-09-10 17:24:27.291555+00:00,2026-09-10 17:24:27.331529+00:00,2026-09-10 17:23:47.736766+00:00,2026-09-10 17:23:47.738158+00:00,2026-09-10 17:23:47.736915+00:00,2026-09-10 17:24:27.258526+00:00,2026-09-10 17:24:27.259059+00:00,,,,,0.149,39521.611,1.2429999999999999,0.533,32.495999999999995,39.974000000000004,39594.763,CONFIRMED
M02,63140,2026-09-10 17:24:27.356504+00:00,2026-09-10 17:24:27.400104+00:00,2026-09-10 17:23:47.767289+00:00,2026-09-10 17:23:47.768343+00:00,2026-09-10 17:23:47.767527+00:00,2026-09-10 17:24:27.332263+00:00,2026-09-10 17:24:27.332808+00:00,,,,,0.23800000000000002,39564.736000000004,0.816,0.545,23.695999999999998,43.6,39632.815,CONFIRMED
M02,63141,2026-09-10 17:24:27.431164+00:00,2026-09-10 17:24:27.468344+00:00,2026-09-10 17:23:47.796958+00:00,2026-09-10 17:23:47.798436+00:00,2026-09-10 17:23:47.797151+00:00,2026-09-10 17:24:27.400774+00:00,2026-09-10 17:24:27.401509+00:00,,,,,0.193,39603.623,1.285,0.735,29.655,37.18,39671.386,CONFIRMED
M02,63142,2026-09-10 17:24:27.495390+00:00,2026-09-10 17:24:27.535073+00:00,2026-09-10 17:23:47.826712+00:00,2026-09-10 17:23:47.829561+00:00,2026-09-10 17:23:47.826956+00:00,2026-09-10 17:24:27.469146+00:00,2026-09-10 17:24:27.469621+00:00,,,,,0.244,39642.19,2.605,0.475,25.769000000000002,39.683,39708.361,CONFIRMED
M02,63143,2026-09-10 17:24:27.573580+00:00,2026-09-10 17:24:27.619612+00:00,2026-09-10 17:23:47.857262+00:00,2026-09-10 17:23:47.858382+00:00,2026-09-10 17:23:47.857614+00:00,2026-09-10 17:24:27.536610+00:00,2026-09-10 17:24:27.537084+00:00,,,,,0.352,39678.996,0.768,0.474,36.496,46.032,39762.35,CONFIRMED
M02,63144,2026-09-10 17:24:27.645209+00:00,2026-09-10 17:24:27.684105+00:00,2026-09-10 17:23:47.886460+00:00,2026-09-10 17:23:47.890079+00:00,2026-09-10 17:23:47.886633+00:00,2026-09-10 17:24:27.620443+00:00,2026-09-10 17:24:27.620882+00:00,,,,,0.17300000000000001,39733.81,3.4459999999999997,0.439,24.327,38.896,39797.645000000004,CONFIRMED
M02,63145,2026-09-10 17:24:27.715243+00:00,2026-09-10 17:24:27.767544+00:00,2026-09-10 17:23:47.919219+00:00,2026-09-10 17:23:47.920384+00:00,2026-09-10 17:23:47.919419+00:00,2026-09-10 17:24:27.684864+00:00,2026-09-10 17:24:27.685325+00:00,,,,,0.2,39765.445,0.9650000000000001,0.46099999999999997,29.918,52.301,39848.325000000004,CONFIRMED
M02,63146,2026-09-10 17:24:27.802074+00:00,2026-09-10 17:24:27.837971+00:00,2026-09-10 17:23:47.948200+00:00,2026-09-10 17:23:47.949790+00:00,2026-09-10 17:23:47.948408+00:00,2026-09-10 17:24:27.768404+00:00,2026-09-10 17:24:27.768946+00:00,,,,,0.208,39819.99600000001,1.382,0.5419999999999999,33.128,35.897,39889.771,CONFIRMED
M02,63147,2026-09-10 17:24:27.863486+00:00,2026-09-10 17:24:27.902963+00:00,2026-09-10 17:23:47.977875+00:00,2026-09-10 17:23:47.982593+00:00,2026-09-10 17:23:47.978066+00:00,2026-09-10 17:24:27.838907+00:00,2026-09-10 17:24:27.839610+00:00,,,,,0.191,39860.841,4.527,0.703,23.876,39.477,39925.088,CONFIRMED
M02,63148,2026-09-10 17:24:27.950502+00:00,2026-09-10 17:24:27.992117+00:00,2026-09-10 17:23:48.010434+00:00,2026-09-10 17:23:48.012911+00:00,2026-09-10 17:23:48.010681+00:00,2026-09-10 17:24:27.904301+00:00,2026-09-10 17:24:27.904877+00:00,,,,,0.247,39893.619999999995,2.2300000000000004,0.5760000000000001,45.625,41.615,39981.683,CONFIRMED
M02,63149,2026-09-10 17:24:28.020554+00:00,2026-09-10 17:24:28.060204+00:00,2026-09-10 17:23:48.041160+00:00,2026-09-10 17:23:48.042317+00:00,2026-09-10 17:23:48.041366+00:00,2026-09-10 17:24:27.993263+00:00,2026-09-10 17:24:27.993845+00:00,,,,,0.206,39951.897000000004,0.9510000000000001,0.5820000000000001,26.709,39.65,40019.044,CONFIRMED
M02,63150,2026-09-10 17:24:28.087257+00:00,2026-09-10 17:24:28.128489+00:00,2026-09-10 17:23:48.071849+00:00,2026-09-10 17:23:48.073011+00:00,2026-09-10 17:23:48.072056+00:00,2026-09-10 17:24:28.061083+00:00,2026-09-10 17:24:28.061782+00:00,,,,,0.207,39989.027,0.955,0.699,25.475,41.232,40056.64,CONFIRMED
M02,63151,2026-09-10 17:24:28.151034+00:00,2026-09-10 17:24:28.188069+00:00,2026-09-10 17:23:48.100347+00:00,2026-09-10 17:23:48.101861+00:00,2026-09-10 17:23:48.100558+00:00,2026-09-10 17:24:28.129429+00:00,2026-09-10 17:24:28.130044+00:00,,,,,0.211,40028.871,1.303,0.615,20.990000000000002,37.035,40087.722,CONFIRMED
M02,63152,2026-09-10 17:24:28.214358+00:00,2026-09-10 17:24:28.253817+00:00,2026-09-10 17:23:48.132298+00:00,2026-09-10 17:23:48.139296+00:00,2026-09-10 17:23:48.132506+00:00,2026-09-10 17:24:28.189009+00:00,2026-09-10 17:24:28.189573+00:00,,,,,0.208,40056.503,6.79,0.5640000000000001,24.785,39.459,40121.519,CONFIRMED
M02,63153,2026-09-10 17:24:28.281507+00:00,2026-09-10 17:24:28.324715+00:00,2026-09-10 17:23:48.167153+00:00,2026-09-10 17:23:48.167943+00:00,2026-09-10 17:23:48.167298+00:00,2026-09-10 17:24:28.254655+00:00,2026-09-10 17:24:28.255253+00:00,,,,,0.145,40087.356999999996,0.6449999999999999,0.598,26.253999999999998,43.208000000000006,40157.562,CONFIRMED
M02,63154,2026-09-10 17:24:28.354353+00:00,2026-09-10 17:24:28.402629+00:00,2026-09-10 17:23:48.195360+00:00,2026-09-10 17:23:48.197224+00:00,2026-09-10 17:23:48.195593+00:00,2026-09-10 17:24:28.325439+00:00,2026-09-10 17:24:28.326037+00:00,,,,,0.23299999999999998,40129.846,1.631,0.598,28.316000000000003,48.275999999999996,40207.269,CONFIRMED
M02,63155,2026-09-10 17:24:28.436498+00:00,2026-09-10 17:24:28.489225+00:00,2026-09-10 17:23:48.225520+00:00,2026-09-10 17:23:48.227180+00:00,2026-09-10 17:23:48.225712+00:00,2026-09-10 17:24:28.403293+00:00,2026-09-10 17:24:28.403763+00:00,,,,,0.192,40177.581000000006,1.468,0.47,32.735,52.727000000000004,40263.705,CONFIRMED
M02,63156,2026-09-10 17:24:28.518031+00:00,2026-09-10 17:24:28.564709+00:00,2026-09-10 17:23:48.259365+00:00,2026-09-10 17:23:48.260524+00:00,2026-09-10 17:23:48.259573+00:00,2026-09-10 17:24:28.490118+00:00,2026-09-10 17:24:28.490703+00:00,,,,,0.208,40230.545,0.9510000000000001,0.585,27.328000000000003,46.678,40305.344,CONFIRMED
M02,63157,2026-09-10 17:24:28.603757+00:00,2026-09-10 17:24:28.645859+00:00,2026-09-10 17:23:48.288185+00:00,2026-09-10 17:23:48.289911+00:00,2026-09-10 17:23:48.288441+00:00,2026-09-10 17:24:28.565771+00:00,2026-09-10 17:24:28.566280+00:00,,,,,0.256,40277.33,1.47,0.509,37.477000000000004,42.102000000000004,40357.674000000006,CONFIRMED
M02,63158,2026-09-10 17:24:28.676685+00:00,2026-09-10 17:24:28.712690+00:00,2026-09-10 17:23:48.322056+00:00,2026-09-10 17:23:48.323267+00:00,2026-09-10 17:23:48.322287+00:00,2026-09-10 17:24:28.646507+00:00,2026-09-10 17:24:28.647052+00:00,,,,,0.231,40324.219999999994,0.98,0.545,29.633,36.005,40390.634,CONFIRMED
M02,63159,2026-09-10 17:24:28.739335+00:00,2026-09-10 17:24:28.780163+00:00,2026-09-10 17:23:48.353004+00:00,2026-09-10 17:23:48.358354+00:00,2026-09-10 17:23:48.353227+00:00,2026-09-10 17:24:28.713405+00:00,2026-09-10 17:24:28.714236+00:00,,,,,0.223,40360.178,5.127,0.8310000000000001,25.099,40.828,40427.159,CONFIRMED
M02,63160,2026-09-10 17:24:28.813961+00:00,2026-09-10 17:24:28.852166+00:00,2026-09-10 17:23:48.387395+00:00,2026-09-10 17:23:48.388287+00:00,2026-09-10 17:23:48.387546+00:00,2026-09-10 17:24:28.780918+00:00,2026-09-10 17:24:28.781373+00:00,,,,,0.15100000000000002,40393.372,0.741,0.455,32.588,38.205000000000005,40464.771,CONFIRMED
M02,63161,2026-09-10 17:24:28.882772+00:00,2026-09-10 17:24:28.944277+00:00,2026-09-10 17:23:48.416340+00:00,2026-09-10 17:23:48.417383+00:00,2026-09-10 17:23:48.416562+00:00,2026-09-10 17:24:28.853013+00:00,2026-09-10 17:24:28.853527+00:00,,,,,0.222,40436.451,0.821,0.514,29.245,61.504999999999995,40527.937,CONFIRMED
M02,63162,2026-09-10 17:24:28.974939+00:00,2026-09-10 17:24:29.020368+00:00,2026-09-10 17:23:48.445311+00:00,2026-09-10 17:23:48.446222+00:00,2026-09-10 17:23:48.445518+00:00,2026-09-10 17:24:28.945121+00:00,2026-09-10 17:24:28.945697+00:00,,,,,0.207,40499.603,0.704,0.5760000000000001,29.242,45.428999999999995,40575.057,CONFIRMED
M02,63163,2026-09-10 17:24:29.052439+00:00,2026-09-10 17:24:29.092388+00:00,2026-09-10 17:23:48.473820+00:00,2026-09-10 17:23:48.476992+00:00,2026-09-10 17:23:48.474064+00:00,2026-09-10 17:24:29.021112+00:00,2026-09-10 17:24:29.021605+00:00,,,,,0.244,40547.047999999995,2.928,0.49299999999999994,30.834,39.949,40618.56800000001,CONFIRMED
M02,63164,2026-09-10 17:24:29.121834+00:00,2026-09-10 17:24:29.171062+00:00,2026-09-10 17:23:48.505297+00:00,2026-09-10 17:23:48.506360+00:00,2026-09-10 17:23:48.505508+00:00,2026-09-10 17:24:29.093376+00:00,2026-09-10 17:24:29.093913+00:00,,,,,0.211,40587.868,0.852,0.537,27.921000000000003,49.228,40665.765,CONFIRMED
M02,63165,2026-09-10 17:24:29.198850+00:00,2026-09-10 17:24:29.249754+00:00,2026-09-10 17:23:48.534780+00:00,2026-09-10 17:23:48.536134+00:00,2026-09-10 17:23:48.534906+00:00,2026-09-10 17:24:29.171905+00:00,2026-09-10 17:24:29.172443+00:00,,,,,0.126,40636.999,1.228,0.5379999999999999,26.407,50.903999999999996,40714.973999999995,CONFIRMED
M02,63166,2026-09-10 17:24:29.281706+00:00,2026-09-10 17:24:29.321401+00:00,2026-09-10 17:23:48.563971+00:00,2026-09-10 17:23:48.565869+00:00,2026-09-10 17:23:48.564183+00:00,2026-09-10 17:24:29.250505+00:00,2026-09-10 17:24:29.251023+00:00,,,,,0.212,40686.322,1.686,0.518,30.683,39.695,40757.43,CONFIRMED
M02,63167,2026-09-10 17:24:29.352190+00:00,2026-09-10 17:24:29.390960+00:00,2026-09-10 17:23:48.594857+00:00,2026-09-10 17:23:48.597601+00:00,2026-09-10 17:23:48.595042+00:00,2026-09-10 17:24:29.322212+00:00,2026-09-10 17:24:29.322789+00:00,,,,,0.185,40727.17,2.559,0.5770000000000001,29.401,38.769999999999996,40796.103,CONFIRMED
M02,63168,2026-09-10 17:24:29.422857+00:00,2026-09-10 17:24:29.459580+00:00,2026-09-10 17:23:48.626070+00:00,2026-09-10 17:23:48.627587+00:00,2026-09-10 17:23:48.626299+00:00,2026-09-10 17:24:29.391688+00:00,2026-09-10 17:24:29.392223+00:00,,,,,0.229,40765.388999999996,1.288,0.535,30.634,36.723,40833.509999999995,CONFIRMED
M02,63169,2026-09-10 17:24:29.485980+00:00,2026-09-10 17:24:29.529699+00:00,2026-09-10 17:23:48.654930+00:00,2026-09-10 17:23:48.658823+00:00,2026-09-10 17:23:48.655179+00:00,2026-09-10 17:24:29.460798+00:00,2026-09-10 17:24:29.461436+00:00,,,,,0.24899999999999997,40805.619,3.644,0.638,24.544,43.719,40874.769,CONFIRMED
M02,63170,2026-09-10 17:24:29.556275+00:00,2026-09-10 17:24:29.613769+00:00,2026-09-10 17:23:48.688464+00:00,2026-09-10 17:23:48.689737+00:00,2026-09-10 17:23:48.688637+00:00,2026-09-10 17:24:29.530254+00:00,2026-09-10 17:24:29.530754+00:00,,,,,0.17300000000000001,40841.617,1.1,0.5,25.520999999999997,57.49400000000001,40925.305,CONFIRMED
M02,63171,2026-09-10 17:24:29.650924+00:00,2026-09-10 17:24:29.698848+00:00,2026-09-10 17:23:48.719272+00:00,2026-09-10 17:23:48.720805+00:00,2026-09-10 17:23:48.719603+00:00,2026-09-10 17:24:29.614504+00:00,2026-09-10 17:24:29.615085+00:00,,,,,0.331,40894.901,1.202,0.5810000000000001,35.839000000000006,47.924,40979.576,CONFIRMED
M02,63172,2026-09-10 17:24:29.735432+00:00,2026-09-10 17:24:29.853667+00:00,2026-09-10 17:23:48.756963+00:00,2026-09-10 17:23:48.759047+00:00,2026-09-10 17:23:48.757090+00:00,2026-09-10 17:24:29.699582+00:00,2026-09-10 17:24:29.700099+00:00,,,,,0.127,40942.492,1.957,0.517,35.333000000000006,118.23500000000001,41096.704000000005,CONFIRMED
M02,63173,2026-09-10 17:24:29.880986+00:00,2026-09-10 17:24:29.924731+00:00,2026-09-10 17:23:48.791146+00:00,2026-09-10 17:23:48.792221+00:00,2026-09-10 17:23:48.791340+00:00,2026-09-10 17:24:29.854371+00:00,2026-09-10 17:24:29.854887+00:00,,,,,0.194,41063.031,0.8809999999999999,0.516,26.099,43.745,41133.585,CONFIRMED
M02,63174,2026-09-10 17:24:29.954230+00:00,2026-09-10 17:24:29.996615+00:00,2026-09-10 17:23:48.819447+00:00,2026-09-10 17:23:48.821089+00:00,2026-09-10 17:23:48.819638+00:00,2026-09-10 17:24:29.925625+00:00,2026-09-10 17:24:29.926392+00:00,,,,,0.191,41105.987,1.451,0.767,27.838,42.385,41177.168000000005,CONFIRMED
M02,63175,2026-09-10 17:24:30.032135+00:00,2026-09-10 17:24:30.072270+00:00,2026-09-10 17:23:48.849334+00:00,2026-09-10 17:23:48.852648+00:00,2026-09-10 17:23:48.849512+00:00,2026-09-10 17:24:29.999486+00:00,2026-09-10 17:24:29.999876+00:00,,,,,0.178,41149.974,3.136,0.39,32.259,40.135,41222.935999999994,CONFIRMED
M02,63176,2026-09-10 17:24:30.102538+00:00,2026-09-10 17:24:30.143069+00:00,2026-09-10 17:23:48.881504+00:00,2026-09-10 17:23:48.884050+00:00,2026-09-10 17:23:48.881695+00:00,2026-09-10 17:24:30.073214+00:00,2026-09-10 17:24:30.073853+00:00,,,,,0.191,41191.519,2.355,0.639,28.685,40.531,41261.564999999995,CONFIRMED
M02,63177,2026-09-10 17:24:30.167241+00:00,2026-09-10 17:24:30.208123+00:00,2026-09-10 17:23:48.911748+00:00,2026-09-10 17:23:48.912735+00:00,2026-09-10 17:23:48.911923+00:00,2026-09-10 17:24:30.143757+00:00,2026-09-10 17:24:30.144222+00:00,,,,,0.175,41231.834,0.812,0.465,23.019000000000002,40.882000000000005,41296.375,CONFIRMED
M02,63178,2026-09-10 17:24:30.241388+00:00,2026-09-10 17:24:30.281439+00:00,2026-09-10 17:23:48.940672+00:00,2026-09-10 17:23:48.942505+00:00,2026-09-10 17:23:48.940821+00:00,2026-09-10 17:24:30.208922+00:00,2026-09-10 17:24:30.209515+00:00,,,,,0.149,41268.101,1.684,0.593,31.872999999999998,40.051,41340.767,CONFIRMED
M02,63179,2026-09-10 17:24:30.310417+00:00,2026-09-10 17:24:30.370792+00:00,2026-09-10 17:23:48.970366+00:00,2026-09-10 17:23:48.971940+00:00,2026-09-10 17:23:48.970665+00:00,2026-09-10 17:24:30.282163+00:00,2026-09-10 17:24:30.282627+00:00,,,,,0.299,41311.498,1.2750000000000001,0.464,27.79,60.375,41400.426,CONFIRMED
M02,63180,2026-09-10 17:24:30.404667+00:00,2026-09-10 17:24:30.451627+00:00,2026-09-10 17:23:48.999025+00:00,2026-09-10 17:23:49.000015+00:00,2026-09-10 17:23:48.999206+00:00,2026-09-10 17:24:30.372634+00:00,2026-09-10 17:24:30.373056+00:00,,,,,0.18100000000000002,41373.428,0.809,0.422,31.611,46.96,41452.602,CONFIRMED
M02,63181,2026-09-10 17:24:30.477671+00:00,2026-09-10 17:24:30.514586+00:00,2026-09-10 17:23:49.029263+00:00,2026-09-10 17:23:49.030515+00:00,2026-09-10 17:23:49.029397+00:00,2026-09-10 17:24:30.453344+00:00,2026-09-10 17:24:30.454141+00:00,,,,,0.134,41423.947,1.118,0.7969999999999999,23.529999999999998,36.915000000000006,41485.323000000004,CONFIRMED
M02,63182,2026-09-10 17:24:30.541402+00:00,2026-09-10 17:24:30.592682+00:00,2026-09-10 17:23:49.059752+00:00,2026-09-10 17:23:49.061384+00:00,2026-09-10 17:23:49.059906+00:00,2026-09-10 17:24:30.515421+00:00,2026-09-10 17:24:30.515945+00:00,,,,,0.154,41455.515,1.478,0.524,25.457,51.28,41532.93,CONFIRMED
M02,63183,2026-09-10 17:24:30.634270+00:00,2026-09-10 17:24:30.674053+00:00,2026-09-10 17:23:49.093004+00:00,2026-09-10 17:23:49.093946+00:00,2026-09-10 17:23:49.093215+00:00,2026-09-10 17:24:30.593418+00:00,2026-09-10 17:24:30.594123+00:00,,,,,0.211,41500.203,0.731,0.705,40.147000000000006,39.783,41581.049,CONFIRMED
M02,63184,2026-09-10 17:24:30.711632+00:00,2026-09-10 17:24:30.762536+00:00,2026-09-10 17:23:49.121983+00:00,2026-09-10 17:23:49.123096+00:00,2026-09-10 17:23:49.122266+00:00,2026-09-10 17:24:30.675018+00:00,2026-09-10 17:24:30.675474+00:00,,,,,0.283,41552.752,0.83,0.456,36.158,50.903999999999996,41640.553,CONFIRMED
M02,63185,2026-09-10 17:24:30.796929+00:00,2026-09-10 17:24:30.845108+00:00,2026-09-10 17:23:49.155882+00:00,2026-09-10 17:23:49.156946+00:00,2026-09-10 17:23:49.156131+00:00,2026-09-10 17:24:30.763523+00:00,2026-09-10 17:24:30.764130+00:00,,,,,0.24899999999999997,41607.392,0.815,0.607,32.799,48.179,41689.225999999995,CONFIRMED
M02,63186,2026-09-10 17:24:30.878641+00:00,2026-09-10 17:24:30.923654+00:00,2026-09-10 17:23:49.189814+00:00,2026-09-10 17:23:49.190948+00:00,2026-09-10 17:23:49.189999+00:00,2026-09-10 17:24:30.846491+00:00,2026-09-10 17:24:30.847355+00:00,,,,,0.185,41656.492,0.949,0.864,31.286,45.013,41733.840000000004,CONFIRMED
M02,63187,2026-09-10 17:24:30.954299+00:00,2026-09-10 17:24:30.991187+00:00,2026-09-10 17:23:49.220259+00:00,2026-09-10 17:23:49.221354+00:00,2026-09-10 17:23:49.220417+00:00,2026-09-10 17:24:30.924405+00:00,2026-09-10 17:24:30.926602+00:00,,,,,0.158,41703.988000000005,0.937,2.197,27.697,36.888,41770.928,CONFIRMED
M02,63188,2026-09-10 17:24:31.018067+00:00,2026-09-10 17:24:31.063276+00:00,2026-09-10 17:23:49.249096+00:00,2026-09-10 17:23:49.250491+00:00,2026-09-10 17:23:49.249283+00:00,2026-09-10 17:24:30.992110+00:00,2026-09-10 17:24:30.992574+00:00,,,,,0.187,41742.827,1.2080000000000002,0.464,25.493,45.208999999999996,41814.18,CONFIRMED
M02,63189,2026-09-10 17:24:31.095807+00:00,2026-09-10 17:24:31.141910+00:00,2026-09-10 17:23:49.287631+00:00,2026-09-10 17:23:49.288557+00:00,2026-09-10 17:23:49.287837+00:00,2026-09-10 17:24:31.063896+00:00,2026-09-10 17:24:31.064359+00:00,,,,,0.206,41776.059,0.7200000000000001,0.46299999999999997,31.447999999999997,46.103,41854.278999999995,CONFIRMED
M02,63190,2026-09-10 17:24:31.172767+00:00,2026-09-10 17:24:31.214702+00:00,2026-09-10 17:23:49.317332+00:00,2026-09-10 17:23:49.318415+00:00,2026-09-10 17:23:49.317550+00:00,2026-09-10 17:24:31.143054+00:00,2026-09-10 17:24:31.143658+00:00,,,,,0.21800000000000003,41825.504,0.865,0.6040000000000001,29.108999999999998,41.935,41897.37,CONFIRMED
M02,63191,2026-09-10 17:24:31.252343+00:00,2026-09-10 17:24:31.298651+00:00,2026-09-10 17:23:49.346384+00:00,2026-09-10 17:23:49.348368+00:00,2026-09-10 17:23:49.346606+00:00,2026-09-10 17:24:31.215707+00:00,2026-09-10 17:24:31.217970+00:00,,,,,0.222,41869.101,1.7619999999999998,2.263,34.373,46.308,41952.267,CONFIRMED
M02,63192,2026-09-10 17:24:31.333411+00:00,2026-09-10 17:24:31.378866+00:00,2026-09-10 17:23:49.375907+00:00,2026-09-10 17:23:49.377125+00:00,2026-09-10 17:23:49.376072+00:00,2026-09-10 17:24:31.299407+00:00,2026-09-10 17:24:31.299960+00:00,,,,,0.165,41923.335,1.053,0.553,33.451,45.455000000000005,42002.958999999995,CONFIRMED
M02,63193,2026-09-10 17:24:31.405506+00:00,2026-09-10 17:24:31.458614+00:00,2026-09-10 17:23:49.405348+00:00,2026-09-10 17:23:49.406407+00:00,2026-09-10 17:23:49.405555+00:00,2026-09-10 17:24:31.379487+00:00,2026-09-10 17:24:31.379918+00:00,,,,,0.207,41973.932,0.852,0.431,25.588,53.108000000000004,42053.266,CONFIRMED
M02,63194,2026-09-10 17:24:31.489218+00:00,2026-09-10 17:24:31.540183+00:00,2026-09-10 17:23:49.434037+00:00,2026-09-10 17:23:49.434906+00:00,2026-09-10 17:23:49.434210+00:00,2026-09-10 17:24:31.459652+00:00,2026-09-10 17:24:31.460180+00:00,,,,,0.17300000000000001,42025.441999999995,0.696,0.528,29.038,50.965,42106.146,CONFIRMED
M02,63195,2026-09-10 17:24:31.566772+00:00,2026-09-10 17:24:31.606994+00:00,2026-09-10 17:23:49.463209+00:00,2026-09-10 17:23:49.464578+00:00,2026-09-10 17:23:49.463340+00:00,2026-09-10 17:24:31.541322+00:00,2026-09-10 17:24:31.542058+00:00,,,,,0.131,42077.981999999996,1.238,0.736,24.714,40.222,42143.785,CONFIRMED
M02,63196,2026-09-10 17:24:31.649833+00:00,2026-09-10 17:24:31.690762+00:00,2026-09-10 17:23:49.493666+00:00,2026-09-10 17:23:49.495164+00:00,2026-09-10 17:23:49.493930+00:00,2026-09-10 17:24:31.609326+00:00,2026-09-10 17:24:31.610742+00:00,,,,,0.264,42115.39599999999,1.234,1.416,39.091,40.929,42197.096000000005,CONFIRMED
M02,63197,2026-09-10 17:24:31.722691+00:00,2026-09-10 17:24:31.776540+00:00,2026-09-10 17:23:49.522991+00:00,2026-09-10 17:23:49.524293+00:00,2026-09-10 17:23:49.523145+00:00,2026-09-10 17:24:31.691545+00:00,2026-09-10 17:24:31.692056+00:00,,,,,0.154,42168.4,1.148,0.5109999999999999,30.634999999999998,53.849000000000004,42253.549,CONFIRMED
M02,63198,2026-09-10 17:24:31.813948+00:00,2026-09-10 17:24:31.850604+00:00,2026-09-10 17:23:49.551738+00:00,2026-09-10 17:23:49.553175+00:00,2026-09-10 17:23:49.552003+00:00,2026-09-10 17:24:31.777584+00:00,2026-09-10 17:24:31.779306+00:00,,,,,0.265,42225.581,1.1720000000000002,1.722,34.641999999999996,36.656,42298.865999999995,CONFIRMED
M02,63199,2026-09-10 17:24:31.878008+00:00,2026-09-10 17:24:31.915203+00:00,2026-09-10 17:23:49.580536+00:00,2026-09-10 17:23:49.581958+00:00,2026-09-10 17:23:49.580893+00:00,2026-09-10 17:24:31.851438+00:00,2026-09-10 17:24:31.851995+00:00,,,,,0.357,42270.545,1.065,0.5569999999999999,26.013,37.195,42334.667,CONFIRMED
M02,63200,2026-09-10 17:24:31.944648+00:00,2026-09-10 17:24:31.983163+00:00,2026-09-10 17:23:49.611231+00:00,2026-09-10 17:23:49.615651+00:00,2026-09-10 17:23:49.611493+00:00,2026-09-10 17:24:31.916930+00:00,2026-09-10 17:24:31.917473+00:00,,,,,0.262,42305.437,4.158,0.5429999999999999,27.175,38.515,42371.932,CONFIRMED
M02,63201,2026-09-10 17:24:32.006560+00:00,2026-09-10 17:24:32.044172+00:00,2026-09-10 17:23:49.646083+00:00,2026-09-10 17:23:49.647149+00:00,2026-09-10 17:23:49.646318+00:00,2026-09-10 17:24:31.984116+00:00,2026-09-10 17:24:31.984576+00:00,,,,,0.235,42337.798,0.8310000000000001,0.46,21.984,37.612,42398.089,CONFIRMED
M02,63202,2026-09-10 17:24:32.071368+00:00,2026-09-10 17:24:32.114573+00:00,2026-09-10 17:23:49.677177+00:00,2026-09-10 17:23:49.678009+00:00,2026-09-10 17:23:49.677363+00:00,2026-09-10 17:24:32.044703+00:00,2026-09-10 17:24:32.045194+00:00,,,,,0.186,42367.34,0.646,0.491,26.174,43.205,42437.396,CONFIRMED
M02,63203,2026-09-10 17:24:32.142373+00:00,2026-09-10 17:24:32.183776+00:00,2026-09-10 17:23:49.705340+00:00,2026-09-10 17:23:49.706575+00:00,2026-09-10 17:23:49.705473+00:00,2026-09-10 17:24:32.115300+00:00,2026-09-10 17:24:32.115942+00:00,,,,,0.133,42409.827,1.1019999999999999,0.642,26.431,41.403000000000006,42478.436,CONFIRMED
M02,63204,2026-09-10 17:24:32.211624+00:00,2026-09-10 17:24:32.253603+00:00,2026-09-10 17:23:49.734321+00:00,2026-09-10 17:23:49.735843+00:00,2026-09-10 17:23:49.734512+00:00,2026-09-10 17:24:32.184304+00:00,2026-09-10 17:24:32.184685+00:00,,,,,0.191,42449.792,1.331,0.381,26.939,41.979,42519.282,CONFIRMED
M02,63205,2026-09-10 17:24:32.277300+00:00,2026-09-10 17:24:32.316863+00:00,2026-09-10 17:23:49.764058+00:00,2026-09-10 17:23:49.765351+00:00,2026-09-10 17:23:49.764237+00:00,2026-09-10 17:24:32.254442+00:00,2026-09-10 17:24:32.255015+00:00,,,,,0.179,42490.205,1.1139999999999999,0.5730000000000001,22.285,39.563,42552.805,CONFIRMED
M02,63206,2026-09-10 17:24:32.344914+00:00,2026-09-10 17:24:32.383522+00:00,2026-09-10 17:23:49.792524+00:00,2026-09-10 17:23:49.795388+00:00,2026-09-10 17:23:49.792715+00:00,2026-09-10 17:24:32.317575+00:00,2026-09-10 17:24:32.318122+00:00,,,,,0.191,42524.85999999999,2.673,0.5469999999999999,26.792,38.608000000000004,42590.998,CONFIRMED
M02,63207,2026-09-10 17:24:32.431630+00:00,2026-09-10 17:24:32.476971+00:00,2026-09-10 17:23:49.823359+00:00,2026-09-10 17:23:49.824980+00:00,2026-09-10 17:23:49.823940+00:00,2026-09-10 17:24:32.384397+00:00,2026-09-10 17:24:32.384975+00:00,,,,,0.5810000000000001,42560.457,1.0399999999999998,0.578,46.655,45.341,42653.612,CONFIRMED
M02,63208,2026-09-10 17:24:32.507366+00:00,2026-09-10 17:24:32.554844+00:00,2026-09-10 17:23:49.852314+00:00,2026-09-10 17:23:49.855410+00:00,2026-09-10 17:23:49.852512+00:00,2026-09-10 17:24:32.477823+00:00,2026-09-10 17:24:32.478256+00:00,,,,,0.19799999999999998,42625.310999999994,2.898,0.433,29.11,47.478,42702.530000000006,CONFIRMED
M02,63209,2026-09-10 17:24:32.590731+00:00,2026-09-10 17:24:32.643116+00:00,2026-09-10 17:23:49.884354+00:00,2026-09-10 17:23:49.888493+00:00,2026-09-10 17:23:49.884592+00:00,2026-09-10 17:24:32.555637+00:00,2026-09-10 17:24:32.556219+00:00,,,,,0.23800000000000002,42671.045,3.901,0.5820000000000001,34.512,52.385,42758.761999999995,CONFIRMED
M02,63210,2026-09-10 17:24:32.676496+00:00,2026-09-10 17:24:32.722756+00:00,2026-09-10 17:23:49.917023+00:00,2026-09-10 17:23:49.918044+00:00,2026-09-10 17:23:49.917261+00:00,2026-09-10 17:24:32.643793+00:00,2026-09-10 17:24:32.644320+00:00,,,,,0.23800000000000002,42726.532,0.7829999999999999,0.527,32.176,46.260000000000005,42805.733,CONFIRMED
M02,63211,2026-09-10 17:24:32.754187+00:00,2026-09-10 17:24:32.802930+00:00,2026-09-10 17:23:49.948014+00:00,2026-09-10 17:23:49.949973+00:00,2026-09-10 17:23:49.948354+00:00,2026-09-10 17:24:32.723506+00:00,2026-09-10 17:24:32.724179+00:00,,,,,0.34,42775.152,1.619,0.673,30.008,48.743,42854.916000000005,CONFIRMED
M02,63212,2026-09-10 17:24:32.843423+00:00,2026-09-10 17:24:32.887575+00:00,2026-09-10 17:23:49.979042+00:00,2026-09-10 17:23:49.980479+00:00,2026-09-10 17:23:49.979203+00:00,2026-09-10 17:24:32.803739+00:00,2026-09-10 17:24:32.804273+00:00,,,,,0.161,42824.536,1.276,0.5339999999999999,39.15,44.151999999999994,42908.532999999996,CONFIRMED
M02,63213,2026-09-10 17:24:32.917014+00:00,2026-09-10 17:24:32.956550+00:00,2026-09-10 17:23:50.007677+00:00,2026-09-10 17:23:50.009082+00:00,2026-09-10 17:23:50.007840+00:00,2026-09-10 17:24:32.888430+00:00,2026-09-10 17:24:32.888961+00:00,,,,,0.163,42880.59,1.242,0.531,28.053,39.536,42948.873,CONFIRMED
M02,63214,2026-09-10 17:24:32.986116+00:00,2026-09-10 17:24:33.035159+00:00,2026-09-10 17:23:50.036734+00:00,2026-09-10 17:23:50.037951+00:00,2026-09-10 17:23:50.037000+00:00,2026-09-10 17:24:32.957515+00:00,2026-09-10 17:24:32.958030+00:00,,,,,0.266,42920.515,0.9510000000000001,0.515,28.086,49.043000000000006,42998.424999999996,CONFIRMED
M02,63215,2026-09-10 17:24:33.074660+00:00,2026-09-10 17:24:33.130142+00:00,2026-09-10 17:23:50.067025+00:00,2026-09-10 17:23:50.068222+00:00,2026-09-10 17:23:50.067179+00:00,2026-09-10 17:24:33.035874+00:00,2026-09-10 17:24:33.036952+00:00,,,,,0.154,42968.695,1.0430000000000001,1.078,37.708,55.482,43063.117,CONFIRMED
M02,63216,2026-09-10 17:24:33.166353+00:00,2026-09-10 17:24:33.209716+00:00,2026-09-10 17:23:50.097367+00:00,2026-09-10 17:23:50.099262+00:00,2026-09-10 17:23:50.097503+00:00,2026-09-10 17:24:33.130898+00:00,2026-09-10 17:24:33.131409+00:00,,,,,0.136,43033.395,1.759,0.5109999999999999,34.944,43.363,43112.349,CONFIRMED
M02,63217,2026-09-10 17:24:33.238195+00:00,2026-09-10 17:24:33.281542+00:00,2026-09-10 17:23:50.126671+00:00,2026-09-10 17:23:50.128308+00:00,2026-09-10 17:23:50.126915+00:00,2026-09-10 17:24:33.210578+00:00,2026-09-10 17:24:33.211093+00:00,,,,,0.244,43083.663,1.393,0.515,27.102,43.346999999999994,43154.871,CONFIRMED
M02,63218,2026-09-10 17:24:33.311438+00:00,2026-09-10 17:24:33.353654+00:00,2026-09-10 17:23:50.160338+00:00,2026-09-10 17:23:50.164318+00:00,2026-09-10 17:23:50.160548+00:00,2026-09-10 17:24:33.282582+00:00,2026-09-10 17:24:33.283329+00:00,,,,,0.21000000000000002,43122.034,3.77,0.747,28.108999999999998,42.215999999999994,43193.316000000006,CONFIRMED
M02,63219,2026-09-10 17:24:33.381419+00:00,2026-09-10 17:24:33.417576+00:00,2026-09-10 17:23:50.192663+00:00,2026-09-10 17:23:50.194394+00:00,2026-09-10 17:23:50.192930+00:00,2026-09-10 17:24:33.354425+00:00,2026-09-10 17:24:33.354948+00:00,,,,,0.26699999999999996,43161.495,1.464,0.523,26.471,36.157000000000004,43224.913,CONFIRMED
M02,63220,2026-09-10 17:24:33.439634+00:00,2026-09-10 17:24:33.476383+00:00,2026-09-10 17:23:50.221754+00:00,2026-09-10 17:23:50.225015+00:00,2026-09-10 17:23:50.223448+00:00,2026-09-10 17:24:33.418365+00:00,2026-09-10 17:24:33.418838+00:00,,,,,1.694,43194.916999999994,1.567,0.47300000000000003,20.796,36.748999999999995,43254.629,CONFIRMED
M02,63221,2026-09-10 17:24:33.502597+00:00,2026-09-10 17:24:33.537712+00:00,2026-09-10 17:23:50.255318+00:00,2026-09-10 17:23:50.256437+00:00,2026-09-10 17:23:50.255499+00:00,2026-09-10 17:24:33.477113+00:00,2026-09-10 17:24:33.477823+00:00,,,,,0.18100000000000002,43221.614,0.9380000000000001,0.71,24.774,35.115,43282.39399999999,CONFIRMED
M02,63222,2026-09-10 17:24:33.561883+00:00,2026-09-10 17:24:33.601328+00:00,2026-09-10 17:23:50.285519+00:00,2026-09-10 17:23:50.290610+00:00,2026-09-10 17:23:50.285742+00:00,2026-09-10 17:24:33.538537+00:00,2026-09-10 17:24:33.539112+00:00,,,,,0.223,43252.795,4.868,0.575,22.771,39.445,43315.809,CONFIRMED
M02,63223,2026-09-10 17:24:33.638477+00:00,2026-09-10 17:24:33.692332+00:00,2026-09-10 17:23:50.318844+00:00,2026-09-10 17:23:50.319927+00:00,2026-09-10 17:23:50.319181+00:00,2026-09-10 17:24:33.602088+00:00,2026-09-10 17:24:33.602566+00:00,,,,,0.337,43282.907,0.746,0.47800000000000004,35.911,53.855,43373.488000000005,CONFIRMED
M02,63224,2026-09-10 17:24:33.720174+00:00,2026-09-10 17:24:33.761079+00:00,2026-09-10 17:23:50.347401+00:00,2026-09-10 17:23:50.350154+00:00,2026-09-10 17:23:50.347632+00:00,2026-09-10 17:24:33.693654+00:00,2026-09-10 17:24:33.694262+00:00,,,,,0.231,43346.022,2.522,0.608,25.912000000000003,40.904999999999994,43413.678,CONFIRMED
M02,63225,2026-09-10 17:24:33.784351+00:00,2026-09-10 17:24:33.822471+00:00,2026-09-10 17:23:50.377778+00:00,2026-09-10 17:23:50.380828+00:00,2026-09-10 17:23:50.377999+00:00,2026-09-10 17:24:33.761928+00:00,2026-09-10 17:24:33.762454+00:00,,,,,0.221,43383.929000000004,2.8289999999999997,0.526,21.897,38.120000000000005,43444.693,CONFIRMED
M02,63226,2026-09-10 17:24:33.847691+00:00,2026-09-10 17:24:33.883808+00:00,2026-09-10 17:23:50.409776+00:00,2026-09-10 17:23:50.411575+00:00,2026-09-10 17:23:50.410033+00:00,2026-09-10 17:24:33.823223+00:00,2026-09-10 17:24:33.823753+00:00,,,,,0.257,43413.19,1.542,0.53,23.938000000000002,36.117000000000004,43474.032,CONFIRMED
M02,63227,2026-09-10 17:24:33.911368+00:00,2026-09-10 17:24:33.946990+00:00,2026-09-10 17:23:50.439567+00:00,2026-09-10 17:23:50.442937+00:00,2026-09-10 17:23:50.439824+00:00,2026-09-10 17:24:33.884645+00:00,2026-09-10 17:24:33.885210+00:00,,,,,0.257,43444.820999999996,3.113,0.565,26.158,35.622,43507.423,CONFIRMED
M02,63228,2026-09-10 17:24:33.974568+00:00,2026-09-10 17:24:34.013131+00:00,2026-09-10 17:23:50.473546+00:00,2026-09-10 17:23:50.474486+00:00,2026-09-10 17:23:50.473735+00:00,2026-09-10 17:24:33.947867+00:00,2026-09-10 17:24:33.948523+00:00,,,,,0.189,43474.132,0.751,0.656,26.044999999999998,38.563,43539.585,CONFIRMED
M02,63229,2026-09-10 17:24:34.039137+00:00,2026-09-10 17:24:34.074707+00:00,2026-09-10 17:23:50.502207+00:00,2026-09-10 17:23:50.503358+00:00,2026-09-10 17:23:50.502397+00:00,2026-09-10 17:24:34.014740+00:00,2026-09-10 17:24:34.015137+00:00,,,,,0.19,43512.343,0.9610000000000001,0.397,24.0,35.57,43572.5,CONFIRMED
M02,63230,2026-09-10 17:24:34.101827+00:00,2026-09-10 17:24:34.139321+00:00,2026-09-10 17:23:50.531141+00:00,2026-09-10 17:23:50.532194+00:00,2026-09-10 17:23:50.531345+00:00,2026-09-10 17:24:34.075511+00:00,2026-09-10 17:24:34.076024+00:00,,,,,0.204,43544.166,0.8490000000000001,0.513,25.803,37.494,43608.18,CONFIRMED
M02,63231,2026-09-10 17:24:34.163082+00:00,2026-09-10 17:24:34.199986+00:00,2026-09-10 17:23:50.562316+00:00,2026-09-10 17:23:50.564771+00:00,2026-09-10 17:23:50.562494+00:00,2026-09-10 17:24:34.140035+00:00,2026-09-10 17:24:34.140578+00:00,,,,,0.178,43577.541,2.277,0.5429999999999999,22.504,36.903999999999996,43637.67,CONFIRMED
M02,63232,2026-09-10 17:24:34.233007+00:00,2026-09-10 17:24:34.268979+00:00,2026-09-10 17:23:50.594245+00:00,2026-09-10 17:23:50.596118+00:00,2026-09-10 17:23:50.594465+00:00,2026-09-10 17:24:34.200848+00:00,2026-09-10 17:24:34.201400+00:00,,,,,0.22,43606.383,1.653,0.5519999999999999,31.607000000000003,35.971999999999994,43674.734000000004,CONFIRMED
M02,63233,2026-09-10 17:24:34.292017+00:00,2026-09-10 17:24:34.329199+00:00,2026-09-10 17:23:50.625700+00:00,2026-09-10 17:23:50.627089+00:00,2026-09-10 17:23:50.625977+00:00,2026-09-10 17:24:34.269602+00:00,2026-09-10 17:24:34.270101+00:00,,,,,0.277,43643.625,1.1119999999999999,0.499,21.916,37.182,43703.499,CONFIRMED
M02,63234,2026-09-10 17:24:34.352546+00:00,2026-09-10 17:24:34.392681+00:00,2026-09-10 17:23:50.655550+00:00,2026-09-10 17:23:50.656961+00:00,2026-09-10 17:23:50.655776+00:00,2026-09-10 17:24:34.329898+00:00,2026-09-10 17:24:34.330415+00:00,,,,,0.22599999999999998,43674.121999999996,1.185,0.517,22.131,40.135,43737.131,CONFIRMED
M02,63235,2026-09-10 17:24:34.416474+00:00,2026-09-10 17:24:34.453361+00:00,2026-09-10 17:23:50.684564+00:00,2026-09-10 17:23:50.685607+00:00,2026-09-10 17:23:50.684806+00:00,2026-09-10 17:24:34.393457+00:00,2026-09-10 17:24:34.393982+00:00,,,,,0.242,43708.651000000005,0.8009999999999999,0.525,22.492,36.887,43768.797,CONFIRMED
M02,63236,2026-09-10 17:24:34.480585+00:00,2026-09-10 17:24:34.521112+00:00,2026-09-10 17:23:50.713141+00:00,2026-09-10 17:23:50.714208+00:00,2026-09-10 17:23:50.713314+00:00,2026-09-10 17:24:34.454289+00:00,2026-09-10 17:24:34.454825+00:00,,,,,0.17300000000000001,43740.975,0.894,0.536,25.76,40.527,43807.971000000005,CONFIRMED
M02,63237,2026-09-10 17:24:34.547375+00:00,2026-09-10 17:24:34.584661+00:00,2026-09-10 17:23:50.742151+00:00,2026-09-10 17:23:50.745158+00:00,2026-09-10 17:23:50.742583+00:00,2026-09-10 17:24:34.521935+00:00,2026-09-10 17:24:34.522489+00:00,,,,,0.432,43779.352000000006,2.575,0.554,24.886,37.286,43842.509999999995,CONFIRMED
M02,63238,2026-09-10 17:24:34.614436+00:00,2026-09-10 17:24:34.655228+00:00,2026-09-10 17:23:50.775695+00:00,2026-09-10 17:23:50.779399+00:00,2026-09-10 17:23:50.775935+00:00,2026-09-10 17:24:34.585327+00:00,2026-09-10 17:24:34.585973+00:00,,,,,0.24000000000000002,43809.392,3.464,0.646,28.462999999999997,40.792,43879.533,CONFIRMED
M02,63239,2026-09-10 17:24:34.695795+00:00,2026-09-10 17:24:34.739045+00:00,2026-09-10 17:23:50.809274+00:00,2026-09-10 17:23:50.811239+00:00,2026-09-10 17:23:50.809477+00:00,2026-09-10 17:24:34.656193+00:00,2026-09-10 17:24:34.656742+00:00,,,,,0.203,43846.716,1.7619999999999998,0.549,39.053,43.25,43929.771,CONFIRMED
M02,63240,2026-09-10 17:24:34.772348+00:00,2026-09-10 17:24:34.826058+00:00,2026-09-10 17:23:50.839083+00:00,2026-09-10 17:23:50.844734+00:00,2026-09-10 17:23:50.839296+00:00,2026-09-10 17:24:34.739891+00:00,2026-09-10 17:24:34.740433+00:00,,,,,0.213,43900.595,5.438,0.5419999999999999,31.915,53.71,43986.975,CONFIRMED
M02,63241,2026-09-10 17:24:34.855200+00:00,2026-09-10 17:24:34.894847+00:00,2026-09-10 17:23:50.872063+00:00,2026-09-10 17:23:50.873246+00:00,2026-09-10 17:23:50.872305+00:00,2026-09-10 17:24:34.826704+00:00,2026-09-10 17:24:34.827292+00:00,,,,,0.242,43954.399000000005,0.941,0.588,27.907999999999998,39.647,44022.784,CONFIRMED
M02,63242,2026-09-10 17:24:34.926583+00:00,2026-09-10 17:24:34.968710+00:00,2026-09-10 17:23:50.902553+00:00,2026-09-10 17:23:50.903954+00:00,2026-09-10 17:23:50.902839+00:00,2026-09-10 17:24:34.895567+00:00,2026-09-10 17:24:34.896115+00:00,,,,,0.28600000000000003,43992.728,1.1150000000000002,0.5479999999999999,30.468,42.126999999999995,44066.157,CONFIRMED
M02,63243,2026-09-10 17:24:34.996876+00:00,2026-09-10 17:24:35.034114+00:00,2026-09-10 17:23:50.932034+00:00,2026-09-10 17:23:50.933620+00:00,2026-09-10 17:23:50.932266+00:00,2026-09-10 17:24:34.969535+00:00,2026-09-10 17:24:34.970044+00:00,,,,,0.232,44037.269,1.3539999999999999,0.509,26.832,37.238,44102.08,CONFIRMED
M02,63244,2026-09-10 17:24:35.060055+00:00,2026-09-10 17:24:35.095644+00:00,2026-09-10 17:23:50.960548+00:00,2026-09-10 17:23:50.961466+00:00,2026-09-10 17:23:50.960714+00:00,2026-09-10 17:24:35.034985+00:00,2026-09-10 17:24:35.035546+00:00,,,,,0.166,44074.271,0.752,0.5609999999999999,24.509,35.589000000000006,44135.096,CONFIRMED
M02,63245,2026-09-10 17:24:35.121440+00:00,2026-09-10 17:24:35.160641+00:00,2026-09-10 17:23:50.989101+00:00,2026-09-10 17:23:50.990307+00:00,2026-09-10 17:23:50.989411+00:00,2026-09-10 17:24:35.096506+00:00,2026-09-10 17:24:35.097005+00:00,,,,,0.31,44107.095,0.896,0.499,24.435,39.201,44171.54,CONFIRMED
M02,63246,2026-09-10 17:24:35.191695+00:00,2026-09-10 17:24:35.234980+00:00,2026-09-10 17:23:51.019174+00:00,2026-09-10 17:23:51.020136+00:00,2026-09-10 17:23:51.019356+00:00,2026-09-10 17:24:35.161504+00:00,2026-09-10 17:24:35.162091+00:00,,,,,0.182,44142.148,0.78,0.587,29.604,43.285,44215.806000000004,CONFIRMED
M02,63247,2026-09-10 17:24:35.271145+00:00,2026-09-10 17:24:35.311682+00:00,2026-09-10 17:23:51.048071+00:00,2026-09-10 17:23:51.051191+00:00,2026-09-10 17:23:51.048219+00:00,2026-09-10 17:24:35.236050+00:00,2026-09-10 17:24:35.236890+00:00,,,,,0.148,44187.831000000006,2.972,0.8400000000000001,34.255,40.537,44263.611,CONFIRMED
M02,63248,2026-09-10 17:24:35.343207+00:00,2026-09-10 17:24:35.386552+00:00,2026-09-10 17:23:51.079572+00:00,2026-09-10 17:23:51.080829+00:00,2026-09-10 17:23:51.079796+00:00,2026-09-10 17:24:35.312608+00:00,2026-09-10 17:24:35.313186+00:00,,,,,0.224,44232.812000000005,1.0330000000000001,0.578,30.021,43.345,44306.98,CONFIRMED
M02,63249,2026-09-10 17:24:35.410043+00:00,2026-09-10 17:24:35.447620+00:00,2026-09-10 17:23:51.109545+00:00,2026-09-10 17:23:51.110564+00:00,2026-09-10 17:23:51.109823+00:00,2026-09-10 17:24:35.387410+00:00,2026-09-10 17:24:35.388047+00:00,,,,,0.27799999999999997,44277.587,0.741,0.637,21.996000000000002,37.577,44338.075000000004,CONFIRMED
M02,63250,2026-09-10 17:24:35.472131+00:00,2026-09-10 17:24:35.511598+00:00,2026-09-10 17:23:51.139588+00:00,2026-09-10 17:23:51.141015+00:00,2026-09-10 17:23:51.139752+00:00,2026-09-10 17:24:35.448535+00:00,2026-09-10 17:24:35.449209+00:00,,,,,0.164,44308.782999999996,1.2630000000000001,0.674,22.922,39.467,44372.01,CONFIRMED
M02,63251,2026-09-10 17:24:35.541885+00:00,2026-09-10 17:24:35.582441+00:00,2026-09-10 17:23:51.170269+00:00,2026-09-10 17:23:51.172342+00:00,2026-09-10 17:23:51.170619+00:00,2026-09-10 17:24:35.514116+00:00,2026-09-10 17:24:35.514628+00:00,,,,,0.35,44343.496999999996,1.7229999999999999,0.512,27.257,40.556000000000004,44412.172,CONFIRMED
M02,63252,2026-09-10 17:24:35.607221+00:00,2026-09-10 17:24:35.646997+00:00,2026-09-10 17:23:51.201441+00:00,2026-09-10 17:23:51.202680+00:00,2026-09-10 17:23:51.201641+00:00,2026-09-10 17:24:35.583290+00:00,2026-09-10 17:24:35.583877+00:00,,,,,0.2,44381.649000000005,1.039,0.587,23.344,39.775999999999996,44445.556000000004,CONFIRMED
M02,63253,2026-09-10 17:24:35.679885+00:00,2026-09-10 17:24:35.718224+00:00,2026-09-10 17:23:51.230886+00:00,2026-09-10 17:23:51.231712+00:00,2026-09-10 17:23:51.231035+00:00,2026-09-10 17:24:35.648112+00:00,2026-09-10 17:24:35.648815+00:00,,,,,0.149,44417.077,0.6769999999999999,0.703,31.07,38.339,44487.338,CONFIRMED
M02,63254,2026-09-10 17:24:35.748937+00:00,2026-09-10 17:24:35.786853+00:00,2026-09-10 17:23:51.259398+00:00,2026-09-10 17:23:51.260509+00:00,2026-09-10 17:23:51.259603+00:00,2026-09-10 17:24:35.719151+00:00,2026-09-10 17:24:35.719694+00:00,,,,,0.205,44459.547999999995,0.906,0.5429999999999999,29.243000000000002,37.916,44527.455,CONFIRMED
M02,63255,2026-09-10 17:24:35.813804+00:00,2026-09-10 17:24:35.852807+00:00,2026-09-10 17:23:51.289916+00:00,2026-09-10 17:23:51.291355+00:00,2026-09-10 17:23:51.290114+00:00,2026-09-10 17:24:35.787584+00:00,2026-09-10 17:24:35.788143+00:00,,,,,0.19799999999999998,44497.47,1.2409999999999999,0.559,25.661,39.003,44562.891,CONFIRMED
M02,63256,2026-09-10 17:24:35.886002+00:00,2026-09-10 17:24:35.922058+00:00,2026-09-10 17:23:51.320698+00:00,2026-09-10 17:23:51.322377+00:00,2026-09-10 17:23:51.320849+00:00,2026-09-10 17:24:35.853540+00:00,2026-09-10 17:24:35.854141+00:00,,,,,0.15100000000000002,44532.691,1.528,0.601,31.861,36.056,44601.36,CONFIRMED
M02,63257,2026-09-10 17:24:35.949789+00:00,2026-09-10 17:24:35.987228+00:00,2026-09-10 17:23:51.350344+00:00,2026-09-10 17:23:51.351173+00:00,2026-09-10 17:23:51.350494+00:00,2026-09-10 17:24:35.922847+00:00,2026-09-10 17:24:35.923398+00:00,,,,,0.15,44572.353,0.679,0.5509999999999999,26.391000000000002,37.439,44636.884000000005,CONFIRMED
M02,63258,2026-09-10 17:24:36.013080+00:00,2026-09-10 17:24:36.053420+00:00,2026-09-10 17:23:51.378993+00:00,2026-09-10 17:23:51.379987+00:00,2026-09-10 17:23:51.379151+00:00,2026-09-10 17:24:35.987824+00:00,2026-09-10 17:24:35.988899+00:00,,,,,0.158,44608.673,0.8360000000000001,1.075,24.181,40.34,44674.427,CONFIRMED
M02,63259,2026-09-10 17:24:36.080559+00:00,2026-09-10 17:24:36.117393+00:00,2026-09-10 17:23:51.414745+00:00,2026-09-10 17:23:51.416032+00:00,2026-09-10 17:23:51.414952+00:00,2026-09-10 17:24:36.054113+00:00,2026-09-10 17:24:36.054621+00:00,,,,,0.207,44639.161,1.08,0.508,25.938,36.833999999999996,44702.648,CONFIRMED
M02,63260,2026-09-10 17:24:36.148089+00:00,2026-09-10 17:24:36.187006+00:00,2026-09-10 17:23:51.445029+00:00,2026-09-10 17:23:51.446277+00:00,2026-09-10 17:23:51.445172+00:00,2026-09-10 17:24:36.118105+00:00,2026-09-10 17:24:36.118530+00:00,,,,,0.14300000000000002,44672.933,1.105,0.425,29.558999999999997,38.917,44741.977,CONFIRMED
M02,63261,2026-09-10 17:24:36.215427+00:00,2026-09-10 17:24:36.256631+00:00,2026-09-10 17:23:51.474221+00:00,2026-09-10 17:23:51.475658+00:00,2026-09-10 17:23:51.474545+00:00,2026-09-10 17:24:36.187834+00:00,2026-09-10 17:24:36.188388+00:00,,,,,0.324,44713.289000000004,1.113,0.554,27.039,41.204,44782.409999999996,CONFIRMED
M02,63262,2026-09-10 17:24:36.280977+00:00,2026-09-10 17:24:36.317533+00:00,2026-09-10 17:23:51.505197+00:00,2026-09-10 17:23:51.508420+00:00,2026-09-10 17:23:51.505329+00:00,2026-09-10 17:24:36.257407+00:00,2026-09-10 17:24:36.257902+00:00,,,,,0.132,44752.077999999994,3.091,0.495,23.075,36.556,44812.336,CONFIRMED
M02,63263,2026-09-10 17:24:36.345332+00:00,2026-09-10 17:24:36.382631+00:00,2026-09-10 17:23:51.536059+00:00,2026-09-10 17:23:51.537253+00:00,2026-09-10 17:23:51.536199+00:00,2026-09-10 17:24:36.318384+00:00,2026-09-10 17:24:36.318966+00:00,,,,,0.13999999999999999,44782.185,1.054,0.5820000000000001,26.366,37.299,44846.572,CONFIRMED
M02,63264,2026-09-10 17:24:36.406539+00:00,2026-09-10 17:24:36.443125+00:00,2026-09-10 17:23:51.565756+00:00,2026-09-10 17:23:51.567603+00:00,2026-09-10 17:23:51.565949+00:00,2026-09-10 17:24:36.383409+00:00,2026-09-10 17:24:36.383914+00:00,,,,,0.193,44817.46,1.6540000000000001,0.505,22.625,36.586,44877.369,CONFIRMED
M02,63265,2026-09-10 17:24:36.472014+00:00,2026-09-10 17:24:36.507881+00:00,2026-09-10 17:23:51.601278+00:00,2026-09-10 17:23:51.604532+00:00,2026-09-10 17:23:51.601417+00:00,2026-09-10 17:24:36.443979+00:00,2026-09-10 17:24:36.444507+00:00,,,,,0.13899999999999998,44842.562,3.115,0.528,27.507,35.867000000000004,44906.602999999996,CONFIRMED
M02,63266,2026-09-10 17:24:36.533872+00:00,2026-09-10 17:24:36.570558+00:00,2026-09-10 17:23:51.632164+00:00,2026-09-10 17:23:51.633177+00:00,2026-09-10 17:23:51.632347+00:00,2026-09-10 17:24:36.508652+00:00,2026-09-10 17:24:36.509084+00:00,,,,,0.183,44876.305,0.83,0.432,24.788,36.686,44938.394,CONFIRMED
M02,63267,2026-09-10 17:24:36.594374+00:00,2026-09-10 17:24:36.632930+00:00,2026-09-10 17:23:51.660922+00:00,2026-09-10 17:23:51.662068+00:00,2026-09-10 17:23:51.661123+00:00,2026-09-10 17:24:36.571398+00:00,2026-09-10 17:24:36.571929+00:00,,,,,0.201,44910.275,0.945,0.531,22.445,38.556,44972.008,CONFIRMED
M02,63268,2026-09-10 17:24:36.662951+00:00,2026-09-10 17:24:36.710665+00:00,2026-09-10 17:23:51.689543+00:00,2026-09-10 17:23:51.690751+00:00,2026-09-10 17:23:51.689711+00:00,2026-09-10 17:24:36.633722+00:00,2026-09-10 17:24:36.634252+00:00,,,,,0.16799999999999998,44944.011000000006,1.0399999999999998,0.53,28.698999999999998,47.714,45021.121999999996,CONFIRMED
M02,63269,2026-09-10 17:24:36.736563+00:00,2026-09-10 17:24:36.775459+00:00,2026-09-10 17:23:51.723311+00:00,2026-09-10 17:23:51.725001+00:00,2026-09-10 17:23:51.723553+00:00,2026-09-10 17:24:36.711519+00:00,2026-09-10 17:24:36.711972+00:00,,,,,0.242,44987.966,1.4480000000000002,0.453,24.590999999999998,38.896,45052.148,CONFIRMED
M02,63270,2026-09-10 17:24:36.808051+00:00,2026-09-10 17:24:36.844777+00:00,2026-09-10 17:23:51.756812+00:00,2026-09-10 17:23:51.758111+00:00,2026-09-10 17:23:51.757014+00:00,2026-09-10 17:24:36.776481+00:00,2026-09-10 17:24:36.777240+00:00,,,,,0.202,45019.467,1.0970000000000002,0.759,30.811,36.726,45087.965,CONFIRMED
M02,63271,2026-09-10 17:24:36.874998+00:00,2026-09-10 17:24:36.931344+00:00,2026-09-10 17:23:51.786825+00:00,2026-09-10 17:23:51.789183+00:00,2026-09-10 17:23:51.787071+00:00,2026-09-10 17:24:36.845797+00:00,2026-09-10 17:24:36.846276+00:00,,,,,0.24600000000000002,45058.726,2.112,0.479,28.722,56.346000000000004,45144.519,CONFIRMED
M02,63272,2026-09-10 17:24:36.960453+00:00,2026-09-10 17:24:37.003184+00:00,2026-09-10 17:23:51.817569+00:00,2026-09-10 17:23:51.819093+00:00,2026-09-10 17:23:51.817779+00:00,2026-09-10 17:24:36.932208+00:00,2026-09-10 17:24:36.932759+00:00,,,,,0.21000000000000002,45114.429000000004,1.314,0.5509999999999999,27.694,42.731,45185.615,CONFIRMED
M02,63273,2026-09-10 17:24:37.031418+00:00,2026-09-10 17:24:37.067284+00:00,2026-09-10 17:23:51.847409+00:00,2026-09-10 17:23:51.848493+00:00,2026-09-10 17:23:51.847594+00:00,2026-09-10 17:24:37.003964+00:00,2026-09-10 17:24:37.004502+00:00,,,,,0.185,45156.37,0.8989999999999999,0.5379999999999999,26.916,35.866,45219.875,CONFIRMED
M02,63274,2026-09-10 17:24:37.096471+00:00,2026-09-10 17:24:37.137716+00:00,2026-09-10 17:23:51.876180+00:00,2026-09-10 17:23:51.877327+00:00,2026-09-10 17:23:51.876360+00:00,2026-09-10 17:24:37.068229+00:00,2026-09-10 17:24:37.068874+00:00,,,,,0.18000000000000002,45191.869,0.967,0.6449999999999999,27.597,41.245,45261.536,CONFIRMED
M02,63275,2026-09-10 17:24:37.163569+00:00,2026-09-10 17:24:37.200151+00:00,2026-09-10 17:23:51.908768+00:00,2026-09-10 17:23:51.910332+00:00,2026-09-10 17:23:51.909011+00:00,2026-09-10 17:24:37.138617+00:00,2026-09-10 17:24:37.139230+00:00,,,,,0.243,45229.606,1.321,0.6130000000000001,24.339,36.582,45291.383,CONFIRMED
M02,63276,2026-09-10 17:24:37.228040+00:00,2026-09-10 17:24:37.264843+00:00,2026-09-10 17:23:51.939121+00:00,2026-09-10 17:23:51.940201+00:00,2026-09-10 17:23:51.939298+00:00,2026-09-10 17:24:37.200946+00:00,2026-09-10 17:24:37.201501+00:00,,,,,0.177,45261.648,0.903,0.555,26.539,36.803000000000004,45325.722,CONFIRMED
M02,63277,2026-09-10 17:24:37.291013+00:00,2026-09-10 17:24:37.328229+00:00,2026-09-10 17:23:51.968180+00:00,2026-09-10 17:23:51.969661+00:00,2026-09-10 17:23:51.968414+00:00,2026-09-10 17:24:37.265559+00:00,2026-09-10 17:24:37.266048+00:00,,,,,0.23399999999999999,45297.145000000004,1.247,0.48899999999999993,24.965,37.216,45360.049,CONFIRMED
M02,63278,2026-09-10 17:24:37.355124+00:00,2026-09-10 17:24:37.392673+00:00,2026-09-10 17:23:51.997380+00:00,2026-09-10 17:23:51.998613+00:00,2026-09-10 17:23:51.997558+00:00,2026-09-10 17:24:37.329019+00:00,2026-09-10 17:24:37.329744+00:00,,,,,0.178,45331.460999999996,1.055,0.725,25.38,37.549,45395.293000000005,CONFIRMED
M02,63279,2026-09-10 17:24:37.425234+00:00,2026-09-10 17:24:37.477640+00:00,2026-09-10 17:23:52.029065+00:00,2026-09-10 17:23:52.030589+00:00,2026-09-10 17:23:52.029291+00:00,2026-09-10 17:24:37.393564+00:00,2026-09-10 17:24:37.394084+00:00,,,,,0.22599999999999998,45364.272999999994,1.2979999999999998,0.5199999999999999,31.150000000000002,52.406,45448.575,CONFIRMED
M02,63280,2026-09-10 17:24:37.505371+00:00,2026-09-10 17:24:37.551502+00:00,2026-09-10 17:23:52.059079+00:00,2026-09-10 17:23:52.062519+00:00,2026-09-10 17:23:52.059313+00:00,2026-09-10 17:24:37.478450+00:00,2026-09-10 17:24:37.479028+00:00,,,,,0.23399999999999999,45419.137,3.206,0.578,26.343,46.131,45492.423,CONFIRMED
M02,63281,2026-09-10 17:24:37.578561+00:00,2026-09-10 17:24:37.616937+00:00,2026-09-10 17:23:52.090849+00:00,2026-09-10 17:23:52.092306+00:00,2026-09-10 17:23:52.090999+00:00,2026-09-10 17:24:37.552297+00:00,2026-09-10 17:24:37.552862+00:00,,,,,0.15,45461.298,1.307,0.565,25.698999999999998,38.376,45526.088,CONFIRMED
M02,63282,2026-09-10 17:24:37.650722+00:00,2026-09-10 17:24:37.692709+00:00,2026-09-10 17:23:52.120770+00:00,2026-09-10 17:23:52.121728+00:00,2026-09-10 17:23:52.120946+00:00,2026-09-10 17:24:37.617763+00:00,2026-09-10 17:24:37.618306+00:00,,,,,0.176,45496.817,0.782,0.5429999999999999,32.416,41.986999999999995,45571.939,CONFIRMED
M02,63283,2026-09-10 17:24:37.720604+00:00,2026-09-10 17:24:37.760815+00:00,2026-09-10 17:23:52.149422+00:00,2026-09-10 17:23:52.150967+00:00,2026-09-10 17:23:52.149608+00:00,2026-09-10 17:24:37.693422+00:00,2026-09-10 17:24:37.694693+00:00,,,,,0.186,45543.814,1.359,1.271,25.911,40.211,45611.393,CONFIRMED
M02,63284,2026-09-10 17:24:37.784831+00:00,2026-09-10 17:24:37.826919+00:00,2026-09-10 17:23:52.178458+00:00,2026-09-10 17:23:52.179231+00:00,2026-09-10 17:23:52.178634+00:00,2026-09-10 17:24:37.761543+00:00,2026-09-10 17:24:37.761978+00:00,,,,,0.176,45582.909,0.597,0.435,22.852999999999998,42.088,45648.460999999996,CONFIRMED
M02,63285,2026-09-10 17:24:37.853144+00:00,2026-09-10 17:24:37.889685+00:00,2026-09-10 17:23:52.217914+00:00,2026-09-10 17:23:52.219104+00:00,2026-09-10 17:23:52.218154+00:00,2026-09-10 17:24:37.828219+00:00,2026-09-10 17:24:37.828806+00:00,,,,,0.24000000000000002,45610.065,0.95,0.587,24.337999999999997,36.541,45671.771,CONFIRMED
M02,63286,2026-09-10 17:24:37.918406+00:00,2026-09-10 17:24:37.956223+00:00,2026-09-10 17:23:52.248601+00:00,2026-09-10 17:23:52.251563+00:00,2026-09-10 17:23:52.248843+00:00,2026-09-10 17:24:37.890412+00:00,2026-09-10 17:24:37.890989+00:00,,,,,0.242,45641.568999999996,2.72,0.5770000000000001,27.417,37.817,45707.622,CONFIRMED
M02,63287,2026-09-10 17:24:37.984439+00:00,2026-09-10 17:24:38.022193+00:00,2026-09-10 17:23:52.279729+00:00,2026-09-10 17:23:52.280624+00:00,2026-09-10 17:23:52.279854+00:00,2026-09-10 17:24:37.957094+00:00,2026-09-10 17:24:37.957595+00:00,,,,,0.125,45677.24,0.7699999999999999,0.501,26.844,37.754000000000005,45742.464,CONFIRMED
M02,63288,2026-09-10 17:24:38.051614+00:00,2026-09-10 17:24:38.088249+00:00,2026-09-10 17:23:52.308012+00:00,2026-09-10 17:23:52.310481+00:00,2026-09-10 17:23:52.308219+00:00,2026-09-10 17:24:38.023052+00:00,2026-09-10 17:24:38.023645+00:00,,,,,0.207,45714.833,2.262,0.593,27.969,36.635,45780.237,CONFIRMED
M02,63289,2026-09-10 17:24:38.112518+00:00,2026-09-10 17:24:38.150570+00:00,2026-09-10 17:23:52.338824+00:00,2026-09-10 17:23:52.340149+00:00,2026-09-10 17:23:52.339046+00:00,2026-09-10 17:24:38.089089+00:00,2026-09-10 17:24:38.089786+00:00,,,,,0.222,45750.043,1.103,0.6970000000000001,22.732,38.052,45811.746,CONFIRMED
M02,63290,2026-09-10 17:24:38.176492+00:00,2026-09-10 17:24:38.213649+00:00,2026-09-10 17:23:52.368408+00:00,2026-09-10 17:23:52.369321+00:00,2026-09-10 17:23:52.368553+00:00,2026-09-10 17:24:38.151650+00:00,2026-09-10 17:24:38.152114+00:00,,,,,0.145,45783.096999999994,0.768,0.464,24.378,37.157000000000004,45845.241,CONFIRMED
M02,63291,2026-09-10 17:24:38.239822+00:00,2026-09-10 17:24:38.278133+00:00,2026-09-10 17:23:52.397614+00:00,2026-09-10 17:23:52.400011+00:00,2026-09-10 17:23:52.398078+00:00,2026-09-10 17:24:38.214434+00:00,2026-09-10 17:24:38.215046+00:00,,,,,0.464,45816.356,1.933,0.612,24.776,38.311,45880.519,CONFIRMED
M02,63292,2026-09-10 17:24:38.310501+00:00,2026-09-10 17:24:38.345336+00:00,2026-09-10 17:23:52.427830+00:00,2026-09-10 17:23:52.429008+00:00,2026-09-10 17:23:52.427996+00:00,2026-09-10 17:24:38.278973+00:00,2026-09-10 17:24:38.279490+00:00,,,,,0.166,45850.977,1.012,0.517,31.011,34.835,45917.506,CONFIRMED
M02,63293,2026-09-10 17:24:38.369704+00:00,2026-09-10 17:24:38.411419+00:00,2026-09-10 17:23:52.456424+00:00,2026-09-10 17:23:52.457417+00:00,2026-09-10 17:23:52.456600+00:00,2026-09-10 17:24:38.346048+00:00,2026-09-10 17:24:38.346596+00:00,,,,,0.176,45889.448000000004,0.8170000000000001,0.5479999999999999,23.108,41.715,45954.994999999995,CONFIRMED
M02,63294,2026-09-10 17:24:38.439103+00:00,2026-09-10 17:24:38.476224+00:00,2026-09-10 17:23:52.485036+00:00,2026-09-10 17:23:52.485906+00:00,2026-09-10 17:23:52.485214+00:00,2026-09-10 17:24:38.412250+00:00,2026-09-10 17:24:38.412839+00:00,,,,,0.178,45927.036,0.6920000000000001,0.589,26.264,37.121,45991.188,CONFIRMED
M02,63295,2026-09-10 17:24:38.501061+00:00,2026-09-10 17:24:38.537064+00:00,2026-09-10 17:23:52.514033+00:00,2026-09-10 17:23:52.517551+00:00,2026-09-10 17:23:52.514227+00:00,2026-09-10 17:24:38.477125+00:00,2026-09-10 17:24:38.477697+00:00,,,,,0.194,45962.898,3.3240000000000003,0.5720000000000001,23.364,36.003,46023.031,CONFIRMED
M02,63296,2026-09-10 17:24:38.561213+00:00,2026-09-10 17:24:38.598797+00:00,2026-09-10 17:23:52.545975+00:00,2026-09-10 17:23:52.548935+00:00,2026-09-10 17:23:52.546104+00:00,2026-09-10 17:24:38.537835+00:00,2026-09-10 17:24:38.538299+00:00,,,,,0.129,45991.731,2.8310000000000004,0.464,22.914,37.583999999999996,46052.822,CONFIRMED
M02,63297,2026-09-10 17:24:38.633561+00:00,2026-09-10 17:24:38.668508+00:00,2026-09-10 17:23:52.576433+00:00,2026-09-10 17:23:52.578395+00:00,2026-09-10 17:23:52.576642+00:00,2026-09-10 17:24:38.599527+00:00,2026-09-10 17:24:38.600029+00:00,,,,,0.20900000000000002,46022.885,1.753,0.502,33.532,34.946999999999996,46092.075000000004,CONFIRMED
M02,63298,2026-09-10 17:24:38.698616+00:00,2026-09-10 17:24:38.748119+00:00,2026-09-10 17:23:52.606716+00:00,2026-09-10 17:23:52.610836+00:00,2026-09-10 17:23:52.607051+00:00,2026-09-10 17:24:38.669595+00:00,2026-09-10 17:24:38.670200+00:00,,,,,0.335,46062.544,3.785,0.605,28.416,49.503,46141.403,CONFIRMED
M02,63299,2026-09-10 17:24:38.772510+00:00,2026-09-10 17:24:38.812822+00:00,2026-09-10 17:23:52.638852+00:00,2026-09-10 17:23:52.641797+00:00,2026-09-10 17:23:52.639998+00:00,2026-09-10 17:24:38.748716+00:00,2026-09-10 17:24:38.749316+00:00,,,,,1.1460000000000001,46108.718,1.799,0.6,23.194,40.312,46173.969999999994,CONFIRMED
M02,63300,2026-09-10 17:24:38.840306+00:00,2026-09-10 17:24:38.877376+00:00,2026-09-10 17:23:52.671692+00:00,2026-09-10 17:23:52.672957+00:00,2026-09-10 17:23:52.671946+00:00,2026-09-10 17:24:38.813594+00:00,2026-09-10 17:24:38.814149+00:00,,,,,0.254,46141.648,1.011,0.555,26.157,37.07,46205.684,CONFIRMED
M02,63301,2026-09-10 17:24:38.904040+00:00,2026-09-10 17:24:38.939560+00:00,2026-09-10 17:23:52.700103+00:00,2026-09-10 17:23:52.700997+00:00,2026-09-10 17:23:52.700247+00:00,2026-09-10 17:24:38.878121+00:00,2026-09-10 17:24:38.878714+00:00,,,,,0.14400000000000002,46177.874,0.75,0.593,25.326,35.52,46239.457,CONFIRMED
M02,63302,2026-09-10 17:24:38.976863+00:00,2026-09-10 17:24:39.022715+00:00,2026-09-10 17:23:52.728072+00:00,2026-09-10 17:23:52.729863+00:00,2026-09-10 17:23:52.728349+00:00,2026-09-10 17:24:38.940338+00:00,2026-09-10 17:24:38.941027+00:00,,,,,0.277,46211.989,1.514,0.6890000000000001,35.836,45.852,46294.643000000004,CONFIRMED
M02,63303,2026-09-10 17:24:39.060395+00:00,2026-09-10 17:24:39.113588+00:00,2026-09-10 17:23:52.759748+00:00,2026-09-10 17:23:52.760703+00:00,2026-09-10 17:23:52.759946+00:00,2026-09-10 17:24:39.023316+00:00,2026-09-10 17:24:39.023662+00:00,,,,,0.19799999999999998,46263.37,0.757,0.34600000000000003,36.733000000000004,53.193,46353.84,CONFIRMED
M02,63304,2026-09-10 17:24:39.145463+00:00,2026-09-10 17:24:39.181527+00:00,2026-09-10 17:23:52.789727+00:00,2026-09-10 17:23:52.791874+00:00,2026-09-10 17:23:52.789905+00:00,2026-09-10 17:24:39.114432+00:00,2026-09-10 17:24:39.115044+00:00,,,,,0.178,46324.527,1.9689999999999999,0.612,30.419,36.064,46391.8,CONFIRMED
M02,63305,2026-09-10 17:24:39.208652+00:00,2026-09-10 17:24:39.244589+00:00,2026-09-10 17:23:52.822116+00:00,2026-09-10 17:23:52.822809+00:00,2026-09-10 17:23:52.822280+00:00,2026-09-10 17:24:39.182369+00:00,2026-09-10 17:24:39.182938+00:00,,,,,0.164,46360.089,0.5289999999999999,0.569,25.714000000000002,35.937,46422.473,CONFIRMED
M02,63306,2026-09-10 17:24:39.273508+00:00,2026-09-10 17:24:39.310548+00:00,2026-09-10 17:23:52.853192+00:00,2026-09-10 17:23:52.854290+00:00,2026-09-10 17:23:52.853389+00:00,2026-09-10 17:24:39.245497+00:00,2026-09-10 17:24:39.246019+00:00,,,,,0.19699999999999998,46392.108,0.901,0.522,27.489,37.04,46457.356,CONFIRMED
M02,63307,2026-09-10 17:24:39.338532+00:00,2026-09-10 17:24:39.379713+00:00,2026-09-10 17:23:52.884514+00:00,2026-09-10 17:23:52.886257+00:00,2026-09-10 17:23:52.884682+00:00,2026-09-10 17:24:39.311292+00:00,2026-09-10 17:24:39.311770+00:00,,,,,0.16799999999999998,46426.60999999999,1.575,0.47800000000000004,26.762,41.181000000000004,46495.199,CONFIRMED
M02,63308,2026-09-10 17:24:39.408347+00:00,2026-09-10 17:24:39.445157+00:00,2026-09-10 17:23:52.913642+00:00,2026-09-10 17:23:52.914685+00:00,2026-09-10 17:23:52.913851+00:00,2026-09-10 17:24:39.380437+00:00,2026-09-10 17:24:39.381041+00:00,,,,,0.20900000000000002,46466.586,0.834,0.6040000000000001,27.306,36.81,46531.515,CONFIRMED
M02,63309,2026-09-10 17:24:39.470355+00:00,2026-09-10 17:24:39.507643+00:00,2026-09-10 17:23:52.943725+00:00,2026-09-10 17:23:52.950504+00:00,2026-09-10 17:23:52.944032+00:00,2026-09-10 17:24:39.446010+00:00,2026-09-10 17:24:39.446551+00:00,,,,,0.307,46501.978,6.472,0.541,23.804,37.288000000000004,46563.918,CONFIRMED
M02,63310,2026-09-10 17:24:39.531697+00:00,2026-09-10 17:24:39.569825+00:00,2026-09-10 17:23:52.987371+00:00,2026-09-10 17:23:52.989762+00:00,2026-09-10 17:23:52.987521+00:00,2026-09-10 17:24:39.508470+00:00,2026-09-10 17:24:39.509117+00:00,,,,,0.15,46520.949,2.241,0.647,22.58,38.128,46582.454,CONFIRMED
M02,63311,2026-09-10 17:24:39.599786+00:00,2026-09-10 17:24:39.638227+00:00,2026-09-10 17:23:53.019309+00:00,2026-09-10 17:23:53.020684+00:00,2026-09-10 17:23:53.019468+00:00,2026-09-10 17:24:39.570702+00:00,2026-09-10 17:24:39.572513+00:00,,,,,0.159,46551.234000000004,1.216,1.811,27.273,38.441,46618.918,CONFIRMED
M02,63312,2026-09-10 17:24:39.670624+00:00,2026-09-10 17:24:39.721231+00:00,2026-09-10 17:23:53.047935+00:00,2026-09-10 17:23:53.048954+00:00,2026-09-10 17:23:53.048118+00:00,2026-09-10 17:24:39.639030+00:00,2026-09-10 17:24:39.639640+00:00,,,,,0.183,46590.912000000004,0.8360000000000001,0.61,30.984,50.607,46673.296,CONFIRMED
M02,63313,2026-09-10 17:24:39.750987+00:00,2026-09-10 17:24:39.797571+00:00,2026-09-10 17:23:53.076233+00:00,2026-09-10 17:23:53.077770+00:00,2026-09-10 17:23:53.076370+00:00,2026-09-10 17:24:39.722094+00:00,2026-09-10 17:24:39.722461+00:00,,,,,0.13699999999999998,46645.724,1.4,0.367,28.526,46.584,46721.338,CONFIRMED
M02,63314,2026-09-10 17:24:39.832932+00:00,2026-09-10 17:24:39.874303+00:00,2026-09-10 17:23:53.106208+00:00,2026-09-10 17:23:53.107178+00:00,2026-09-10 17:23:53.106422+00:00,2026-09-10 17:24:39.799017+00:00,2026-09-10 17:24:39.799392+00:00,,,,,0.214,46692.594999999994,0.756,0.375,33.54,41.370999999999995,46768.095,CONFIRMED
M02,63315,2026-09-10 17:24:39.900838+00:00,2026-09-10 17:24:39.940326+00:00,2026-09-10 17:23:53.135784+00:00,2026-09-10 17:23:53.136889+00:00,2026-09-10 17:23:53.135940+00:00,2026-09-10 17:24:39.875092+00:00,2026-09-10 17:24:39.875589+00:00,,,,,0.156,46739.151999999995,0.949,0.49700000000000005,25.249000000000002,39.488,46804.542,CONFIRMED
M02,63316,2026-09-10 17:24:39.969523+00:00,2026-09-10 17:24:40.006745+00:00,2026-09-10 17:23:53.165054+00:00,2026-09-10 17:23:53.167257+00:00,2026-09-10 17:23:53.165306+00:00,2026-09-10 17:24:39.941158+00:00,2026-09-10 17:24:39.941690+00:00,,,,,0.252,46775.852,1.951,0.532,27.833,37.222,46841.691,CONFIRMED
M02,63317,2026-09-10 17:24:40.031690+00:00,2026-09-10 17:24:40.068399+00:00,2026-09-10 17:23:53.195715+00:00,2026-09-10 17:23:53.205253+00:00,2026-09-10 17:23:53.198349+00:00,2026-09-10 17:24:40.007577+00:00,2026-09-10 17:24:40.008147+00:00,,,,,2.634,46809.227999999996,6.904000000000001,0.57,23.543000000000003,36.708999999999996,46872.684,CONFIRMED
M02,63318,2026-09-10 17:24:40.096307+00:00,2026-09-10 17:24:40.132288+00:00,2026-09-10 17:23:53.238998+00:00,2026-09-10 17:23:53.240196+00:00,2026-09-10 17:23:53.239228+00:00,2026-09-10 17:24:40.069214+00:00,2026-09-10 17:24:40.069648+00:00,,,,,0.23,46829.986,0.968,0.434,26.659,35.981,46893.29,CONFIRMED
M02,63319,2026-09-10 17:24:40.158764+00:00,2026-09-10 17:24:40.196174+00:00,2026-09-10 17:23:53.269191+00:00,2026-09-10 17:23:53.270222+00:00,2026-09-10 17:23:53.269403+00:00,2026-09-10 17:24:40.132844+00:00,2026-09-10 17:24:40.133414+00:00,,,,,0.212,46863.441,0.819,0.57,25.35,37.41,46926.983,CONFIRMED
M02,63320,2026-09-10 17:24:40.221357+00:00,2026-09-10 17:24:40.260110+00:00,2026-09-10 17:23:53.298313+00:00,2026-09-10 17:23:53.299460+00:00,2026-09-10 17:23:53.298506+00:00,2026-09-10 17:24:40.197056+00:00,2026-09-10 17:24:40.197787+00:00,,,,,0.193,46898.55,0.954,0.731,23.57,38.753,46961.797,CONFIRMED
M02,63321,2026-09-10 17:24:40.286320+00:00,2026-09-10 17:24:40.323977+00:00,2026-09-10 17:23:53.328933+00:00,2026-09-10 17:23:53.330196+00:00,2026-09-10 17:23:53.329109+00:00,2026-09-10 17:24:40.260726+00:00,2026-09-10 17:24:40.261212+00:00,,,,,0.176,46931.617000000006,1.087,0.486,25.107999999999997,37.657000000000004,46995.044,CONFIRMED
M02,63322,2026-09-10 17:24:40.352782+00:00,2026-09-10 17:24:40.389297+00:00,2026-09-10 17:23:53.357728+00:00,2026-09-10 17:23:53.362522+00:00,2026-09-10 17:23:53.357885+00:00,2026-09-10 17:24:40.324747+00:00,2026-09-10 17:24:40.325266+00:00,,,,,0.157,46966.862,4.637,0.519,27.516,36.515,47031.568999999996,CONFIRMED
M02,63323,2026-09-10 17:24:40.418104+00:00,2026-09-10 17:24:40.454909+00:00,2026-09-10 17:23:53.390822+00:00,2026-09-10 17:23:53.392106+00:00,2026-09-10 17:23:53.390985+00:00,2026-09-10 17:24:40.390730+00:00,2026-09-10 17:24:40.391292+00:00,,,,,0.163,46999.744999999995,1.121,0.562,26.811999999999998,36.805,47064.087,CONFIRMED
M02,63324,2026-09-10 17:24:40.485124+00:00,2026-09-10 17:24:40.539479+00:00,2026-09-10 17:23:53.420684+00:00,2026-09-10 17:23:53.423046+00:00,2026-09-10 17:23:53.420858+00:00,2026-09-10 17:24:40.455745+00:00,2026-09-10 17:24:40.456280+00:00,,,,,0.174,47034.886999999995,2.1879999999999997,0.535,28.844,54.355000000000004,47118.795,CONFIRMED
M02,63325,2026-09-10 17:24:40.570084+00:00,2026-09-10 17:24:40.613266+00:00,2026-09-10 17:23:53.451710+00:00,2026-09-10 17:23:53.453009+00:00,2026-09-10 17:23:53.451891+00:00,2026-09-10 17:24:40.540251+00:00,2026-09-10 17:24:40.541883+00:00,,,,,0.18100000000000002,47088.36,1.118,1.632,28.201,43.181999999999995,47161.556,CONFIRMED
M02,63326,2026-09-10 17:24:40.642263+00:00,2026-09-10 17:24:40.683932+00:00,2026-09-10 17:23:53.481310+00:00,2026-09-10 17:23:53.482859+00:00,2026-09-10 17:23:53.481502+00:00,2026-09-10 17:24:40.613957+00:00,2026-09-10 17:24:40.614505+00:00,,,,,0.192,47132.455,1.357,0.5479999999999999,27.758000000000003,41.669,47202.621999999996,CONFIRMED
M02,63327,2026-09-10 17:24:40.717080+00:00,2026-09-10 17:24:40.766061+00:00,2026-09-10 17:23:53.514457+00:00,2026-09-10 17:23:53.515612+00:00,2026-09-10 17:23:53.514586+00:00,2026-09-10 17:24:40.684670+00:00,2026-09-10 17:24:40.685183+00:00,,,,,0.129,47170.084,1.026,0.513,31.897000000000002,48.980999999999995,47251.604,CONFIRMED
M02,63328,2026-09-10 17:24:40.794010+00:00,2026-09-10 17:24:40.829960+00:00,2026-09-10 17:23:53.543651+00:00,2026-09-10 17:23:53.548234+00:00,2026-09-10 17:23:53.543825+00:00,2026-09-10 17:24:40.766971+00:00,2026-09-10 17:24:40.767555+00:00,,,,,0.174,47223.146,4.409,0.584,26.455,35.95,47286.309,CONFIRMED
M02,63329,2026-09-10 17:24:40.859981+00:00,2026-09-10 17:24:40.896291+00:00,2026-09-10 17:23:53.576812+00:00,2026-09-10 17:23:53.577651+00:00,2026-09-10 17:23:53.576976+00:00,2026-09-10 17:24:40.830512+00:00,2026-09-10 17:24:40.830853+00:00,,,,,0.164,47253.536,0.675,0.34099999999999997,29.128,36.31,47319.479,CONFIRMED
M02,63330,2026-09-10 17:24:40.921106+00:00,2026-09-10 17:24:40.963884+00:00,2026-09-10 17:23:53.604573+00:00,2026-09-10 17:23:53.606225+00:00,2026-09-10 17:23:53.604780+00:00,2026-09-10 17:24:40.897074+00:00,2026-09-10 17:24:40.897785+00:00,,,,,0.207,47292.294,1.445,0.7110000000000001,23.321,42.778,47359.311,CONFIRMED
M02,63331,2026-09-10 17:24:40.990841+00:00,2026-09-10 17:24:41.025799+00:00,2026-09-10 17:23:53.634432+00:00,2026-09-10 17:23:53.638779+00:00,2026-09-10 17:23:53.634641+00:00,2026-09-10 17:24:40.964496+00:00,2026-09-10 17:24:40.965055+00:00,,,,,0.20900000000000002,47329.855,4.138,0.559,25.786,34.958000000000006,47391.367000000006,CONFIRMED
M02,63332,2026-09-10 17:24:41.052908+00:00,2026-09-10 17:24:41.107768+00:00,2026-09-10 17:23:53.666543+00:00,2026-09-10 17:23:53.668041+00:00,2026-09-10 17:23:53.666715+00:00,2026-09-10 17:24:41.026500+00:00,2026-09-10 17:24:41.027056+00:00,,,,,0.17200000000000001,47359.785,1.3259999999999998,0.5559999999999999,25.852,54.86,47441.225000000006,CONFIRMED
M02,63333,2026-09-10 17:24:41.141149+00:00,2026-09-10 17:24:41.189421+00:00,2026-09-10 17:23:53.696275+00:00,2026-09-10 17:23:53.697101+00:00,2026-09-10 17:23:53.696442+00:00,2026-09-10 17:24:41.112913+00:00,2026-09-10 17:24:41.113721+00:00,,,,,0.16699999999999998,47416.471000000005,0.6589999999999999,0.808,27.428,48.272000000000006,47493.146,CONFIRMED
M02,63334,2026-09-10 17:24:41.216479+00:00,2026-09-10 17:24:41.257117+00:00,2026-09-10 17:23:53.724108+00:00,2026-09-10 17:23:53.725203+00:00,2026-09-10 17:23:53.724286+00:00,2026-09-10 17:24:41.190230+00:00,2026-09-10 17:24:41.190776+00:00,,,,,0.178,47465.944,0.9169999999999999,0.546,25.703,40.638,47533.009,CONFIRMED
M02,63335,2026-09-10 17:24:41.284949+00:00,2026-09-10 17:24:41.321945+00:00,2026-09-10 17:23:53.753696+00:00,2026-09-10 17:23:53.754551+00:00,2026-09-10 17:23:53.753892+00:00,2026-09-10 17:24:41.257892+00:00,2026-09-10 17:24:41.258318+00:00,,,,,0.196,47504.0,0.6589999999999999,0.426,26.630999999999997,36.996,47568.249,CONFIRMED
M02,63336,2026-09-10 17:24:41.351431+00:00,2026-09-10 17:24:41.388118+00:00,2026-09-10 17:23:53.782168+00:00,2026-09-10 17:23:53.786567+00:00,2026-09-10 17:23:53.782374+00:00,2026-09-10 17:24:41.322634+00:00,2026-09-10 17:24:41.323128+00:00,,,,,0.206,47540.26,4.193,0.494,28.302999999999997,36.687,47605.95,CONFIRMED
M02,63337,2026-09-10 17:24:41.418380+00:00,2026-09-10 17:24:41.457332+00:00,2026-09-10 17:23:53.814866+00:00,2026-09-10 17:23:53.815725+00:00,2026-09-10 17:23:53.815096+00:00,2026-09-10 17:24:41.389287+00:00,2026-09-10 17:24:41.389814+00:00,,,,,0.23,47574.191,0.629,0.527,28.566000000000003,38.952,47642.466,CONFIRMED
M02,63338,2026-09-10 17:24:41.483648+00:00,2026-09-10 17:24:41.520143+00:00,2026-09-10 17:23:53.843217+00:00,2026-09-10 17:23:53.844048+00:00,2026-09-10 17:23:53.843342+00:00,2026-09-10 17:24:41.457998+00:00,2026-09-10 17:24:41.458471+00:00,,,,,0.125,47614.655999999995,0.7060000000000001,0.47300000000000003,25.177000000000003,36.495,47676.926,CONFIRMED
M02,63339,2026-09-10 17:24:41.543821+00:00,2026-09-10 17:24:41.580886+00:00,2026-09-10 17:23:53.871099+00:00,2026-09-10 17:23:53.873851+00:00,2026-09-10 17:23:53.871345+00:00,2026-09-10 17:24:41.521023+00:00,2026-09-10 17:24:41.521599+00:00,,,,,0.24600000000000002,47649.678,2.506,0.5760000000000001,22.221999999999998,37.065,47709.787,CONFIRMED
M02,63340,2026-09-10 17:24:41.605845+00:00,2026-09-10 17:24:41.642695+00:00,2026-09-10 17:23:53.905530+00:00,2026-09-10 17:23:53.910649+00:00,2026-09-10 17:23:53.905796+00:00,2026-09-10 17:24:41.581568+00:00,2026-09-10 17:24:41.581994+00:00,,,,,0.266,47675.772000000004,4.853,0.426,23.851,36.85,47737.165,CONFIRMED
M02,63341,2026-09-10 17:24:41.676039+00:00,2026-09-10 17:24:41.714578+00:00,2026-09-10 17:23:53.938880+00:00,2026-09-10 17:23:53.940392+00:00,2026-09-10 17:23:53.939059+00:00,2026-09-10 17:24:41.643446+00:00,2026-09-10 17:24:41.643947+00:00,,,,,0.179,47704.386999999995,1.333,0.501,32.092000000000006,38.538999999999994,47775.698,CONFIRMED
M02,63342,2026-09-10 17:24:41.753403+00:00,2026-09-10 17:24:41.794902+00:00,2026-09-10 17:23:53.968585+00:00,2026-09-10 17:23:53.969431+00:00,2026-09-10 17:23:53.968743+00:00,2026-09-10 17:24:41.715403+00:00,2026-09-10 17:24:41.718989+00:00,,,,,0.158,47746.659999999996,0.6880000000000001,3.5860000000000003,34.414,41.499,47826.317,CONFIRMED
M02,63343,2026-09-10 17:24:41.821321+00:00,2026-09-10 17:24:41.859572+00:00,2026-09-10 17:23:53.998040+00:00,2026-09-10 17:23:53.999193+00:00,2026-09-10 17:23:53.998254+00:00,2026-09-10 17:24:41.795697+00:00,2026-09-10 17:24:41.796302+00:00,,,,,0.214,47797.443,0.939,0.605,25.019,38.251,47861.532,CONFIRMED
M02,63344,2026-09-10 17:24:41.888251+00:00,2026-09-10 17:24:41.927726+00:00,2026-09-10 17:23:54.029597+00:00,2026-09-10 17:23:54.030962+00:00,2026-09-10 17:23:54.029775+00:00,2026-09-10 17:24:41.860259+00:00,2026-09-10 17:24:41.860847+00:00,,,,,0.178,47830.484,1.1869999999999998,0.588,27.404,39.475,47898.129,CONFIRMED
M02,63345,2026-09-10 17:24:41.954654+00:00,2026-09-10 17:24:41.996609+00:00,2026-09-10 17:23:54.058354+00:00,2026-09-10 17:23:54.059509+00:00,2026-09-10 17:23:54.058499+00:00,2026-09-10 17:24:41.928496+00:00,2026-09-10 17:24:41.929338+00:00,,,,,0.145,47869.996999999996,1.01,0.842,25.316000000000003,41.955,47938.255,CONFIRMED
M02,63346,2026-09-10 17:24:42.022272+00:00,2026-09-10 17:24:42.066425+00:00,2026-09-10 17:23:54.090430+00:00,2026-09-10 17:23:54.091379+00:00,2026-09-10 17:23:54.090590+00:00,2026-09-10 17:24:41.997558+00:00,2026-09-10 17:24:41.998090+00:00,,,,,0.16,47906.968,0.789,0.532,24.182,44.153,47975.994999999995,CONFIRMED
M02,63347,2026-09-10 17:24:42.099393+00:00,2026-09-10 17:24:42.136673+00:00,2026-09-10 17:23:54.119488+00:00,2026-09-10 17:23:54.120955+00:00,2026-09-10 17:23:54.119632+00:00,2026-09-10 17:24:42.067656+00:00,2026-09-10 17:24:42.068059+00:00,,,,,0.14400000000000002,47948.024,1.323,0.40299999999999997,31.334,37.28,48017.185,CONFIRMED
M02,63348,2026-09-10 17:24:42.162262+00:00,2026-09-10 17:24:42.208193+00:00,2026-09-10 17:23:54.148167+00:00,2026-09-10 17:23:54.149464+00:00,2026-09-10 17:23:54.148531+00:00,2026-09-10 17:24:42.137613+00:00,2026-09-10 17:24:42.138183+00:00,,,,,0.364,47989.082,0.933,0.57,24.079,45.931,48060.026,CONFIRMED
M02,63349,2026-09-10 17:24:42.240828+00:00,2026-09-10 17:24:42.283669+00:00,2026-09-10 17:23:54.180682+00:00,2026-09-10 17:23:54.181337+00:00,2026-09-10 17:23:54.180823+00:00,2026-09-10 17:24:42.211711+00:00,2026-09-10 17:24:42.212320+00:00,,,,,0.14100000000000001,48030.888,0.514,0.609,28.508,42.840999999999994,48102.987,CONFIRMED
M02,63350,2026-09-10 17:24:42.310603+00:00,2026-09-10 17:24:42.346491+00:00,2026-09-10 17:23:54.209926+00:00,2026-09-10 17:23:54.212100+00:00,2026-09-10 17:23:54.210085+00:00,2026-09-10 17:24:42.284495+00:00,2026-09-10 17:24:42.285003+00:00,,,,,0.159,48074.41,2.0149999999999997,0.508,25.6,35.888000000000005,48136.564999999995,CONFIRMED
M02,63351,2026-09-10 17:24:42.378362+00:00,2026-09-10 17:24:42.416290+00:00,2026-09-10 17:23:54.241562+00:00,2026-09-10 17:23:54.243913+00:00,2026-09-10 17:23:54.241738+00:00,2026-09-10 17:24:42.347227+00:00,2026-09-10 17:24:42.347710+00:00,,,,,0.176,48105.489,2.175,0.483,30.651999999999997,37.928000000000004,48174.728,CONFIRMED
M02,63352,2026-09-10 17:24:42.442295+00:00,2026-09-10 17:24:42.479558+00:00,2026-09-10 17:23:54.271978+00:00,2026-09-10 17:23:54.273097+00:00,2026-09-10 17:23:54.272204+00:00,2026-09-10 17:24:42.417160+00:00,2026-09-10 17:24:42.417737+00:00,,,,,0.22599999999999998,48144.956,0.893,0.5770000000000001,24.558,37.263,48207.58,CONFIRMED
M02,63353,2026-09-10 17:24:42.504792+00:00,2026-09-10 17:24:42.544654+00:00,2026-09-10 17:23:54.302449+00:00,2026-09-10 17:23:54.303754+00:00,2026-09-10 17:23:54.302669+00:00,2026-09-10 17:24:42.480344+00:00,2026-09-10 17:24:42.481097+00:00,,,,,0.22,48177.675,1.085,0.753,23.695,39.862,48242.205,CONFIRMED
M02,63354,2026-09-10 17:24:42.569869+00:00,2026-09-10 17:24:42.607150+00:00,2026-09-10 17:23:54.331188+00:00,2026-09-10 17:23:54.332519+00:00,2026-09-10 17:23:54.331336+00:00,2026-09-10 17:24:42.545884+00:00,2026-09-10 17:24:42.546675+00:00,,,,,0.148,48214.548,1.183,0.791,23.194,37.281,48275.962,CONFIRMED
M02,63355,2026-09-10 17:24:42.632692+00:00,2026-09-10 17:24:42.668048+00:00,2026-09-10 17:23:54.360680+00:00,2026-09-10 17:23:54.361625+00:00,2026-09-10 17:23:54.360823+00:00,2026-09-10 17:24:42.607788+00:00,2026-09-10 17:24:42.608224+00:00,,,,,0.14300000000000002,48246.965000000004,0.8019999999999999,0.43600000000000005,24.468,35.356,48307.367999999995,CONFIRMED
M02,63356,2026-09-10 17:24:42.699159+00:00,2026-09-10 17:24:42.739499+00:00,2026-09-10 17:23:54.389703+00:00,2026-09-10 17:23:54.391228+00:00,2026-09-10 17:23:54.389827+00:00,2026-09-10 17:24:42.669079+00:00,2026-09-10 17:24:42.669640+00:00,,,,,0.124,48279.252,1.4009999999999998,0.5609999999999999,29.519,40.34,48349.795999999995,CONFIRMED
M02,63357,2026-09-10 17:24:42.771181+00:00,2026-09-10 17:24:42.813790+00:00,2026-09-10 17:23:54.420270+00:00,2026-09-10 17:23:54.422766+00:00,2026-09-10 17:23:54.420465+00:00,2026-09-10 17:24:42.740189+00:00,2026-09-10 17:24:42.740711+00:00,,,,,0.195,48319.724,2.301,0.522,30.47,42.609,48393.520000000004,CONFIRMED
M02,63358,2026-09-10 17:24:42.836937+00:00,2026-09-10 17:24:42.873903+00:00,2026-09-10 17:23:54.453413+00:00,2026-09-10 17:23:54.456707+00:00,2026-09-10 17:23:54.453680+00:00,2026-09-10 17:24:42.814589+00:00,2026-09-10 17:24:42.815201+00:00,,,,,0.26699999999999996,48360.909,3.027,0.612,21.735999999999997,36.966,48420.49,CONFIRMED
M02,63359,2026-09-10 17:24:42.903983+00:00,2026-09-10 17:24:42.940390+00:00,2026-09-10 17:23:54.486631+00:00,2026-09-10 17:23:54.489497+00:00,2026-09-10 17:23:54.486863+00:00,2026-09-10 17:24:42.874598+00:00,2026-09-10 17:24:42.875132+00:00,,,,,0.232,48387.735,2.634,0.5339999999999999,28.851000000000003,36.407000000000004,48453.759,CONFIRMED
M02,63360,2026-09-10 17:24:42.967655+00:00,2026-09-10 17:24:43.004718+00:00,2026-09-10 17:23:54.517323+00:00,2026-09-10 17:23:54.518722+00:00,2026-09-10 17:23:54.517506+00:00,2026-09-10 17:24:42.941178+00:00,2026-09-10 17:24:42.941742+00:00,,,,,0.183,48423.672000000006,1.216,0.5640000000000001,25.913,37.062999999999995,48487.395,CONFIRMED
M02,63361,2026-09-10 17:24:43.035293+00:00,2026-09-10 17:24:43.072330+00:00,2026-09-10 17:23:54.547220+00:00,2026-09-10 17:23:54.548149+00:00,2026-09-10 17:23:54.547408+00:00,2026-09-10 17:24:43.005540+00:00,2026-09-10 17:24:43.006142+00:00,,,,,0.188,48458.132,0.741,0.602,29.151,37.037,48525.11,CONFIRMED
M02,63362,2026-09-10 17:24:43.098877+00:00,2026-09-10 17:24:43.135325+00:00,2026-09-10 17:23:54.575639+00:00,2026-09-10 17:23:54.576897+00:00,2026-09-10 17:23:54.576133+00:00,2026-09-10 17:24:43.072997+00:00,2026-09-10 17:24:43.073518+00:00,,,,,0.494,48496.864,0.764,0.521,25.358999999999998,36.448,48559.686,CONFIRMED
M02,63363,2026-09-10 17:24:43.169597+00:00,2026-09-10 17:24:43.215055+00:00,2026-09-10 17:23:54.604217+00:00,2026-09-10 17:23:54.605075+00:00,2026-09-10 17:23:54.604378+00:00,2026-09-10 17:24:43.136170+00:00,2026-09-10 17:24:43.136964+00:00,,,,,0.161,48531.792,0.6970000000000001,0.794,32.633,45.458,48610.838,CONFIRMED
M02,63364,2026-09-10 17:24:43.245612+00:00,2026-09-10 17:24:43.282331+00:00,2026-09-10 17:23:54.632541+00:00,2026-09-10 17:23:54.633375+00:00,2026-09-10 17:23:54.632731+00:00,2026-09-10 17:24:43.215606+00:00,2026-09-10 17:24:43.215994+00:00,,,,,0.19,48582.875,0.644,0.388,29.618,36.719,48649.79,CONFIRMED
M02,63365,2026-09-10 17:24:43.312687+00:00,2026-09-10 17:24:43.359833+00:00,2026-09-10 17:23:54.662534+00:00,2026-09-10 17:23:54.663541+00:00,2026-09-10 17:23:54.662795+00:00,2026-09-10 17:24:43.283645+00:00,2026-09-10 17:24:43.284053+00:00,,,,,0.261,48620.85,0.746,0.408,28.634,47.146,48697.299,CONFIRMED
M02,63366,2026-09-10 17:24:43.385945+00:00,2026-09-10 17:24:43.424157+00:00,2026-09-10 17:23:54.690721+00:00,2026-09-10 17:23:54.692373+00:00,2026-09-10 17:23:54.690926+00:00,2026-09-10 17:24:43.360721+00:00,2026-09-10 17:24:43.361381+00:00,,,,,0.205,48669.795,1.4469999999999998,0.66,24.564,38.212,48733.435999999994,CONFIRMED
M02,63367,2026-09-10 17:24:43.451094+00:00,2026-09-10 17:24:43.488457+00:00,2026-09-10 17:23:54.721171+00:00,2026-09-10 17:23:54.722171+00:00,2026-09-10 17:23:54.721375+00:00,2026-09-10 17:24:43.424926+00:00,2026-09-10 17:24:43.425552+00:00,,,,,0.204,48703.551,0.796,0.626,25.541999999999998,37.363,48767.286,CONFIRMED
M02,63368,2026-09-10 17:24:43.516654+00:00,2026-09-10 17:24:43.554735+00:00,2026-09-10 17:23:54.749512+00:00,2026-09-10 17:23:54.750865+00:00,2026-09-10 17:23:54.749722+00:00,2026-09-10 17:24:43.489293+00:00,2026-09-10 17:24:43.489876+00:00,,,,,0.21000000000000002,48739.570999999996,1.143,0.583,26.778,38.080999999999996,48805.223,CONFIRMED
M02,63369,2026-09-10 17:24:43.579000+00:00,2026-09-10 17:24:43.614612+00:00,2026-09-10 17:23:54.778346+00:00,2026-09-10 17:23:54.781710+00:00,2026-09-10 17:23:54.778562+00:00,2026-09-10 17:24:43.555486+00:00,2026-09-10 17:24:43.556134+00:00,,,,,0.216,48776.924,3.148,0.648,22.866,35.611999999999995,48836.266,CONFIRMED
M02,63370,2026-09-10 17:24:43.644672+00:00,2026-09-10 17:24:43.683228+00:00,2026-09-10 17:23:54.809096+00:00,2026-09-10 17:23:54.809978+00:00,2026-09-10 17:23:54.809306+00:00,2026-09-10 17:24:43.615531+00:00,2026-09-10 17:24:43.616012+00:00,,,,,0.21000000000000002,48806.225,0.6719999999999999,0.481,28.66,38.556,48874.132000000005,CONFIRMED
M02,63371,2026-09-10 17:24:43.712814+00:00,2026-09-10 17:24:43.753667+00:00,2026-09-10 17:23:54.838521+00:00,2026-09-10 17:23:54.842021+00:00,2026-09-10 17:23:54.838731+00:00,2026-09-10 17:24:43.684587+00:00,2026-09-10 17:24:43.685143+00:00,,,,,0.21000000000000002,48845.856,3.29,0.5559999999999999,27.671,40.853,48915.146,CONFIRMED
M02,63372,2026-09-10 17:24:43.783101+00:00,2026-09-10 17:24:43.821978+00:00,2026-09-10 17:23:54.869474+00:00,2026-09-10 17:23:54.870746+00:00,2026-09-10 17:23:54.869668+00:00,2026-09-10 17:24:43.754602+00:00,2026-09-10 17:24:43.755166+00:00,,,,,0.194,48884.934,1.078,0.5640000000000001,27.935000000000002,38.877,48952.504,CONFIRMED
M02,63373,2026-09-10 17:24:43.853195+00:00,2026-09-10 17:24:43.888656+00:00,2026-09-10 17:23:54.898600+00:00,2026-09-10 17:23:54.899723+00:00,2026-09-10 17:23:54.898939+00:00,2026-09-10 17:24:43.822571+00:00,2026-09-10 17:24:43.823099+00:00,,,,,0.339,48923.632,0.784,0.528,30.096,35.461,48990.056000000004,CONFIRMED
M02,63374,2026-09-10 17:24:43.917369+00:00,2026-09-10 17:24:43.953155+00:00,2026-09-10 17:23:54.931155+00:00,2026-09-10 17:23:54.933618+00:00,2026-09-10 17:23:54.931322+00:00,2026-09-10 17:24:43.889390+00:00,2026-09-10 17:24:43.889944+00:00,,,,,0.16699999999999998,48958.068,2.296,0.554,27.425,35.786,49022.0,CONFIRMED
M02,63375,2026-09-10 17:24:43.980998+00:00,2026-09-10 17:24:44.016881+00:00,2026-09-10 17:23:54.963513+00:00,2026-09-10 17:23:54.965259+00:00,2026-09-10 17:23:54.963680+00:00,2026-09-10 17:24:43.954046+00:00,2026-09-10 17:24:43.954681+00:00,,,,,0.16699999999999998,48990.366,1.5790000000000002,0.635,26.317,35.882999999999996,49053.368,CONFIRMED
M02,63376,2026-09-10 17:24:44.043122+00:00,2026-09-10 17:24:44.081833+00:00,2026-09-10 17:23:54.995662+00:00,2026-09-10 17:23:54.999252+00:00,2026-09-10 17:23:54.996158+00:00,2026-09-10 17:24:44.017714+00:00,2026-09-10 17:24:44.018144+00:00,,,,,0.496,49021.556,3.094,0.43,24.978,38.711000000000006,49086.171,CONFIRMED
M02,63377,2026-09-10 17:24:44.110403+00:00,2026-09-10 17:24:44.157117+00:00,2026-09-10 17:23:55.027706+00:00,2026-09-10 17:23:55.028573+00:00,2026-09-10 17:23:55.027932+00:00,2026-09-10 17:24:44.082712+00:00,2026-09-10 17:24:44.083306+00:00,,,,,0.22599999999999998,49054.78,0.641,0.594,27.097,46.714,49129.411,CONFIRMED
M02,63378,2026-09-10 17:24:44.191142+00:00,2026-09-10 17:24:44.237782+00:00,2026-09-10 17:23:55.057344+00:00,2026-09-10 17:23:55.058359+00:00,2026-09-10 17:23:55.057624+00:00,2026-09-10 17:24:44.158189+00:00,2026-09-10 17:24:44.158968+00:00,,,,,0.27999999999999997,49100.565,0.735,0.7789999999999999,32.174,46.64,49180.438,CONFIRMED
M02,63379,2026-09-10 17:24:44.262252+00:00,2026-09-10 17:24:44.300010+00:00,2026-09-10 17:23:55.089048+00:00,2026-09-10 17:23:55.089612+00:00,2026-09-10 17:23:55.089179+00:00,2026-09-10 17:24:44.238591+00:00,2026-09-10 17:24:44.239149+00:00,,,,,0.131,49149.412,0.433,0.558,23.102999999999998,37.758,49210.962,CONFIRMED
M02,63380,2026-09-10 17:24:44.330324+00:00,2026-09-10 17:24:44.369382+00:00,2026-09-10 17:23:55.117103+00:00,2026-09-10 17:23:55.117982+00:00,2026-09-10 17:23:55.117294+00:00,2026-09-10 17:24:44.300937+00:00,2026-09-10 17:24:44.301455+00:00,,,,,0.191,49183.643000000004,0.6880000000000001,0.518,28.869,39.058,49252.279,CONFIRMED
M02,63381,2026-09-10 17:24:44.392376+00:00,2026-09-10 17:24:44.429180+00:00,2026-09-10 17:23:55.146247+00:00,2026-09-10 17:23:55.147959+00:00,2026-09-10 17:23:55.146450+00:00,2026-09-10 17:24:44.370052+00:00,2026-09-10 17:24:44.370571+00:00,,,,,0.203,49223.602,1.509,0.519,21.805,36.804,49282.933,CONFIRMED
M02,63382,2026-09-10 17:24:44.459004+00:00,2026-09-10 17:24:44.494019+00:00,2026-09-10 17:23:55.177704+00:00,2026-09-10 17:23:55.180752+00:00,2026-09-10 17:23:55.177829+00:00,2026-09-10 17:24:44.430037+00:00,2026-09-10 17:24:44.430482+00:00,,,,,0.125,49252.208000000006,2.9229999999999996,0.44499999999999995,28.522,35.015,49316.315,CONFIRMED
M02,63383,2026-09-10 17:24:44.523060+00:00,2026-09-10 17:24:44.560858+00:00,2026-09-10 17:23:55.208408+00:00,2026-09-10 17:23:55.210394+00:00,2026-09-10 17:23:55.208597+00:00,2026-09-10 17:24:44.494787+00:00,2026-09-10 17:24:44.495364+00:00,,,,,0.189,49286.189999999995,1.797,0.5770000000000001,27.695999999999998,37.798,49352.45,CONFIRMED
M02,63384,2026-09-10 17:24:44.585251+00:00,2026-09-10 17:24:44.621592+00:00,2026-09-10 17:23:55.243912+00:00,2026-09-10 17:23:55.245872+00:00,2026-09-10 17:23:55.244157+00:00,2026-09-10 17:24:44.561589+00:00,2026-09-10 17:24:44.562075+00:00,,,,,0.245,49317.43199999999,1.7149999999999999,0.486,23.176,36.341,49377.68,CONFIRMED
M02,63385,2026-09-10 17:24:44.650955+00:00,2026-09-10 17:24:44.687627+00:00,2026-09-10 17:23:55.275762+00:00,2026-09-10 17:23:55.277456+00:00,2026-09-10 17:23:55.276094+00:00,2026-09-10 17:24:44.622388+00:00,2026-09-10 17:24:44.622922+00:00,,,,,0.332,49346.294,1.3619999999999999,0.5339999999999999,28.032999999999998,36.672000000000004,49411.865,CONFIRMED
M02,63386,2026-09-10 17:24:44.710083+00:00,2026-09-10 17:24:44.745688+00:00,2026-09-10 17:23:55.306025+00:00,2026-09-10 17:23:55.308357+00:00,2026-09-10 17:23:55.306527+00:00,2026-09-10 17:24:44.688391+00:00,2026-09-10 17:24:44.688876+00:00,,,,,0.502,49381.864,1.83,0.48500000000000004,21.207,35.605,49439.663,CONFIRMED
M02,63387,2026-09-10 17:24:44.781316+00:00,2026-09-10 17:24:44.821337+00:00,2026-09-10 17:23:55.337892+00:00,2026-09-10 17:23:55.339990+00:00,2026-09-10 17:23:55.338031+00:00,2026-09-10 17:24:44.746747+00:00,2026-09-10 17:24:44.747295+00:00,,,,,0.13899999999999998,49408.716,1.9589999999999999,0.5479999999999999,34.021,40.021,49483.445,CONFIRMED
M02,63388,2026-09-10 17:24:44.848452+00:00,2026-09-10 17:24:44.886800+00:00,2026-09-10 17:23:55.367250+00:00,2026-09-10 17:23:55.368218+00:00,2026-09-10 17:23:55.367420+00:00,2026-09-10 17:24:44.822127+00:00,2026-09-10 17:24:44.822657+00:00,,,,,0.17,49454.707,0.798,0.53,25.794999999999998,38.348,49519.55,CONFIRMED
M02,63389,2026-09-10 17:24:44.912998+00:00,2026-09-10 17:24:44.959067+00:00,2026-09-10 17:23:55.396170+00:00,2026-09-10 17:23:55.397255+00:00,2026-09-10 17:23:55.396359+00:00,2026-09-10 17:24:44.887497+00:00,2026-09-10 17:24:44.888049+00:00,,,,,0.189,49491.138,0.896,0.5519999999999999,24.948999999999998,46.068999999999996,49562.897,CONFIRMED
M02,63390,2026-09-10 17:24:44.985292+00:00,2026-09-10 17:24:45.023758+00:00,2026-09-10 17:23:55.426009+00:00,2026-09-10 17:23:55.427339+00:00,2026-09-10 17:23:55.426213+00:00,2026-09-10 17:24:44.959932+00:00,2026-09-10 17:24:44.960551+00:00,,,,,0.204,49533.719,1.1260000000000001,0.619,24.741,38.466,49597.749,CONFIRMED
M02,63391,2026-09-10 17:24:45.049534+00:00,2026-09-10 17:24:45.086685+00:00,2026-09-10 17:23:55.454967+00:00,2026-09-10 17:23:55.456271+00:00,2026-09-10 17:23:55.455142+00:00,2026-09-10 17:24:45.024830+00:00,2026-09-10 17:24:45.025318+00:00,,,,,0.175,49569.688,1.129,0.488,24.216,37.151,49631.718,CONFIRMED
M02,63392,2026-09-10 17:24:45.113572+00:00,2026-09-10 17:24:45.148934+00:00,2026-09-10 17:23:55.483508+00:00,2026-09-10 17:23:55.484424+00:00,2026-09-10 17:23:55.483696+00:00,2026-09-10 17:24:45.087559+00:00,2026-09-10 17:24:45.088314+00:00,,,,,0.188,49603.863,0.728,0.755,25.258,35.361999999999995,49665.426,CONFIRMED
M02,63393,2026-09-10 17:24:45.175295+00:00,2026-09-10 17:24:45.212146+00:00,2026-09-10 17:23:55.512797+00:00,2026-09-10 17:23:55.514295+00:00,2026-09-10 17:23:55.513029+00:00,2026-09-10 17:24:45.149800+00:00,2026-09-10 17:24:45.150367+00:00,,,,,0.232,49636.771,1.266,0.5670000000000001,24.927999999999997,36.851,49699.348999999995,CONFIRMED
M02,63394,2026-09-10 17:24:45.241634+00:00,2026-09-10 17:24:45.284257+00:00,2026-09-10 17:23:55.543295+00:00,2026-09-10 17:23:55.544267+00:00,2026-09-10 17:23:55.543455+00:00,2026-09-10 17:24:45.213292+00:00,2026-09-10 17:24:45.213813+00:00,,,,,0.16,49669.837,0.812,0.521,27.820999999999998,42.623000000000005,49740.96200000001,CONFIRMED
M02,63395,2026-09-10 17:24:45.316814+00:00,2026-09-10 17:24:45.366575+00:00,2026-09-10 17:23:55.572588+00:00,2026-09-10 17:23:55.574130+00:00,2026-09-10 17:23:55.572822+00:00,2026-09-10 17:24:45.285322+00:00,2026-09-10 17:24:45.285942+00:00,,,,,0.23399999999999999,49712.5,1.3079999999999998,0.62,30.872,49.761,49793.987,CONFIRMED
M02,63396,2026-09-10 17:24:45.396042+00:00,2026-09-10 17:24:45.441976+00:00,2026-09-10 17:23:55.602675+00:00,2026-09-10 17:23:55.603823+00:00,2026-09-10 17:23:55.602852+00:00,2026-09-10 17:24:45.367353+00:00,2026-09-10 17:24:45.367806+00:00,,,,,0.177,49764.501000000004,0.971,0.453,28.236,45.934000000000005,49839.301,CONFIRMED
M02,63397,2026-09-10 17:24:45.474221+00:00,2026-09-10 17:24:45.515868+00:00,2026-09-10 17:23:55.631406+00:00,2026-09-10 17:23:55.632505+00:00,2026-09-10 17:23:55.631575+00:00,2026-09-10 17:24:45.442831+00:00,2026-09-10 17:24:45.443436+00:00,,,,,0.16899999999999998,49811.256,0.93,0.605,30.785,41.647000000000006,49884.462,CONFIRMED
M02,63398,2026-09-10 17:24:45.552043+00:00,2026-09-10 17:24:45.591298+00:00,2026-09-10 17:23:55.660267+00:00,2026-09-10 17:23:55.664648+00:00,2026-09-10 17:23:55.660431+00:00,2026-09-10 17:24:45.516737+00:00,2026-09-10 17:24:45.517249+00:00,,,,,0.164,49856.306000000004,4.2170000000000005,0.512,34.794,39.254999999999995,49931.030999999995,CONFIRMED
M02,63399,2026-09-10 17:24:45.617469+00:00,2026-09-10 17:24:45.655941+00:00,2026-09-10 17:23:55.692393+00:00,2026-09-10 17:23:55.693537+00:00,2026-09-10 17:23:55.692565+00:00,2026-09-10 17:24:45.591974+00:00,2026-09-10 17:24:45.592457+00:00,,,,,0.17200000000000001,49899.409,0.972,0.483,25.012,38.472,49963.548,CONFIRMED
M02,63400,2026-09-10 17:24:45.690585+00:00,2026-09-10 17:24:45.727534+00:00,2026-09-10 17:23:55.728933+00:00,2026-09-10 17:23:55.731503+00:00,2026-09-10 17:23:55.729132+00:00,2026-09-10 17:24:45.656614+00:00,2026-09-10 17:24:45.657149+00:00,,,,,0.199,49927.481999999996,2.371,0.535,33.436,36.949000000000005,49998.601,CONFIRMED
M02,63401,2026-09-10 17:24:45.750047+00:00,2026-09-10 17:24:45.803059+00:00,2026-09-10 17:23:55.758799+00:00,2026-09-10 17:23:55.759997+00:00,2026-09-10 17:23:55.758997+00:00,2026-09-10 17:24:45.728377+00:00,2026-09-10 17:24:45.728917+00:00,,,,,0.19799999999999998,49969.380000000005,1.0,0.54,21.13,53.01199999999999,50044.26,CONFIRMED
M02,63402,2026-09-10 17:24:45.828062+00:00,2026-09-10 17:24:45.865958+00:00,2026-09-10 17:23:55.789486+00:00,2026-09-10 17:23:55.791159+00:00,2026-09-10 17:23:55.789622+00:00,2026-09-10 17:24:45.803754+00:00,2026-09-10 17:24:45.804329+00:00,,,,,0.136,50014.132,1.537,0.575,23.733,37.896,50076.472,CONFIRMED
M02,63403,2026-09-10 17:24:45.896195+00:00,2026-09-10 17:24:45.932111+00:00,2026-09-10 17:23:55.819398+00:00,2026-09-10 17:23:55.822499+00:00,2026-09-10 17:23:55.819582+00:00,2026-09-10 17:24:45.866694+00:00,2026-09-10 17:24:45.867174+00:00,,,,,0.184,50047.112,2.917,0.48000000000000004,29.021,35.916,50112.712999999996,CONFIRMED
M02,63404,2026-09-10 17:24:45.959271+00:00,2026-09-10 17:24:45.997081+00:00,2026-09-10 17:23:55.853977+00:00,2026-09-10 17:23:55.855940+00:00,2026-09-10 17:23:55.854153+00:00,2026-09-10 17:24:45.932969+00:00,2026-09-10 17:24:45.933518+00:00,,,,,0.176,50078.816000000006,1.787,0.549,25.753,37.81,50143.104,CONFIRMED
M02,63405,2026-09-10 17:24:46.025335+00:00,2026-09-10 17:24:46.066532+00:00,2026-09-10 17:23:55.890623+00:00,2026-09-10 17:23:55.892253+00:00,2026-09-10 17:23:55.890917+00:00,2026-09-10 17:24:45.997795+00:00,2026-09-10 17:24:45.998328+00:00,,,,,0.294,50106.878000000004,1.3359999999999999,0.533,27.007,41.196999999999996,50175.909,CONFIRMED
M02,63406,2026-09-10 17:24:46.093552+00:00,2026-09-10 17:24:46.130423+00:00,2026-09-10 17:23:55.920127+00:00,2026-09-10 17:23:55.922619+00:00,2026-09-10 17:23:55.921403+00:00,2026-09-10 17:24:46.067618+00:00,2026-09-10 17:24:46.068202+00:00,,,,,1.276,50146.215,1.216,0.584,25.35,36.871,50210.296,CONFIRMED
M02,63407,2026-09-10 17:24:46.156248+00:00,2026-09-10 17:24:46.194781+00:00,2026-09-10 17:23:55.950457+00:00,2026-09-10 17:23:55.952573+00:00,2026-09-10 17:23:55.950633+00:00,2026-09-10 17:24:46.131240+00:00,2026-09-10 17:24:46.131948+00:00,,,,,0.176,50180.607,1.9400000000000002,0.708,24.299999999999997,38.533,50244.324,CONFIRMED
M02,63408,2026-09-10 17:24:46.225648+00:00,2026-09-10 17:24:46.262833+00:00,2026-09-10 17:23:55.986130+00:00,2026-09-10 17:23:55.986882+00:00,2026-09-10 17:23:55.986282+00:00,2026-09-10 17:24:46.195712+00:00,2026-09-10 17:24:46.196302+00:00,,,,,0.152,50209.43,0.6,0.5900000000000001,29.346,37.185,50276.702999999994,CONFIRMED
M02,63409,2026-09-10 17:24:46.292264+00:00,2026-09-10 17:24:46.331840+00:00,2026-09-10 17:23:56.017166+00:00,2026-09-10 17:23:56.018198+00:00,2026-09-10 17:23:56.017381+00:00,2026-09-10 17:24:46.264299+00:00,2026-09-10 17:24:46.264909+00:00,,,,,0.215,50246.918,0.8170000000000001,0.61,27.355,39.576,50314.674,CONFIRMED
M02,63410,2026-09-10 17:24:46.361233+00:00,2026-09-10 17:24:46.399643+00:00,2026-09-10 17:23:56.047483+00:00,2026-09-10 17:23:56.049659+00:00,2026-09-10 17:23:56.048128+00:00,2026-09-10 17:24:46.332589+00:00,2026-09-10 17:24:46.333183+00:00,,,,,0.6449999999999999,50284.461,1.531,0.594,28.049999999999997,38.41,50352.159999999996,CONFIRMED
M02,63411,2026-09-10 17:24:46.433861+00:00,2026-09-10 17:24:46.479407+00:00,2026-09-10 17:23:56.077932+00:00,2026-09-10 17:23:56.078958+00:00,2026-09-10 17:23:56.078106+00:00,2026-09-10 17:24:46.400711+00:00,2026-09-10 17:24:46.401244+00:00,,,,,0.174,50322.605,0.852,0.533,32.617,45.54600000000001,50401.475,CONFIRMED
M02,63412,2026-09-10 17:24:46.509504+00:00,2026-09-10 17:24:46.553004+00:00,2026-09-10 17:23:56.107670+00:00,2026-09-10 17:23:56.108924+00:00,2026-09-10 17:23:56.108098+00:00,2026-09-10 17:24:46.480209+00:00,2026-09-10 17:24:46.481038+00:00,,,,,0.428,50372.111,0.8260000000000001,0.829,28.466,43.5,50445.334,CONFIRMED
M02,63413,2026-09-10 17:24:46.578067+00:00,2026-09-10 17:24:46.613012+00:00,2026-09-10 17:23:56.136252+00:00,2026-09-10 17:23:56.137030+00:00,2026-09-10 17:23:56.136402+00:00,2026-09-10 17:24:46.553860+00:00,2026-09-10 17:24:46.554437+00:00,,,,,0.15,50417.458000000006,0.628,0.5770000000000001,23.630000000000003,34.945,50476.76,CONFIRMED
M02,63414,2026-09-10 17:24:46.641240+00:00,2026-09-10 17:24:46.677359+00:00,2026-09-10 17:23:56.166372+00:00,2026-09-10 17:23:56.167031+00:00,2026-09-10 17:23:56.166500+00:00,2026-09-10 17:24:46.613696+00:00,2026-09-10 17:24:46.614235+00:00,,,,,0.128,50447.195999999996,0.531,0.539,27.005000000000003,36.119,50510.987,CONFIRMED
M02,63415,2026-09-10 17:24:46.701863+00:00,2026-09-10 17:24:46.740133+00:00,2026-09-10 17:23:56.194396+00:00,2026-09-10 17:23:56.196429+00:00,2026-09-10 17:23:56.195165+00:00,2026-09-10 17:24:46.678390+00:00,2026-09-10 17:24:46.679085+00:00,,,,,0.769,50483.225,1.264,0.695,22.778,38.269999999999996,50545.737,CONFIRMED
M02,63416,2026-09-10 17:24:46.773315+00:00,2026-09-10 17:24:46.822532+00:00,2026-09-10 17:23:56.224914+00:00,2026-09-10 17:23:56.229596+00:00,2026-09-10 17:23:56.225204+00:00,2026-09-10 17:24:46.741024+00:00,2026-09-10 17:24:46.741605+00:00,,,,,0.29,50515.82,4.392,0.5810000000000001,31.71,49.217,50597.617999999995,CONFIRMED
M02,63417,2026-09-10 17:24:46.848066+00:00,2026-09-10 17:24:46.888084+00:00,2026-09-10 17:23:56.258330+00:00,2026-09-10 17:23:56.259032+00:00,2026-09-10 17:23:56.258462+00:00,2026-09-10 17:24:46.823400+00:00,2026-09-10 17:24:46.823894+00:00,,,,,0.132,50564.937999999995,0.57,0.494,24.172,40.018,50629.754,CONFIRMED
M02,63418,2026-09-10 17:24:46.919000+00:00,2026-09-10 17:24:46.957608+00:00,2026-09-10 17:23:56.286788+00:00,2026-09-10 17:23:56.289290+00:00,2026-09-10 17:23:56.287008+00:00,2026-09-10 17:24:46.888783+00:00,2026-09-10 17:24:46.889422+00:00,,,,,0.22,50601.775,2.282,0.639,29.578,38.608000000000004,50670.82,CONFIRMED
M02,63419,2026-09-10 17:24:46.984916+00:00,2026-09-10 17:24:47.021667+00:00,2026-09-10 17:23:56.319479+00:00,2026-09-10 17:23:56.321521+00:00,2026-09-10 17:23:56.320080+00:00,2026-09-10 17:24:46.958610+00:00,2026-09-10 17:24:46.959151+00:00,,,,,0.601,50638.530000000006,1.441,0.541,25.765,36.751,50702.188,CONFIRMED
M02,63420,2026-09-10 17:24:47.047587+00:00,2026-09-10 17:24:47.088314+00:00,2026-09-10 17:23:56.348636+00:00,2026-09-10 17:23:56.349663+00:00,2026-09-10 17:23:56.348781+00:00,2026-09-10 17:24:47.022589+00:00,2026-09-10 17:24:47.023244+00:00,,,,,0.145,50673.808000000005,0.882,0.655,24.343,40.727,50739.678,CONFIRMED
M02,63421,2026-09-10 17:24:47.117285+00:00,2026-09-10 17:24:47.155006+00:00,2026-09-10 17:23:56.378394+00:00,2026-09-10 17:23:56.379599+00:00,2026-09-10 17:23:56.378714+00:00,2026-09-10 17:24:47.089210+00:00,2026-09-10 17:24:47.089802+00:00,,,,,0.32,50710.496,0.885,0.592,27.483,37.721,50776.612,CONFIRMED
M02,63422,2026-09-10 17:24:47.185834+00:00,2026-09-10 17:24:47.223204+00:00,2026-09-10 17:23:56.409760+00:00,2026-09-10 17:23:56.410822+00:00,2026-09-10 17:23:56.410026+00:00,2026-09-10 17:24:47.155825+00:00,2026-09-10 17:24:47.156435+00:00,,,,,0.266,50745.799,0.796,0.61,29.399,37.37,50813.443999999996,CONFIRMED
M02,63423,2026-09-10 17:24:47.249055+00:00,2026-09-10 17:24:47.285409+00:00,2026-09-10 17:23:56.438240+00:00,2026-09-10 17:23:56.439381+00:00,2026-09-10 17:23:56.438386+00:00,2026-09-10 17:24:47.223911+00:00,2026-09-10 17:24:47.224463+00:00,,,,,0.146,50785.525,0.995,0.5519999999999999,24.592,36.354,50847.169,CONFIRMED
M02,63424,2026-09-10 17:24:47.311906+00:00,2026-09-10 17:24:47.348419+00:00,2026-09-10 17:23:56.468049+00:00,2026-09-10 17:23:56.469176+00:00,2026-09-10 17:23:56.468288+00:00,2026-09-10 17:24:47.286184+00:00,2026-09-10 17:24:47.286780+00:00,,,,,0.23900000000000002,50817.896,0.888,0.596,25.125999999999998,36.513,50880.37,CONFIRMED
M02,63425,2026-09-10 17:24:47.381999+00:00,2026-09-10 17:24:47.426746+00:00,2026-09-10 17:23:56.497019+00:00,2026-09-10 17:23:56.500727+00:00,2026-09-10 17:23:56.497244+00:00,2026-09-10 17:24:47.349174+00:00,2026-09-10 17:24:47.350093+00:00,,,,,0.225,50851.93,3.483,0.919,31.905999999999995,44.747,50929.727,CONFIRMED
M02,63426,2026-09-10 17:24:47.452412+00:00,2026-09-10 17:24:47.497444+00:00,2026-09-10 17:23:56.532198+00:00,2026-09-10 17:23:56.532923+00:00,2026-09-10 17:23:56.532303+00:00,2026-09-10 17:24:47.427123+00:00,2026-09-10 17:24:47.427425+00:00,,,,,0.10500000000000001,50894.82,0.62,0.30200000000000005,24.987,45.032000000000004,50965.246,CONFIRMED
M02,63427,2026-09-10 17:24:47.531241+00:00,2026-09-10 17:24:47.571268+00:00,2026-09-10 17:23:56.561461+00:00,2026-09-10 17:23:56.563946+00:00,2026-09-10 17:23:56.562317+00:00,2026-09-10 17:24:47.498254+00:00,2026-09-10 17:24:47.498857+00:00,,,,,0.856,50935.937000000005,1.629,0.603,32.384,40.027,51009.807,CONFIRMED
M02,63428,2026-09-10 17:24:47.595515+00:00,2026-09-10 17:24:47.631398+00:00,2026-09-10 17:23:56.591961+00:00,2026-09-10 17:23:56.593743+00:00,2026-09-10 17:23:56.592405+00:00,2026-09-10 17:24:47.572056+00:00,2026-09-10 17:24:47.572568+00:00,,,,,0.444,50979.651,1.338,0.512,22.947,35.882999999999996,51039.437,CONFIRMED
M02,63429,2026-09-10 17:24:47.657037+00:00,2026-09-10 17:24:47.696470+00:00,2026-09-10 17:23:56.627049+00:00,2026-09-10 17:23:56.629150+00:00,2026-09-10 17:23:56.627356+00:00,2026-09-10 17:24:47.632271+00:00,2026-09-10 17:24:47.632855+00:00,,,,,0.307,51004.91499999999,1.794,0.584,24.182,39.433,51069.420999999995,CONFIRMED
M02,63430,2026-09-10 17:24:47.723004+00:00,2026-09-10 17:24:47.759048+00:00,2026-09-10 17:23:56.658861+00:00,2026-09-10 17:23:56.660209+00:00,2026-09-10 17:23:56.658994+00:00,2026-09-10 17:24:47.697178+00:00,2026-09-10 17:24:47.697883+00:00,,,,,0.133,51038.184,1.2149999999999999,0.705,25.121000000000002,36.044,51100.187,CONFIRMED
M02,63431,2026-09-10 17:24:47.794055+00:00,2026-09-10 17:24:47.840842+00:00,2026-09-10 17:23:56.687879+00:00,2026-09-10 17:23:56.689324+00:00,2026-09-10 17:23:56.688139+00:00,2026-09-10 17:24:47.759971+00:00,2026-09-10 17:24:47.760516+00:00,,,,,0.25999999999999995,51071.832,1.185,0.545,33.539,46.787,51152.963,CONFIRMED
M02,63432,2026-09-10 17:24:47.878603+00:00,2026-09-10 17:24:47.914135+00:00,2026-09-10 17:23:56.719036+00:00,2026-09-10 17:23:56.721088+00:00,2026-09-10 17:23:56.719384+00:00,2026-09-10 17:24:47.841623+00:00,2026-09-10 17:24:47.842111+00:00,,,,,0.348,51122.239,1.704,0.488,36.492,35.532000000000004,51195.099,CONFIRMED
M02,63433,2026-09-10 17:24:47.938872+00:00,2026-09-10 17:24:47.974765+00:00,2026-09-10 17:23:56.749504+00:00,2026-09-10 17:23:56.751162+00:00,2026-09-10 17:23:56.750041+00:00,2026-09-10 17:24:47.914899+00:00,2026-09-10 17:24:47.915486+00:00,,,,,0.537,51164.858,1.121,0.587,23.386,35.893,51225.261000000006,CONFIRMED
M02,63434,2026-09-10 17:24:48.000664+00:00,2026-09-10 17:24:48.037774+00:00,2026-09-10 17:23:56.778919+00:00,2026-09-10 17:23:56.780341+00:00,2026-09-10 17:23:56.779146+00:00,2026-09-10 17:24:47.975614+00:00,2026-09-10 17:24:47.976111+00:00,,,,,0.22699999999999998,51196.468,1.195,0.49700000000000005,24.552999999999997,37.11,51258.854999999996,CONFIRMED
M02,63435,2026-09-10 17:24:48.065441+00:00,2026-09-10 17:24:48.105613+00:00,2026-09-10 17:23:56.809234+00:00,2026-09-10 17:23:56.813353+00:00,2026-09-10 17:23:56.809422+00:00,2026-09-10 17:24:48.038632+00:00,2026-09-10 17:24:48.039272+00:00,,,,,0.188,51229.21,3.9309999999999996,0.64,26.169,40.172,51296.379,CONFIRMED
M02,63436,2026-09-10 17:24:48.130211+00:00,2026-09-10 17:24:48.166713+00:00,2026-09-10 17:23:56.842088+00:00,2026-09-10 17:23:56.843104+00:00,2026-09-10 17:23:56.842247+00:00,2026-09-10 17:24:48.106303+00:00,2026-09-10 17:24:48.106782+00:00,,,,,0.159,51264.056,0.857,0.479,23.429,36.502,51324.625,CONFIRMED
M02,63437,2026-09-10 17:24:48.197099+00:00,2026-09-10 17:24:48.233973+00:00,2026-09-10 17:23:56.871052+00:00,2026-09-10 17:23:56.872146+00:00,2026-09-10 17:23:56.871342+00:00,2026-09-10 17:24:48.167552+00:00,2026-09-10 17:24:48.168004+00:00,,,,,0.29,51296.21,0.804,0.45199999999999996,29.095,36.873999999999995,51362.921,CONFIRMED
M02,63438,2026-09-10 17:24:48.260126+00:00,2026-09-10 17:24:48.296080+00:00,2026-09-10 17:23:56.900665+00:00,2026-09-10 17:23:56.902813+00:00,2026-09-10 17:23:56.900921+00:00,2026-09-10 17:24:48.235242+00:00,2026-09-10 17:24:48.235901+00:00,,,,,0.256,51334.321,1.8920000000000001,0.6589999999999999,24.225,35.954,51395.415,CONFIRMED
M02,63439,2026-09-10 17:24:48.325953+00:00,2026-09-10 17:24:48.362153+00:00,2026-09-10 17:23:56.935953+00:00,2026-09-10 17:23:56.939048+00:00,2026-09-10 17:23:56.936281+00:00,2026-09-10 17:24:48.297508+00:00,2026-09-10 17:24:48.298026+00:00,,,,,0.328,51361.227,2.767,0.518,27.927,36.2,51426.200000000004,CONFIRMED
M02,63440,2026-09-10 17:24:48.388089+00:00,2026-09-10 17:24:48.423859+00:00,2026-09-10 17:23:56.966437+00:00,2026-09-10 17:23:56.967046+00:00,2026-09-10 17:23:56.966556+00:00,2026-09-10 17:24:48.363020+00:00,2026-09-10 17:24:48.363449+00:00,,,,,0.11900000000000001,51396.464,0.49,0.429,24.639999999999997,35.77,51457.422,CONFIRMED
M02,63441,2026-09-10 17:24:48.449562+00:00,2026-09-10 17:24:48.487698+00:00,2026-09-10 17:23:56.995197+00:00,2026-09-10 17:23:56.998116+00:00,2026-09-10 17:23:56.997057+00:00,2026-09-10 17:24:48.424595+00:00,2026-09-10 17:24:48.425093+00:00,,,,,1.86,51427.538,1.059,0.49799999999999994,24.469,38.136,51492.501,CONFIRMED
M02,63442,2026-09-10 17:24:48.517835+00:00,2026-09-10 17:24:48.557078+00:00,2026-09-10 17:23:57.027560+00:00,2026-09-10 17:23:57.030079+00:00,2026-09-10 17:23:57.027777+00:00,2026-09-10 17:24:48.488519+00:00,2026-09-10 17:24:48.489211+00:00,,,,,0.217,51460.742000000006,2.3019999999999996,0.6920000000000001,28.624,39.243,51529.518000000004,CONFIRMED
M02,63443,2026-09-10 17:24:48.593797+00:00,2026-09-10 17:24:48.636688+00:00,2026-09-10 17:23:57.063981+00:00,2026-09-10 17:23:57.068062+00:00,2026-09-10 17:23:57.064274+00:00,2026-09-10 17:24:48.557916+00:00,2026-09-10 17:24:48.558489+00:00,,,,,0.29300000000000004,51493.642,3.7880000000000003,0.5730000000000001,35.308,42.891,51572.707,CONFIRMED
M02,63444,2026-09-10 17:24:48.668222+00:00,2026-09-10 17:24:48.711142+00:00,2026-09-10 17:23:57.096520+00:00,2026-09-10 17:23:57.099124+00:00,2026-09-10 17:23:57.096699+00:00,2026-09-10 17:24:48.637551+00:00,2026-09-10 17:24:48.638012+00:00,,,,,0.179,51540.852,2.4250000000000003,0.46099999999999997,30.21,42.92,51614.621999999996,CONFIRMED
M02,63445,2026-09-10 17:24:48.740336+00:00,2026-09-10 17:24:48.778983+00:00,2026-09-10 17:23:57.127611+00:00,2026-09-10 17:23:57.130031+00:00,2026-09-10 17:23:57.127918+00:00,2026-09-10 17:24:48.711966+00:00,2026-09-10 17:24:48.712517+00:00,,,,,0.307,51584.048,2.113,0.5509999999999999,27.819,38.647,51651.372,CONFIRMED
M02,63446,2026-09-10 17:24:48.806853+00:00,2026-09-10 17:24:48.853673+00:00,2026-09-10 17:23:57.158697+00:00,2026-09-10 17:23:57.161730+00:00,2026-09-10 17:23:57.158961+00:00,2026-09-10 17:24:48.779845+00:00,2026-09-10 17:24:48.780357+00:00,,,,,0.264,51620.884,2.769,0.512,26.496,46.82,51694.975999999995,CONFIRMED
M02,63447,2026-09-10 17:24:48.877234+00:00,2026-09-10 17:24:48.916426+00:00,2026-09-10 17:23:57.192115+00:00,2026-09-10 17:23:57.193037+00:00,2026-09-10 17:23:57.192268+00:00,2026-09-10 17:24:48.854399+00:00,2026-09-10 17:24:48.855008+00:00,,,,,0.153,51662.131,0.769,0.609,22.226,39.192,51724.311,CONFIRMED
M02,63448,2026-09-10 17:24:48.940096+00:00,2026-09-10 17:24:48.976253+00:00,2026-09-10 17:23:57.221110+00:00,2026-09-10 17:23:57.223015+00:00,2026-09-10 17:23:57.221408+00:00,2026-09-10 17:24:48.917013+00:00,2026-09-10 17:24:48.917485+00:00,,,,,0.298,51695.605,1.607,0.472,22.611,36.157000000000004,51755.143,CONFIRMED
M02,63449,2026-09-10 17:24:49.000635+00:00,2026-09-10 17:24:49.036560+00:00,2026-09-10 17:23:57.253425+00:00,2026-09-10 17:23:57.254089+00:00,2026-09-10 17:23:57.253540+00:00,2026-09-10 17:24:48.977096+00:00,2026-09-10 17:24:48.977561+00:00,,,,,0.115,51723.556000000004,0.549,0.465,23.074,35.925,51783.135,CONFIRMED
M02,63450,2026-09-10 17:24:49.059811+00:00,2026-09-10 17:24:49.095225+00:00,2026-09-10 17:23:57.282194+00:00,2026-09-10 17:23:57.283303+00:00,2026-09-10 17:23:57.282401+00:00,2026-09-10 17:24:49.037885+00:00,2026-09-10 17:24:49.038688+00:00,,,,,0.207,51755.484000000004,0.902,0.803,21.123,35.414,51813.031,CONFIRMED
M02,63451,2026-09-10 17:24:49.120482+00:00,2026-09-10 17:24:49.156013+00:00,2026-09-10 17:23:57.311119+00:00,2026-09-10 17:23:57.312320+00:00,2026-09-10 17:23:57.311358+00:00,2026-09-10 17:24:49.096054+00:00,2026-09-10 17:24:49.096567+00:00,,,,,0.23900000000000002,51784.695999999996,0.962,0.513,23.915,35.531,51844.89399999999,CONFIRMED
M02,63452,2026-09-10 17:24:49.185227+00:00,2026-09-10 17:24:49.226467+00:00,2026-09-10 17:23:57.342040+00:00,2026-09-10 17:23:57.343772+00:00,2026-09-10 17:23:57.342314+00:00,2026-09-10 17:24:49.156969+00:00,2026-09-10 17:24:49.157529+00:00,,,,,0.27399999999999997,51814.655,1.4580000000000002,0.5599999999999999,27.698,41.24,51884.427,CONFIRMED
M02,63453,2026-09-10 17:24:49.254943+00:00,2026-09-10 17:24:49.292122+00:00,2026-09-10 17:23:57.371047+00:00,2026-09-10 17:23:57.374392+00:00,2026-09-10 17:23:57.371215+00:00,2026-09-10 17:24:49.227135+00:00,2026-09-10 17:24:49.227542+00:00,,,,,0.16799999999999998,51855.92,3.177,0.40700000000000003,27.401,37.178999999999995,51921.075000000004,CONFIRMED
M02,63454,2026-09-10 17:24:49.318109+00:00,2026-09-10 17:24:49.359346+00:00,2026-09-10 17:23:57.404206+00:00,2026-09-10 17:23:57.406028+00:00,2026-09-10 17:23:57.404360+00:00,2026-09-10 17:24:49.292985+00:00,2026-09-10 17:24:49.293528+00:00,,,,,0.154,51888.625,1.668,0.5429999999999999,24.581,41.237,51955.14,CONFIRMED
M02,63455,2026-09-10 17:24:49.386366+00:00,2026-09-10 17:24:49.424842+00:00,2026-09-10 17:23:57.434211+00:00,2026-09-10 17:23:57.435124+00:00,2026-09-10 17:23:57.434374+00:00,2026-09-10 17:24:49.360035+00:00,2026-09-10 17:24:49.360544+00:00,,,,,0.163,51925.661,0.75,0.509,25.822000000000003,38.476000000000006,51990.631,CONFIRMED
M02,63456,2026-09-10 17:24:49.455629+00:00,2026-09-10 17:24:49.502352+00:00,2026-09-10 17:23:57.462830+00:00,2026-09-10 17:23:57.463886+00:00,2026-09-10 17:23:57.462949+00:00,2026-09-10 17:24:49.425638+00:00,2026-09-10 17:24:49.426276+00:00,,,,,0.11900000000000001,51962.689,0.937,0.638,29.353,46.723,52039.522,CONFIRMED
M02,63457,2026-09-10 17:24:49.539368+00:00,2026-09-10 17:24:49.582245+00:00,2026-09-10 17:23:57.492438+00:00,2026-09-10 17:23:57.493761+00:00,2026-09-10 17:23:57.492682+00:00,2026-09-10 17:24:49.503076+00:00,2026-09-10 17:24:49.503588+00:00,,,,,0.244,52010.394,1.0790000000000002,0.512,35.78,42.876999999999995,52089.807,CONFIRMED
M02,63458,2026-09-10 17:24:49.612397+00:00,2026-09-10 17:24:49.665853+00:00,2026-09-10 17:23:57.521483+00:00,2026-09-10 17:23:57.523467+00:00,2026-09-10 17:23:57.521710+00:00,2026-09-10 17:24:49.583025+00:00,2026-09-10 17:24:49.583579+00:00,,,,,0.22699999999999998,52061.315,1.7570000000000001,0.554,28.818,53.455999999999996,52144.37,CONFIRMED
M02,63459,2026-09-10 17:24:49.694869+00:00,2026-09-10 17:24:49.738226+00:00,2026-09-10 17:23:57.552748+00:00,2026-09-10 17:23:57.558522+00:00,2026-09-10 17:23:57.553436+00:00,2026-09-10 17:24:49.666355+00:00,2026-09-10 17:24:49.666810+00:00,,,,,0.6880000000000001,52112.918999999994,5.086,0.455,28.059,43.357,52185.478,CONFIRMED
M02,63460,2026-09-10 17:24:49.764022+00:00,2026-09-10 17:24:49.813648+00:00,2026-09-10 17:23:57.587109+00:00,2026-09-10 17:23:57.588861+00:00,2026-09-10 17:23:57.587383+00:00,2026-09-10 17:24:49.739091+00:00,2026-09-10 17:24:49.739851+00:00,,,,,0.27399999999999997,52151.708,1.478,0.76,24.171000000000003,49.626000000000005,52226.539000000004,CONFIRMED
M02,63461,2026-09-10 17:24:49.845775+00:00,2026-09-10 17:24:49.883142+00:00,2026-09-10 17:23:57.617618+00:00,2026-09-10 17:23:57.618961+00:00,2026-09-10 17:23:57.617873+00:00,2026-09-10 17:24:49.814543+00:00,2026-09-10 17:24:49.815087+00:00,,,,,0.255,52196.67,1.088,0.544,30.688,37.367,52265.524,CONFIRMED
M02,63462,2026-09-10 17:24:49.915748+00:00,2026-09-10 17:24:49.954782+00:00,2026-09-10 17:23:57.650685+00:00,2026-09-10 17:23:57.652753+00:00,2026-09-10 17:23:57.650898+00:00,2026-09-10 17:24:49.884188+00:00,2026-09-10 17:24:49.884894+00:00,,,,,0.213,52233.28999999999,1.8550000000000002,0.7060000000000001,30.854,39.034,52304.097,CONFIRMED
M02,63463,2026-09-10 17:24:49.980485+00:00,2026-09-10 17:24:50.017091+00:00,2026-09-10 17:23:57.682045+00:00,2026-09-10 17:23:57.682929+00:00,2026-09-10 17:23:57.682206+00:00,2026-09-10 17:24:49.955454+00:00,2026-09-10 17:24:49.956001+00:00,,,,,0.161,52273.248,0.723,0.5469999999999999,24.483999999999998,36.606,52335.045999999995,CONFIRMED
M02,63464,2026-09-10 17:24:50.044967+00:00,2026-09-10 17:24:50.082581+00:00,2026-09-10 17:23:57.709897+00:00,2026-09-10 17:23:57.711139+00:00,2026-09-10 17:23:57.710144+00:00,2026-09-10 17:24:50.018098+00:00,2026-09-10 17:24:50.018561+00:00,,,,,0.247,52307.954000000005,0.995,0.46299999999999997,26.406,37.614000000000004,52372.684,CONFIRMED
M02,63465,2026-09-10 17:24:50.106135+00:00,2026-09-10 17:24:50.142321+00:00,2026-09-10 17:23:57.739132+00:00,2026-09-10 17:23:57.741155+00:00,2026-09-10 17:23:57.739325+00:00,2026-09-10 17:24:50.083435+00:00,2026-09-10 17:24:50.084072+00:00,,,,,0.193,52344.11,1.83,0.637,22.063,36.186,52403.189,CONFIRMED
M02,63466,2026-09-10 17:24:50.169692+00:00,2026-09-10 17:24:50.207412+00:00,2026-09-10 17:23:57.770658+00:00,2026-09-10 17:23:57.771538+00:00,2026-09-10 17:23:57.770837+00:00,2026-09-10 17:24:50.143151+00:00,2026-09-10 17:24:50.143706+00:00,,,,,0.179,52372.314000000006,0.7010000000000001,0.555,25.985999999999997,37.72,52436.754,CONFIRMED
M02,63467,2026-09-10 17:24:50.232288+00:00,2026-09-10 17:24:50.270156+00:00,2026-09-10 17:23:57.802241+00:00,2026-09-10 17:23:57.803604+00:00,2026-09-10 17:23:57.802454+00:00,2026-09-10 17:24:50.208335+00:00,2026-09-10 17:24:50.208907+00:00,,,,,0.213,52405.881,1.15,0.5720000000000001,23.381,37.868,52467.915,CONFIRMED
M02,63468,2026-09-10 17:24:50.299672+00:00,2026-09-10 17:24:50.336275+00:00,2026-09-10 17:23:57.830802+00:00,2026-09-10 17:23:57.834176+00:00,2026-09-10 17:23:57.831042+00:00,2026-09-10 17:24:50.271477+00:00,2026-09-10 17:24:50.272209+00:00,,,,,0.24000000000000002,52440.435,3.134,0.732,27.463,36.602999999999994,52505.473000000005,CONFIRMED
M02,63469,2026-09-10 17:24:50.357695+00:00,2026-09-10 17:24:50.396918+00:00,2026-09-10 17:23:57.867148+00:00,2026-09-10 17:23:57.868386+00:00,2026-09-10 17:23:57.867397+00:00,2026-09-10 17:24:50.337060+00:00,2026-09-10 17:24:50.337733+00:00,,,,,0.24899999999999997,52469.663,0.9890000000000001,0.673,19.962,39.223,52529.77,CONFIRMED
M02,63470,2026-09-10 17:24:50.424308+00:00,2026-09-10 17:24:50.461552+00:00,2026-09-10 17:23:57.896347+00:00,2026-09-10 17:23:57.897520+00:00,2026-09-10 17:23:57.896545+00:00,2026-09-10 17:24:50.397700+00:00,2026-09-10 17:24:50.398290+00:00,,,,,0.19799999999999998,52501.155,0.975,0.5900000000000001,26.018,37.244,52565.205,CONFIRMED
M02,63471,2026-09-10 17:24:50.489282+00:00,2026-09-10 17:24:50.525703+00:00,2026-09-10 17:23:57.925693+00:00,2026-09-10 17:23:57.927677+00:00,2026-09-10 17:23:57.925906+00:00,2026-09-10 17:24:50.462342+00:00,2026-09-10 17:24:50.462872+00:00,,,,,0.213,52536.436,1.771,0.53,26.41,36.421,52600.009999999995,CONFIRMED
M02,63472,2026-09-10 17:24:50.554490+00:00,2026-09-10 17:24:50.590650+00:00,2026-09-10 17:23:57.956266+00:00,2026-09-10 17:23:57.960021+00:00,2026-09-10 17:23:57.956442+00:00,2026-09-10 17:24:50.526628+00:00,2026-09-10 17:24:50.527220+00:00,,,,,0.176,52570.186,3.579,0.592,27.27,36.16,52634.384,CONFIRMED
M02,63473,2026-09-10 17:24:50.619407+00:00,2026-09-10 17:24:50.672279+00:00,2026-09-10 17:23:57.987593+00:00,2026-09-10 17:23:57.988571+00:00,2026-09-10 17:23:57.987776+00:00,2026-09-10 17:24:50.591433+00:00,2026-09-10 17:24:50.592089+00:00,,,,,0.183,52603.657,0.795,0.656,27.317999999999998,52.872,52684.686,CONFIRMED
M02,63474,2026-09-10 17:24:50.719233+00:00,2026-09-10 17:24:50.770188+00:00,2026-09-10 17:23:58.016525+00:00,2026-09-10 17:23:58.017557+00:00,2026-09-10 17:23:58.016808+00:00,2026-09-10 17:24:50.673183+00:00,2026-09-10 17:24:50.673604+00:00,,,,,0.283,52656.375,0.749,0.421,45.629000000000005,50.955,52753.663,CONFIRMED
M02,63475,2026-09-10 17:24:50.803024+00:00,2026-09-10 17:24:50.858054+00:00,2026-09-10 17:23:58.045068+00:00,2026-09-10 17:23:58.047517+00:00,2026-09-10 17:23:58.045252+00:00,2026-09-10 17:24:50.771014+00:00,2026-09-10 17:24:50.771462+00:00,,,,,0.184,52725.762,2.265,0.448,31.562,55.03,52812.986000000004,CONFIRMED
M02,63476,2026-09-10 17:24:50.891300+00:00,2026-09-10 17:24:50.929403+00:00,2026-09-10 17:23:58.075926+00:00,2026-09-10 17:23:58.077608+00:00,2026-09-10 17:23:58.076118+00:00,2026-09-10 17:24:50.859260+00:00,2026-09-10 17:24:50.859974+00:00,,,,,0.192,52783.142,1.49,0.714,31.326,38.102999999999994,52853.477,CONFIRMED
M02,63477,2026-09-10 17:24:50.963539+00:00,2026-09-10 17:24:51.005361+00:00,2026-09-10 17:23:58.106174+00:00,2026-09-10 17:23:58.107380+00:00,2026-09-10 17:23:58.106368+00:00,2026-09-10 17:24:50.931006+00:00,2026-09-10 17:24:50.931587+00:00,,,,,0.194,52824.638,1.012,0.5810000000000001,31.952,41.821999999999996,52899.187,CONFIRMED
M02,63478,2026-09-10 17:24:51.028915+00:00,2026-09-10 17:24:51.065163+00:00,2026-09-10 17:23:58.135204+00:00,2026-09-10 17:23:58.137256+00:00,2026-09-10 17:23:58.135367+00:00,2026-09-10 17:24:51.006169+00:00,2026-09-10 17:24:51.006886+00:00,,,,,0.163,52870.801999999996,1.889,0.717,22.029,36.248000000000005,52929.958999999995,CONFIRMED
M02,63479,2026-09-10 17:24:51.086423+00:00,2026-09-10 17:24:51.122608+00:00,2026-09-10 17:23:58.165454+00:00,2026-09-10 17:23:58.166658+00:00,2026-09-10 17:23:58.165611+00:00,2026-09-10 17:24:51.065876+00:00,2026-09-10 17:24:51.066316+00:00,,,,,0.157,52900.265,1.047,0.44,20.107,36.185,52957.154,CONFIRMED
M02,63480,2026-09-10 17:24:51.146826+00:00,2026-09-10 17:24:51.184085+00:00,2026-09-10 17:23:58.197018+00:00,2026-09-10 17:23:58.198091+00:00,2026-09-10 17:23:58.197231+00:00,2026-09-10 17:24:51.123452+00:00,2026-09-10 17:24:51.123882+00:00,,,,,0.213,52926.221,0.86,0.43,22.944,37.259,52987.067,CONFIRMED
M02,63481,2026-09-10 17:24:51.209493+00:00,2026-09-10 17:24:51.246347+00:00,2026-09-10 17:23:58.228172+00:00,2026-09-10 17:23:58.230033+00:00,2026-09-10 17:23:58.228506+00:00,2026-09-10 17:24:51.184894+00:00,2026-09-10 17:24:51.185434+00:00,,,,,0.33399999999999996,52956.388,1.527,0.54,24.059,36.854,53018.175,CONFIRMED
M02,63482,2026-09-10 17:24:51.270090+00:00,2026-09-10 17:24:51.307465+00:00,2026-09-10 17:23:58.267837+00:00,2026-09-10 17:23:58.268467+00:00,2026-09-10 17:23:58.267995+00:00,2026-09-10 17:24:51.247255+00:00,2026-09-10 17:24:51.247791+00:00,,,,,0.158,52979.259999999995,0.472,0.536,22.299,37.375,53039.628,CONFIRMED
M02,63483,2026-09-10 17:24:51.337155+00:00,2026-09-10 17:24:51.377087+00:00,2026-09-10 17:23:58.296030+00:00,2026-09-10 17:23:58.297250+00:00,2026-09-10 17:23:58.296201+00:00,2026-09-10 17:24:51.308361+00:00,2026-09-10 17:24:51.308900+00:00,,,,,0.171,53012.16,1.049,0.539,28.255,39.932,53081.057,CONFIRMED
M02,63484,2026-09-10 17:24:51.403153+00:00,2026-09-10 17:24:51.439630+00:00,2026-09-10 17:23:58.325702+00:00,2026-09-10 17:23:58.327689+00:00,2026-09-10 17:23:58.325936+00:00,2026-09-10 17:24:51.377780+00:00,2026-09-10 17:24:51.378468+00:00,,,,,0.23399999999999999,53051.844000000005,1.753,0.6880000000000001,24.685,36.477000000000004,53113.928,CONFIRMED
M02,63485,2026-09-10 17:24:51.469921+00:00,2026-09-10 17:24:51.508283+00:00,2026-09-10 17:23:58.356143+00:00,2026-09-10 17:23:58.358114+00:00,2026-09-10 17:23:58.356391+00:00,2026-09-10 17:24:51.440444+00:00,2026-09-10 17:24:51.441068+00:00,,,,,0.248,53084.053,1.7229999999999999,0.624,28.853,38.362,53152.14,CONFIRMED
M02,63486,2026-09-10 17:24:51.534105+00:00,2026-09-10 17:24:51.574305+00:00,2026-09-10 17:23:58.388419+00:00,2026-09-10 17:23:58.402170+00:00,2026-09-10 17:23:58.390003+00:00,2026-09-10 17:24:51.508916+00:00,2026-09-10 17:24:51.509537+00:00,,,,,1.5839999999999999,53118.913,12.167000000000002,0.621,24.567999999999998,40.2,53185.886,CONFIRMED
M02,63487,2026-09-10 17:24:51.610530+00:00,2026-09-10 17:24:51.659800+00:00,2026-09-10 17:23:58.432398+00:00,2026-09-10 17:23:58.434659+00:00,2026-09-10 17:23:58.432606+00:00,2026-09-10 17:24:51.575181+00:00,2026-09-10 17:24:51.575714+00:00,,,,,0.208,53142.575000000004,2.053,0.533,34.816,49.27,53227.401999999995,CONFIRMED
M02,63488,2026-09-10 17:24:51.685300+00:00,2026-09-10 17:24:51.737465+00:00,2026-09-10 17:23:58.462224+00:00,2026-09-10 17:23:58.463564+00:00,2026-09-10 17:23:58.462448+00:00,2026-09-10 17:24:51.660539+00:00,2026-09-10 17:24:51.661153+00:00,,,,,0.224,53198.091,1.116,0.614,24.147,52.165000000000006,53275.241,CONFIRMED
M02,63489,2026-09-10 17:24:51.769465+00:00,2026-09-10 17:24:51.813122+00:00,2026-09-10 17:23:58.492010+00:00,2026-09-10 17:23:58.493324+00:00,2026-09-10 17:23:58.492235+00:00,2026-09-10 17:24:51.738265+00:00,2026-09-10 17:24:51.738916+00:00,,,,,0.225,53246.03,1.089,0.651,30.549,43.657000000000004,53321.112,CONFIRMED
M02,63490,2026-09-10 17:24:51.850530+00:00,2026-09-10 17:24:51.892676+00:00,2026-09-10 17:23:58.533605+00:00,2026-09-10 17:23:58.536910+00:00,2026-09-10 17:23:58.533809+00:00,2026-09-10 17:24:51.813905+00:00,2026-09-10 17:24:51.814455+00:00,,,,,0.204,53280.096,3.101,0.55,36.075,42.146,53359.071,CONFIRMED
M02,63491,2026-09-10 17:24:51.916087+00:00,2026-09-10 17:24:51.953545+00:00,2026-09-10 17:23:58.564963+00:00,2026-09-10 17:23:58.565624+00:00,2026-09-10 17:23:58.565139+00:00,2026-09-10 17:24:51.893356+00:00,2026-09-10 17:24:51.893834+00:00,,,,,0.176,53328.217000000004,0.48500000000000004,0.47800000000000004,22.253,37.458,53388.582,CONFIRMED
M02,63492,2026-09-10 17:24:51.978898+00:00,2026-09-10 17:24:52.016383+00:00,2026-09-10 17:23:58.592566+00:00,2026-09-10 17:23:58.593822+00:00,2026-09-10 17:23:58.592976+00:00,2026-09-10 17:24:51.954288+00:00,2026-09-10 17:24:51.954904+00:00,,,,,0.41,53361.312,0.846,0.616,23.994,37.485,53423.817,CONFIRMED
M02,63493,2026-09-10 17:24:52.040579+00:00,2026-09-10 17:24:52.080119+00:00,2026-09-10 17:23:58.622342+00:00,2026-09-10 17:23:58.624429+00:00,2026-09-10 17:23:58.622585+00:00,2026-09-10 17:24:52.017135+00:00,2026-09-10 17:24:52.017564+00:00,,,,,0.243,53394.55,1.8439999999999999,0.429,23.015,39.54,53457.777,CONFIRMED
M02,63494,2026-09-10 17:24:52.107148+00:00,2026-09-10 17:24:52.145168+00:00,2026-09-10 17:23:58.655520+00:00,2026-09-10 17:23:58.657522+00:00,2026-09-10 17:23:58.655776+00:00,2026-09-10 17:24:52.081783+00:00,2026-09-10 17:24:52.082503+00:00,,,,,0.256,53426.007,1.746,0.7200000000000001,24.645,38.019999999999996,53489.648,CONFIRMED
M02,63495,2026-09-10 17:24:52.169145+00:00,2026-09-10 17:24:52.208746+00:00,2026-09-10 17:23:58.686034+00:00,2026-09-10 17:23:58.687021+00:00,2026-09-10 17:23:58.686227+00:00,2026-09-10 17:24:52.145883+00:00,2026-09-10 17:24:52.147257+00:00,,,,,0.193,53459.656,0.794,1.374,21.888,39.601,53522.712,CONFIRMED
M02,63496,2026-09-10 17:24:52.235077+00:00,2026-09-10 17:24:52.272902+00:00,2026-09-10 17:23:58.714675+00:00,2026-09-10 17:23:58.716277+00:00,2026-09-10 17:23:58.714936+00:00,2026-09-10 17:24:52.209569+00:00,2026-09-10 17:24:52.209998+00:00,,,,,0.261,53494.633,1.341,0.429,25.079,37.824999999999996,53558.227,CONFIRMED
M02,63497,2026-09-10 17:24:52.299004+00:00,2026-09-10 17:24:52.334327+00:00,2026-09-10 17:23:58.746643+00:00,2026-09-10 17:23:58.747727+00:00,2026-09-10 17:23:58.746845+00:00,2026-09-10 17:24:52.273829+00:00,2026-09-10 17:24:52.274429+00:00,,,,,0.202,53526.984,0.882,0.6,24.575,35.323,53587.684,CONFIRMED
M02,63498,2026-09-10 17:24:52.360037+00:00,2026-09-10 17:24:52.396186+00:00,2026-09-10 17:23:58.775116+00:00,2026-09-10 17:23:58.777200+00:00,2026-09-10 17:23:58.775568+00:00,2026-09-10 17:24:52.335019+00:00,2026-09-10 17:24:52.335566+00:00,,,,,0.45199999999999996,53559.451,1.632,0.5469999999999999,24.471,36.149,53621.07,CONFIRMED
M02,63499,2026-09-10 17:24:52.424007+00:00,2026-09-10 17:24:52.461405+00:00,2026-09-10 17:23:58.804632+00:00,2026-09-10 17:23:58.808203+00:00,2026-09-10 17:23:58.804816+00:00,2026-09-10 17:24:52.397038+00:00,2026-09-10 17:24:52.397799+00:00,,,,,0.184,53592.222,3.387,0.761,26.208,37.398,53656.773,CONFIRMED
M02,63500,2026-09-10 17:24:52.483958+00:00,2026-09-10 17:24:52.521366+00:00,2026-09-10 17:23:58.835230+00:00,2026-09-10 17:23:58.836445+00:00,2026-09-10 17:23:58.835403+00:00,2026-09-10 17:24:52.462080+00:00,2026-09-10 17:24:52.462510+00:00,,,,,0.17300000000000001,53626.677,1.042,0.43,21.447999999999997,37.407999999999994,53686.136,CONFIRMED
M02,63501,2026-09-10 17:24:52.546052+00:00,2026-09-10 17:24:52.582207+00:00,2026-09-10 17:23:58.864576+00:00,2026-09-10 17:23:58.868737+00:00,2026-09-10 17:23:58.868124+00:00,2026-09-10 17:24:52.522131+00:00,2026-09-10 17:24:52.522624+00:00,,,,,3.548,53654.007,0.6130000000000001,0.49299999999999994,23.428,36.155,53717.630999999994,CONFIRMED
M02,63502,2026-09-10 17:24:52.607126+00:00,2026-09-10 17:24:52.644894+00:00,2026-09-10 17:23:58.899989+00:00,2026-09-10 17:23:58.901702+00:00,2026-09-10 17:23:58.900215+00:00,2026-09-10 17:24:52.583560+00:00,2026-09-10 17:24:52.584183+00:00,,,,,0.22599999999999998,53683.345,1.487,0.623,22.943,37.768,53744.905000000006,CONFIRMED
M02,63503,2026-09-10 17:24:52.678313+00:00,2026-09-10 17:24:52.715714+00:00,2026-09-10 17:23:58.931156+00:00,2026-09-10 17:23:58.934791+00:00,2026-09-10 17:23:58.931297+00:00,2026-09-10 17:24:52.645715+00:00,2026-09-10 17:24:52.646651+00:00,,,,,0.14100000000000001,53714.418000000005,3.494,0.9359999999999999,31.662000000000003,37.400999999999996,53784.558,CONFIRMED
M02,63504,2026-09-10 17:24:52.740460+00:00,2026-09-10 17:24:52.776614+00:00,2026-09-10 17:23:58.965185+00:00,2026-09-10 17:23:58.966138+00:00,2026-09-10 17:23:58.965347+00:00,2026-09-10 17:24:52.716708+00:00,2026-09-10 17:24:52.717360+00:00,,,,,0.162,53751.361000000004,0.791,0.652,23.099999999999998,36.153999999999996,53811.429,CONFIRMED
M02,63505,2026-09-10 17:24:52.803112+00:00,2026-09-10 17:24:52.838711+00:00,2026-09-10 17:23:58.993639+00:00,2026-09-10 17:23:58.996229+00:00,2026-09-10 17:23:58.993934+00:00,2026-09-10 17:24:52.777469+00:00,2026-09-10 17:24:52.778704+00:00,,,,,0.29500000000000004,53783.535,2.2950000000000004,1.2349999999999999,24.407999999999998,35.599,53845.072,CONFIRMED
M02,63506,2026-09-10 17:24:52.876273+00:00,2026-09-10 17:24:52.919214+00:00,2026-09-10 17:23:59.024065+00:00,2026-09-10 17:23:59.025034+00:00,2026-09-10 17:23:59.024214+00:00,2026-09-10 17:24:52.839534+00:00,2026-09-10 17:24:52.840232+00:00,,,,,0.149,53815.32,0.82,0.6980000000000001,36.041,42.941,53895.149000000005,CONFIRMED
M02,63507,2026-09-10 17:24:52.944105+00:00,2026-09-10 17:24:52.980456+00:00,2026-09-10 17:23:59.058148+00:00,2026-09-10 17:23:59.059705+00:00,2026-09-10 17:23:59.058490+00:00,2026-09-10 17:24:52.919874+00:00,2026-09-10 17:24:52.920433+00:00,,,,,0.342,53861.384,1.2149999999999999,0.559,23.671999999999997,36.351,53922.308000000005,CONFIRMED
M02,63508,2026-09-10 17:24:53.005823+00:00,2026-09-10 17:24:53.058024+00:00,2026-09-10 17:23:59.088503+00:00,2026-09-10 17:23:59.089709+00:00,2026-09-10 17:23:59.088755+00:00,2026-09-10 17:24:52.981209+00:00,2026-09-10 17:24:52.981851+00:00,,,,,0.252,53892.454,0.954,0.642,23.972,52.201,53969.521,CONFIRMED
M02,63509,2026-09-10 17:24:53.087144+00:00,2026-09-10 17:24:53.129179+00:00,2026-09-10 17:23:59.119052+00:00,2026-09-10 17:23:59.121709+00:00,2026-09-10 17:23:59.119986+00:00,2026-09-10 17:24:53.058850+00:00,2026-09-10 17:24:53.059427+00:00,,,,,0.934,53938.864,1.7229999999999999,0.5770000000000001,27.717,42.035000000000004,54010.127,CONFIRMED
M03,63510,2026-09-10 17:24:53.160413+00:00,2026-09-10 17:24:53.208098+00:00,2026-09-10 17:23:59.149657+00:00,2026-09-10 17:23:59.151137+00:00,2026-09-10 17:23:59.149946+00:00,2026-09-10 17:24:53.130313+00:00,2026-09-10 17:24:53.131113+00:00,,,,,0.289,53980.367,1.191,0.8,29.3,47.684999999999995,54058.441,CONFIRMED
M03,63511,2026-09-10 17:24:53.236476+00:00,2026-09-10 17:24:53.273970+00:00,2026-09-10 17:23:59.182304+00:00,2026-09-10 17:23:59.185138+00:00,2026-09-10 17:23:59.182507+00:00,2026-09-10 17:24:53.209032+00:00,2026-09-10 17:24:53.209462+00:00,,,,,0.203,54026.525,2.6310000000000002,0.43,27.014,37.494,54091.666,CONFIRMED
M03,63512,2026-09-10 17:24:53.309149+00:00,2026-09-10 17:24:53.344081+00:00,2026-09-10 17:23:59.213785+00:00,2026-09-10 17:23:59.217319+00:00,2026-09-10 17:23:59.214005+00:00,2026-09-10 17:24:53.274708+00:00,2026-09-10 17:24:53.275284+00:00,,,,,0.22,54060.702999999994,3.314,0.5760000000000001,33.865,34.931999999999995,54130.296,CONFIRMED
M03,63513,2026-09-10 17:24:53.366749+00:00,2026-09-10 17:24:53.402607+00:00,2026-09-10 17:23:59.245363+00:00,2026-09-10 17:23:59.248773+00:00,2026-09-10 17:23:59.245568+00:00,2026-09-10 17:24:53.344824+00:00,2026-09-10 17:24:53.345417+00:00,,,,,0.205,54099.255999999994,3.205,0.593,21.332,35.858000000000004,54157.244,CONFIRMED
M03,63514,2026-09-10 17:24:53.426595+00:00,2026-09-10 17:24:53.465401+00:00,2026-09-10 17:23:59.286374+00:00,2026-09-10 17:23:59.288876+00:00,2026-09-10 17:23:59.286574+00:00,2026-09-10 17:24:53.403324+00:00,2026-09-10 17:24:53.403832+00:00,,,,,0.2,54116.75,2.3019999999999996,0.508,22.762999999999998,38.806,54179.026999999995,CONFIRMED
M03,63515,2026-09-10 17:24:53.490051+00:00,2026-09-10 17:24:53.527027+00:00,2026-09-10 17:23:59.316138+00:00,2026-09-10 17:23:59.317945+00:00,2026-09-10 17:23:59.316402+00:00,2026-09-10 17:24:53.466503+00:00,2026-09-10 17:24:53.467025+00:00,,,,,0.264,54150.101,1.5430000000000001,0.522,23.026,36.976,54210.889,CONFIRMED
M03,63516,2026-09-10 17:24:53.556935+00:00,2026-09-10 17:24:53.594555+00:00,2026-09-10 17:23:59.345018+00:00,2026-09-10 17:23:59.347181+00:00,2026-09-10 17:23:59.345222+00:00,2026-09-10 17:24:53.527634+00:00,2026-09-10 17:24:53.528051+00:00,,,,,0.204,54182.412,1.9589999999999999,0.417,28.884,37.62,54249.537,CONFIRMED
M03,63517,2026-09-10 17:24:53.627096+00:00,2026-09-10 17:24:53.666041+00:00,2026-09-10 17:23:59.376196+00:00,2026-09-10 17:23:59.377270+00:00,2026-09-10 17:23:59.376439+00:00,2026-09-10 17:24:53.595411+00:00,2026-09-10 17:24:53.596032+00:00,,,,,0.243,54218.972,0.8310000000000001,0.621,31.064,38.945,54289.845,CONFIRMED
M03,63518,2026-09-10 17:24:53.705612+00:00,2026-09-10 17:24:53.751061+00:00,2026-09-10 17:23:59.405804+00:00,2026-09-10 17:23:59.406880+00:00,2026-09-10 17:23:59.405992+00:00,2026-09-10 17:24:53.666906+00:00,2026-09-10 17:24:53.667529+00:00,,,,,0.188,54260.914,0.888,0.623,38.083,45.449000000000005,54345.257,CONFIRMED
M03,63519,2026-09-10 17:24:53.781686+00:00,2026-09-10 17:24:53.826934+00:00,2026-09-10 17:23:59.435935+00:00,2026-09-10 17:23:59.437282+00:00,2026-09-10 17:23:59.436293+00:00,2026-09-10 17:24:53.751726+00:00,2026-09-10 17:24:53.752900+00:00,,,,,0.358,54315.433,0.9890000000000001,1.174,28.785999999999998,45.248,54390.999,CONFIRMED
M03,63520,2026-09-10 17:24:53.859686+00:00,2026-09-10 17:24:53.911458+00:00,2026-09-10 17:23:59.467840+00:00,2026-09-10 17:23:59.469400+00:00,2026-09-10 17:23:59.468099+00:00,2026-09-10 17:24:53.827793+00:00,2026-09-10 17:24:53.828320+00:00,,,,,0.259,54359.693999999996,1.3010000000000002,0.527,31.366,51.772,54443.618,CONFIRMED
M03,63521,2026-09-10 17:24:53.937018+00:00,2026-09-10 17:24:53.974319+00:00,2026-09-10 17:23:59.496834+00:00,2026-09-10 17:23:59.498214+00:00,2026-09-10 17:23:59.497056+00:00,2026-09-10 17:24:53.912340+00:00,2026-09-10 17:24:53.912870+00:00,,,,,0.222,54415.284,1.158,0.53,24.148,37.301,54477.485,CONFIRMED
M03,63522,2026-09-10 17:24:53.998949+00:00,2026-09-10 17:24:54.035883+00:00,2026-09-10 17:23:59.529056+00:00,2026-09-10 17:23:59.530254+00:00,2026-09-10 17:23:59.529423+00:00,2026-09-10 17:24:53.975032+00:00,2026-09-10 17:24:53.975793+00:00,,,,,0.367,54445.609,0.8310000000000001,0.761,23.156,36.934000000000005,54506.827000000005,CONFIRMED
M03,63523,2026-09-10 17:24:54.063520+00:00,2026-09-10 17:24:54.099724+00:00,2026-09-10 17:23:59.560036+00:00,2026-09-10 17:23:59.560971+00:00,2026-09-10 17:23:59.560254+00:00,2026-09-10 17:24:54.036659+00:00,2026-09-10 17:24:54.037037+00:00,,,,,0.21800000000000003,54476.405,0.717,0.378,26.483,36.204,54539.687999999995,CONFIRMED
M03,63524,2026-09-10 17:24:54.125957+00:00,2026-09-10 17:24:54.161569+00:00,2026-09-10 17:23:59.590083+00:00,2026-09-10 17:23:59.591016+00:00,2026-09-10 17:23:59.590336+00:00,2026-09-10 17:24:54.100528+00:00,2026-09-10 17:24:54.101177+00:00,,,,,0.253,54510.192,0.68,0.6489999999999999,24.78,35.611999999999995,54571.486,CONFIRMED
M03,63525,2026-09-10 17:24:54.190906+00:00,2026-09-10 17:24:54.229562+00:00,2026-09-10 17:23:59.618645+00:00,2026-09-10 17:23:59.622616+00:00,2026-09-10 17:23:59.618812+00:00,2026-09-10 17:24:54.162297+00:00,2026-09-10 17:24:54.162839+00:00,,,,,0.16699999999999998,54543.48499999999,3.8040000000000003,0.5419999999999999,28.067,38.656000000000006,54610.917,CONFIRMED
M03,63526,2026-09-10 17:24:54.257859+00:00,2026-09-10 17:24:54.298605+00:00,2026-09-10 17:23:59.650231+00:00,2026-09-10 17:23:59.652681+00:00,2026-09-10 17:23:59.650468+00:00,2026-09-10 17:24:54.230253+00:00,2026-09-10 17:24:54.230828+00:00,,,,,0.237,54579.785,2.213,0.575,27.031,40.745999999999995,54648.373999999996,CONFIRMED
M03,63527,2026-09-10 17:24:54.325559+00:00,2026-09-10 17:24:54.361969+00:00,2026-09-10 17:23:59.681920+00:00,2026-09-10 17:23:59.683440+00:00,2026-09-10 17:23:59.682126+00:00,2026-09-10 17:24:54.299590+00:00,2026-09-10 17:24:54.300136+00:00,,,,,0.206,54617.464,1.314,0.546,25.423000000000002,36.41,54680.049,CONFIRMED
M03,63528,2026-09-10 17:24:54.386534+00:00,2026-09-10 17:24:54.424597+00:00,2026-09-10 17:23:59.721201+00:00,2026-09-10 17:23:59.722348+00:00,2026-09-10 17:23:59.721374+00:00,2026-09-10 17:24:54.362835+00:00,2026-09-10 17:24:54.363288+00:00,,,,,0.17300000000000001,54641.461,0.9740000000000001,0.453,23.246,38.063,54703.396,CONFIRMED
M03,63529,2026-09-10 17:24:54.456128+00:00,2026-09-10 17:24:54.492234+00:00,2026-09-10 17:23:59.750164+00:00,2026-09-10 17:23:59.751785+00:00,2026-09-10 17:23:59.750415+00:00,2026-09-10 17:24:54.425334+00:00,2026-09-10 17:24:54.425953+00:00,,,,,0.251,54674.919,1.3699999999999999,0.619,30.175,36.106,54742.07,CONFIRMED
M03,63530,2026-09-10 17:24:54.517103+00:00,2026-09-10 17:24:54.555973+00:00,2026-09-10 17:23:59.779398+00:00,2026-09-10 17:23:59.781747+00:00,2026-09-10 17:23:59.779535+00:00,2026-09-10 17:24:54.492981+00:00,2026-09-10 17:24:54.493451+00:00,,,,,0.13699999999999998,54713.445999999996,2.212,0.47,23.652,38.870000000000005,54776.575000000004,CONFIRMED
M03,63531,2026-09-10 17:24:54.586018+00:00,2026-09-10 17:24:54.621803+00:00,2026-09-10 17:23:59.810443+00:00,2026-09-10 17:23:59.814774+00:00,2026-09-10 17:23:59.810687+00:00,2026-09-10 17:24:54.556764+00:00,2026-09-10 17:24:54.557344+00:00,,,,,0.244,54746.077,4.087000000000001,0.58,28.674000000000003,35.785,54811.36,CONFIRMED
M03,63532,2026-09-10 17:24:54.650522+00:00,2026-09-10 17:24:54.686786+00:00,2026-09-10 17:23:59.843086+00:00,2026-09-10 17:23:59.844052+00:00,2026-09-10 17:23:59.843322+00:00,2026-09-10 17:24:54.622643+00:00,2026-09-10 17:24:54.623251+00:00,,,,,0.236,54779.321,0.73,0.608,27.271,36.263999999999996,54843.7,CONFIRMED
M03,63533,2026-09-10 17:24:54.713500+00:00,2026-09-10 17:24:54.751246+00:00,2026-09-10 17:23:59.872617+00:00,2026-09-10 17:23:59.874336+00:00,2026-09-10 17:23:59.872953+00:00,2026-09-10 17:24:54.687392+00:00,2026-09-10 17:24:54.687907+00:00,,,,,0.33599999999999997,54814.439,1.383,0.515,25.593,37.746,54878.62899999999,CONFIRMED
M03,63534,2026-09-10 17:24:54.776184+00:00,2026-09-10 17:24:54.822306+00:00,2026-09-10 17:23:59.902195+00:00,2026-09-10 17:23:59.903206+00:00,2026-09-10 17:23:59.902341+00:00,2026-09-10 17:24:54.751980+00:00,2026-09-10 17:24:54.752577+00:00,,,,,0.146,54849.639,0.865,0.597,23.607,46.122,54920.111,CONFIRMED
M03,63535,2026-09-10 17:24:54.852316+00:00,2026-09-10 17:24:54.903353+00:00,2026-09-10 17:23:59.930958+00:00,2026-09-10 17:23:59.932787+00:00,2026-09-10 17:23:59.931164+00:00,2026-09-10 17:24:54.823094+00:00,2026-09-10 17:24:54.824468+00:00,,,,,0.206,54891.93,1.623,1.374,27.848000000000003,51.037,54972.395,CONFIRMED
M03,63536,2026-09-10 17:24:54.937753+00:00,2026-09-10 17:24:54.977351+00:00,2026-09-10 17:23:59.960296+00:00,2026-09-10 17:23:59.962078+00:00,2026-09-10 17:23:59.960522+00:00,2026-09-10 17:24:54.903962+00:00,2026-09-10 17:24:54.904318+00:00,,,,,0.22599999999999998,54943.44,1.556,0.356,33.435,39.598,55017.055,CONFIRMED
M03,63537,2026-09-10 17:24:55.002156+00:00,2026-09-10 17:24:55.039553+00:00,2026-09-10 17:23:59.992463+00:00,2026-09-10 17:23:59.999780+00:00,2026-09-10 17:23:59.992618+00:00,2026-09-10 17:24:54.979012+00:00,2026-09-10 17:24:54.979607+00:00,,,,,0.155,54986.394,7.162,0.5950000000000001,22.549,37.397,55047.09,CONFIRMED
M03,63538,2026-09-10 17:24:55.065843+00:00,2026-09-10 17:24:55.103332+00:00,2026-09-10 17:24:00.027943+00:00,2026-09-10 17:24:00.029845+00:00,2026-09-10 17:24:00.028060+00:00,2026-09-10 17:24:55.040377+00:00,2026-09-10 17:24:55.040981+00:00,,,,,0.11699999999999999,55012.317,1.785,0.6040000000000001,24.862,37.489000000000004,55075.389,CONFIRMED
M03,63539,2026-09-10 17:24:55.131957+00:00,2026-09-10 17:24:55.167820+00:00,2026-09-10 17:24:00.058572+00:00,2026-09-10 17:24:00.059656+00:00,2026-09-10 17:24:00.058753+00:00,2026-09-10 17:24:55.104258+00:00,2026-09-10 17:24:55.104803+00:00,,,,,0.18100000000000002,55045.505,0.903,0.545,27.154,35.863,55109.248,CONFIRMED
M03,63540,2026-09-10 17:24:55.195195+00:00,2026-09-10 17:24:55.236234+00:00,2026-09-10 17:24:00.090814+00:00,2026-09-10 17:24:00.091585+00:00,2026-09-10 17:24:00.090949+00:00,2026-09-10 17:24:55.168595+00:00,2026-09-10 17:24:55.169071+00:00,,,,,0.135,55077.646,0.636,0.47600000000000003,26.124000000000002,41.039,55145.42,CONFIRMED
M03,63541,2026-09-10 17:24:55.266788+00:00,2026-09-10 17:24:55.308200+00:00,2026-09-10 17:24:00.119836+00:00,2026-09-10 17:24:00.120759+00:00,2026-09-10 17:24:00.120010+00:00,2026-09-10 17:24:55.236991+00:00,2026-09-10 17:24:55.237501+00:00,,,,,0.174,55116.981,0.749,0.51,29.287,41.412,55188.364,CONFIRMED
M03,63542,2026-09-10 17:24:55.339434+00:00,2026-09-10 17:24:55.383289+00:00,2026-09-10 17:24:00.148997+00:00,2026-09-10 17:24:00.150157+00:00,2026-09-10 17:24:00.149204+00:00,2026-09-10 17:24:55.309429+00:00,2026-09-10 17:24:55.310091+00:00,,,,,0.207,55160.225,0.953,0.662,29.343,43.855,55234.292,CONFIRMED
M03,63543,2026-09-10 17:24:55.411859+00:00,2026-09-10 17:24:55.450328+00:00,2026-09-10 17:24:00.182497+00:00,2026-09-10 17:24:00.184141+00:00,2026-09-10 17:24:00.182670+00:00,2026-09-10 17:24:55.384721+00:00,2026-09-10 17:24:55.385345+00:00,,,,,0.17300000000000001,55202.051,1.471,0.624,26.514,38.469,55267.831,CONFIRMED
M03,63544,2026-09-10 17:24:55.478510+00:00,2026-09-10 17:24:55.514801+00:00,2026-09-10 17:24:00.211764+00:00,2026-09-10 17:24:00.212966+00:00,2026-09-10 17:24:00.211996+00:00,2026-09-10 17:24:55.451267+00:00,2026-09-10 17:24:55.451872+00:00,,,,,0.232,55239.271,0.9700000000000001,0.605,26.637999999999998,36.291,55303.037000000004,CONFIRMED
M03,63545,2026-09-10 17:24:55.541112+00:00,2026-09-10 17:24:55.575650+00:00,2026-09-10 17:24:00.240519+00:00,2026-09-10 17:24:00.242524+00:00,2026-09-10 17:24:00.240721+00:00,2026-09-10 17:24:55.515544+00:00,2026-09-10 17:24:55.516001+00:00,,,,,0.202,55274.823,1.803,0.457,25.111,34.538,55335.130999999994,CONFIRMED
M03,63546,2026-09-10 17:24:55.610516+00:00,2026-09-10 17:24:55.651065+00:00,2026-09-10 17:24:00.271391+00:00,2026-09-10 17:24:00.273453+00:00,2026-09-10 17:24:00.271682+00:00,2026-09-10 17:24:55.576392+00:00,2026-09-10 17:24:55.576904+00:00,,,,,0.29100000000000004,55304.71,1.771,0.512,33.612,40.549,55379.674,CONFIRMED
M03,63547,2026-09-10 17:24:55.676854+00:00,2026-09-10 17:24:55.716500+00:00,2026-09-10 17:24:00.301528+00:00,2026-09-10 17:24:00.303290+00:00,2026-09-10 17:24:00.301718+00:00,2026-09-10 17:24:55.651786+00:00,2026-09-10 17:24:55.652272+00:00,,,,,0.19,55350.068,1.572,0.486,24.582,39.646,55414.972,CONFIRMED
M03,63548,2026-09-10 17:24:55.748433+00:00,2026-09-10 17:24:55.796715+00:00,2026-09-10 17:24:00.330771+00:00,2026-09-10 17:24:00.332796+00:00,2026-09-10 17:24:00.330981+00:00,2026-09-10 17:24:55.717367+00:00,2026-09-10 17:24:55.718680+00:00,,,,,0.21000000000000002,55386.386,1.815,1.313,29.753,48.282,55465.944,CONFIRMED
M03,63549,2026-09-10 17:24:55.838183+00:00,2026-09-10 17:24:55.886465+00:00,2026-09-10 17:24:00.360300+00:00,2026-09-10 17:24:00.361246+00:00,2026-09-10 17:24:00.360476+00:00,2026-09-10 17:24:55.797502+00:00,2026-09-10 17:24:55.798304+00:00,,,,,0.176,55437.026000000005,0.7699999999999999,0.8019999999999999,39.879,48.282,55526.165,CONFIRMED
M03,63550,2026-09-10 17:24:55.936537+00:00,2026-09-10 17:24:55.974608+00:00,2026-09-10 17:24:00.389477+00:00,2026-09-10 17:24:00.390860+00:00,2026-09-10 17:24:00.389661+00:00,2026-09-10 17:24:55.887788+00:00,2026-09-10 17:24:55.889472+00:00,,,,,0.184,55498.12699999999,1.199,1.684,47.065000000000005,38.071,55585.130999999994,CONFIRMED
M03,63551,2026-09-10 17:24:56.005080+00:00,2026-09-10 17:24:56.042718+00:00,2026-09-10 17:24:00.419134+00:00,2026-09-10 17:24:00.420878+00:00,2026-09-10 17:24:00.419306+00:00,2026-09-10 17:24:55.975411+00:00,2026-09-10 17:24:55.976094+00:00,,,,,0.17200000000000001,55556.105,1.572,0.683,28.986,37.638,55623.584,CONFIRMED
M03,63552,2026-09-10 17:24:56.068344+00:00,2026-09-10 17:24:56.108358+00:00,2026-09-10 17:24:00.451688+00:00,2026-09-10 17:24:00.453007+00:00,2026-09-10 17:24:00.451988+00:00,2026-09-10 17:24:56.043567+00:00,2026-09-10 17:24:56.044447+00:00,,,,,0.3,55591.579000000005,1.019,0.88,23.897000000000002,40.014,55656.67,CONFIRMED
M03,63553,2026-09-10 17:24:56.136349+00:00,2026-09-10 17:24:56.176475+00:00,2026-09-10 17:24:00.488513+00:00,2026-09-10 17:24:00.490416+00:00,2026-09-10 17:24:00.488761+00:00,2026-09-10 17:24:56.109539+00:00,2026-09-10 17:24:56.110180+00:00,,,,,0.248,55620.778,1.655,0.641,26.169,40.126000000000005,55687.962,CONFIRMED
M03,63554,2026-09-10 17:24:56.199123+00:00,2026-09-10 17:24:56.239516+00:00,2026-09-10 17:24:00.520833+00:00,2026-09-10 17:24:00.523856+00:00,2026-09-10 17:24:00.521063+00:00,2026-09-10 17:24:56.177276+00:00,2026-09-10 17:24:56.177736+00:00,,,,,0.23,55656.213,2.7929999999999997,0.46,21.387,40.393,55718.683,CONFIRMED
M03,63555,2026-09-10 17:24:56.271348+00:00,2026-09-10 17:24:56.314164+00:00,2026-09-10 17:24:00.555656+00:00,2026-09-10 17:24:00.556798+00:00,2026-09-10 17:24:00.555919+00:00,2026-09-10 17:24:56.240576+00:00,2026-09-10 17:24:56.241048+00:00,,,,,0.263,55684.657,0.879,0.472,30.3,42.816,55758.508,CONFIRMED
M03,63556,2026-09-10 17:24:56.341990+00:00,2026-09-10 17:24:56.377749+00:00,2026-09-10 17:24:00.592209+00:00,2026-09-10 17:24:00.593350+00:00,2026-09-10 17:24:00.592439+00:00,2026-09-10 17:24:56.315041+00:00,2026-09-10 17:24:56.315564+00:00,,,,,0.23,55722.602,0.911,0.523,26.426000000000002,35.759,55785.54,CONFIRMED
M03,63557,2026-09-10 17:24:56.405446+00:00,2026-09-10 17:24:56.444560+00:00,2026-09-10 17:24:00.624391+00:00,2026-09-10 17:24:00.625731+00:00,2026-09-10 17:24:00.624627+00:00,2026-09-10 17:24:56.378481+00:00,2026-09-10 17:24:56.379160+00:00,,,,,0.236,55753.854,1.1039999999999999,0.679,26.286,39.114000000000004,55820.169,CONFIRMED
M03,63558,2026-09-10 17:24:56.473079+00:00,2026-09-10 17:24:56.515504+00:00,2026-09-10 17:24:00.655008+00:00,2026-09-10 17:24:00.657404+00:00,2026-09-10 17:24:00.655167+00:00,2026-09-10 17:24:56.445464+00:00,2026-09-10 17:24:56.446153+00:00,,,,,0.159,55790.297000000006,2.2369999999999997,0.6890000000000001,26.926,42.425,55860.496,CONFIRMED
M03,63559,2026-09-10 17:24:56.545581+00:00,2026-09-10 17:24:56.584407+00:00,2026-09-10 17:24:00.686405+00:00,2026-09-10 17:24:00.688291+00:00,2026-09-10 17:24:00.686572+00:00,2026-09-10 17:24:56.516401+00:00,2026-09-10 17:24:56.516869+00:00,,,,,0.16699999999999998,55829.829,1.719,0.46799999999999997,28.712,38.826,55898.002,CONFIRMED
M03,63560,2026-09-10 17:24:56.611336+00:00,2026-09-10 17:24:56.649630+00:00,2026-09-10 17:24:00.716956+00:00,2026-09-10 17:24:00.719347+00:00,2026-09-10 17:24:00.717146+00:00,2026-09-10 17:24:56.585370+00:00,2026-09-10 17:24:56.585843+00:00,,,,,0.19,55868.223999999995,2.2009999999999996,0.47300000000000003,25.493,38.294000000000004,55932.674,CONFIRMED
M03,63561,2026-09-10 17:24:56.674625+00:00,2026-09-10 17:24:56.713533+00:00,2026-09-10 17:24:00.748121+00:00,2026-09-10 17:24:00.750141+00:00,2026-09-10 17:24:00.748368+00:00,2026-09-10 17:24:56.650539+00:00,2026-09-10 17:24:56.651047+00:00,,,,,0.247,55902.171,1.7730000000000001,0.508,23.578000000000003,38.908,55965.412000000004,CONFIRMED
M03,63562,2026-09-10 17:24:56.740846+00:00,2026-09-10 17:24:56.792227+00:00,2026-09-10 17:24:00.784894+00:00,2026-09-10 17:24:00.786619+00:00,2026-09-10 17:24:00.785088+00:00,2026-09-10 17:24:56.714465+00:00,2026-09-10 17:24:56.715093+00:00,,,,,0.194,55929.377,1.531,0.628,25.753,51.381,56007.333000000006,CONFIRMED
M03,63563,2026-09-10 17:24:56.820632+00:00,2026-09-10 17:24:56.858810+00:00,2026-09-10 17:24:00.818136+00:00,2026-09-10 17:24:00.820987+00:00,2026-09-10 17:24:00.818355+00:00,2026-09-10 17:24:56.793102+00:00,2026-09-10 17:24:56.793845+00:00,,,,,0.219,55974.747,2.6319999999999997,0.743,26.787,38.178,56040.674000000006,CONFIRMED
M03,63564,2026-09-10 17:24:56.891024+00:00,2026-09-10 17:24:56.948867+00:00,2026-09-10 17:24:00.850302+00:00,2026-09-10 17:24:00.853411+00:00,2026-09-10 17:24:00.850499+00:00,2026-09-10 17:24:56.859520+00:00,2026-09-10 17:24:56.860142+00:00,,,,,0.19699999999999998,56009.021,2.912,0.622,30.882,57.842999999999996,56098.565,CONFIRMED
M03,63565,2026-09-10 17:24:56.974107+00:00,2026-09-10 17:24:57.012209+00:00,2026-09-10 17:24:00.903258+00:00,2026-09-10 17:24:00.936622+00:00,2026-09-10 17:24:00.903590+00:00,2026-09-10 17:24:56.949861+00:00,2026-09-10 17:24:56.950495+00:00,,,,,0.332,56046.271,33.032,0.634,23.612000000000002,38.102,56108.951,CONFIRMED
M03,63566,2026-09-10 17:24:57.038391+00:00,2026-09-10 17:24:57.076652+00:00,2026-09-10 17:24:01.046998+00:00,2026-09-10 17:24:01.051066+00:00,2026-09-10 17:24:01.047144+00:00,2026-09-10 17:24:57.013004+00:00,2026-09-10 17:24:57.013460+00:00,,,,,0.146,55965.86,3.922,0.456,24.930999999999997,38.261,56029.654,CONFIRMED
M03,63567,2026-09-10 17:24:57.104955+00:00,2026-09-10 17:24:57.142292+00:00,2026-09-10 17:24:01.106137+00:00,2026-09-10 17:24:01.110150+00:00,2026-09-10 17:24:01.106416+00:00,2026-09-10 17:24:57.077410+00:00,2026-09-10 17:24:57.077903+00:00,,,,,0.279,55970.994,3.734,0.49299999999999994,27.052,37.337,56036.155,CONFIRMED
M03,63568,2026-09-10 17:24:57.172137+00:00,2026-09-10 17:24:57.216246+00:00,2026-09-10 17:24:01.138044+00:00,2026-09-10 17:24:01.139675+00:00,2026-09-10 17:24:01.138226+00:00,2026-09-10 17:24:57.142975+00:00,2026-09-10 17:24:57.143653+00:00,,,,,0.182,56004.748999999996,1.449,0.678,28.483999999999998,44.109,56078.202,CONFIRMED
M03,63569,2026-09-10 17:24:57.248577+00:00,2026-09-10 17:24:57.294199+00:00,2026-09-10 17:24:01.172907+00:00,2026-09-10 17:24:01.175059+00:00,2026-09-10 17:24:01.173054+00:00,2026-09-10 17:24:57.217176+00:00,2026-09-10 17:24:57.217708+00:00,,,,,0.147,56044.122,2.005,0.532,30.869,45.622,56121.291999999994,CONFIRMED
M03,63570,2026-09-10 17:24:57.326391+00:00,2026-09-10 17:24:57.364871+00:00,2026-09-10 17:24:01.205517+00:00,2026-09-10 17:24:01.207079+00:00,2026-09-10 17:24:01.205738+00:00,2026-09-10 17:24:57.295500+00:00,2026-09-10 17:24:57.296159+00:00,,,,,0.221,56089.762,1.341,0.6589999999999999,30.232,38.48,56159.354,CONFIRMED
M03,63571,2026-09-10 17:24:57.395517+00:00,2026-09-10 17:24:57.433831+00:00,2026-09-10 17:24:01.237135+00:00,2026-09-10 17:24:01.239795+00:00,2026-09-10 17:24:01.237506+00:00,2026-09-10 17:24:57.365534+00:00,2026-09-10 17:24:57.365954+00:00,,,,,0.371,56128.028,2.2889999999999997,0.42000000000000004,29.563,38.314,56196.696,CONFIRMED
M03,63572,2026-09-10 17:24:57.472423+00:00,2026-09-10 17:24:57.520123+00:00,2026-09-10 17:24:01.269978+00:00,2026-09-10 17:24:01.273376+00:00,2026-09-10 17:24:01.270246+00:00,2026-09-10 17:24:57.434707+00:00,2026-09-10 17:24:57.435265+00:00,,,,,0.268,56164.461,3.13,0.558,37.157999999999994,47.7,56250.145000000004,CONFIRMED
M03,63573,2026-09-10 17:24:57.551080+00:00,2026-09-10 17:24:57.598694+00:00,2026-09-10 17:24:01.303675+00:00,2026-09-10 17:24:01.309227+00:00,2026-09-10 17:24:01.303884+00:00,2026-09-10 17:24:57.520695+00:00,2026-09-10 17:24:57.521041+00:00,,,,,0.20900000000000002,56216.811,5.343,0.34600000000000003,30.039,47.614,56295.019,CONFIRMED
M03,63574,2026-09-10 17:24:57.635945+00:00,2026-09-10 17:24:57.680639+00:00,2026-09-10 17:24:01.337804+00:00,2026-09-10 17:24:01.339969+00:00,2026-09-10 17:24:01.338125+00:00,2026-09-10 17:24:57.599576+00:00,2026-09-10 17:24:57.600257+00:00,,,,,0.321,56261.451,1.8439999999999999,0.6809999999999999,35.687999999999995,44.693999999999996,56342.835,CONFIRMED
M03,63575,2026-09-10 17:24:57.712304+00:00,2026-09-10 17:24:57.752457+00:00,2026-09-10 17:24:01.368351+00:00,2026-09-10 17:24:01.372201+00:00,2026-09-10 17:24:01.368518+00:00,2026-09-10 17:24:57.681523+00:00,2026-09-10 17:24:57.682057+00:00,,,,,0.16699999999999998,56313.005,3.6830000000000003,0.5339999999999999,30.247,40.153,56384.106,CONFIRMED
M03,63576,2026-09-10 17:24:57.778230+00:00,2026-09-10 17:24:57.819605+00:00,2026-09-10 17:24:01.400505+00:00,2026-09-10 17:24:01.401496+00:00,2026-09-10 17:24:01.400719+00:00,2026-09-10 17:24:57.753255+00:00,2026-09-10 17:24:57.753933+00:00,,,,,0.214,56352.536,0.777,0.678,24.297,41.375,56419.1,CONFIRMED
M03,63577,2026-09-10 17:24:57.846141+00:00,2026-09-10 17:24:57.898432+00:00,2026-09-10 17:24:01.432557+00:00,2026-09-10 17:24:01.433682+00:00,2026-09-10 17:24:01.432748+00:00,2026-09-10 17:24:57.820436+00:00,2026-09-10 17:24:57.821125+00:00,,,,,0.191,56387.687999999995,0.934,0.6890000000000001,25.016000000000002,52.291,56465.875,CONFIRMED
M03,63578,2026-09-10 17:24:57.934562+00:00,2026-09-10 17:24:57.973816+00:00,2026-09-10 17:24:01.463785+00:00,2026-09-10 17:24:01.465916+00:00,2026-09-10 17:24:01.463974+00:00,2026-09-10 17:24:57.899613+00:00,2026-09-10 17:24:57.900350+00:00,,,,,0.189,56435.639,1.942,0.737,34.211999999999996,39.254,56510.030999999995,CONFIRMED
M03,63579,2026-09-10 17:24:58.014385+00:00,2026-09-10 17:24:58.060594+00:00,2026-09-10 17:24:01.500197+00:00,2026-09-10 17:24:01.501125+00:00,2026-09-10 17:24:01.500370+00:00,2026-09-10 17:24:57.974676+00:00,2026-09-10 17:24:57.975195+00:00,,,,,0.17300000000000001,56474.306,0.755,0.519,39.190000000000005,46.209,56560.397000000004,CONFIRMED
M03,63580,2026-09-10 17:24:58.088035+00:00,2026-09-10 17:24:58.126205+00:00,2026-09-10 17:24:01.528935+00:00,2026-09-10 17:24:01.530788+00:00,2026-09-10 17:24:01.529208+00:00,2026-09-10 17:24:58.061913+00:00,2026-09-10 17:24:58.062526+00:00,,,,,0.273,56532.705,1.58,0.6130000000000001,25.509,38.17,56597.270000000004,CONFIRMED
M03,63581,2026-09-10 17:24:58.151993+00:00,2026-09-10 17:24:58.191056+00:00,2026-09-10 17:24:01.558786+00:00,2026-09-10 17:24:01.559622+00:00,2026-09-10 17:24:01.559000+00:00,2026-09-10 17:24:58.127102+00:00,2026-09-10 17:24:58.127540+00:00,,,,,0.214,56568.102000000006,0.622,0.438,24.453,39.063,56632.27,CONFIRMED
M03,63582,2026-09-10 17:24:58.218510+00:00,2026-09-10 17:24:58.257716+00:00,2026-09-10 17:24:01.587877+00:00,2026-09-10 17:24:01.589241+00:00,2026-09-10 17:24:01.588091+00:00,2026-09-10 17:24:58.191974+00:00,2026-09-10 17:24:58.192888+00:00,,,,,0.214,56603.883,1.15,0.914,25.622,39.205999999999996,56669.839,CONFIRMED
M03,63583,2026-09-10 17:24:58.283318+00:00,2026-09-10 17:24:58.328652+00:00,2026-09-10 17:24:01.626571+00:00,2026-09-10 17:24:01.628287+00:00,2026-09-10 17:24:01.626751+00:00,2026-09-10 17:24:58.258802+00:00,2026-09-10 17:24:58.259661+00:00,,,,,0.18000000000000002,56632.051,1.536,0.859,23.657,45.333999999999996,56702.081,CONFIRMED
M03,63584,2026-09-10 17:24:58.357431+00:00,2026-09-10 17:24:58.396252+00:00,2026-09-10 17:24:01.657142+00:00,2026-09-10 17:24:01.658074+00:00,2026-09-10 17:24:01.657278+00:00,2026-09-10 17:24:58.329484+00:00,2026-09-10 17:24:58.330090+00:00,,,,,0.136,56672.206000000006,0.796,0.606,27.341,38.821,56739.10999999999,CONFIRMED
M03,63585,2026-09-10 17:24:58.420521+00:00,2026-09-10 17:24:58.458125+00:00,2026-09-10 17:24:01.685710+00:00,2026-09-10 17:24:01.687980+00:00,2026-09-10 17:24:01.685894+00:00,2026-09-10 17:24:58.396957+00:00,2026-09-10 17:24:58.397451+00:00,,,,,0.184,56711.063,2.0860000000000003,0.494,23.07,37.604,56772.415,CONFIRMED
M03,63586,2026-09-10 17:24:58.484551+00:00,2026-09-10 17:24:58.522109+00:00,2026-09-10 17:24:01.718532+00:00,2026-09-10 17:24:01.719973+00:00,2026-09-10 17:24:01.718740+00:00,2026-09-10 17:24:58.459310+00:00,2026-09-10 17:24:58.459883+00:00,,,,,0.208,56740.57,1.2329999999999999,0.5730000000000001,24.668,37.558,56803.577,CONFIRMED
M03,63587,2026-09-10 17:24:58.549739+00:00,2026-09-10 17:24:58.588781+00:00,2026-09-10 17:24:01.749634+00:00,2026-09-10 17:24:01.751660+00:00,2026-09-10 17:24:01.750312+00:00,2026-09-10 17:24:58.523058+00:00,2026-09-10 17:24:58.524053+00:00,,,,,0.678,56772.746,1.348,0.995,25.686,39.042,56839.147,CONFIRMED
M03,63588,2026-09-10 17:24:58.614533+00:00,2026-09-10 17:24:58.653561+00:00,2026-09-10 17:24:01.779799+00:00,2026-09-10 17:24:01.782003+00:00,2026-09-10 17:24:01.780009+00:00,2026-09-10 17:24:58.589970+00:00,2026-09-10 17:24:58.590395+00:00,,,,,0.21000000000000002,56809.961,1.9940000000000002,0.425,24.137999999999998,39.028,56873.762,CONFIRMED
M03,63589,2026-09-10 17:24:58.683885+00:00,2026-09-10 17:24:58.723400+00:00,2026-09-10 17:24:01.810034+00:00,2026-09-10 17:24:01.811470+00:00,2026-09-10 17:24:01.810252+00:00,2026-09-10 17:24:58.654551+00:00,2026-09-10 17:24:58.655297+00:00,,,,,0.21800000000000003,56844.299,1.218,0.746,28.587999999999997,39.515,56913.366,CONFIRMED
M03,63590,2026-09-10 17:24:58.750015+00:00,2026-09-10 17:24:58.786823+00:00,2026-09-10 17:24:01.839505+00:00,2026-09-10 17:24:01.840703+00:00,2026-09-10 17:24:01.839712+00:00,2026-09-10 17:24:58.724231+00:00,2026-09-10 17:24:58.724758+00:00,,,,,0.207,56884.519,0.9909999999999999,0.527,25.257,36.808,56947.318,CONFIRMED
M03,63591,2026-09-10 17:24:58.815465+00:00,2026-09-10 17:24:58.854295+00:00,2026-09-10 17:24:01.868403+00:00,2026-09-10 17:24:01.869423+00:00,2026-09-10 17:24:01.868564+00:00,2026-09-10 17:24:58.787620+00:00,2026-09-10 17:24:58.788329+00:00,,,,,0.161,56919.056,0.859,0.709,27.136,38.830000000000005,56985.892,CONFIRMED
M03,63592,2026-09-10 17:24:58.881164+00:00,2026-09-10 17:24:58.931335+00:00,2026-09-10 17:24:01.901491+00:00,2026-09-10 17:24:01.902956+00:00,2026-09-10 17:24:01.901656+00:00,2026-09-10 17:24:58.855024+00:00,2026-09-10 17:24:58.855743+00:00,,,,,0.165,56953.367999999995,1.3,0.719,25.421,50.171,57029.844,CONFIRMED
M03,63593,2026-09-10 17:24:58.955786+00:00,2026-09-10 17:24:58.996628+00:00,2026-09-10 17:24:01.933026+00:00,2026-09-10 17:24:01.935140+00:00,2026-09-10 17:24:01.933293+00:00,2026-09-10 17:24:58.932745+00:00,2026-09-10 17:24:58.933358+00:00,,,,,0.26699999999999996,56999.452,1.847,0.6130000000000001,22.428,40.842000000000006,57063.602000000006,CONFIRMED
M03,63594,2026-09-10 17:24:59.024286+00:00,2026-09-10 17:24:59.065222+00:00,2026-09-10 17:24:01.964009+00:00,2026-09-10 17:24:01.965687+00:00,2026-09-10 17:24:01.964233+00:00,2026-09-10 17:24:58.997809+00:00,2026-09-10 17:24:58.998311+00:00,,,,,0.224,57033.575999999994,1.454,0.502,25.975,40.936,57101.213,CONFIRMED
M03,63595,2026-09-10 17:24:59.095023+00:00,2026-09-10 17:24:59.132501+00:00,2026-09-10 17:24:01.994877+00:00,2026-09-10 17:24:01.995652+00:00,2026-09-10 17:24:01.995066+00:00,2026-09-10 17:24:59.066096+00:00,2026-09-10 17:24:59.066820+00:00,,,,,0.189,57071.03,0.5860000000000001,0.7240000000000001,28.203,37.477999999999994,57137.624,CONFIRMED
M03,63596,2026-09-10 17:24:59.159346+00:00,2026-09-10 17:24:59.199906+00:00,2026-09-10 17:24:02.023874+00:00,2026-09-10 17:24:02.025057+00:00,2026-09-10 17:24:02.024129+00:00,2026-09-10 17:24:59.133400+00:00,2026-09-10 17:24:59.134189+00:00,,,,,0.255,57109.271,0.928,0.789,25.157,40.56,57176.032,CONFIRMED
M03,63597,2026-09-10 17:24:59.228412+00:00,2026-09-10 17:24:59.266295+00:00,2026-09-10 17:24:02.053537+00:00,2026-09-10 17:24:02.054671+00:00,2026-09-10 17:24:02.053869+00:00,2026-09-10 17:24:59.200880+00:00,2026-09-10 17:24:59.201481+00:00,,,,,0.332,57147.011,0.8019999999999999,0.601,26.931,37.883,57212.758,CONFIRMED
M03,63598,2026-09-10 17:24:59.296088+00:00,2026-09-10 17:24:59.336908+00:00,2026-09-10 17:24:02.083095+00:00,2026-09-10 17:24:02.084561+00:00,2026-09-10 17:24:02.083293+00:00,2026-09-10 17:24:59.267099+00:00,2026-09-10 17:24:59.267660+00:00,,,,,0.19799999999999998,57183.806,1.268,0.5609999999999999,28.427999999999997,40.82,57253.813,CONFIRMED
M03,63599,2026-09-10 17:24:59.363204+00:00,2026-09-10 17:24:59.403619+00:00,2026-09-10 17:24:02.112064+00:00,2026-09-10 17:24:02.113448+00:00,2026-09-10 17:24:02.112312+00:00,2026-09-10 17:24:59.337755+00:00,2026-09-10 17:24:59.338310+00:00,,,,,0.248,57225.443,1.1360000000000001,0.555,24.894,40.415,57291.555,CONFIRMED
M03,63600,2026-09-10 17:24:59.430259+00:00,2026-09-10 17:24:59.470332+00:00,2026-09-10 17:24:02.141209+00:00,2026-09-10 17:24:02.144040+00:00,2026-09-10 17:24:02.141459+00:00,2026-09-10 17:24:59.404503+00:00,2026-09-10 17:24:59.405043+00:00,,,,,0.25,57263.044,2.581,0.54,25.215999999999998,40.073,57329.123,CONFIRMED
M03,63601,2026-09-10 17:24:59.496735+00:00,2026-09-10 17:24:59.533035+00:00,2026-09-10 17:24:02.171729+00:00,2026-09-10 17:24:02.175420+00:00,2026-09-10 17:24:02.171908+00:00,2026-09-10 17:24:59.471222+00:00,2026-09-10 17:24:59.471800+00:00,,,,,0.179,57299.314000000006,3.512,0.578,24.935,36.3,57361.306,CONFIRMED
M03,63602,2026-09-10 17:24:59.565033+00:00,2026-09-10 17:24:59.604837+00:00,2026-09-10 17:24:02.204032+00:00,2026-09-10 17:24:02.205457+00:00,2026-09-10 17:24:02.204214+00:00,2026-09-10 17:24:59.533972+00:00,2026-09-10 17:24:59.534660+00:00,,,,,0.182,57329.758,1.2429999999999999,0.6880000000000001,30.373,39.804,57400.805,CONFIRMED
M03,63603,2026-09-10 17:24:59.629414+00:00,2026-09-10 17:24:59.674340+00:00,2026-09-10 17:24:02.233871+00:00,2026-09-10 17:24:02.235360+00:00,2026-09-10 17:24:02.234082+00:00,2026-09-10 17:24:59.605551+00:00,2026-09-10 17:24:59.606169+00:00,,,,,0.211,57371.469,1.278,0.618,23.244999999999997,44.926,57440.469,CONFIRMED
M03,63604,2026-09-10 17:24:59.706315+00:00,2026-09-10 17:24:59.751382+00:00,2026-09-10 17:24:02.263354+00:00,2026-09-10 17:24:02.264313+00:00,2026-09-10 17:24:02.263546+00:00,2026-09-10 17:24:59.675425+00:00,2026-09-10 17:24:59.676052+00:00,,,,,0.192,57411.879,0.767,0.627,30.263,45.067,57488.028,CONFIRMED
M03,63605,2026-09-10 17:24:59.779515+00:00,2026-09-10 17:24:59.822075+00:00,2026-09-10 17:24:02.291272+00:00,2026-09-10 17:24:02.292380+00:00,2026-09-10 17:24:02.291457+00:00,2026-09-10 17:24:59.752204+00:00,2026-09-10 17:24:59.752802+00:00,,,,,0.185,57460.746999999996,0.923,0.598,26.713,42.56,57530.803,CONFIRMED
M03,63606,2026-09-10 17:24:59.850248+00:00,2026-09-10 17:24:59.886168+00:00,2026-09-10 17:24:02.320904+00:00,2026-09-10 17:24:02.322236+00:00,2026-09-10 17:24:02.321182+00:00,2026-09-10 17:24:59.822820+00:00,2026-09-10 17:24:59.823379+00:00,,,,,0.27799999999999997,57501.638,1.054,0.559,26.869,35.92,57565.263999999996,CONFIRMED
M03,63607,2026-09-10 17:24:59.935035+00:00,2026-09-10 17:24:59.977219+00:00,2026-09-10 17:24:02.352909+00:00,2026-09-10 17:24:02.354461+00:00,2026-09-10 17:24:02.353026+00:00,2026-09-10 17:24:59.887077+00:00,2026-09-10 17:24:59.887631+00:00,,,,,0.11699999999999999,57534.051,1.435,0.554,47.404,42.184,57624.31,CONFIRMED
M03,63608,2026-09-10 17:25:00.018588+00:00,2026-09-10 17:25:00.068495+00:00,2026-09-10 17:24:02.381566+00:00,2026-09-10 17:24:02.382595+00:00,2026-09-10 17:24:02.381723+00:00,2026-09-10 17:24:59.978108+00:00,2026-09-10 17:24:59.978652+00:00,,,,,0.157,57596.384999999995,0.8720000000000001,0.544,39.936,49.907,57686.929,CONFIRMED
M03,63609,2026-09-10 17:25:00.093946+00:00,2026-09-10 17:25:00.133368+00:00,2026-09-10 17:24:02.410562+00:00,2026-09-10 17:24:02.412081+00:00,2026-09-10 17:24:02.410817+00:00,2026-09-10 17:25:00.069338+00:00,2026-09-10 17:25:00.069824+00:00,,,,,0.255,57658.521,1.264,0.486,24.122,39.422,57722.806,CONFIRMED
M03,63610,2026-09-10 17:25:00.162507+00:00,2026-09-10 17:25:00.202426+00:00,2026-09-10 17:24:02.440334+00:00,2026-09-10 17:24:02.443658+00:00,2026-09-10 17:24:02.440514+00:00,2026-09-10 17:25:00.134534+00:00,2026-09-10 17:25:00.135126+00:00,,,,,0.18000000000000002,57694.020000000004,3.144,0.592,27.381,39.919000000000004,57762.092000000004,CONFIRMED
M03,63611,2026-09-10 17:25:00.230814+00:00,2026-09-10 17:25:00.269200+00:00,2026-09-10 17:24:02.473314+00:00,2026-09-10 17:24:02.474086+00:00,2026-09-10 17:24:02.473456+00:00,2026-09-10 17:25:00.204115+00:00,2026-09-10 17:25:00.204715+00:00,,,,,0.14200000000000002,57730.659,0.63,0.6,26.099,38.386,57795.886000000006,CONFIRMED
M03,63612,2026-09-10 17:25:00.301227+00:00,2026-09-10 17:25:00.335307+00:00,2026-09-10 17:24:02.502797+00:00,2026-09-10 17:24:02.505925+00:00,2026-09-10 17:24:02.502933+00:00,2026-09-10 17:25:00.270142+00:00,2026-09-10 17:25:00.271196+00:00,,,,,0.136,57767.209,2.992,1.054,30.031,34.08,57832.51,CONFIRMED
M03,63613,2026-09-10 17:25:00.360439+00:00,2026-09-10 17:25:00.398594+00:00,2026-09-10 17:24:02.535237+00:00,2026-09-10 17:24:02.536772+00:00,2026-09-10 17:24:02.535452+00:00,2026-09-10 17:25:00.336267+00:00,2026-09-10 17:25:00.336790+00:00,,,,,0.215,57800.815,1.32,0.523,23.649,38.155,57863.357,CONFIRMED
M03,63614,2026-09-10 17:25:00.427468+00:00,2026-09-10 17:25:00.463749+00:00,2026-09-10 17:24:02.564765+00:00,2026-09-10 17:24:02.566093+00:00,2026-09-10 17:24:02.564966+00:00,2026-09-10 17:25:00.399539+00:00,2026-09-10 17:25:00.400578+00:00,,,,,0.201,57834.573,1.127,1.039,26.89,36.281,57898.984,CONFIRMED
M03,63615,2026-09-10 17:25:00.488967+00:00,2026-09-10 17:25:00.529371+00:00,2026-09-10 17:24:02.593706+00:00,2026-09-10 17:24:02.595017+00:00,2026-09-10 17:24:02.593943+00:00,2026-09-10 17:25:00.464489+00:00,2026-09-10 17:25:00.465062+00:00,,,,,0.237,57870.545999999995,1.074,0.5730000000000001,23.904999999999998,40.404,57935.665,CONFIRMED
M03,63616,2026-09-10 17:25:00.551761+00:00,2026-09-10 17:25:00.590838+00:00,2026-09-10 17:24:02.622014+00:00,2026-09-10 17:24:02.624827+00:00,2026-09-10 17:24:02.622201+00:00,2026-09-10 17:25:00.530053+00:00,2026-09-10 17:25:00.530562+00:00,,,,,0.187,57907.852,2.626,0.509,21.198999999999998,39.077,57968.824,CONFIRMED
M03,63617,2026-09-10 17:25:00.614966+00:00,2026-09-10 17:25:00.651291+00:00,2026-09-10 17:24:02.654065+00:00,2026-09-10 17:24:02.657693+00:00,2026-09-10 17:24:02.654272+00:00,2026-09-10 17:25:00.591719+00:00,2026-09-10 17:25:00.592267+00:00,,,,,0.207,57937.447,3.421,0.5479999999999999,22.699,36.325,57997.225999999995,CONFIRMED
M03,63618,2026-09-10 17:25:00.674418+00:00,2026-09-10 17:25:00.712469+00:00,2026-09-10 17:24:02.685260+00:00,2026-09-10 17:24:02.686272+00:00,2026-09-10 17:24:02.685453+00:00,2026-09-10 17:25:00.652014+00:00,2026-09-10 17:25:00.652489+00:00,,,,,0.193,57966.561,0.819,0.475,21.929000000000002,38.051,58027.209,CONFIRMED
M03,63619,2026-09-10 17:25:00.741961+00:00,2026-09-10 17:25:00.783670+00:00,2026-09-10 17:24:02.713969+00:00,2026-09-10 17:24:02.715065+00:00,2026-09-10 17:24:02.714211+00:00,2026-09-10 17:25:00.713296+00:00,2026-09-10 17:25:00.713990+00:00,,,,,0.242,57999.085,0.8540000000000001,0.694,27.971,41.709,58069.701,CONFIRMED
M03,63620,2026-09-10 17:25:00.823775+00:00,2026-09-10 17:25:00.866594+00:00,2026-09-10 17:24:02.743062+00:00,2026-09-10 17:24:02.744220+00:00,2026-09-10 17:24:02.743240+00:00,2026-09-10 17:25:00.784443+00:00,2026-09-10 17:25:00.784959+00:00,,,,,0.178,58041.203,0.98,0.516,38.816,42.819,58123.532,CONFIRMED
M03,63621,2026-09-10 17:25:00.899987+00:00,2026-09-10 17:25:00.962001+00:00,2026-09-10 17:24:02.775099+00:00,2026-09-10 17:24:02.776097+00:00,2026-09-10 17:24:02.775220+00:00,2026-09-10 17:25:00.867576+00:00,2026-09-10 17:25:00.868160+00:00,,,,,0.121,58092.356,0.877,0.584,31.827,62.014,58186.902,CONFIRMED
M03,63622,2026-09-10 17:25:00.982994+00:00,2026-09-10 17:25:01.022988+00:00,2026-09-10 17:24:02.804167+00:00,2026-09-10 17:24:02.805289+00:00,2026-09-10 17:24:02.804333+00:00,2026-09-10 17:25:00.962631+00:00,2026-09-10 17:25:00.963069+00:00,,,,,0.166,58158.298,0.9560000000000001,0.438,19.924999999999997,39.994,58218.820999999996,CONFIRMED
M03,63623,2026-09-10 17:25:01.045793+00:00,2026-09-10 17:25:01.085598+00:00,2026-09-10 17:24:02.833457+00:00,2026-09-10 17:24:02.834728+00:00,2026-09-10 17:24:02.833639+00:00,2026-09-10 17:25:01.023497+00:00,2026-09-10 17:25:01.023864+00:00,,,,,0.182,58189.858,1.089,0.367,21.929000000000002,39.805,58252.141,CONFIRMED
M03,63624,2026-09-10 17:25:01.112915+00:00,2026-09-10 17:25:01.148163+00:00,2026-09-10 17:24:02.862195+00:00,2026-09-10 17:24:02.864076+00:00,2026-09-10 17:24:02.862356+00:00,2026-09-10 17:25:01.086340+00:00,2026-09-10 17:25:01.086818+00:00,,,,,0.161,58223.984000000004,1.72,0.47800000000000004,26.096999999999998,35.248000000000005,58285.96799999999,CONFIRMED
M03,63625,2026-09-10 17:25:01.173339+00:00,2026-09-10 17:25:01.209733+00:00,2026-09-10 17:24:02.893279+00:00,2026-09-10 17:24:02.894179+00:00,2026-09-10 17:24:02.893422+00:00,2026-09-10 17:25:01.148995+00:00,2026-09-10 17:25:01.149512+00:00,,,,,0.14300000000000002,58255.573,0.757,0.517,23.827,36.394000000000005,58316.454,CONFIRMED
M03,63626,2026-09-10 17:25:01.235432+00:00,2026-09-10 17:25:01.273369+00:00,2026-09-10 17:24:02.921697+00:00,2026-09-10 17:24:02.923978+00:00,2026-09-10 17:24:02.921866+00:00,2026-09-10 17:25:01.210616+00:00,2026-09-10 17:25:01.211247+00:00,,,,,0.16899999999999998,58288.75,2.112,0.631,24.185000000000002,37.937,58351.672,CONFIRMED
M03,63627,2026-09-10 17:25:01.303565+00:00,2026-09-10 17:25:01.342609+00:00,2026-09-10 17:24:02.952563+00:00,2026-09-10 17:24:02.954534+00:00,2026-09-10 17:24:02.952794+00:00,2026-09-10 17:25:01.274298+00:00,2026-09-10 17:25:01.274852+00:00,,,,,0.231,58321.504,1.74,0.554,28.712999999999997,39.044000000000004,58390.045999999995,CONFIRMED
M03,63628,2026-09-10 17:25:01.369899+00:00,2026-09-10 17:25:01.410433+00:00,2026-09-10 17:24:02.982749+00:00,2026-09-10 17:24:02.984342+00:00,2026-09-10 17:24:02.983113+00:00,2026-09-10 17:25:01.343469+00:00,2026-09-10 17:25:01.344061+00:00,,,,,0.364,58360.356,1.229,0.592,25.838,40.534,58427.684,CONFIRMED
M03,63629,2026-09-10 17:25:01.437017+00:00,2026-09-10 17:25:01.473731+00:00,2026-09-10 17:24:03.012386+00:00,2026-09-10 17:24:03.014070+00:00,2026-09-10 17:24:03.012721+00:00,2026-09-10 17:25:01.411334+00:00,2026-09-10 17:25:01.411863+00:00,,,,,0.335,58398.613,1.349,0.5289999999999999,25.154,36.714,58461.345,CONFIRMED
M03,63630,2026-09-10 17:25:01.500943+00:00,2026-09-10 17:25:01.543091+00:00,2026-09-10 17:24:03.041026+00:00,2026-09-10 17:24:03.043659+00:00,2026-09-10 17:24:03.041184+00:00,2026-09-10 17:25:01.474718+00:00,2026-09-10 17:25:01.475203+00:00,,,,,0.158,58433.534,2.475,0.48500000000000004,25.74,42.147999999999996,58502.065,CONFIRMED
M03,63631,2026-09-10 17:25:01.571361+00:00,2026-09-10 17:25:01.610201+00:00,2026-09-10 17:24:03.071651+00:00,2026-09-10 17:24:03.072650+00:00,2026-09-10 17:24:03.071882+00:00,2026-09-10 17:25:01.543901+00:00,2026-09-10 17:25:01.544272+00:00,,,,,0.231,58472.019,0.768,0.371,27.089,38.839999999999996,58538.55,CONFIRMED
M03,63632,2026-09-10 17:25:01.637543+00:00,2026-09-10 17:25:01.674477+00:00,2026-09-10 17:24:03.099516+00:00,2026-09-10 17:24:03.101313+00:00,2026-09-10 17:24:03.099727+00:00,2026-09-10 17:25:01.611141+00:00,2026-09-10 17:25:01.611702+00:00,,,,,0.211,58511.414000000004,1.5859999999999999,0.5609999999999999,25.841,36.934000000000005,58574.961,CONFIRMED
M03,63633,2026-09-10 17:25:01.705476+00:00,2026-09-10 17:25:01.744320+00:00,2026-09-10 17:24:03.128992+00:00,2026-09-10 17:24:03.130025+00:00,2026-09-10 17:24:03.129118+00:00,2026-09-10 17:25:01.675263+00:00,2026-09-10 17:25:01.675853+00:00,,,,,0.126,58546.145000000004,0.907,0.5900000000000001,29.623,38.843999999999994,58615.328,CONFIRMED
M03,63634,2026-09-10 17:25:01.783139+00:00,2026-09-10 17:25:01.821050+00:00,2026-09-10 17:24:03.157531+00:00,2026-09-10 17:24:03.159030+00:00,2026-09-10 17:24:03.157691+00:00,2026-09-10 17:25:01.745202+00:00,2026-09-10 17:25:01.745847+00:00,,,,,0.16,58587.511,1.339,0.6449999999999999,37.292,37.911,58663.519,CONFIRMED
M03,63635,2026-09-10 17:25:01.847003+00:00,2026-09-10 17:25:01.895156+00:00,2026-09-10 17:24:03.187796+00:00,2026-09-10 17:24:03.190109+00:00,2026-09-10 17:24:03.187966+00:00,2026-09-10 17:25:01.821881+00:00,2026-09-10 17:25:01.822407+00:00,,,,,0.17,58633.915,2.143,0.526,24.596,48.153,58707.36,CONFIRMED
M03,63636,2026-09-10 17:25:01.932269+00:00,2026-09-10 17:25:01.968705+00:00,2026-09-10 17:24:03.217891+00:00,2026-09-10 17:24:03.219981+00:00,2026-09-10 17:24:03.218086+00:00,2026-09-10 17:25:01.895935+00:00,2026-09-10 17:25:01.896430+00:00,,,,,0.195,58677.849,1.895,0.495,35.839000000000006,36.436,58750.814,CONFIRMED
M03,63637,2026-09-10 17:25:02.000598+00:00,2026-09-10 17:25:02.041769+00:00,2026-09-10 17:24:03.248645+00:00,2026-09-10 17:24:03.249775+00:00,2026-09-10 17:24:03.248871+00:00,2026-09-10 17:25:01.970131+00:00,2026-09-10 17:25:01.970666+00:00,,,,,0.22599999999999998,58721.26,0.9039999999999999,0.535,29.932,41.171,58793.123999999996,CONFIRMED
M03,63638,2026-09-10 17:25:02.075081+00:00,2026-09-10 17:25:02.126300+00:00,2026-09-10 17:24:03.278135+00:00,2026-09-10 17:24:03.279606+00:00,2026-09-10 17:24:03.278411+00:00,2026-09-10 17:25:02.043375+00:00,2026-09-10 17:25:02.043919+00:00,,,,,0.27599999999999997,58764.964,1.195,0.544,31.162,51.219,58848.165,CONFIRMED
M03,63639,2026-09-10 17:25:02.150263+00:00,2026-09-10 17:25:02.189475+00:00,2026-09-10 17:24:03.310247+00:00,2026-09-10 17:24:03.311854+00:00,2026-09-10 17:24:03.310534+00:00,2026-09-10 17:25:02.127492+00:00,2026-09-10 17:25:02.128647+00:00,,,,,0.287,58816.958,1.32,1.155,21.616,39.211999999999996,58879.227999999996,CONFIRMED
M03,63640,2026-09-10 17:25:02.220885+00:00,2026-09-10 17:25:02.262618+00:00,2026-09-10 17:24:03.339188+00:00,2026-09-10 17:24:03.340686+00:00,2026-09-10 17:24:03.339389+00:00,2026-09-10 17:25:02.190308+00:00,2026-09-10 17:25:02.190886+00:00,,,,,0.201,58850.918999999994,1.297,0.578,29.999000000000002,41.733,58923.43,CONFIRMED
M03,63641,2026-09-10 17:25:02.293149+00:00,2026-09-10 17:25:02.334738+00:00,2026-09-10 17:24:03.368880+00:00,2026-09-10 17:24:03.370431+00:00,2026-09-10 17:24:03.369111+00:00,2026-09-10 17:25:02.263349+00:00,2026-09-10 17:25:02.263892+00:00,,,,,0.231,58894.238000000005,1.32,0.5429999999999999,29.256999999999998,41.589,58965.858,CONFIRMED
M03,63642,2026-09-10 17:25:02.359127+00:00,2026-09-10 17:25:02.394292+00:00,2026-09-10 17:24:03.400618+00:00,2026-09-10 17:24:03.402595+00:00,2026-09-10 17:24:03.401083+00:00,2026-09-10 17:25:02.335560+00:00,2026-09-10 17:25:02.336056+00:00,,,,,0.465,58934.477,1.512,0.496,23.071,35.165,58993.674,CONFIRMED
M03,63643,2026-09-10 17:25:02.416424+00:00,2026-09-10 17:25:02.456947+00:00,2026-09-10 17:24:03.431578+00:00,2026-09-10 17:24:03.434079+00:00,2026-09-10 17:24:03.431737+00:00,2026-09-10 17:25:02.395250+00:00,2026-09-10 17:25:02.395867+00:00,,,,,0.159,58963.513,2.342,0.617,20.557,40.523,59025.369,CONFIRMED
M03,63644,2026-09-10 17:25:02.483604+00:00,2026-09-10 17:25:02.519894+00:00,2026-09-10 17:24:03.462674+00:00,2026-09-10 17:24:03.464979+00:00,2026-09-10 17:24:03.462865+00:00,2026-09-10 17:25:02.457717+00:00,2026-09-10 17:25:02.458281+00:00,,,,,0.191,58994.852,2.114,0.5640000000000001,25.322999999999997,36.290000000000006,59057.22,CONFIRMED
M03,63645,2026-09-10 17:25:02.547714+00:00,2026-09-10 17:25:02.586051+00:00,2026-09-10 17:24:03.493403+00:00,2026-09-10 17:24:03.494851+00:00,2026-09-10 17:24:03.493558+00:00,2026-09-10 17:25:02.520735+00:00,2026-09-10 17:25:02.521243+00:00,,,,,0.155,59027.177,1.2930000000000001,0.508,26.471,38.337,59092.647999999994,CONFIRMED
M03,63646,2026-09-10 17:25:02.612841+00:00,2026-09-10 17:25:02.649215+00:00,2026-09-10 17:24:03.522068+00:00,2026-09-10 17:24:03.522978+00:00,2026-09-10 17:24:03.522305+00:00,2026-09-10 17:25:02.586734+00:00,2026-09-10 17:25:02.587288+00:00,,,,,0.237,59064.429,0.673,0.554,25.553,36.373999999999995,59127.147,CONFIRMED
M03,63647,2026-09-10 17:25:02.672770+00:00,2026-09-10 17:25:02.709436+00:00,2026-09-10 17:24:03.549849+00:00,2026-09-10 17:24:03.550714+00:00,2026-09-10 17:24:03.549998+00:00,2026-09-10 17:25:02.650083+00:00,2026-09-10 17:25:02.650781+00:00,,,,,0.149,59100.085,0.716,0.6980000000000001,21.989,36.666,59159.587,CONFIRMED
M03,63648,2026-09-10 17:25:02.736183+00:00,2026-09-10 17:25:02.772097+00:00,2026-09-10 17:24:03.579306+00:00,2026-09-10 17:24:03.580254+00:00,2026-09-10 17:24:03.579504+00:00,2026-09-10 17:25:02.710250+00:00,2026-09-10 17:25:02.710780+00:00,,,,,0.19799999999999998,59130.746,0.75,0.53,25.403,35.914,59192.791,CONFIRMED
M03,63649,2026-09-10 17:25:02.796935+00:00,2026-09-10 17:25:02.834209+00:00,2026-09-10 17:24:03.610999+00:00,2026-09-10 17:24:03.613074+00:00,2026-09-10 17:24:03.611191+00:00,2026-09-10 17:25:02.772894+00:00,2026-09-10 17:25:02.773418+00:00,,,,,0.192,59161.703,1.883,0.524,23.517,37.274,59223.21,CONFIRMED
M03,63650,2026-09-10 17:25:02.857274+00:00,2026-09-10 17:25:02.896216+00:00,2026-09-10 17:24:03.641198+00:00,2026-09-10 17:24:03.646612+00:00,2026-09-10 17:24:03.641456+00:00,2026-09-10 17:25:02.834793+00:00,2026-09-10 17:25:02.835443+00:00,,,,,0.258,59193.337,5.156,0.65,21.831,38.942,59255.018,CONFIRMED
M03,63651,2026-09-10 17:25:02.935272+00:00,2026-09-10 17:25:02.980632+00:00,2026-09-10 17:24:03.675956+00:00,2026-09-10 17:24:03.679681+00:00,2026-09-10 17:24:03.676241+00:00,2026-09-10 17:25:02.896995+00:00,2026-09-10 17:25:02.897599+00:00,,,,,0.285,59220.754,3.44,0.6040000000000001,37.672999999999995,45.36,59304.676,CONFIRMED
M03,63652,2026-09-10 17:25:03.010921+00:00,2026-09-10 17:25:03.047460+00:00,2026-09-10 17:24:03.715865+00:00,2026-09-10 17:24:03.717023+00:00,2026-09-10 17:24:03.716150+00:00,2026-09-10 17:25:02.981235+00:00,2026-09-10 17:25:02.981768+00:00,,,,,0.285,59265.085,0.873,0.533,29.153,36.539,59331.595,CONFIRMED
M03,63653,2026-09-10 17:25:03.075313+00:00,2026-09-10 17:25:03.114262+00:00,2026-09-10 17:24:03.744798+00:00,2026-09-10 17:24:03.749102+00:00,2026-09-10 17:24:03.745033+00:00,2026-09-10 17:25:03.048512+00:00,2026-09-10 17:25:03.049043+00:00,,,,,0.235,59303.479,4.069,0.531,26.270000000000003,38.949,59369.464,CONFIRMED
M03,63654,2026-09-10 17:25:03.139271+00:00,2026-09-10 17:25:03.177074+00:00,2026-09-10 17:24:03.777734+00:00,2026-09-10 17:24:03.778930+00:00,2026-09-10 17:24:03.777997+00:00,2026-09-10 17:25:03.115010+00:00,2026-09-10 17:25:03.115597+00:00,,,,,0.263,59337.013,0.933,0.587,23.674,37.803000000000004,59399.340000000004,CONFIRMED
M03,63655,2026-09-10 17:25:03.202374+00:00,2026-09-10 17:25:03.242858+00:00,2026-09-10 17:24:03.809750+00:00,2026-09-10 17:24:03.811175+00:00,2026-09-10 17:24:03.809969+00:00,2026-09-10 17:25:03.178555+00:00,2026-09-10 17:25:03.179096+00:00,,,,,0.219,59368.586,1.206,0.541,23.278,40.484,59433.108,CONFIRMED
M03,63656,2026-09-10 17:25:03.273330+00:00,2026-09-10 17:25:03.311173+00:00,2026-09-10 17:24:03.839839+00:00,2026-09-10 17:24:03.841555+00:00,2026-09-10 17:24:03.840039+00:00,2026-09-10 17:25:03.243696+00:00,2026-09-10 17:25:03.244344+00:00,,,,,0.2,59403.657,1.516,0.648,28.986,37.843,59471.333999999995,CONFIRMED
M03,63657,2026-09-10 17:25:03.338840+00:00,2026-09-10 17:25:03.375258+00:00,2026-09-10 17:24:03.870009+00:00,2026-09-10 17:24:03.870986+00:00,2026-09-10 17:24:03.870179+00:00,2026-09-10 17:25:03.312096+00:00,2026-09-10 17:25:03.312800+00:00,,,,,0.17,59441.916999999994,0.8069999999999999,0.704,26.04,36.418,59505.248999999996,CONFIRMED
M03,63658,2026-09-10 17:25:03.401454+00:00,2026-09-10 17:25:03.438160+00:00,2026-09-10 17:24:03.899730+00:00,2026-09-10 17:24:03.901375+00:00,2026-09-10 17:24:03.899937+00:00,2026-09-10 17:25:03.376113+00:00,2026-09-10 17:25:03.376652+00:00,,,,,0.207,59476.176,1.438,0.539,24.802,36.706,59538.43,CONFIRMED
M03,63659,2026-09-10 17:25:03.463498+00:00,2026-09-10 17:25:03.500538+00:00,2026-09-10 17:24:03.930624+00:00,2026-09-10 17:24:03.934115+00:00,2026-09-10 17:24:03.930921+00:00,2026-09-10 17:25:03.438921+00:00,2026-09-10 17:25:03.439364+00:00,,,,,0.297,59508.0,3.194,0.443,24.134,37.04,59569.914,CONFIRMED
M03,63660,2026-09-10 17:25:03.527465+00:00,2026-09-10 17:25:03.565669+00:00,2026-09-10 17:24:03.961270+00:00,2026-09-10 17:24:03.962941+00:00,2026-09-10 17:24:03.961502+00:00,2026-09-10 17:25:03.501375+00:00,2026-09-10 17:25:03.501810+00:00,,,,,0.232,59539.873,1.439,0.435,25.655,38.204,59604.399,CONFIRMED
M03,63661,2026-09-10 17:25:03.592062+00:00,2026-09-10 17:25:03.627090+00:00,2026-09-10 17:24:03.990957+00:00,2026-09-10 17:24:03.992328+00:00,2026-09-10 17:24:03.991183+00:00,2026-09-10 17:25:03.566520+00:00,2026-09-10 17:25:03.567102+00:00,,,,,0.22599999999999998,59575.337,1.145,0.5820000000000001,24.96,35.028,59636.133,CONFIRMED
M03,63662,2026-09-10 17:25:03.652665+00:00,2026-09-10 17:25:03.687992+00:00,2026-09-10 17:24:04.020783+00:00,2026-09-10 17:24:04.023139+00:00,2026-09-10 17:24:04.020973+00:00,2026-09-10 17:25:03.628117+00:00,2026-09-10 17:25:03.628670+00:00,,,,,0.19,59607.144,2.166,0.553,23.994999999999997,35.327,59667.209,CONFIRMED
M03,63663,2026-09-10 17:25:03.714133+00:00,2026-09-10 17:25:03.751377+00:00,2026-09-10 17:24:04.051250+00:00,2026-09-10 17:24:04.052999+00:00,2026-09-10 17:24:04.052076+00:00,2026-09-10 17:25:03.688844+00:00,2026-09-10 17:25:03.689383+00:00,,,,,0.8260000000000001,59636.768000000004,0.923,0.539,24.75,37.244,59700.127,CONFIRMED
M03,63664,2026-09-10 17:25:03.776613+00:00,2026-09-10 17:25:03.817191+00:00,2026-09-10 17:24:04.082593+00:00,2026-09-10 17:24:04.084202+00:00,2026-09-10 17:24:04.083017+00:00,2026-09-10 17:25:03.752240+00:00,2026-09-10 17:25:03.752671+00:00,,,,,0.424,59669.223000000005,1.185,0.431,23.942,40.578,59734.598,CONFIRMED
M03,63665,2026-09-10 17:25:03.842967+00:00,2026-09-10 17:25:03.878503+00:00,2026-09-10 17:24:04.113142+00:00,2026-09-10 17:24:04.116144+00:00,2026-09-10 17:24:04.113392+00:00,2026-09-10 17:25:03.818009+00:00,2026-09-10 17:25:03.818520+00:00,,,,,0.25,59704.617,2.7520000000000002,0.5109999999999999,24.447,35.536,59765.361,CONFIRMED
M03,63666,2026-09-10 17:25:03.903158+00:00,2026-09-10 17:25:03.938566+00:00,2026-09-10 17:24:04.144293+00:00,2026-09-10 17:24:04.145695+00:00,2026-09-10 17:24:04.144540+00:00,2026-09-10 17:25:03.879386+00:00,2026-09-10 17:25:03.879919+00:00,,,,,0.247,59734.846,1.155,0.533,23.239,35.408,59794.272999999994,CONFIRMED
M03,63667,2026-09-10 17:25:03.975969+00:00,2026-09-10 17:25:04.012322+00:00,2026-09-10 17:24:04.174636+00:00,2026-09-10 17:24:04.175357+00:00,2026-09-10 17:24:04.174882+00:00,2026-09-10 17:25:03.939367+00:00,2026-09-10 17:25:03.940315+00:00,,,,,0.24600000000000002,59764.485,0.475,0.948,35.653999999999996,36.353,59837.686,CONFIRMED
M03,63668,2026-09-10 17:25:04.037627+00:00,2026-09-10 17:25:04.074192+00:00,2026-09-10 17:24:04.202749+00:00,2026-09-10 17:24:04.203828+00:00,2026-09-10 17:24:04.202950+00:00,2026-09-10 17:25:04.013077+00:00,2026-09-10 17:25:04.013621+00:00,,,,,0.201,59810.127,0.878,0.544,24.006,36.565,59871.443,CONFIRMED
M03,63669,2026-09-10 17:25:04.096425+00:00,2026-09-10 17:25:04.133325+00:00,2026-09-10 17:24:04.231223+00:00,2026-09-10 17:24:04.234220+00:00,2026-09-10 17:24:04.231403+00:00,2026-09-10 17:25:04.074974+00:00,2026-09-10 17:25:04.075578+00:00,,,,,0.18000000000000002,59843.570999999996,2.817,0.6040000000000001,20.847,36.900000000000006,59902.102,CONFIRMED
M03,63670,2026-09-10 17:25:04.165361+00:00,2026-09-10 17:25:04.210716+00:00,2026-09-10 17:24:04.262700+00:00,2026-09-10 17:24:04.264300+00:00,2026-09-10 17:24:04.262958+00:00,2026-09-10 17:25:04.134290+00:00,2026-09-10 17:25:04.134781+00:00,,,,,0.258,59871.332,1.342,0.491,30.58,45.355,59948.016,CONFIRMED
M03,63671,2026-09-10 17:25:04.246588+00:00,2026-09-10 17:25:04.292185+00:00,2026-09-10 17:24:04.301464+00:00,2026-09-10 17:24:04.302282+00:00,2026-09-10 17:24:04.301589+00:00,2026-09-10 17:25:04.211518+00:00,2026-09-10 17:25:04.213101+00:00,,,,,0.125,59909.929,0.6930000000000001,1.583,33.487,45.597,59990.721,CONFIRMED
M03,63672,2026-09-10 17:25:04.319512+00:00,2026-09-10 17:25:04.373967+00:00,2026-09-10 17:24:04.330953+00:00,2026-09-10 17:24:04.332611+00:00,2026-09-10 17:24:04.331129+00:00,2026-09-10 17:25:04.292961+00:00,2026-09-10 17:25:04.293427+00:00,,,,,0.176,59961.832,1.482,0.46599999999999997,26.085,54.455000000000005,60043.014,CONFIRMED
M03,63673,2026-09-10 17:25:04.409361+00:00,2026-09-10 17:25:04.445624+00:00,2026-09-10 17:24:04.362005+00:00,2026-09-10 17:24:04.364065+00:00,2026-09-10 17:24:04.362273+00:00,2026-09-10 17:25:04.374668+00:00,2026-09-10 17:25:04.375206+00:00,,,,,0.268,60012.395,1.792,0.5379999999999999,34.155,36.263,60083.619,CONFIRMED
M03,63674,2026-09-10 17:25:04.472652+00:00,2026-09-10 17:25:04.506722+00:00,2026-09-10 17:24:04.391611+00:00,2026-09-10 17:24:04.392852+00:00,2026-09-10 17:24:04.391801+00:00,2026-09-10 17:25:04.446333+00:00,2026-09-10 17:25:04.446953+00:00,,,,,0.19,60054.532,1.0510000000000002,0.62,25.698999999999998,34.07,60115.111,CONFIRMED
M03,63675,2026-09-10 17:25:04.539276+00:00,2026-09-10 17:25:04.579533+00:00,2026-09-10 17:24:04.422492+00:00,2026-09-10 17:24:04.423482+00:00,2026-09-10 17:24:04.422653+00:00,2026-09-10 17:25:04.507493+00:00,2026-09-10 17:25:04.508033+00:00,,,,,0.161,60084.84,0.829,0.54,31.243,40.257,60157.041,CONFIRMED
M03,63676,2026-09-10 17:25:04.604452+00:00,2026-09-10 17:25:04.645247+00:00,2026-09-10 17:24:04.451853+00:00,2026-09-10 17:24:04.453135+00:00,2026-09-10 17:24:04.452050+00:00,2026-09-10 17:25:04.580253+00:00,2026-09-10 17:25:04.580895+00:00,,,,,0.19699999999999998,60128.203,1.085,0.642,23.557000000000002,40.794999999999995,60193.394,CONFIRMED
M03,63677,2026-09-10 17:25:04.672454+00:00,2026-09-10 17:25:04.708536+00:00,2026-09-10 17:24:04.483641+00:00,2026-09-10 17:24:04.488446+00:00,2026-09-10 17:24:04.483876+00:00,2026-09-10 17:25:04.646151+00:00,2026-09-10 17:25:04.646696+00:00,,,,,0.235,60162.275,4.57,0.545,25.758,36.082,60224.895,CONFIRMED
M03,63678,2026-09-10 17:25:04.735284+00:00,2026-09-10 17:25:04.775023+00:00,2026-09-10 17:24:04.516575+00:00,2026-09-10 17:24:04.517512+00:00,2026-09-10 17:24:04.516719+00:00,2026-09-10 17:25:04.709324+00:00,2026-09-10 17:25:04.710074+00:00,,,,,0.14400000000000002,60192.605,0.7929999999999999,0.75,25.21,39.739,60258.448000000004,CONFIRMED
M03,63679,2026-09-10 17:25:04.802337+00:00,2026-09-10 17:25:04.851755+00:00,2026-09-10 17:24:04.546369+00:00,2026-09-10 17:24:04.549811+00:00,2026-09-10 17:24:04.546628+00:00,2026-09-10 17:25:04.776054+00:00,2026-09-10 17:25:04.776568+00:00,,,,,0.259,60229.426,3.1830000000000003,0.514,25.769000000000002,49.418,60305.386,CONFIRMED
M03,63680,2026-09-10 17:25:04.879716+00:00,2026-09-10 17:25:04.916585+00:00,2026-09-10 17:24:04.579063+00:00,2026-09-10 17:24:04.580140+00:00,2026-09-10 17:24:04.579223+00:00,2026-09-10 17:25:04.852676+00:00,2026-09-10 17:25:04.853241+00:00,,,,,0.16,60273.453,0.9169999999999999,0.565,26.474999999999998,36.869,60337.522,CONFIRMED
M03,63681,2026-09-10 17:25:04.940513+00:00,2026-09-10 17:25:04.986154+00:00,2026-09-10 17:24:04.607827+00:00,2026-09-10 17:24:04.608919+00:00,2026-09-10 17:24:04.607981+00:00,2026-09-10 17:25:04.917436+00:00,2026-09-10 17:25:04.918003+00:00,,,,,0.154,60309.455,0.9380000000000001,0.5670000000000001,22.509999999999998,45.641,60378.327,CONFIRMED
M03,63682,2026-09-10 17:25:05.014339+00:00,2026-09-10 17:25:05.055492+00:00,2026-09-10 17:24:04.636793+00:00,2026-09-10 17:24:04.638458+00:00,2026-09-10 17:24:04.636934+00:00,2026-09-10 17:25:04.987144+00:00,2026-09-10 17:25:04.987664+00:00,,,,,0.14100000000000001,60350.21,1.524,0.5199999999999999,26.675,41.153,60418.69899999999,CONFIRMED
M03,63683,2026-09-10 17:25:05.080390+00:00,2026-09-10 17:25:05.117707+00:00,2026-09-10 17:24:04.668493+00:00,2026-09-10 17:24:04.669839+00:00,2026-09-10 17:24:04.668704+00:00,2026-09-10 17:25:05.056234+00:00,2026-09-10 17:25:05.056780+00:00,,,,,0.211,60387.53,1.135,0.546,23.61,37.317,60449.214,CONFIRMED
M03,63684,2026-09-10 17:25:05.141778+00:00,2026-09-10 17:25:05.184171+00:00,2026-09-10 17:24:04.702409+00:00,2026-09-10 17:24:04.703663+00:00,2026-09-10 17:24:04.702739+00:00,2026-09-10 17:25:05.118870+00:00,2026-09-10 17:25:05.119299+00:00,,,,,0.33,60416.131,0.924,0.429,22.479,42.393,60481.762,CONFIRMED
M03,63685,2026-09-10 17:25:05.213112+00:00,2026-09-10 17:25:05.248888+00:00,2026-09-10 17:24:04.731536+00:00,2026-09-10 17:24:04.733197+00:00,2026-09-10 17:24:04.731915+00:00,2026-09-10 17:25:05.185056+00:00,2026-09-10 17:25:05.185642+00:00,,,,,0.379,60453.141,1.282,0.5860000000000001,27.470000000000002,35.776,60517.352,CONFIRMED
M03,63686,2026-09-10 17:25:05.278979+00:00,2026-09-10 17:25:05.316795+00:00,2026-09-10 17:24:04.760375+00:00,2026-09-10 17:24:04.762207+00:00,2026-09-10 17:24:04.760671+00:00,2026-09-10 17:25:05.249707+00:00,2026-09-10 17:25:05.250223+00:00,,,,,0.296,60489.036,1.536,0.516,28.756,37.816,60556.420000000006,CONFIRMED
M03,63687,2026-09-10 17:25:05.339500+00:00,2026-09-10 17:25:05.377730+00:00,2026-09-10 17:24:04.790112+00:00,2026-09-10 17:24:04.790831+00:00,2026-09-10 17:24:04.790262+00:00,2026-09-10 17:25:05.317580+00:00,2026-09-10 17:25:05.318086+00:00,,,,,0.15,60527.318,0.569,0.506,21.413999999999998,38.23,60587.618,CONFIRMED
M03,63688,2026-09-10 17:25:05.403717+00:00,2026-09-10 17:25:05.439165+00:00,2026-09-10 17:24:04.819697+00:00,2026-09-10 17:24:04.820896+00:00,2026-09-10 17:24:04.819949+00:00,2026-09-10 17:25:05.378543+00:00,2026-09-10 17:25:05.379191+00:00,,,,,0.252,60558.594,0.9470000000000001,0.648,24.526,35.448,60619.468,CONFIRMED
M03,63689,2026-09-10 17:25:05.462787+00:00,2026-09-10 17:25:05.500515+00:00,2026-09-10 17:24:04.848654+00:00,2026-09-10 17:24:04.852650+00:00,2026-09-10 17:24:04.848840+00:00,2026-09-10 17:25:05.439884+00:00,2026-09-10 17:25:05.440453+00:00,,,,,0.186,60591.043999999994,3.81,0.569,22.334,37.727999999999994,60651.861,CONFIRMED
M03,63690,2026-09-10 17:25:05.531472+00:00,2026-09-10 17:25:05.566425+00:00,2026-09-10 17:24:04.880999+00:00,2026-09-10 17:24:04.882326+00:00,2026-09-10 17:24:04.881272+00:00,2026-09-10 17:25:05.501340+00:00,2026-09-10 17:25:05.501867+00:00,,,,,0.273,60620.06800000001,1.054,0.527,29.605,34.952999999999996,60685.426,CONFIRMED
M03,63691,2026-09-10 17:25:05.590485+00:00,2026-09-10 17:25:05.626631+00:00,2026-09-10 17:24:04.909801+00:00,2026-09-10 17:24:04.911340+00:00,2026-09-10 17:24:04.910014+00:00,2026-09-10 17:25:05.567210+00:00,2026-09-10 17:25:05.567783+00:00,,,,,0.213,60657.195999999996,1.3259999999999998,0.5730000000000001,22.701999999999998,36.146,60716.83,CONFIRMED
M03,63692,2026-09-10 17:25:05.655519+00:00,2026-09-10 17:25:05.699261+00:00,2026-09-10 17:24:04.940911+00:00,2026-09-10 17:24:04.941786+00:00,2026-09-10 17:24:04.941104+00:00,2026-09-10 17:25:05.627441+00:00,2026-09-10 17:25:05.628042+00:00,,,,,0.193,60686.337,0.6819999999999999,0.601,27.477,43.742000000000004,60758.35,CONFIRMED
M03,63693,2026-09-10 17:25:05.727143+00:00,2026-09-10 17:25:05.763560+00:00,2026-09-10 17:24:04.969403+00:00,2026-09-10 17:24:04.974317+00:00,2026-09-10 17:24:04.969561+00:00,2026-09-10 17:25:05.700024+00:00,2026-09-10 17:25:05.700972+00:00,,,,,0.158,60730.463,4.756,0.948,26.171,36.416999999999994,60794.157,CONFIRMED
M03,63694,2026-09-10 17:25:05.790980+00:00,2026-09-10 17:25:05.834477+00:00,2026-09-10 17:24:05.002870+00:00,2026-09-10 17:24:05.003732+00:00,2026-09-10 17:24:05.003028+00:00,2026-09-10 17:25:05.764338+00:00,2026-09-10 17:25:05.764877+00:00,,,,,0.158,60761.310000000005,0.704,0.539,26.103,43.497,60831.606999999996,CONFIRMED
M03,63695,2026-09-10 17:25:05.862304+00:00,2026-09-10 17:25:05.904050+00:00,2026-09-10 17:24:05.032733+00:00,2026-09-10 17:24:05.033979+00:00,2026-09-10 17:24:05.032958+00:00,2026-09-10 17:25:05.835481+00:00,2026-09-10 17:25:05.836067+00:00,,,,,0.225,60802.523,1.021,0.5860000000000001,26.237,41.745999999999995,60871.316999999995,CONFIRMED
M03,63696,2026-09-10 17:25:05.924418+00:00,2026-09-10 17:25:05.961935+00:00,2026-09-10 17:24:05.063712+00:00,2026-09-10 17:24:05.066130+00:00,2026-09-10 17:24:05.064236+00:00,2026-09-10 17:25:05.904565+00:00,2026-09-10 17:25:05.904982+00:00,,,,,0.524,60840.329,1.8940000000000001,0.417,19.436,37.517,60898.223,CONFIRMED
M03,63697,2026-09-10 17:25:05.992695+00:00,2026-09-10 17:25:06.034162+00:00,2026-09-10 17:24:05.099381+00:00,2026-09-10 17:24:05.100012+00:00,2026-09-10 17:24:05.099526+00:00,2026-09-10 17:25:05.962728+00:00,2026-09-10 17:25:05.963441+00:00,,,,,0.145,60863.202000000005,0.486,0.713,29.253999999999998,41.467,60934.781,CONFIRMED
M03,63698,2026-09-10 17:25:06.059923+00:00,2026-09-10 17:25:06.097342+00:00,2026-09-10 17:24:05.127106+00:00,2026-09-10 17:24:05.128196+00:00,2026-09-10 17:24:05.127338+00:00,2026-09-10 17:25:06.035075+00:00,2026-09-10 17:25:06.035611+00:00,,,,,0.232,60907.736999999994,0.858,0.536,24.312,37.419000000000004,60970.236,CONFIRMED
M03,63699,2026-09-10 17:25:06.124053+00:00,2026-09-10 17:25:06.159294+00:00,2026-09-10 17:24:05.158910+00:00,2026-09-10 17:24:05.162693+00:00,2026-09-10 17:24:05.159084+00:00,2026-09-10 17:25:06.098207+00:00,2026-09-10 17:25:06.098762+00:00,,,,,0.174,60939.123,3.609,0.555,25.291,35.241,61000.384,CONFIRMED
M03,63700,2026-09-10 17:25:06.184197+00:00,2026-09-10 17:25:06.218404+00:00,2026-09-10 17:24:05.191916+00:00,2026-09-10 17:24:05.192884+00:00,2026-09-10 17:24:05.192122+00:00,2026-09-10 17:25:06.160381+00:00,2026-09-10 17:25:06.161526+00:00,,,,,0.206,60968.259000000005,0.762,1.145,22.671,34.207,61026.488,CONFIRMED
M03,63701,2026-09-10 17:25:06.245655+00:00,2026-09-10 17:25:06.282089+00:00,2026-09-10 17:24:05.221233+00:00,2026-09-10 17:24:05.225687+00:00,2026-09-10 17:24:05.221369+00:00,2026-09-10 17:25:06.219116+00:00,2026-09-10 17:25:06.219814+00:00,,,,,0.136,60997.746999999996,4.318,0.6980000000000001,25.841,36.434000000000005,61060.856,CONFIRMED
M03,63702,2026-09-10 17:25:06.318449+00:00,2026-09-10 17:25:06.364830+00:00,2026-09-10 17:24:05.253715+00:00,2026-09-10 17:24:05.254407+00:00,2026-09-10 17:24:05.253810+00:00,2026-09-10 17:25:06.282980+00:00,2026-09-10 17:25:06.283540+00:00,,,,,0.095,61029.17,0.597,0.5599999999999999,34.909000000000006,46.381,61111.115,CONFIRMED
M03,63703,2026-09-10 17:25:06.394402+00:00,2026-09-10 17:25:06.451133+00:00,2026-09-10 17:24:05.282468+00:00,2026-09-10 17:24:05.285955+00:00,2026-09-10 17:24:05.282846+00:00,2026-09-10 17:25:06.365664+00:00,2026-09-10 17:25:06.366166+00:00,,,,,0.378,61082.81800000001,3.109,0.502,28.236,56.730999999999995,61168.66499999999,CONFIRMED
M03,63704,2026-09-10 17:25:06.480635+00:00,2026-09-10 17:25:06.524486+00:00,2026-09-10 17:24:05.314773+00:00,2026-09-10 17:24:05.316353+00:00,2026-09-10 17:24:05.315204+00:00,2026-09-10 17:25:06.452024+00:00,2026-09-10 17:25:06.452531+00:00,,,,,0.431,61136.82,1.149,0.507,28.104,43.851,61209.713,CONFIRMED
M03,63705,2026-09-10 17:25:06.551662+00:00,2026-09-10 17:25:06.592540+00:00,2026-09-10 17:24:05.344590+00:00,2026-09-10 17:24:05.345703+00:00,2026-09-10 17:24:05.344698+00:00,2026-09-10 17:25:06.525199+00:00,2026-09-10 17:25:06.525786+00:00,,,,,0.108,61180.501,1.0050000000000001,0.587,25.876,40.878,61247.950000000004,CONFIRMED
M03,63706,2026-09-10 17:25:06.625161+00:00,2026-09-10 17:25:06.664560+00:00,2026-09-10 17:24:05.374690+00:00,2026-09-10 17:24:05.378038+00:00,2026-09-10 17:24:05.374900+00:00,2026-09-10 17:25:06.593313+00:00,2026-09-10 17:25:06.593914+00:00,,,,,0.21000000000000002,61218.413,3.1380000000000003,0.601,31.247,39.399,61289.87,CONFIRMED
M03,63707,2026-09-10 17:25:06.690862+00:00,2026-09-10 17:25:06.726161+00:00,2026-09-10 17:24:05.404901+00:00,2026-09-10 17:24:05.405876+00:00,2026-09-10 17:24:05.405135+00:00,2026-09-10 17:25:06.665387+00:00,2026-09-10 17:25:06.665787+00:00,,,,,0.23399999999999999,61260.252,0.741,0.4,25.075,35.299,61321.26,CONFIRMED
M03,63708,2026-09-10 17:25:06.756962+00:00,2026-09-10 17:25:06.804601+00:00,2026-09-10 17:24:05.433458+00:00,2026-09-10 17:24:05.435306+00:00,2026-09-10 17:24:05.433656+00:00,2026-09-10 17:25:06.726989+00:00,2026-09-10 17:25:06.727483+00:00,,,,,0.19799999999999998,61293.333,1.65,0.494,29.479000000000003,47.639,61371.143000000004,CONFIRMED
M03,63709,2026-09-10 17:25:06.830012+00:00,2026-09-10 17:25:06.867691+00:00,2026-09-10 17:24:05.466270+00:00,2026-09-10 17:24:05.467440+00:00,2026-09-10 17:24:05.466461+00:00,2026-09-10 17:25:06.805342+00:00,2026-09-10 17:25:06.805788+00:00,,,,,0.191,61338.881,0.9790000000000001,0.446,24.224,37.678999999999995,61401.421,CONFIRMED
M03,63710,2026-09-10 17:25:06.890753+00:00,2026-09-10 17:25:06.926485+00:00,2026-09-10 17:24:05.495994+00:00,2026-09-10 17:24:05.498087+00:00,2026-09-10 17:24:05.496285+00:00,2026-09-10 17:25:06.868388+00:00,2026-09-10 17:25:06.868888+00:00,,,,,0.29100000000000004,61372.103,1.802,0.5,21.865,35.732,61430.491,CONFIRMED
M03,63711,2026-09-10 17:25:06.951848+00:00,2026-09-10 17:25:06.991051+00:00,2026-09-10 17:24:05.527327+00:00,2026-09-10 17:24:05.532908+00:00,2026-09-10 17:24:05.527595+00:00,2026-09-10 17:25:06.927317+00:00,2026-09-10 17:25:06.927849+00:00,,,,,0.268,61399.721999999994,5.313,0.532,23.999,39.203,61463.724,CONFIRMED
M03,63712,2026-09-10 17:25:07.020757+00:00,2026-09-10 17:25:07.060026+00:00,2026-09-10 17:24:05.564260+00:00,2026-09-10 17:24:05.565238+00:00,2026-09-10 17:24:05.564443+00:00,2026-09-10 17:25:06.991930+00:00,2026-09-10 17:25:06.992388+00:00,,,,,0.183,61427.487,0.795,0.458,28.369,39.269,61495.766,CONFIRMED
M03,63713,2026-09-10 17:25:07.091961+00:00,2026-09-10 17:25:07.129771+00:00,2026-09-10 17:24:05.592780+00:00,2026-09-10 17:24:05.594018+00:00,2026-09-10 17:24:05.592935+00:00,2026-09-10 17:25:07.060766+00:00,2026-09-10 17:25:07.061295+00:00,,,,,0.155,61467.831,1.083,0.5289999999999999,30.666,37.81,61536.991,CONFIRMED
M03,63714,2026-09-10 17:25:07.153796+00:00,2026-09-10 17:25:07.190460+00:00,2026-09-10 17:24:05.621121+00:00,2026-09-10 17:24:05.623210+00:00,2026-09-10 17:24:05.621339+00:00,2026-09-10 17:25:07.130603+00:00,2026-09-10 17:25:07.131086+00:00,,,,,0.21800000000000003,61509.264,1.871,0.483,22.71,36.664,61569.339,CONFIRMED
M03,63715,2026-09-10 17:25:07.213098+00:00,2026-09-10 17:25:07.251650+00:00,2026-09-10 17:24:05.651744+00:00,2026-09-10 17:24:05.653918+00:00,2026-09-10 17:24:05.651898+00:00,2026-09-10 17:25:07.191218+00:00,2026-09-10 17:25:07.191733+00:00,,,,,0.154,61539.32000000001,2.02,0.515,21.365,38.552,61599.905999999995,CONFIRMED
M03,63716,2026-09-10 17:25:07.278366+00:00,2026-09-10 17:25:07.316008+00:00,2026-09-10 17:24:05.682314+00:00,2026-09-10 17:24:05.683948+00:00,2026-09-10 17:24:05.682497+00:00,2026-09-10 17:25:07.252466+00:00,2026-09-10 17:25:07.252993+00:00,,,,,0.183,61569.969,1.451,0.527,25.373,37.642,61633.693999999996,CONFIRMED
M03,63717,2026-09-10 17:25:07.337921+00:00,2026-09-10 17:25:07.374856+00:00,2026-09-10 17:24:05.711499+00:00,2026-09-10 17:24:05.712540+00:00,2026-09-10 17:24:05.711705+00:00,2026-09-10 17:25:07.316619+00:00,2026-09-10 17:25:07.317054+00:00,,,,,0.206,61604.914000000004,0.8350000000000001,0.435,20.867,36.935,61663.356999999996,CONFIRMED
M03,63718,2026-09-10 17:25:07.402445+00:00,2026-09-10 17:25:07.438329+00:00,2026-09-10 17:24:05.740146+00:00,2026-09-10 17:24:05.741200+00:00,2026-09-10 17:24:05.740319+00:00,2026-09-10 17:25:07.375615+00:00,2026-09-10 17:25:07.376173+00:00,,,,,0.17300000000000001,61635.295999999995,0.8809999999999999,0.558,26.272,35.884,61698.183,CONFIRMED
M03,63719,2026-09-10 17:25:07.463329+00:00,2026-09-10 17:25:07.498814+00:00,2026-09-10 17:24:05.770682+00:00,2026-09-10 17:24:05.772680+00:00,2026-09-10 17:24:05.770924+00:00,2026-09-10 17:25:07.439265+00:00,2026-09-10 17:25:07.439790+00:00,,,,,0.242,61668.341,1.756,0.525,23.539,35.485,61728.132000000005,CONFIRMED
M03,63720,2026-09-10 17:25:07.522982+00:00,2026-09-10 17:25:07.559761+00:00,2026-09-10 17:24:05.799605+00:00,2026-09-10 17:24:05.801040+00:00,2026-09-10 17:24:05.799881+00:00,2026-09-10 17:25:07.499562+00:00,2026-09-10 17:25:07.500086+00:00,,,,,0.27599999999999997,61699.681,1.159,0.524,22.896,36.778999999999996,61760.156,CONFIRMED
M03,63721,2026-09-10 17:25:07.584319+00:00,2026-09-10 17:25:07.622390+00:00,2026-09-10 17:24:05.830592+00:00,2026-09-10 17:24:05.831614+00:00,2026-09-10 17:24:05.830826+00:00,2026-09-10 17:25:07.560632+00:00,2026-09-10 17:25:07.561167+00:00,,,,,0.23399999999999999,61729.806,0.7879999999999999,0.535,23.151999999999997,38.071,61791.798,CONFIRMED
M03,63722,2026-09-10 17:25:07.650671+00:00,2026-09-10 17:25:07.694753+00:00,2026-09-10 17:24:05.861604+00:00,2026-09-10 17:24:05.864802+00:00,2026-09-10 17:24:05.861881+00:00,2026-09-10 17:25:07.623253+00:00,2026-09-10 17:25:07.623897+00:00,,,,,0.277,61761.372,2.921,0.644,26.774,44.082,61833.149,CONFIRMED
M03,63723,2026-09-10 17:25:07.721338+00:00,2026-09-10 17:25:07.757238+00:00,2026-09-10 17:24:05.892863+00:00,2026-09-10 17:24:05.894360+00:00,2026-09-10 17:24:05.893073+00:00,2026-09-10 17:25:07.695999+00:00,2026-09-10 17:25:07.696677+00:00,,,,,0.21000000000000002,61802.926,1.287,0.678,24.660999999999998,35.9,61864.375,CONFIRMED
M03,63724,2026-09-10 17:25:07.780555+00:00,2026-09-10 17:25:07.822709+00:00,2026-09-10 17:24:05.922032+00:00,2026-09-10 17:24:05.923376+00:00,2026-09-10 17:24:05.922270+00:00,2026-09-10 17:25:07.757926+00:00,2026-09-10 17:25:07.758601+00:00,,,,,0.23800000000000002,61835.656,1.106,0.675,21.954,42.153999999999996,61900.677,CONFIRMED
M03,63725,2026-09-10 17:25:07.847879+00:00,2026-09-10 17:25:07.884402+00:00,2026-09-10 17:24:05.951290+00:00,2026-09-10 17:24:05.953025+00:00,2026-09-10 17:24:05.951484+00:00,2026-09-10 17:25:07.824099+00:00,2026-09-10 17:25:07.824558+00:00,,,,,0.194,61872.615000000005,1.5410000000000001,0.45899999999999996,23.321,36.523,61933.112,CONFIRMED
M03,63726,2026-09-10 17:25:07.913538+00:00,2026-09-10 17:25:07.949827+00:00,2026-09-10 17:24:05.981908+00:00,2026-09-10 17:24:05.983704+00:00,2026-09-10 17:24:05.982116+00:00,2026-09-10 17:25:07.885080+00:00,2026-09-10 17:25:07.885660+00:00,,,,,0.208,61902.964,1.588,0.58,27.878,36.289,61967.919,CONFIRMED
M03,63727,2026-09-10 17:25:07.983669+00:00,2026-09-10 17:25:08.036586+00:00,2026-09-10 17:24:06.013537+00:00,2026-09-10 17:24:06.014718+00:00,2026-09-10 17:24:06.013728+00:00,2026-09-10 17:25:07.950618+00:00,2026-09-10 17:25:07.951190+00:00,,,,,0.191,61936.89,0.99,0.5720000000000001,32.479,52.917,62023.049,CONFIRMED
M03,63728,2026-09-10 17:25:08.064058+00:00,2026-09-10 17:25:08.102642+00:00,2026-09-10 17:24:06.044669+00:00,2026-09-10 17:24:06.047525+00:00,2026-09-10 17:24:06.044807+00:00,2026-09-10 17:25:08.037350+00:00,2026-09-10 17:25:08.037924+00:00,,,,,0.13799999999999998,61992.543,2.718,0.574,26.134,38.584,62057.973,CONFIRMED
M03,63729,2026-09-10 17:25:08.127326+00:00,2026-09-10 17:25:08.165245+00:00,2026-09-10 17:24:06.076695+00:00,2026-09-10 17:24:06.078114+00:00,2026-09-10 17:24:06.076931+00:00,2026-09-10 17:25:08.103439+00:00,2026-09-10 17:25:08.103990+00:00,,,,,0.236,62026.508,1.183,0.5509999999999999,23.336,37.919000000000004,62088.549999999996,CONFIRMED
M03,63730,2026-09-10 17:25:08.192376+00:00,2026-09-10 17:25:08.228692+00:00,2026-09-10 17:24:06.106904+00:00,2026-09-10 17:24:06.108744+00:00,2026-09-10 17:24:06.107140+00:00,2026-09-10 17:25:08.166199+00:00,2026-09-10 17:25:08.166667+00:00,,,,,0.236,62059.059,1.6039999999999999,0.46799999999999997,25.709,36.316,62121.788,CONFIRMED
M03,63731,2026-09-10 17:25:08.252277+00:00,2026-09-10 17:25:08.295393+00:00,2026-09-10 17:24:06.136641+00:00,2026-09-10 17:24:06.137938+00:00,2026-09-10 17:24:06.136812+00:00,2026-09-10 17:25:08.229410+00:00,2026-09-10 17:25:08.229856+00:00,,,,,0.171,62092.598000000005,1.1260000000000001,0.446,22.421,43.116,62158.752,CONFIRMED
M03,63732,2026-09-10 17:25:08.325379+00:00,2026-09-10 17:25:08.362618+00:00,2026-09-10 17:24:06.167406+00:00,2026-09-10 17:24:06.171453+00:00,2026-09-10 17:24:06.167628+00:00,2026-09-10 17:25:08.296026+00:00,2026-09-10 17:25:08.296521+00:00,,,,,0.222,62128.397999999994,3.8249999999999997,0.495,28.858,37.239000000000004,62195.212,CONFIRMED
M03,63733,2026-09-10 17:25:08.385375+00:00,2026-09-10 17:25:08.431113+00:00,2026-09-10 17:24:06.199789+00:00,2026-09-10 17:24:06.200838+00:00,2026-09-10 17:24:06.200034+00:00,2026-09-10 17:25:08.363502+00:00,2026-09-10 17:25:08.364056+00:00,,,,,0.245,62163.468,0.804,0.554,21.319000000000003,45.738,62231.324,CONFIRMED
M03,63734,2026-09-10 17:25:08.466135+00:00,2026-09-10 17:25:08.504557+00:00,2026-09-10 17:24:06.228899+00:00,2026-09-10 17:24:06.231658+00:00,2026-09-10 17:24:06.229155+00:00,2026-09-10 17:25:08.431852+00:00,2026-09-10 17:25:08.432404+00:00,,,,,0.256,62202.697,2.503,0.5519999999999999,33.730999999999995,38.422,62275.658,CONFIRMED
M03,63735,2026-09-10 17:25:08.532144+00:00,2026-09-10 17:25:08.580301+00:00,2026-09-10 17:24:06.259823+00:00,2026-09-10 17:24:06.260992+00:00,2026-09-10 17:24:06.259973+00:00,2026-09-10 17:25:08.505275+00:00,2026-09-10 17:25:08.505775+00:00,,,,,0.15,62245.302,1.019,0.5,26.369,48.157,62320.478,CONFIRMED
M03,63736,2026-09-10 17:25:08.603390+00:00,2026-09-10 17:25:08.639948+00:00,2026-09-10 17:24:06.289058+00:00,2026-09-10 17:24:06.290074+00:00,2026-09-10 17:24:06.289265+00:00,2026-09-10 17:25:08.581065+00:00,2026-09-10 17:25:08.581662+00:00,,,,,0.207,62291.8,0.809,0.597,21.728,36.558,62350.89,CONFIRMED
M03,63737,2026-09-10 17:25:08.670679+00:00,2026-09-10 17:25:08.710501+00:00,2026-09-10 17:24:06.320148+00:00,2026-09-10 17:24:06.322353+00:00,2026-09-10 17:24:06.320419+00:00,2026-09-10 17:25:08.640709+00:00,2026-09-10 17:25:08.641229+00:00,,,,,0.27099999999999996,62320.29,1.934,0.5199999999999999,29.45,39.822,62390.352999999996,CONFIRMED
M03,63738,2026-09-10 17:25:08.738451+00:00,2026-09-10 17:25:08.783089+00:00,2026-09-10 17:24:06.364873+00:00,2026-09-10 17:24:06.374483+00:00,2026-09-10 17:24:06.365174+00:00,2026-09-10 17:25:08.711379+00:00,2026-09-10 17:25:08.711886+00:00,,,,,0.301,62346.204999999994,9.309,0.507,26.564999999999998,44.638,62418.216,CONFIRMED
M03,63739,2026-09-10 17:25:08.827570+00:00,2026-09-10 17:25:08.876638+00:00,2026-09-10 17:24:06.402329+00:00,2026-09-10 17:24:06.403536+00:00,2026-09-10 17:24:06.402784+00:00,2026-09-10 17:25:08.783918+00:00,2026-09-10 17:25:08.784457+00:00,,,,,0.455,62381.134000000005,0.752,0.539,43.113,49.068,62474.309,CONFIRMED
M03,63740,2026-09-10 17:25:08.907193+00:00,2026-09-10 17:25:08.947132+00:00,2026-09-10 17:24:06.430923+00:00,2026-09-10 17:24:06.431614+00:00,2026-09-10 17:24:06.431075+00:00,2026-09-10 17:25:08.877326+00:00,2026-09-10 17:25:08.877793+00:00,,,,,0.152,62446.251,0.539,0.467,29.4,39.939,62516.209,CONFIRMED
M03,63741,2026-09-10 17:25:08.972834+00:00,2026-09-10 17:25:09.013504+00:00,2026-09-10 17:24:06.460814+00:00,2026-09-10 17:24:06.463028+00:00,2026-09-10 17:24:06.461022+00:00,2026-09-10 17:25:08.948058+00:00,2026-09-10 17:25:08.948760+00:00,,,,,0.208,62487.036,2.006,0.7020000000000001,24.074,40.669999999999995,62552.689999999995,CONFIRMED
M03,63742,2026-09-10 17:25:09.045939+00:00,2026-09-10 17:25:09.083128+00:00,2026-09-10 17:24:06.490831+00:00,2026-09-10 17:24:06.491584+00:00,2026-09-10 17:24:06.490978+00:00,2026-09-10 17:25:09.014176+00:00,2026-09-10 17:25:09.014689+00:00,,,,,0.147,62523.198000000004,0.606,0.513,31.25,37.189,62592.297,CONFIRMED
M03,63743,2026-09-10 17:25:09.109289+00:00,2026-09-10 17:25:09.146576+00:00,2026-09-10 17:24:06.522485+00:00,2026-09-10 17:24:06.523510+00:00,2026-09-10 17:24:06.522647+00:00,2026-09-10 17:25:09.083887+00:00,2026-09-10 17:25:09.084468+00:00,,,,,0.162,62561.24,0.8630000000000001,0.5810000000000001,24.820999999999998,37.287,62624.091,CONFIRMED
