timestamp,machine_id,vibration,acoustic,temperature,current,IMF_1,IMF_2,IMF_3,signature_valid,seq_gap,inter_arrival_ms,label,label_name
2024-07-01 08:00:01,M02,0.814,0.668,64.84,11.7,0.139,0.037,0.046,1,1,1052,0,NORMAL
2024-07-01 08:00:02,M02,0.747,0.645,63.46,11.67,0.128,0.017,0.026,1,1,1025,0,NORMAL
2024-07-01 08:00:03,M03,0.836,0.565,64.11,12.67,0.181,0.069,0.072,1,1,1006,0,NORMAL
2024-07-01 08:00:04,M03,0.845,0.526,66.26,12.16,0.172,0.033,-0.055,1,1,1065,0,NORMAL
2024-07-01 08:00:05,M03,0.702,0.454,64.97,11.88,0.093,0.083,-0.009,1,1,1017,0,NORMAL
2024-07-01 08:00:06,M03,0.734,0.574,65.66,12.24,0.214,0.062,-0.016,1,1,1021,0,NORMAL
2024-07-01 08:00:07,M01,0.805,0.72,66.33,10.92,0.156,0.104,-0.07,1,1,1020,0,NORMAL
2024-07-01 08:00:08,M01,0.783,0.622,64.19,11.97,0.107,0.024,0.039,1,1,944,0,NORMAL
2024-07-01 08:00:09,M01,0.798,0.573,66.51,13.01,0.217,0.062,-0.009,1,1,1043,0,NORMAL
2024-07-01 08:00:10,M01,0.756,0.624,65.74,12.06,0.19,-0.021,0.028,1,1,1014,0,NORMAL
2024-07-01 08:00:11,M01,0.842,0.523,62.43,12.02,0.1,-0.041,0.086,1,1,1017,0,NORMAL
2024-07-01 08:00:12,M02,0.837,0.586,67.92,12.27,0.245,0.116,-0.012,1,1,997,0,NORMAL
2024-07-01 08:00:13,M01,0.802,0.606,63.93,12.45,0.192,0.014,-0.014,1,1,1026,0,NORMAL
2024-07-01 08:00:14,M02,0.855,0.596,61.57,10.97,0.16,0.055,0.005,1,1,970,0,NORMAL
2024-07-01 08:00:15,M03,0.822,0.64,62.82,11.13,0.236,0.008,0.036,1,1,987,0,NORMAL
2024-07-01 08:00:16,M01,0.756,0.618,62.87,12.1,0.168,-0.04,-0.019,1,1,936,0,NORMAL
2024-07-01 08:00:17,M02,0.817,0.634,65.07,11.63,0.159,0.0,-0.022,1,1,1062,0,NORMAL
2024-07-01 08:00:18,M01,0.751,0.567,64.4,12.66,0.129,0.098,0.039,1,1,1015,0,NORMAL
2024-07-01 08:00:19,M02,0.842,0.645,64.27,11.83,0.188,0.038,0.015,1,1,938,0,NORMAL
2024-07-01 08:00:20,M01,0.796,0.681,66.23,11.0,0.183,-0.117,-0.072,1,1,995,0,NORMAL
2024-07-01 08:00:21,M03,0.79,0.553,65.66,11.34,0.161,-0.015,-0.043,1,1,992,0,NORMAL
2024-07-01 08:00:22,M02,0.765,0.557,65.61,10.59,0.123,0.121,0.055,1,1,1052,0,NORMAL
2024-07-01 08:00:23,M02,0.859,0.667,65.8,11.87,0.167,-0.015,0.015,1,1,1018,0,NORMAL
2024-07-01 08:00:24,M01,0.791,0.591,66.22,11.89,0.157,-0.123,-0.026,1,1,946,0,NORMAL
2024-07-01 08:00:25,M02,0.777,0.67,60.64,11.77,0.097,0.129,-0.005,1,1,986,0,NORMAL
2024-07-01 08:00:26,M02,0.781,0.579,64.21,12.54,0.09,0.046,0.001,1,1,1034,0,NORMAL
2024-07-01 08:00:27,M01,0.825,0.672,60.49,12.6,0.187,-0.005,0.027,1,1,1007,0,NORMAL
2024-07-01 08:00:28,M03,0.817,0.607,65.03,11.9,0.036,-0.026,-0.048,1,1,1014,0,NORMAL
2024-07-01 08:00:29,M03,0.819,0.613,64.95,10.9,0.17,0.074,-0.029,1,1,1016,0,NORMAL
2024-07-01 08:00:30,M03,0.82,0.678,67.1,12.3,0.137,-0.037,0.011,1,1,989,0,NORMAL
2024-07-01 08:00:31,M01,0.905,0.583,67.39,12.27,0.223,0.078,-0.003,1,1,1064,0,NORMAL
2024-07-01 08:00:32,M01,0.779,0.554,65.38,12.15,0.137,0.037,0.022,1,1,1041,0,NORMAL
2024-07-01 08:00:33,M02,0.773,0.578,63.93,12.49,0.192,0.016,-0.043,1,1,1022,0,NORMAL
2024-07-01 08:00:34,M02,0.758,0.623,65.95,11.4,0.141,0.01,0.014,1,1,970,0,NORMAL
2024-07-01 08:00:35,M01,0.829,0.523,63.88,13.01,0.166,-0.012,0.04,1,1,1041,0,NORMAL
2024-07-01 08:00:36,M01,0.855,0.632,64.96,11.5,0.196,0.071,0.018,1,1,931,0,NORMAL
2024-07-01 08:00:37,M01,0.793,0.574,66.98,12.37,0.138,-0.059,0.006,1,1,989,0,NORMAL
2024-07-01 08:00:38,M03,0.757,0.657,63.82,11.13,0.208,-0.111,-0.002,1,1,991,0,NORMAL
2024-07-01 08:00:39,M03,0.758,0.482,66.61,11.52,0.113,0.042,-0.029,1,1,1023,0,NORMAL
2024-07-01 08:00:40,M01,0.831,0.562,66.35,12.76,0.174,0.043,-0.002,1,1,966,0,NORMAL
2024-07-01 08:00:41,M02,0.836,0.517,63.0,11.86,0.204,0.033,0.046,1,1,1004,0,NORMAL
2024-07-01 08:00:42,M01,0.826,0.56,66.96,12.42,0.192,0.028,-0.003,1,1,949,0,NORMAL
2024-07-01 08:00:43,M01,0.766,0.613,66.39,12.11,0.252,-0.022,-0.031,1,1,1055,0,NORMAL
2024-07-01 08:00:44,M02,0.81,0.592,65.17,11.94,0.124,0.053,-0.017,1,1,1067,0,NORMAL
2024-07-01 08:00:45,M03,0.804,0.588,63.4,12.69,0.094,-0.003,0.008,1,1,952,0,NORMAL
2024-07-01 08:00:46,M01,0.81,0.593,63.2,11.87,0.113,-0.034,-0.012,1,1,1019,0,NORMAL
2024-07-01 08:00:47,M02,0.842,0.611,63.86,11.08,0.192,-0.022,0.018,1,1,1029,0,NORMAL
2024-07-01 08:00:48,M01,0.81,0.551,66.07,11.58,0.184,0.138,0.02,1,1,1031,0,NORMAL
2024-07-01 08:00:49,M02,0.832,0.636,63.0,12.27,0.165,-0.119,0.033,1,1,997,0,NORMAL
2024-07-01 08:00:50,M01,0.802,0.633,65.86,12.19,0.107,0.034,0.052,1,1,975,0,NORMAL
2024-07-01 08:00:51,M01,0.813,0.62,62.41,11.19,0.197,-0.115,0.037,1,1,1013,0,NORMAL
2024-07-01 08:00:52,M01,0.83,0.628,64.54,11.62,0.102,-0.008,-0.033,1,1,1007,0,NORMAL
2024-07-01 08:00:53,M01,0.726,0.615,65.18,11.69,0.216,-0.03,-0.031,1,1,946,0,NORMAL
2024-07-01 08:00:54,M03,0.783,0.701,69.97,11.8,0.297,-0.143,-0.002,1,1,1025,0,NORMAL
2024-07-01 08:00:55,M02,0.775,0.596,62.14,11.29,0.178,0.026,-0.015,1,1,1003,0,NORMAL
2024-07-01 08:00:56,M01,0.767,0.585,67.98,11.67,0.188,-0.026,-0.04,1,1,997,0,NORMAL
2024-07-01 08:00:57,M01,0.785,0.563,65.27,11.62,0.137,-0.144,-0.015,1,1,1081,0,NORMAL
2024-07-01 08:00:58,M02,0.873,0.55,65.8,12.38,0.074,0.057,-0.016,1,1,959,0,NORMAL
2024-07-01 08:00:59,M03,0.756,0.539,65.2,12.4,0.131,0.098,-0.023,1,1,968,0,NORMAL
2024-07-01 08:01:00,M01,0.847,0.557,65.87,11.92,0.108,0.101,-0.01,1,1,978,0,NORMAL
2024-07-01 08:01:01,M03,0.715,0.597,64.64,11.79,0.091,0.024,0.043,1,1,1053,0,NORMAL
2024-07-01 08:01:02,M03,0.782,0.617,67.94,12.06,0.243,0.003,0.008,1,1,1072,0,NORMAL
2024-07-01 08:01:03,M01,0.807,0.603,64.02,11.57,0.173,0.09,0.09,1,1,984,0,NORMAL
2024-07-01 08:01:04,M01,0.828,0.563,67.28,11.41,0.178,0.115,0.007,1,1,1099,0,NORMAL
2024-07-01 08:01:05,M01,0.834,0.645,63.64,11.51,0.146,0.077,-0.009,1,1,977,0,NORMAL
2024-07-01 08:01:06,M01,0.838,0.637,64.84,11.67,0.152,-0.065,0.001,1,1,929,0,NORMAL
2024-07-01 08:01:07,M01,0.781,0.593,62.76,11.4,0.206,0.013,0.01,1,1,1038,0,NORMAL
2024-07-01 08:01:08,M01,0.776,0.568,65.89,12.07,0.159,0.03,0.017,1,1,1096,0,NORMAL
2024-07-01 08:01:09,M02,0.841,0.628,67.92,12.36,0.186,-0.124,0.076,1,1,1058,0,NORMAL
2024-07-01 08:01:10,M03,0.789,0.61,64.8,11.18,0.151,0.032,-0.029,1,1,1002,0,NORMAL
2024-07-01 08:01:11,M03,0.735,0.529,64.56,12.0,0.144,0.155,0.032,1,1,934,0,NORMAL
2024-07-01 08:01:12,M01,0.742,0.597,62.68,11.88,0.093,0.043,0.008,1,1,1058,0,NORMAL
2024-07-01 08:01:13,M03,0.753,0.614,64.49,12.16,0.066,0.1,-0.055,1,1,998,0,NORMAL
2024-07-01 08:01:14,M02,0.823,0.556,61.69,11.98,0.148,0.012,0.029,1,1,1025,0,NORMAL
2024-07-01 08:01:15,M01,0.806,0.61,63.09,11.25,0.163,-0.005,0.047,1,1,976,0,NORMAL
2024-07-01 08:01:16,M01,0.833,0.529,65.42,11.35,0.099,0.026,-0.03,1,1,981,0,NORMAL
2024-07-01 08:01:17,M01,0.778,0.667,67.66,12.01,0.159,-0.056,0.001,1,1,1005,0,NORMAL
2024-07-01 08:01:18,M02,0.807,0.662,70.72,12.51,0.163,-0.066,-0.061,1,1,925,0,NORMAL
2024-07-01 08:01:19,M02,0.83,0.588,63.76,10.86,0.057,0.086,-0.044,1,1,1047,0,NORMAL
2024-07-01 08:01:20,M02,0.783,0.619,67.9,12.17,0.117,0.093,0.039,1,1,971,0,NORMAL
2024-07-01 08:01:21,M01,0.821,0.482,65.46,12.6,0.18,-0.068,-0.016,1,1,989,0,NORMAL
2024-07-01 08:01:22,M01,0.766,0.543,64.65,11.91,0.179,0.066,-0.039,1,1,1013,0,NORMAL
2024-07-01 08:01:23,M03,0.781,0.586,65.85,12.27,0.105,-0.006,0.009,1,1,964,0,NORMAL
2024-07-01 08:01:24,M02,0.78,0.548,65.09,11.63,0.168,0.023,-0.018,1,1,1042,0,NORMAL
2024-07-01 08:01:25,M01,0.739,0.636,65.19,11.93,0.209,0.031,-0.016,1,1,1080,0,NORMAL
2024-07-01 08:01:26,M03,0.823,0.699,64.12,11.16,0.197,0.068,0.028,1,1,1001,0,NORMAL
2024-07-01 08:01:27,M03,0.775,0.542,62.09,10.79,0.156,0.005,-0.041,1,1,1049,0,NORMAL
2024-07-01 08:01:28,M03,0.799,0.559,61.8,12.47,0.138,0.096,-0.032,1,1,1025,0,NORMAL
2024-07-01 08:01:29,M02,0.823,0.612,66.3,11.49,0.13,0.021,0.007,1,1,1047,0,NORMAL
2024-07-01 08:01:30,M03,0.821,0.68,64.39,11.76,0.183,0.042,0.036,1,1,973,0,NORMAL
2024-07-01 08:01:31,M01,0.832,0.54,63.74,11.28,0.17,-0.057,0.045,1,1,993,0,NORMAL
2024-07-01 08:01:32,M02,0.794,0.613,64.98,11.27,0.19,0.147,-0.023,1,1,948,0,NORMAL
2024-07-01 08:01:33,M01,0.778,0.691,66.59,11.9,0.167,0.032,0.035,1,1,1053,0,NORMAL
2024-07-01 08:01:34,M02,0.795,0.519,65.33,11.62,0.199,0.048,-0.027,1,1,1009,0,NORMAL
2024-07-01 08:01:35,M03,0.715,0.537,63.62,12.18,0.165,-0.11,0.067,1,1,937,0,NORMAL
2024-07-01 08:01:36,M03,0.727,0.58,67.47,12.22,0.198,-0.056,-0.04,1,1,1066,0,NORMAL
2024-07-01 08:01:37,M01,0.733,0.575,68.2,12.15,0.202,0.084,0.049,1,1,974,0,NORMAL
2024-07-01 08:01:38,M03,0.749,0.641,65.97,12.11,0.122,0.019,-0.023,1,1,989,0,NORMAL
2024-07-01 08:01:39,M02,0.819,0.613,66.96,12.79,0.074,-0.131,0.073,1,1,1056,0,NORMAL
2024-07-01 08:01:40,M02,0.754,0.513,67.51,11.45,0.234,0.071,0.022,1,1,984,0,NORMAL
2024-07-01 08:01:41,M03,0.78,0.626,67.28,11.96,0.173,-0.037,-0.035,1,1,1002,0,NORMAL
2024-07-01 08:01:42,M03,0.863,0.572,66.22,12.57,0.078,0.096,-0.018,1,1,1057,0,NORMAL
2024-07-01 08:01:43,M03,0.781,0.664,66.19,12.63,0.126,-0.006,0.029,1,1,1034,0,NORMAL
2024-07-01 08:01:44,M03,0.835,0.57,66.03,11.26,0.197,0.014,0.039,1,1,1028,0,NORMAL
2024-07-01 08:01:45,M02,0.752,0.569,62.71,11.83,0.147,0.08,-0.002,1,1,1013,0,NORMAL
2024-07-01 08:01:46,M01,0.789,0.627,66.4,12.68,0.136,-0.062,0.003,1,1,990,0,NORMAL
2024-07-01 08:01:47,M01,0.752,0.638,62.18,12.25,0.227,-0.068,0.028,1,1,963,0,NORMAL
2024-07-01 08:01:48,M01,0.782,0.623,63.33,12.09,0.11,-0.014,0.006,1,1,1000,0,NORMAL
2024-07-01 08:01:49,M03,0.84,0.517,67.63,11.88,0.122,0.056,-0.045,1,1,1016,0,NORMAL
2024-07-01 08:01:50,M03,0.713,0.627,66.68,11.79,0.17,-0.091,-0.028,1,1,982,0,NORMAL
2024-07-01 08:01:51,M03,0.82,0.55,68.01,12.14,0.179,-0.114,0.009,1,1,993,0,NORMAL
2024-07-01 08:01:52,M01,0.81,0.612,64.4,11.86,0.184,0.056,0.045,1,1,936,0,NORMAL
2024-07-01 08:01:53,M01,0.769,0.53,62.6,11.97,0.204,-0.041,0.059,1,1,955,0,NORMAL
2024-07-01 08:01:54,M03,0.727,0.623,64.47,12.03,0.17,-0.027,0.029,1,1,930,0,NORMAL
2024-07-01 08:01:55,M02,0.802,0.561,65.17,11.64,0.184,-0.127,0.011,1,1,1019,0,NORMAL
2024-07-01 08:01:56,M01,0.772,0.537,65.12,12.26,0.148,-0.047,0.028,1,1,1021,0,NORMAL
2024-07-01 08:01:57,M01,0.81,0.636,67.28,13.48,0.163,-0.001,-0.023,1,1,922,0,NORMAL
2024-07-01 08:01:58,M01,0.8,0.613,64.22,11.08,0.165,0.063,-0.005,1,1,945,0,NORMAL
2024-07-01 08:01:59,M02,0.878,0.57,65.68,12.16,0.171,-0.053,-0.029,1,1,958,0,NORMAL
2024-07-01 08:02:00,M01,0.787,0.672,62.93,11.6,0.197,0.113,-0.044,1,1,1024,0,NORMAL
2024-07-01 08:02:01,M02,0.748,0.579,65.88,12.28,0.187,-0.047,0.013,1,1,1003,0,NORMAL
2024-07-01 08:02:02,M03,0.808,0.602,64.97,12.01,0.162,-0.047,0.008,1,1,974,0,NORMAL
2024-07-01 08:02:03,M01,0.81,0.614,63.42,12.38,0.122,0.105,0.026,1,1,1005,0,NORMAL
2024-07-01 08:02:04,M02,0.866,0.57,64.48,12.59,0.164,0.014,0.021,1,1,982,0,NORMAL
2024-07-01 08:02:05,M02,0.84,0.624,64.58,12.09,0.159,-0.038,0.01,1,1,1010,0,NORMAL
2024-07-01 08:02:06,M03,0.816,0.574,64.41,12.57,0.17,-0.011,0.021,1,1,951,0,NORMAL
2024-07-01 08:02:07,M02,0.871,0.58,68.59,10.79,0.266,0.092,-0.001,1,1,1105,0,NORMAL
2024-07-01 08:02:08,M03,0.74,0.668,64.76,12.8,0.135,0.1,0.016,1,1,1054,0,NORMAL
2024-07-01 08:02:09,M02,0.767,0.549,64.46,12.18,0.18,-0.056,-0.025,1,1,996,0,NORMAL
2024-07-01 08:02:10,M01,0.753,0.481,60.66,12.54,0.211,-0.003,0.014,1,1,922,0,NORMAL
2024-07-01 08:02:11,M02,0.779,0.68,63.13,11.37,0.165,0.006,0.025,1,1,1051,0,NORMAL
2024-07-01 08:02:12,M01,0.73,0.727,64.42,11.57,0.272,-0.068,-0.023,1,1,968,0,NORMAL
2024-07-01 08:02:13,M02,0.83,0.581,63.55,12.06,0.142,-0.004,0.003,1,1,993,0,NORMAL
2024-07-01 08:02:14,M01,0.788,0.505,67.79,11.98,0.176,0.0,-0.021,1,1,957,0,NORMAL
2024-07-01 08:02:15,M01,0.726,0.585,64.62,12.13,0.122,0.078,-0.018,1,1,997,0,NORMAL
2024-07-01 08:02:16,M03,0.748,0.586,67.6,12.54,0.143,0.082,-0.039,1,1,964,0,NORMAL
2024-07-01 08:02:17,M02,0.814,0.591,65.09,11.09,0.172,-0.023,0.046,1,1,968,0,NORMAL
2024-07-01 08:02:18,M03,0.84,0.546,65.04,12.49,0.201,-0.015,0.039,1,1,1020,0,NORMAL
2024-07-01 08:02:19,M01,0.898,0.629,64.78,11.99,0.176,0.045,0.02,1,1,992,0,NORMAL
2024-07-01 08:02:20,M01,0.943,0.627,64.97,11.89,0.22,-0.04,0.072,1,1,1023,0,NORMAL
2024-07-01 08:02:21,M01,0.819,0.527,68.48,11.24,0.156,0.04,-0.006,1,1,988,0,NORMAL
2024-07-01 08:02:22,M02,0.75,0.635,60.2,12.25,0.144,-0.006,0.11,1,1,1018,0,NORMAL
2024-07-01 08:02:23,M02,0.693,0.702,60.86,10.76,0.29,-0.067,-0.007,1,1,994,0,NORMAL
2024-07-01 08:02:24,M02,0.812,0.609,63.85,12.32,0.179,-0.066,0.01,1,1,1003,0,NORMAL
2024-07-01 08:02:25,M01,0.758,0.584,64.99,11.23,0.126,0.099,-0.013,1,1,965,0,NORMAL
2024-07-01 08:02:26,M01,0.778,0.594,66.37,12.02,0.127,-0.011,0.014,1,1,1030,0,NORMAL
2024-07-01 08:02:27,M01,0.768,0.631,65.93,11.93,0.115,0.112,0.031,1,1,1018,0,NORMAL
2024-07-01 08:02:28,M01,0.792,0.515,64.17,12.59,0.205,-0.035,-0.003,1,1,1011,0,NORMAL
2024-07-01 08:02:29,M03,0.852,0.609,67.05,11.9,0.143,0.02,0.065,1,1,1027,0,NORMAL
2024-07-01 08:02:30,M02,0.806,0.581,67.07,11.64,0.166,0.163,0.01,1,1,1037,0,NORMAL
2024-07-01 08:02:31,M03,0.791,0.692,65.34,11.73,0.157,-0.073,0.011,1,1,995,0,NORMAL
2024-07-01 08:02:32,M02,0.747,0.592,66.93,12.64,0.195,-0.13,-0.032,1,1,1055,0,NORMAL
2024-07-01 08:02:33,M01,0.716,0.683,65.52,12.26,0.12,0.088,0.016,1,1,1025,0,NORMAL
2024-07-01 08:02:34,M01,0.775,0.546,63.81,11.79,0.109,-0.057,-0.004,1,1,1011,0,NORMAL
2024-07-01 08:02:35,M03,0.796,0.63,66.39,11.87,0.171,-0.002,-0.021,1,1,970,0,NORMAL
2024-07-01 08:02:36,M02,0.886,0.616,65.19,11.19,0.189,-0.04,-0.027,1,1,1028,0,NORMAL
2024-07-01 08:02:37,M03,0.805,0.558,64.96,12.19,0.176,0.018,0.097,1,1,985,0,NORMAL
2024-07-01 08:02:38,M03,0.847,0.609,67.98,11.09,0.122,-0.065,-0.008,1,1,1002,0,NORMAL
2024-07-01 08:02:39,M01,0.774,0.66,59.94,12.37,0.193,-0.013,-0.051,1,1,980,0,NORMAL
2024-07-01 08:02:40,M02,0.74,0.585,62.05,12.06,0.125,0.03,-0.024,1,1,1061,0,NORMAL
2024-07-01 08:02:41,M02,0.751,0.517,62.53,13.21,0.135,-0.069,-0.001,1,1,981,0,NORMAL
2024-07-01 08:02:42,M02,0.763,0.6,64.22,11.43,0.115,-0.048,0.021,1,1,936,0,NORMAL
2024-07-01 08:02:43,M03,0.904,0.556,64.44,11.94,0.222,-0.024,0.021,1,1,931,0,NORMAL
2024-07-01 08:02:44,M03,0.758,0.584,61.87,12.91,0.191,-0.098,0.025,1,1,1025,0,NORMAL
2024-07-01 08:02:45,M02,0.84,0.597,62.94,12.6,0.189,-0.029,-0.022,1,1,985,0,NORMAL
2024-07-01 08:02:46,M02,0.754,0.516,63.2,11.63,0.22,0.008,0.013,1,1,933,0,NORMAL
2024-07-01 08:02:47,M01,0.845,0.521,70.0,12.1,0.295,-0.028,-0.03,1,1,970,0,NORMAL
2024-07-01 08:02:48,M01,0.818,0.624,68.65,11.99,0.079,-0.019,-0.021,1,1,1051,0,NORMAL
2024-07-01 08:02:49,M03,0.791,0.575,64.12,12.13,0.125,-0.002,-0.032,1,1,974,0,NORMAL
2024-07-01 08:02:50,M01,0.797,0.474,64.21,11.63,0.131,-0.045,-0.042,1,1,992,0,NORMAL
2024-07-01 08:02:51,M02,0.766,0.639,62.6,11.94,0.12,0.047,0.039,1,1,990,0,NORMAL
2024-07-01 08:02:52,M03,0.821,0.614,61.05,11.17,0.109,0.098,0.026,1,1,980,0,NORMAL
2024-07-01 08:02:53,M01,0.776,0.565,64.72,12.06,0.146,-0.032,0.036,1,1,994,0,NORMAL
2024-07-01 08:02:54,M02,0.738,0.536,62.91,12.22,0.102,0.033,0.002,1,1,949,0,NORMAL
2024-07-01 08:02:55,M02,0.735,0.642,64.79,11.87,0.176,-0.017,0.029,1,1,928,0,NORMAL
2024-07-01 08:02:56,M03,0.807,0.618,61.68,11.17,0.163,0.025,-0.062,1,1,982,0,NORMAL
2024-07-01 08:02:57,M02,0.877,0.718,63.4,12.49,0.183,0.107,0.032,1,1,1012,0,NORMAL
2024-07-01 08:02:58,M02,0.807,0.621,65.26,12.18,0.185,0.034,0.007,1,1,1023,0,NORMAL
2024-07-01 08:02:59,M03,0.793,0.62,65.71,11.62,0.189,-0.121,0.024,1,1,1046,0,NORMAL
2024-07-01 08:03:00,M02,0.813,0.592,65.82,11.85,0.142,0.031,0.015,1,1,1036,0,NORMAL
2024-07-01 08:03:01,M02,0.863,0.641,62.25,11.22,0.262,0.084,-0.034,1,1,1037,0,NORMAL
2024-07-01 08:03:02,M03,0.81,0.631,66.71,11.47,0.172,-0.015,-0.053,1,1,1030,0,NORMAL
2024-07-01 08:03:03,M02,0.778,0.662,63.32,11.72,0.071,0.068,-0.025,1,1,946,0,NORMAL
2024-07-01 08:03:04,M01,0.854,0.575,66.26,12.62,0.112,-0.047,0.021,1,1,1016,0,NORMAL
2024-07-01 08:03:05,M03,0.82,0.579,64.94,11.66,0.077,-0.102,0.026,1,1,1043,0,NORMAL
2024-07-01 08:03:06,M03,0.875,0.577,62.14,12.32,0.161,0.009,-0.048,1,1,962,0,NORMAL
2024-07-01 08:03:07,M02,0.808,0.64,64.31,11.72,0.154,-0.12,-0.034,1,1,1018,0,NORMAL
2024-07-01 08:03:08,M01,0.738,0.675,65.71,12.12,0.138,-0.017,-0.025,1,1,997,0,NORMAL
2024-07-01 08:03:09,M01,0.731,0.578,66.22,11.92,0.256,0.088,-0.012,1,1,1015,0,NORMAL
2024-07-01 08:03:10,M02,0.881,0.58,64.67,12.44,0.187,-0.131,-0.048,1,1,925,0,NORMAL
2024-07-01 08:03:11,M03,0.884,0.616,68.1,11.72,0.195,-0.088,-0.05,1,1,1054,0,NORMAL
2024-07-01 08:03:12,M01,0.79,0.588,67.03,11.19,0.116,-0.071,-0.029,1,1,1072,0,NORMAL
2024-07-01 08:03:13,M02,0.78,0.648,64.43,11.29,0.113,-0.005,0.004,1,1,986,0,NORMAL
2024-07-01 08:03:14,M03,0.871,0.489,66.5,11.72,0.162,-0.025,-0.041,1,1,1001,0,NORMAL
2024-07-01 08:03:15,M01,0.744,0.56,68.92,11.35,0.169,0.095,-0.003,1,1,980,0,NORMAL
2024-07-01 08:03:16,M03,0.754,0.562,68.98,12.2,0.072,0.065,0.039,1,1,980,0,NORMAL
2024-07-01 08:03:17,M02,0.831,0.486,62.44,11.75,0.152,0.034,-0.046,1,1,985,0,NORMAL
2024-07-01 08:03:18,M03,0.779,0.553,63.06,13.2,0.161,0.01,-0.006,1,1,1028,0,NORMAL
2024-07-01 08:03:19,M03,0.798,0.555,68.0,11.1,0.15,0.027,0.038,1,1,993,0,NORMAL
2024-07-01 08:03:20,M02,0.791,0.591,62.79,12.09,0.121,-0.059,-0.014,1,1,933,0,NORMAL
2024-07-01 08:03:21,M01,0.815,0.656,62.25,11.41,0.135,0.058,-0.02,1,1,1033,0,NORMAL
2024-07-01 08:03:22,M03,0.869,0.588,63.96,11.74,0.152,-0.076,0.043,1,1,998,0,NORMAL
2024-07-01 08:03:23,M02,0.803,0.55,65.82,12.06,0.165,0.057,-0.01,1,1,970,0,NORMAL
2024-07-01 08:03:24,M01,0.831,0.598,64.75,10.8,0.189,0.081,0.041,1,1,991,0,NORMAL
2024-07-01 08:03:25,M03,0.697,0.652,63.63,12.11,0.212,0.014,0.016,1,1,1039,0,NORMAL
2024-07-01 08:03:26,M02,0.796,0.552,63.58,12.96,0.146,-0.012,-0.011,1,1,894,0,NORMAL
2024-07-01 08:03:27,M03,0.757,0.556,63.5,11.76,0.138,0.027,0.018,1,1,1006,0,NORMAL
2024-07-01 08:03:28,M01,0.738,0.628,63.16,12.12,0.181,-0.196,0.013,1,1,996,0,NORMAL
2024-07-01 08:03:29,M02,0.755,0.59,69.64,12.51,0.189,0.02,0.038,1,1,1010,0,NORMAL
2024-07-01 08:03:30,M01,0.782,0.633,65.57,11.91,0.14,-0.008,-0.019,1,1,987,0,NORMAL
2024-07-01 08:03:31,M03,0.844,0.6,66.78,11.69,0.198,-0.004,0.002,1,1,990,0,NORMAL
2024-07-01 08:03:32,M03,0.733,0.635,63.96,10.83,0.207,0.048,-0.001,1,1,1045,0,NORMAL
2024-07-01 08:03:33,M01,0.8,0.549,64.58,12.32,0.222,-0.005,0.026,1,1,997,0,NORMAL
2024-07-01 08:03:34,M03,0.775,0.6,63.5,11.93,0.245,-0.078,-0.036,1,1,1007,0,NORMAL
2024-07-01 08:03:35,M03,0.782,0.59,59.52,11.47,0.119,-0.01,0.038,1,1,987,0,NORMAL
2024-07-01 08:03:36,M03,0.848,0.541,62.14,12.05,0.161,0.004,0.018,1,1,1038,0,NORMAL
2024-07-01 08:03:37,M03,0.825,0.523,61.25,11.69,0.161,0.008,-0.046,1,1,997,0,NORMAL
2024-07-01 08:03:38,M03,0.865,0.634,60.35,11.72,0.156,0.011,0.044,1,1,991,0,NORMAL
2024-07-01 08:03:39,M01,0.791,0.583,62.51,12.3,0.129,0.071,0.081,1,1,989,0,NORMAL
2024-07-01 08:03:40,M01,0.764,0.55,67.68,11.31,0.089,-0.074,0.037,1,1,1034,0,NORMAL
2024-07-01 08:03:41,M02,0.788,0.596,64.87,12.52,0.165,0.012,0.052,1,1,1009,0,NORMAL
2024-07-01 08:03:42,M02,0.811,0.656,67.61,11.28,0.124,0.088,0.004,1,1,954,0,NORMAL
2024-07-01 08:03:43,M03,0.807,0.488,65.8,11.65,0.164,-0.119,-0.059,1,1,1085,0,NORMAL
2024-07-01 08:03:44,M03,0.745,0.527,66.56,12.97,0.122,0.012,-0.065,1,1,992,0,NORMAL
2024-07-01 08:03:45,M01,0.803,0.555,63.11,12.56,0.108,-0.04,0.01,1,1,1057,0,NORMAL
2024-07-01 08:03:46,M01,0.81,0.673,66.03,12.04,0.171,-0.026,-0.02,1,1,1011,0,NORMAL
2024-07-01 08:03:47,M03,0.924,0.615,66.45,11.51,0.168,-0.062,-0.032,1,1,994,0,NORMAL
2024-07-01 08:03:48,M03,0.892,0.639,63.78,11.72,0.188,-0.012,-0.001,1,1,987,0,NORMAL
2024-07-01 08:03:49,M02,0.756,0.544,66.11,12.03,0.265,0.125,0.023,1,1,944,0,NORMAL
2024-07-01 08:03:50,M02,0.784,0.545,66.12,12.01,0.174,-0.087,-0.051,1,1,996,0,NORMAL
2024-07-01 08:03:51,M03,0.726,0.623,63.83,11.94,0.183,-0.08,-0.015,1,1,1074,0,NORMAL
2024-07-01 08:03:52,M01,0.769,0.603,62.66,11.97,0.109,-0.089,0.055,1,1,1003,0,NORMAL
2024-07-01 08:03:53,M02,0.814,0.628,62.53,11.88,0.099,0.118,-0.038,1,1,996,0,NORMAL
2024-07-01 08:03:54,M02,0.859,0.591,65.14,11.25,0.236,-0.032,0.032,1,1,1109,0,NORMAL
2024-07-01 08:03:55,M03,0.763,0.614,65.63,11.73,0.116,-0.002,-0.016,1,1,967,0,NORMAL
2024-07-01 08:03:56,M01,0.766,0.608,63.34,12.46,0.11,-0.028,0.021,1,1,1023,0,NORMAL
2024-07-01 08:03:57,M03,0.692,0.639,65.01,11.29,0.158,-0.065,0.04,1,1,945,0,NORMAL
2024-07-01 08:03:58,M01,0.791,0.64,66.13,11.89,0.156,-0.016,0.028,1,1,986,0,NORMAL
2024-07-01 08:03:59,M01,0.746,0.521,66.23,11.57,0.117,0.168,0.034,1,1,925,0,NORMAL
2024-07-01 08:04:00,M03,0.772,0.49,68.14,12.05,0.146,0.095,-0.04,1,1,954,0,NORMAL
2024-07-01 08:04:01,M03,0.755,0.65,67.58,11.79,0.219,-0.059,0.041,1,1,983,0,NORMAL
2024-07-01 08:04:02,M03,0.794,0.659,62.91,12.74,0.122,0.044,-0.03,1,1,1015,0,NORMAL
2024-07-01 08:04:03,M02,0.712,0.55,68.41,12.25,0.094,-0.057,0.01,1,1,1028,0,NORMAL
2024-07-01 08:04:04,M03,0.726,0.509,63.87,11.32,0.205,-0.122,0.01,1,1,952,0,NORMAL
2024-07-01 08:04:05,M01,0.904,0.605,67.1,12.33,0.184,0.069,0.018,1,1,931,0,NORMAL
2024-07-01 08:04:06,M01,0.735,0.647,65.1,11.59,0.131,0.079,0.013,1,1,956,0,NORMAL
2024-07-01 08:04:07,M01,0.744,0.689,64.12,11.7,0.085,0.071,-0.029,1,1,1066,0,NORMAL
2024-07-01 08:04:08,M03,0.89,0.626,61.25,12.15,0.125,-0.032,-0.047,1,1,1012,0,NORMAL
2024-07-01 08:04:09,M02,0.943,0.582,64.61,11.74,0.158,-0.012,0.032,1,1,1000,0,NORMAL
2024-07-01 08:04:10,M01,0.741,0.556,61.76,12.45,0.216,0.051,0.008,1,1,958,0,NORMAL
2024-07-01 08:04:11,M03,0.78,0.601,66.94,11.59,0.111,0.026,0.042,1,1,951,0,NORMAL
2024-07-01 08:04:12,M01,0.816,0.586,68.07,11.67,0.156,-0.027,-0.001,1,1,948,0,NORMAL
2024-07-01 08:04:13,M02,0.884,0.55,63.33,11.66,0.193,-0.111,-0.049,1,1,983,0,NORMAL
2024-07-01 08:04:14,M02,0.75,0.702,65.58,11.7,0.046,0.007,0.036,1,1,955,0,NORMAL
2024-07-01 08:04:15,M01,0.787,0.689,63.47,12.55,0.21,0.073,-0.012,1,1,947,0,NORMAL
2024-07-01 08:04:16,M01,0.837,0.657,63.67,12.31,0.104,-0.082,0.013,1,1,1011,0,NORMAL
2024-07-01 08:04:17,M03,0.82,0.555,66.55,12.86,0.176,0.043,-0.022,1,1,1056,0,NORMAL
2024-07-01 08:04:18,M02,0.78,0.643,64.88,13.15,0.172,0.022,0.06,1,1,1012,0,NORMAL
2024-07-01 08:04:19,M02,0.792,0.632,68.53,11.46,0.212,0.051,-0.03,1,1,969,0,NORMAL
2024-07-01 08:04:20,M01,0.731,0.622,63.97,12.03,0.187,0.059,-0.011,1,1,1002,0,NORMAL
2024-07-01 08:04:21,M03,0.787,0.662,67.01,11.39,0.047,-0.048,0.005,1,1,983,0,NORMAL
2024-07-01 08:04:22,M02,0.785,0.632,65.16,11.59,0.123,-0.111,-0.038,1,1,989,0,NORMAL
2024-07-01 08:04:23,M02,0.81,0.637,66.59,11.67,0.167,-0.037,0.013,1,1,951,0,NORMAL
2024-07-01 08:04:24,M02,0.771,0.632,64.04,11.45,0.151,0.06,0.059,1,1,943,0,NORMAL
2024-07-01 08:04:25,M01,0.822,0.617,64.86,11.45,0.183,-0.037,-0.017,1,1,957,0,NORMAL
2024-07-01 08:04:26,M02,0.849,0.512,64.72,11.92,0.198,-0.048,0.015,1,1,1025,0,NORMAL
2024-07-01 08:04:27,M01,0.806,0.605,63.25,11.37,0.189,-0.125,-0.098,1,1,945,0,NORMAL
2024-07-01 08:04:28,M02,0.816,0.573,66.32,12.42,0.15,0.119,-0.0,1,1,1071,0,NORMAL
2024-07-01 08:04:29,M03,0.801,0.537,66.29,11.52,0.072,0.056,-0.01,1,1,1012,0,NORMAL
2024-07-01 08:04:30,M03,0.799,0.684,66.18,13.42,0.139,0.052,-0.028,1,1,1025,0,NORMAL
2024-07-01 08:04:31,M03,0.763,0.686,68.11,11.76,0.18,0.066,0.04,1,1,939,0,NORMAL
2024-07-01 08:04:32,M01,0.814,0.668,67.93,12.03,0.108,0.039,-0.011,1,1,990,0,NORMAL
2024-07-01 08:04:33,M03,0.794,0.613,64.19,11.33,0.19,-0.017,-0.005,1,1,1097,0,NORMAL
2024-07-01 08:04:34,M01,0.903,0.667,65.72,12.86,0.204,-0.011,-0.013,1,1,936,0,NORMAL
2024-07-01 08:04:35,M01,0.877,0.601,63.68,12.56,0.166,-0.03,-0.068,1,1,958,0,NORMAL
2024-07-01 08:04:36,M01,0.818,0.611,65.01,12.14,0.014,0.18,-0.04,1,1,940,0,NORMAL
2024-07-01 08:04:37,M03,0.761,0.547,63.73,11.3,0.099,0.038,0.036,1,1,1096,0,NORMAL
2024-07-01 08:04:38,M03,0.744,0.62,68.28,12.1,0.25,-0.032,-0.075,1,1,980,0,NORMAL
2024-07-01 08:04:39,M02,0.858,0.604,65.71,11.42,0.134,0.031,-0.027,1,1,910,0,NORMAL
2024-07-01 08:04:40,M01,0.812,0.536,64.51,12.74,0.065,-0.069,-0.013,1,1,990,0,NORMAL
2024-07-01 08:04:41,M02,0.823,0.598,67.41,12.4,0.219,0.102,0.064,1,1,973,0,NORMAL
2024-07-01 08:04:42,M01,0.712,0.597,60.51,12.04,0.161,-0.045,0.029,1,1,1008,0,NORMAL
2024-07-01 08:04:43,M03,0.845,0.689,60.83,10.75,0.213,0.034,-0.019,1,1,1012,0,NORMAL
2024-07-01 08:04:44,M01,0.821,0.645,66.59,11.49,0.174,0.073,0.048,1,1,987,0,NORMAL
2024-07-01 08:04:45,M02,0.744,0.601,65.08,12.34,0.182,0.026,-0.026,1,1,1026,0,NORMAL
2024-07-01 08:04:46,M02,0.775,0.613,65.47,12.61,0.178,0.006,0.037,1,1,1000,0,NORMAL
2024-07-01 08:04:47,M03,0.812,0.603,62.24,12.56,0.194,0.0,-0.048,1,1,1031,0,NORMAL
2024-07-01 08:04:48,M02,0.801,0.591,64.91,11.18,0.269,-0.004,0.04,1,1,943,0,NORMAL
2024-07-01 08:04:49,M03,0.784,0.547,69.07,12.14,0.207,-0.04,-0.014,1,1,969,0,NORMAL
2024-07-01 08:04:50,M01,0.794,0.593,66.65,12.51,0.085,-0.031,-0.036,1,1,957,0,NORMAL
2024-07-01 08:04:51,M02,0.786,0.564,65.31,11.14,0.182,0.101,-0.007,1,1,1014,0,NORMAL
2024-07-01 08:04:52,M03,0.806,0.539,64.06,11.99,0.215,-0.008,0.011,1,1,1043,0,NORMAL
2024-07-01 08:04:53,M02,0.872,0.626,64.15,12.13,0.218,-0.054,-0.017,1,1,1008,0,NORMAL
2024-07-01 08:04:54,M02,0.671,0.62,60.6,11.84,0.14,-0.036,0.021,1,1,1047,0,NORMAL
2024-07-01 08:04:55,M02,0.787,0.512,65.49,11.05,0.216,0.075,-0.02,1,1,1002,0,NORMAL
2024-07-01 08:04:56,M03,0.807,0.595,66.69,11.82,0.205,0.046,0.023,1,1,1059,0,NORMAL
2024-07-01 08:04:57,M03,0.813,0.65,61.73,11.82,0.283,0.038,0.017,1,1,987,0,NORMAL
2024-07-01 08:04:58,M02,0.78,0.653,63.6,11.91,0.124,-0.018,-0.001,1,1,966,0,NORMAL
2024-07-01 08:04:59,M02,0.712,0.651,62.59,11.7,0.136,0.039,-0.015,1,1,1049,0,NORMAL
2024-07-01 08:05:00,M01,0.815,0.603,62.98,11.76,0.146,-0.044,0.006,1,1,997,0,NORMAL
2024-07-01 08:05:01,M01,0.884,0.559,65.07,11.97,0.137,-0.018,0.021,1,1,921,0,NORMAL
2024-07-01 08:05:02,M03,0.723,0.547,60.69,12.22,0.118,0.066,0.075,1,1,997,0,NORMAL
2024-07-01 08:05:03,M03,0.842,0.618,66.22,11.83,0.028,0.059,0.035,1,1,970,0,NORMAL
2024-07-01 08:05:04,M01,0.782,0.619,66.51,11.78,0.14,-0.067,0.036,1,1,1095,0,NORMAL
2024-07-01 08:05:05,M02,0.796,0.664,64.45,12.04,0.178,-0.059,0.112,1,1,983,0,NORMAL
2024-07-01 08:05:06,M01,0.746,0.655,59.87,11.01,0.137,0.007,0.02,1,1,1001,0,NORMAL
2024-07-01 08:05:07,M01,0.782,0.594,62.92,12.23,0.253,0.118,0.018,1,1,969,0,NORMAL
2024-07-01 08:05:08,M03,0.863,0.539,67.49,11.99,0.161,-0.131,0.026,1,1,1039,0,NORMAL
2024-07-01 08:05:09,M01,0.828,0.585,59.27,12.01,0.222,0.019,-0.035,1,1,966,0,NORMAL
2024-07-01 08:05:10,M02,0.885,0.611,64.25,12.48,0.173,-0.094,-0.015,1,1,1052,0,NORMAL
2024-07-01 08:05:11,M01,0.857,0.591,62.54,10.99,0.2,-0.044,-0.017,1,1,1020,0,NORMAL
2024-07-01 08:05:12,M03,0.82,0.572,66.61,10.98,0.174,-0.025,0.024,1,1,981,0,NORMAL
2024-07-01 08:05:13,M01,0.885,0.613,63.58,12.13,0.226,-0.029,-0.005,1,1,967,0,NORMAL
2024-07-01 08:05:14,M02,0.82,0.576,65.79,11.99,0.163,-0.037,0.006,1,1,960,0,NORMAL
2024-07-01 08:05:15,M03,0.84,0.57,66.12,12.08,0.184,0.0,0.04,1,1,975,0,NORMAL
2024-07-01 08:05:16,M03,0.784,0.616,68.72,11.75,0.178,-0.037,0.032,1,1,958,0,NORMAL
2024-07-01 08:05:17,M01,0.802,0.581,64.54,12.33,0.147,-0.1,-0.005,1,1,1008,0,NORMAL
2024-07-01 08:05:18,M01,0.764,0.613,65.73,12.47,0.18,0.053,-0.023,1,1,1009,0,NORMAL
2024-07-01 08:05:19,M03,0.848,0.614,61.92,12.24,0.267,0.051,0.042,1,1,973,0,NORMAL
2024-07-01 08:05:20,M03,0.74,0.544,67.4,11.86,0.147,0.057,0.029,1,1,1011,0,NORMAL
2024-07-01 08:05:21,M03,0.838,0.577,63.4,10.92,0.18,-0.106,-0.057,1,1,989,0,NORMAL
2024-07-01 08:05:22,M02,0.789,0.672,63.81,12.38,0.22,0.02,-0.01,1,1,1029,0,NORMAL
2024-07-01 08:05:23,M03,0.857,0.543,64.91,12.61,0.215,0.046,0.007,1,1,1013,0,NORMAL
2024-07-01 08:05:24,M01,0.836,0.496,61.76,12.32,0.161,-0.071,0.029,1,1,989,0,NORMAL
2024-07-01 08:05:25,M02,0.889,0.509,65.43,11.54,0.046,0.0,0.034,1,1,945,0,NORMAL
2024-07-01 08:05:26,M02,0.835,0.602,66.94,12.33,0.185,-0.008,0.011,1,1,967,0,NORMAL
2024-07-01 08:05:27,M03,0.721,0.602,65.56,12.43,0.054,0.126,0.022,1,1,955,0,NORMAL
2024-07-01 08:05:28,M02,0.795,0.595,61.7,12.78,0.231,0.131,0.003,1,1,1017,0,NORMAL
2024-07-01 08:05:29,M01,0.741,0.661,64.71,11.54,0.168,-0.114,-0.023,1,1,963,0,NORMAL
2024-07-01 08:05:30,M03,0.773,0.469,66.48,11.87,0.208,0.17,-0.008,1,1,1011,0,NORMAL
2024-07-01 08:05:31,M03,0.874,0.62,61.11,12.37,0.117,-0.063,0.002,1,1,987,0,NORMAL
2024-07-01 08:05:32,M03,0.83,0.678,62.76,12.02,0.086,0.067,-0.0,1,1,972,0,NORMAL
2024-07-01 08:05:33,M01,0.764,0.545,66.76,11.42,0.173,0.066,-0.067,1,1,972,0,NORMAL
2024-07-01 08:05:34,M01,0.748,0.582,65.51,12.2,0.159,-0.068,-0.013,1,1,1040,0,NORMAL
2024-07-01 08:05:35,M03,0.8,0.563,65.8,12.29,0.137,0.033,0.003,1,1,974,0,NORMAL
2024-07-01 08:05:36,M03,0.738,0.556,68.77,12.03,0.164,-0.008,-0.009,1,1,949,0,NORMAL
2024-07-01 08:05:37,M01,0.765,0.584,65.92,12.1,0.293,0.038,-0.008,1,1,1035,0,NORMAL
2024-07-01 08:05:38,M01,0.814,0.671,66.31,11.86,0.2,0.015,0.019,1,1,1010,0,NORMAL
2024-07-01 08:05:39,M01,0.856,0.691,70.52,12.74,0.21,0.081,-0.038,1,1,1057,0,NORMAL
2024-07-01 08:05:40,M02,0.829,0.584,64.52,11.53,0.201,0.005,-0.057,1,1,987,0,NORMAL
2024-07-01 08:05:41,M02,0.685,0.695,63.32,11.69,0.231,-0.012,-0.011,1,1,1018,0,NORMAL
2024-07-01 08:05:42,M01,0.814,0.602,65.84,12.0,0.151,0.075,0.028,1,1,966,0,NORMAL
2024-07-01 08:05:43,M02,0.802,0.687,65.86,12.44,0.062,0.039,0.062,1,1,1014,0,NORMAL
2024-07-01 08:05:44,M01,0.819,0.596,63.88,11.23,0.151,0.05,0.029,1,1,1010,0,NORMAL
2024-07-01 08:05:45,M03,0.879,0.607,62.84,11.32,0.199,-0.046,-0.052,1,1,1068,0,NORMAL
2024-07-01 08:05:46,M03,0.696,0.619,69.7,10.95,0.114,-0.072,-0.007,1,1,1006,0,NORMAL
2024-07-01 08:05:47,M02,0.769,0.758,65.63,12.01,0.152,-0.039,0.01,1,1,1060,0,NORMAL
2024-07-01 08:05:48,M02,0.828,0.643,63.46,11.42,0.127,-0.043,0.007,1,1,1038,0,NORMAL
2024-07-01 08:05:49,M03,0.72,0.566,66.84,11.79,0.232,0.053,0.02,1,1,1000,0,NORMAL
2024-07-01 08:05:50,M03,0.872,0.648,64.74,12.33,0.196,0.066,-0.032,1,1,1007,0,NORMAL
2024-07-01 08:05:51,M01,0.817,0.583,64.44,11.66,0.191,-0.011,0.003,1,1,945,0,NORMAL
2024-07-01 08:05:52,M01,0.841,0.576,66.11,12.11,0.19,0.097,0.016,1,1,938,0,NORMAL
2024-07-01 08:05:53,M03,0.77,0.645,62.31,11.84,0.159,0.093,0.031,1,1,961,0,NORMAL
2024-07-01 08:05:54,M01,0.839,0.602,65.68,12.33,0.17,0.016,-0.028,1,1,974,0,NORMAL
2024-07-01 08:05:55,M02,0.852,0.614,68.88,12.23,0.104,-0.056,-0.011,1,1,993,0,NORMAL
2024-07-01 08:05:56,M03,0.81,0.601,65.92,11.64,0.056,0.107,-0.096,1,1,1007,0,NORMAL
2024-07-01 08:05:57,M02,0.81,0.617,64.19,11.9,0.167,-0.004,-0.021,1,1,981,0,NORMAL
2024-07-01 08:05:58,M03,0.812,0.622,63.92,12.52,0.176,0.008,-0.018,1,1,1023,0,NORMAL
2024-07-01 08:05:59,M03,0.756,0.505,64.12,12.19,0.218,-0.023,-0.036,1,1,971,0,NORMAL
2024-07-01 08:06:00,M02,0.791,0.634,64.44,11.28,0.235,-0.061,0.007,1,1,1006,0,NORMAL
2024-07-01 08:06:01,M02,0.791,0.552,64.19,12.32,0.235,-0.101,-0.001,1,1,999,0,NORMAL
2024-07-01 08:06:02,M03,0.818,0.529,66.84,11.44,0.113,0.043,-0.08,1,1,972,0,NORMAL
2024-07-01 08:06:03,M01,0.848,0.598,61.41,12.71,0.143,-0.054,0.009,1,1,1003,0,NORMAL
2024-07-01 08:06:04,M02,0.746,0.605,66.73,12.51,0.183,0.209,-0.032,1,1,993,0,NORMAL
2024-07-01 08:06:05,M01,0.792,0.566,64.18,12.14,0.281,-0.074,0.018,1,1,942,0,NORMAL
2024-07-01 08:06:06,M02,0.872,0.642,65.73,12.07,0.231,-0.086,-0.045,1,1,961,0,NORMAL
2024-07-01 08:06:07,M01,0.762,0.534,62.65,11.88,0.214,0.035,0.002,1,1,993,0,NORMAL
2024-07-01 08:06:08,M03,0.758,0.58,67.68,12.34,0.142,0.104,-0.009,1,1,977,0,NORMAL
2024-07-01 08:06:09,M03,0.809,0.572,67.51,11.8,0.118,0.004,0.012,1,1,1002,0,NORMAL
2024-07-01 08:06:10,M01,0.841,0.598,66.93,12.11,0.198,0.039,0.005,1,1,1035,0,NORMAL
2024-07-01 08:06:11,M02,0.799,0.614,61.85,12.43,0.108,-0.126,-0.008,1,1,1015,0,NORMAL
2024-07-01 08:06:12,M01,0.865,0.551,66.66,11.7,0.149,-0.047,-0.054,1,1,978,0,NORMAL
2024-07-01 08:06:13,M03,0.841,0.636,65.79,11.68,0.155,-0.074,-0.052,1,1,1015,0,NORMAL
2024-07-01 08:06:14,M02,0.84,0.604,61.67,11.38,0.236,-0.13,-0.02,1,1,1034,0,NORMAL
2024-07-01 08:06:15,M02,0.826,0.507,64.91,11.45,0.143,0.008,0.001,1,1,1023,0,NORMAL
2024-07-01 08:06:16,M02,0.914,0.504,65.71,11.06,0.044,-0.153,-0.021,1,1,996,0,NORMAL
2024-07-01 08:06:17,M02,0.789,0.6,66.1,12.36,0.184,-0.091,0.023,1,1,1042,0,NORMAL
2024-07-01 08:06:18,M03,0.699,0.59,65.32,12.91,0.127,-0.037,-0.009,1,1,973,0,NORMAL
2024-07-01 08:06:19,M01,0.878,0.595,65.56,12.72,0.162,-0.057,-0.034,1,1,1007,0,NORMAL
2024-07-01 08:06:20,M01,0.776,0.599,67.98,11.16,0.156,0.027,-0.009,1,1,1016,0,NORMAL
2024-07-01 08:06:21,M02,0.804,0.612,67.47,12.36,0.147,0.021,0.009,1,1,997,0,NORMAL
2024-07-01 08:06:22,M03,0.864,0.647,59.08,12.72,0.198,0.061,0.013,1,1,996,0,NORMAL
2024-07-01 08:06:23,M01,0.719,0.546,64.31,11.76,0.087,0.051,0.068,1,1,991,0,NORMAL
2024-07-01 08:06:24,M01,0.737,0.543,64.62,12.04,0.136,0.078,-0.023,1,1,993,0,NORMAL
2024-07-01 08:06:25,M02,0.719,0.547,61.37,10.97,0.193,-0.0,-0.002,1,1,1056,0,NORMAL
2024-07-01 08:06:26,M02,0.759,0.615,65.15,12.13,0.131,0.02,0.016,1,1,951,0,NORMAL
2024-07-01 08:06:27,M01,0.821,0.662,67.52,11.45,0.083,0.035,0.0,1,1,895,0,NORMAL
2024-07-01 08:06:28,M03,0.825,0.579,62.73,12.09,0.192,0.009,-0.017,1,1,980,0,NORMAL
2024-07-01 08:06:29,M03,0.812,0.477,65.65,11.19,0.214,-0.027,-0.055,1,1,979,0,NORMAL
2024-07-01 08:06:30,M03,0.729,0.516,63.08,12.27,0.158,-0.023,-0.017,1,1,1044,0,NORMAL
2024-07-01 08:06:31,M02,0.684,0.559,63.58,12.51,0.067,-0.056,-0.038,1,1,1003,0,NORMAL
2024-07-01 08:06:32,M03,0.801,0.573,67.99,11.59,0.194,0.028,-0.061,1,1,985,0,NORMAL
2024-07-01 08:06:33,M01,0.775,0.58,63.85,11.41,0.081,-0.007,-0.028,1,1,999,0,NORMAL
2024-07-01 08:06:34,M03,0.821,0.603,65.91,10.89,0.175,-0.046,-0.037,1,1,967,0,NORMAL
2024-07-01 08:06:35,M02,0.834,0.585,61.12,11.85,0.118,-0.046,0.022,1,1,982,0,NORMAL
2024-07-01 08:06:36,M02,0.806,0.652,68.78,11.69,0.105,-0.083,0.023,1,1,1030,0,NORMAL
2024-07-01 08:06:37,M02,0.836,0.567,66.2,11.2,0.139,0.067,-0.031,1,1,1002,0,NORMAL
2024-07-01 08:06:38,M01,0.81,0.558,64.59,12.22,0.152,0.005,-0.008,1,1,969,0,NORMAL
2024-07-01 08:06:39,M03,0.825,0.624,66.14,11.76,0.13,-0.059,-0.066,1,1,1022,0,NORMAL
2024-07-01 08:06:40,M02,0.764,0.525,62.07,11.44,0.188,0.055,-0.017,1,1,929,0,NORMAL
2024-07-01 08:06:41,M03,0.79,0.62,67.38,11.71,0.139,-0.039,0.015,1,1,1032,0,NORMAL
2024-07-01 08:06:42,M02,0.808,0.606,64.3,12.54,0.207,-0.096,0.031,1,1,1017,0,NORMAL
2024-07-01 08:06:43,M03,0.839,0.593,64.54,12.3,0.174,0.069,-0.025,1,1,1022,0,NORMAL
2024-07-01 08:06:44,M02,0.779,0.679,63.95,11.92,0.127,-0.037,0.039,1,1,1006,0,NORMAL
2024-07-01 08:06:45,M03,0.825,0.57,63.77,12.31,0.119,-0.028,-0.053,1,1,1074,0,NORMAL
2024-07-01 08:06:46,M01,0.786,0.702,66.38,11.4,0.082,0.003,-0.044,1,1,985,0,NORMAL
2024-07-01 08:06:47,M01,0.793,0.589,65.48,12.01,0.174,0.078,0.026,1,1,903,0,NORMAL
2024-07-01 08:06:48,M03,0.84,0.538,66.3,12.07,0.143,0.001,0.061,1,1,1051,0,NORMAL
2024-07-01 08:06:49,M01,0.7,0.604,64.94,11.75,0.047,-0.082,0.019,1,1,1001,0,NORMAL
2024-07-01 08:06:50,M03,0.734,0.547,66.01,12.21,0.135,0.037,-0.0,1,1,1022,0,NORMAL
2024-07-01 08:06:51,M03,0.725,0.563,64.1,11.59,0.117,-0.033,-0.078,1,1,974,0,NORMAL
2024-07-01 08:06:52,M01,0.683,0.62,69.53,12.25,0.236,0.129,-0.072,1,1,1021,0,NORMAL
2024-07-01 08:06:53,M03,0.765,0.628,61.75,12.27,0.079,-0.0,0.006,1,1,975,0,NORMAL
2024-07-01 08:06:54,M03,0.836,0.57,67.54,10.5,0.091,-0.153,-0.012,1,1,1045,0,NORMAL
2024-07-01 08:06:55,M01,0.785,0.649,67.76,12.6,0.213,0.024,-0.039,1,1,971,0,NORMAL
2024-07-01 08:06:56,M01,0.809,0.658,63.21,10.44,0.225,0.133,0.003,1,1,970,0,NORMAL
2024-07-01 08:06:57,M01,0.853,0.672,69.53,11.68,0.125,0.107,0.005,1,1,1029,0,NORMAL
2024-07-01 08:06:58,M03,0.865,0.627,67.0,12.51,0.13,0.125,0.035,1,1,960,0,NORMAL
2024-07-01 08:06:59,M01,0.795,0.668,66.95,11.83,0.19,-0.07,0.006,1,1,1029,0,NORMAL
2024-07-01 08:07:00,M03,0.866,0.508,65.02,11.24,0.049,0.062,0.045,1,1,996,0,NORMAL
2024-07-01 08:07:01,M03,0.803,0.585,64.51,11.43,0.071,-0.05,0.001,1,1,987,0,NORMAL
2024-07-01 08:07:02,M02,0.757,0.558,64.53,12.51,0.147,0.015,-0.003,1,1,991,0,NORMAL
2024-07-01 08:07:03,M02,0.769,0.606,65.76,11.01,0.234,-0.087,0.039,1,1,1040,0,NORMAL
2024-07-01 08:07:04,M03,0.725,0.572,67.83,12.57,0.139,-0.044,-0.034,1,1,969,0,NORMAL
2024-07-01 08:07:05,M03,0.755,0.592,65.33,11.96,0.165,-0.046,0.102,1,1,997,0,NORMAL
2024-07-01 08:07:06,M02,0.781,0.694,63.09,11.38,0.214,0.061,0.014,1,1,957,0,NORMAL
2024-07-01 08:07:07,M03,0.839,0.592,66.65,11.69,0.261,0.054,0.015,1,1,1055,0,NORMAL
2024-07-01 08:07:08,M01,0.884,0.621,66.85,11.47,0.133,0.019,0.02,1,1,1008,0,NORMAL
2024-07-01 08:07:09,M03,0.73,0.589,66.3,12.43,0.159,-0.093,0.068,1,1,1012,0,NORMAL
2024-07-01 08:07:10,M01,0.818,0.604,66.49,12.36,0.247,-0.022,0.029,1,1,994,0,NORMAL
2024-07-01 08:07:11,M03,0.747,0.601,64.4,11.11,0.088,-0.051,-0.057,1,1,991,0,NORMAL
2024-07-01 08:07:12,M03,0.822,0.623,63.06,11.78,0.209,0.059,0.051,1,1,1011,0,NORMAL
2024-07-01 08:07:13,M02,0.792,0.658,63.18,11.55,0.112,0.08,-0.011,1,1,1056,0,NORMAL
2024-07-01 08:07:14,M03,0.708,0.682,61.61,12.65,0.165,0.072,0.005,1,1,926,0,NORMAL
2024-07-01 08:07:15,M02,0.845,0.616,65.45,11.3,0.149,-0.052,-0.045,1,1,1079,0,NORMAL
2024-07-01 08:07:16,M02,0.769,0.63,64.79,12.81,0.115,-0.187,0.02,1,1,995,0,NORMAL
2024-07-01 08:07:17,M02,0.772,0.544,64.06,11.97,0.113,-0.121,-0.022,1,1,984,0,NORMAL
2024-07-01 08:07:18,M03,0.746,0.596,58.9,11.4,0.174,0.097,0.005,1,1,1058,0,NORMAL
2024-07-01 08:07:19,M02,0.766,0.647,62.4,11.64,0.208,-0.028,-0.009,1,1,966,0,NORMAL
2024-07-01 08:07:20,M03,0.82,0.643,67.26,11.58,0.154,-0.052,0.07,1,1,972,0,NORMAL
2024-07-01 08:07:21,M01,0.789,0.611,63.6,11.34,0.164,0.112,0.072,1,1,1014,0,NORMAL
2024-07-01 08:07:22,M01,0.815,0.644,65.7,12.04,0.188,0.086,0.003,1,1,1053,0,NORMAL
2024-07-01 08:07:23,M03,0.817,0.625,62.11,11.36,0.114,0.001,0.003,1,1,1018,0,NORMAL
2024-07-01 08:07:24,M01,0.864,0.66,67.91,10.88,0.196,-0.02,-0.012,1,1,946,0,NORMAL
2024-07-01 08:07:25,M02,0.782,0.615,64.66,11.8,0.199,-0.009,0.041,1,1,1021,0,NORMAL
2024-07-01 08:07:26,M03,0.725,0.583,65.55,11.07,0.285,0.015,-0.011,1,1,946,0,NORMAL
2024-07-01 08:07:27,M03,0.852,0.617,69.73,11.61,0.142,0.109,-0.014,1,1,1012,0,NORMAL
2024-07-01 08:07:28,M03,0.782,0.456,68.07,11.53,0.138,0.029,0.036,1,1,954,0,NORMAL
2024-07-01 08:07:29,M03,0.854,0.62,64.33,11.55,0.197,0.049,-0.018,1,1,996,0,NORMAL
2024-07-01 08:07:30,M03,0.818,0.42,63.74,13.01,0.199,0.08,-0.0,1,1,1020,0,NORMAL
2024-07-01 08:07:31,M02,0.792,0.515,64.29,12.02,0.135,-0.08,-0.056,1,1,1024,0,NORMAL
2024-07-01 08:07:32,M03,0.816,0.623,66.01,12.12,0.141,0.051,0.026,1,1,1002,0,NORMAL
2024-07-01 08:07:33,M02,0.895,0.624,64.74,11.08,0.186,-0.02,0.071,1,1,964,0,NORMAL
2024-07-01 08:07:34,M03,0.902,0.543,64.15,11.66,0.121,-0.172,0.027,1,1,970,0,NORMAL
2024-07-01 08:07:35,M03,0.802,0.565,67.97,12.1,0.141,-0.146,0.053,1,1,979,0,NORMAL
2024-07-01 08:07:36,M03,0.807,0.668,64.73,11.47,0.165,-0.07,-0.029,1,1,1016,0,NORMAL
2024-07-01 08:07:37,M02,0.852,0.577,69.67,12.45,0.208,0.036,0.009,1,1,916,0,NORMAL
2024-07-01 08:07:38,M02,0.757,0.711,65.15,11.38,0.131,0.007,-0.033,1,1,968,0,NORMAL
2024-07-01 08:07:39,M02,0.815,0.601,68.62,11.84,0.072,0.012,-0.007,1,1,1003,0,NORMAL
2024-07-01 08:07:40,M03,0.797,0.621,65.69,11.69,0.069,0.133,0.029,1,1,943,0,NORMAL
2024-07-01 08:07:41,M01,0.814,0.68,66.93,12.07,0.1,-0.087,0.005,1,1,998,0,NORMAL
2024-07-01 08:07:42,M02,0.757,0.607,63.47,11.66,0.098,-0.002,-0.05,1,1,1015,0,NORMAL
2024-07-01 08:07:43,M03,0.72,0.551,63.21,11.85,0.153,0.02,-0.046,1,1,985,0,NORMAL
2024-07-01 08:07:44,M01,0.696,0.595,65.9,11.87,0.103,-0.051,-0.049,1,1,970,0,NORMAL
2024-07-01 08:07:45,M02,0.743,0.599,66.99,11.62,0.127,0.002,0.019,1,1,1040,0,NORMAL
2024-07-01 08:07:46,M03,0.776,0.533,65.04,12.24,0.123,-0.11,0.075,1,1,1032,0,NORMAL
2024-07-01 08:07:47,M01,0.784,0.588,62.32,12.11,0.139,0.096,0.05,1,1,959,0,NORMAL
2024-07-01 08:07:48,M01,0.895,0.564,62.17,11.94,0.224,-0.047,-0.067,1,1,1051,0,NORMAL
2024-07-01 08:07:49,M02,0.854,0.646,62.03,11.77,0.192,0.138,0.052,1,1,1011,0,NORMAL
2024-07-01 08:07:50,M03,0.751,0.602,61.34,12.4,0.161,-0.003,0.035,1,1,934,0,NORMAL
2024-07-01 08:07:51,M01,0.816,0.587,65.18,11.87,0.138,0.07,-0.054,1,1,1012,0,NORMAL
2024-07-01 08:07:52,M02,0.779,0.595,67.27,11.83,0.14,-0.004,-0.01,1,1,967,0,NORMAL
2024-07-01 08:07:53,M03,0.785,0.612,64.93,12.04,0.176,-0.002,0.04,1,1,1021,0,NORMAL
2024-07-01 08:07:54,M02,0.808,0.631,60.33,12.86,0.188,-0.04,0.021,1,1,1084,0,NORMAL
2024-07-01 08:07:55,M01,0.829,0.551,64.57,11.31,0.117,0.008,-0.046,1,1,989,0,NORMAL
2024-07-01 08:07:56,M02,0.782,0.549,64.63,12.38,0.162,0.021,0.023,1,1,1000,0,NORMAL
2024-07-01 08:07:57,M02,0.851,0.655,69.26,11.02,0.063,-0.054,-0.076,1,1,1044,0,NORMAL
2024-07-01 08:07:58,M02,0.742,0.58,61.97,12.1,0.17,-0.009,-0.007,1,1,986,0,NORMAL
2024-07-01 08:07:59,M01,0.799,0.531,64.16,12.79,0.197,-0.042,0.042,1,1,1012,0,NORMAL
2024-07-01 08:08:00,M02,0.928,0.623,68.46,12.24,0.147,0.157,0.002,1,1,1022,0,NORMAL
2024-07-01 08:08:01,M01,0.81,0.623,65.88,12.08,0.247,-0.006,-0.017,1,1,995,0,NORMAL
2024-07-01 08:08:02,M01,0.87,0.525,66.11,11.7,0.118,0.105,0.033,1,1,1055,0,NORMAL
2024-07-01 08:08:03,M02,0.803,0.612,65.19,12.01,0.171,-0.014,0.036,1,1,1019,0,NORMAL
2024-07-01 08:08:04,M03,0.828,0.637,65.64,11.86,0.159,0.017,0.048,1,1,1068,0,NORMAL
2024-07-01 08:08:05,M03,0.796,0.619,66.55,11.59,0.156,-0.091,0.032,1,1,1064,0,NORMAL
2024-07-01 08:08:06,M02,0.79,0.632,63.3,11.84,0.155,-0.031,0.04,1,1,1021,0,NORMAL
2024-07-01 08:08:07,M01,0.76,0.531,66.76,12.09,0.165,0.014,0.027,1,1,952,0,NORMAL
2024-07-01 08:08:08,M02,0.82,0.617,62.15,11.6,0.201,0.108,0.011,1,1,972,0,NORMAL
2024-07-01 08:08:09,M03,0.756,0.586,65.63,11.58,0.226,0.015,0.004,1,1,1015,0,NORMAL
2024-07-01 08:08:10,M02,0.832,0.577,65.33,11.3,0.16,0.094,-0.008,1,1,1078,0,NORMAL
2024-07-01 08:08:11,M02,0.853,0.644,63.7,12.19,0.199,0.043,-0.043,1,1,1036,0,NORMAL
2024-07-01 08:08:12,M03,0.817,0.674,64.91,12.27,0.127,0.111,-0.033,1,1,1046,0,NORMAL
2024-07-01 08:08:13,M02,0.785,0.689,63.68,12.11,0.197,-0.004,-0.009,1,1,961,0,NORMAL
2024-07-01 08:08:14,M03,0.821,0.666,62.76,12.48,0.124,0.163,0.01,1,1,1056,0,NORMAL
2024-07-01 08:08:15,M01,0.783,0.595,64.24,12.03,0.212,-0.033,0.053,1,1,1023,0,NORMAL
2024-07-01 08:08:16,M03,0.845,0.618,62.7,12.19,0.266,-0.053,-0.001,1,1,1008,0,NORMAL
2024-07-01 08:08:17,M03,0.708,0.638,65.62,12.14,0.154,-0.083,0.037,1,1,996,0,NORMAL
2024-07-01 08:08:18,M01,0.782,0.607,62.6,11.94,0.055,0.159,0.04,1,1,1025,0,NORMAL
2024-07-01 08:08:19,M03,0.7,0.607,66.42,11.72,0.134,0.056,-0.007,1,1,966,0,NORMAL
2024-07-01 08:08:20,M01,0.725,0.641,62.54,13.12,0.219,-0.023,0.022,1,1,958,0,NORMAL
2024-07-01 08:08:21,M03,1.136,0.891,79.37,15.49,0.325,0.157,-0.088,1,1,901,1,PANNE_PHYSIQUE
2024-07-01 08:08:22,M01,1.214,0.883,79.93,15.4,0.349,0.058,-0.043,1,1,990,1,PANNE_PHYSIQUE
2024-07-01 08:08:23,M01,1.194,0.917,77.74,15.65,0.328,0.038,0.015,1,1,1024,1,PANNE_PHYSIQUE
2024-07-01 08:08:24,M01,1.214,0.957,85.18,13.66,0.173,-0.028,-0.05,1,1,948,1,PANNE_PHYSIQUE
2024-07-01 08:08:25,M01,1.237,0.801,79.93,13.9,0.199,0.072,0.014,1,1,972,1,PANNE_PHYSIQUE
2024-07-01 08:08:26,M02,1.146,0.815,78.18,14.47,0.369,0.002,0.032,1,1,1007,1,PANNE_PHYSIQUE
2024-07-01 08:08:27,M02,1.315,0.76,75.3,14.91,0.253,-0.035,-0.02,1,1,999,1,PANNE_PHYSIQUE
2024-07-01 08:08:28,M02,1.175,0.966,77.17,15.3,0.216,0.076,-0.038,1,1,1012,1,PANNE_PHYSIQUE
2024-07-01 08:08:29,M01,1.162,0.917,80.82,15.25,0.288,-0.012,-0.019,1,1,1021,1,PANNE_PHYSIQUE
2024-07-01 08:08:30,M02,1.235,0.937,81.5,15.84,0.309,-0.079,-0.037,1,1,1008,1,PANNE_PHYSIQUE
2024-07-01 08:08:31,M03,1.048,0.785,80.95,15.86,0.193,0.066,-0.006,1,1,922,1,PANNE_PHYSIQUE
2024-07-01 08:08:32,M02,1.133,1.038,79.28,14.36,0.251,-0.003,0.002,1,1,1005,1,PANNE_PHYSIQUE
2024-07-01 08:08:33,M01,1.276,0.85,74.39,15.19,0.303,0.054,-0.013,1,1,976,1,PANNE_PHYSIQUE
2024-07-01 08:08:34,M01,1.056,0.911,78.57,14.38,0.15,-0.044,0.06,1,1,1019,1,PANNE_PHYSIQUE
2024-07-01 08:08:35,M02,1.287,0.965,74.42,14.87,0.236,-0.122,-0.028,1,1,998,1,PANNE_PHYSIQUE
2024-07-01 08:08:36,M02,1.318,0.82,73.83,15.25,0.153,0.183,0.05,1,1,1022,1,PANNE_PHYSIQUE
2024-07-01 08:08:37,M01,1.167,0.855,77.97,12.49,0.163,0.164,-0.04,1,1,1009,1,PANNE_PHYSIQUE
2024-07-01 08:08:38,M03,1.22,0.912,78.66,16.79,0.194,0.095,0.001,1,1,997,1,PANNE_PHYSIQUE
2024-07-01 08:08:39,M01,1.287,1.123,79.57,15.43,0.27,-0.037,0.042,1,1,978,1,PANNE_PHYSIQUE
2024-07-01 08:08:40,M03,1.159,0.921,78.59,14.57,0.212,-0.028,0.04,1,1,990,1,PANNE_PHYSIQUE
2024-07-01 08:08:41,M01,1.267,1.024,78.68,16.44,0.188,0.147,-0.017,1,1,996,1,PANNE_PHYSIQUE
2024-07-01 08:08:42,M03,1.142,0.993,75.04,14.75,0.239,-0.033,0.019,1,1,955,1,PANNE_PHYSIQUE
2024-07-01 08:08:43,M03,1.158,0.927,77.15,15.11,0.151,-0.062,0.014,1,1,956,1,PANNE_PHYSIQUE
2024-07-01 08:08:44,M01,1.132,0.82,73.78,14.65,0.267,0.197,-0.022,1,1,997,1,PANNE_PHYSIQUE
2024-07-01 08:08:45,M01,1.224,0.981,72.59,16.23,0.318,-0.002,0.021,1,1,1010,1,PANNE_PHYSIQUE
2024-07-01 08:08:46,M01,1.29,0.78,79.18,14.93,0.229,0.187,0.067,1,1,992,1,PANNE_PHYSIQUE
2024-07-01 08:08:47,M01,1.182,1.024,75.59,15.12,0.22,-0.141,0.016,1,1,990,1,PANNE_PHYSIQUE
2024-07-01 08:08:48,M03,1.094,0.913,79.49,15.9,0.263,0.057,0.019,1,1,955,1,PANNE_PHYSIQUE
2024-07-01 08:08:49,M02,1.109,0.689,80.06,15.44,0.086,0.218,0.023,1,1,991,1,PANNE_PHYSIQUE
2024-07-01 08:08:50,M03,1.228,0.871,75.91,14.97,0.275,0.006,-0.056,1,1,1023,1,PANNE_PHYSIQUE
2024-07-01 08:08:51,M03,1.345,0.949,78.82,15.83,0.463,-0.024,0.015,1,1,985,1,PANNE_PHYSIQUE
2024-07-01 08:08:52,M02,1.228,0.879,75.81,16.89,0.226,-0.118,-0.039,1,1,981,1,PANNE_PHYSIQUE
2024-07-01 08:08:53,M02,1.165,0.954,72.97,15.24,0.227,0.116,-0.024,1,1,993,1,PANNE_PHYSIQUE
2024-07-01 08:08:54,M03,1.258,0.831,77.7,15.1,0.29,-0.076,0.078,1,1,983,1,PANNE_PHYSIQUE
2024-07-01 08:08:55,M03,1.177,0.795,76.27,15.14,0.356,-0.006,-0.011,1,1,952,1,PANNE_PHYSIQUE
2024-07-01 08:08:56,M03,1.166,0.892,76.34,15.98,0.307,-0.124,-0.029,1,1,976,1,PANNE_PHYSIQUE
2024-07-01 08:08:57,M02,1.119,0.9,82.14,14.57,0.077,0.165,0.041,1,1,1024,1,PANNE_PHYSIQUE
2024-07-01 08:08:58,M03,1.31,0.87,73.74,14.8,0.277,0.123,-0.037,1,1,964,1,PANNE_PHYSIQUE
2024-07-01 08:08:59,M01,0.992,0.994,78.32,13.87,0.424,0.0,-0.018,1,1,965,1,PANNE_PHYSIQUE
2024-07-01 08:09:00,M01,1.261,0.831,75.01,14.13,0.281,-0.116,0.044,1,1,1022,1,PANNE_PHYSIQUE
2024-07-01 08:09:01,M01,1.159,0.922,79.58,14.63,0.15,0.163,-0.0,1,1,994,1,PANNE_PHYSIQUE
2024-07-01 08:09:02,M02,1.163,0.903,78.12,14.97,0.256,-0.035,-0.059,1,1,944,1,PANNE_PHYSIQUE
2024-07-01 08:09:03,M01,1.333,0.775,78.31,16.32,0.141,-0.111,0.018,1,1,1034,1,PANNE_PHYSIQUE
2024-07-01 08:09:04,M01,1.139,0.794,75.13,15.41,0.326,-0.179,-0.016,1,1,949,1,PANNE_PHYSIQUE
2024-07-01 08:09:05,M01,1.142,0.899,75.56,14.34,0.165,-0.064,0.055,1,1,1004,1,PANNE_PHYSIQUE
2024-07-01 08:09:06,M03,1.186,1.054,79.63,14.47,0.241,-0.147,-0.024,1,1,1015,1,PANNE_PHYSIQUE
2024-07-01 08:09:07,M03,1.23,0.943,81.65,16.03,0.172,-0.061,0.037,1,1,962,1,PANNE_PHYSIQUE
2024-07-01 08:09:08,M03,1.161,0.762,78.55,15.84,0.195,0.081,0.064,1,1,960,1,PANNE_PHYSIQUE
2024-07-01 08:09:09,M01,1.069,0.652,75.25,15.03,0.345,-0.035,-0.033,1,1,974,1,PANNE_PHYSIQUE
2024-07-01 08:09:10,M03,1.127,0.955,78.21,14.68,0.243,0.04,-0.009,1,1,889,1,PANNE_PHYSIQUE
2024-07-01 08:09:11,M01,1.3,0.89,83.23,15.84,0.194,-0.072,0.013,1,1,958,1,PANNE_PHYSIQUE
2024-07-01 08:09:12,M03,1.203,0.988,77.65,14.27,0.151,0.01,-0.033,1,1,1018,1,PANNE_PHYSIQUE
2024-07-01 08:09:13,M01,1.233,0.828,80.91,15.3,0.098,0.202,0.008,1,1,1000,1,PANNE_PHYSIQUE
2024-07-01 08:09:14,M02,1.175,0.925,75.62,16.69,0.143,-0.033,-0.01,1,1,1039,1,PANNE_PHYSIQUE
2024-07-01 08:09:15,M02,1.143,0.964,77.3,15.16,0.244,0.043,-0.011,1,1,1063,1,PANNE_PHYSIQUE
2024-07-01 08:09:16,M03,1.332,0.862,78.89,14.44,0.307,-0.159,0.0,1,1,957,1,PANNE_PHYSIQUE
2024-07-01 08:09:17,M02,1.181,0.864,78.35,15.31,0.194,0.161,0.001,1,1,1026,1,PANNE_PHYSIQUE
2024-07-01 08:09:18,M02,1.161,0.9,75.56,14.66,0.351,-0.046,0.004,1,1,992,1,PANNE_PHYSIQUE
2024-07-01 08:09:19,M01,1.285,0.94,75.46,13.98,0.183,0.112,-0.024,1,1,982,1,PANNE_PHYSIQUE
2024-07-01 08:09:20,M03,1.138,0.896,79.77,15.53,0.218,-0.009,-0.022,1,1,1082,1,PANNE_PHYSIQUE
2024-07-01 08:09:21,M03,1.149,0.974,80.26,15.84,0.156,0.067,-0.006,1,1,1011,1,PANNE_PHYSIQUE
2024-07-01 08:09:22,M02,1.197,0.861,81.03,14.78,0.308,0.073,-0.003,1,1,1022,1,PANNE_PHYSIQUE
2024-07-01 08:09:23,M01,1.197,0.793,81.73,14.73,0.389,-0.043,-0.018,1,1,952,1,PANNE_PHYSIQUE
2024-07-01 08:09:24,M03,1.217,1.053,77.72,14.3,0.106,0.117,0.01,1,1,947,1,PANNE_PHYSIQUE
2024-07-01 08:09:25,M03,1.365,0.85,76.65,14.9,0.21,-0.075,-0.069,1,1,1010,1,PANNE_PHYSIQUE
2024-07-01 08:09:26,M02,1.224,0.853,80.64,14.59,0.328,0.084,-0.029,1,1,990,1,PANNE_PHYSIQUE
2024-07-01 08:09:27,M02,1.005,0.892,79.11,14.26,0.129,-0.037,-0.012,1,1,904,1,PANNE_PHYSIQUE
2024-07-01 08:09:28,M01,1.223,0.903,75.04,16.41,0.277,0.04,-0.033,1,1,992,1,PANNE_PHYSIQUE
2024-07-01 08:09:29,M01,1.2,0.867,74.92,15.36,0.325,-0.044,0.058,1,1,1036,1,PANNE_PHYSIQUE
2024-07-01 08:09:30,M02,1.2,0.896,78.58,15.43,0.241,0.009,-0.001,1,1,1039,1,PANNE_PHYSIQUE
2024-07-01 08:09:31,M02,1.216,0.894,76.97,15.66,0.276,-0.108,0.005,1,1,1015,1,PANNE_PHYSIQUE
2024-07-01 08:09:32,M01,1.194,0.911,77.34,15.58,0.365,0.029,-0.02,1,1,940,1,PANNE_PHYSIQUE
2024-07-01 08:09:33,M03,1.192,0.712,79.97,14.7,0.379,0.008,-0.002,1,1,1025,1,PANNE_PHYSIQUE
2024-07-01 08:09:34,M02,1.246,1.046,79.22,15.21,0.231,-0.053,-0.047,1,1,1049,1,PANNE_PHYSIQUE
2024-07-01 08:09:35,M03,1.153,0.886,80.59,14.81,0.196,-0.002,-0.008,1,1,932,1,PANNE_PHYSIQUE
2024-07-01 08:09:36,M03,1.12,0.943,72.76,15.33,0.168,0.017,-0.036,1,1,984,1,PANNE_PHYSIQUE
2024-07-01 08:09:37,M02,1.441,0.789,78.01,15.26,0.307,-0.06,-0.012,1,1,1006,1,PANNE_PHYSIQUE
2024-07-01 08:09:38,M03,1.139,0.86,79.07,14.73,0.134,-0.01,-0.096,1,1,1000,1,PANNE_PHYSIQUE
2024-07-01 08:09:39,M03,1.205,0.845,73.74,14.03,0.217,-0.101,-0.043,1,1,1041,1,PANNE_PHYSIQUE
2024-07-01 08:09:40,M03,1.076,1.013,75.83,15.12,0.243,0.246,0.052,1,1,955,1,PANNE_PHYSIQUE
2024-07-01 08:09:41,M01,1.206,0.851,75.38,14.86,0.198,0.113,0.029,1,1,959,1,PANNE_PHYSIQUE
2024-07-01 08:09:42,M02,1.121,0.957,77.45,13.61,0.256,0.032,0.047,1,1,985,1,PANNE_PHYSIQUE
2024-07-01 08:09:43,M03,1.161,0.846,81.31,15.39,0.424,0.125,0.049,1,1,998,1,PANNE_PHYSIQUE
2024-07-01 08:09:44,M03,1.281,0.862,82.25,15.72,0.226,-0.202,0.023,1,1,993,1,PANNE_PHYSIQUE
2024-07-01 08:09:45,M01,1.235,0.878,75.45,16.88,0.203,-0.262,-0.019,1,1,1034,1,PANNE_PHYSIQUE
2024-07-01 08:09:46,M01,1.242,0.999,78.66,14.72,0.31,-0.038,-0.04,1,1,997,1,PANNE_PHYSIQUE
2024-07-01 08:09:47,M02,1.054,0.749,78.74,14.61,0.253,-0.139,0.041,1,1,992,1,PANNE_PHYSIQUE
2024-07-01 08:09:48,M03,1.345,0.794,78.33,14.19,0.341,-0.021,0.001,1,1,999,1,PANNE_PHYSIQUE
2024-07-01 08:09:49,M02,1.1,0.744,78.36,15.16,0.247,0.025,0.09,1,1,999,1,PANNE_PHYSIQUE
2024-07-01 08:09:50,M02,1.32,0.812,78.13,15.16,0.217,0.099,-0.015,1,1,1028,1,PANNE_PHYSIQUE
2024-07-01 08:09:51,M01,1.279,0.834,81.45,14.41,0.104,-0.115,0.071,1,1,1020,1,PANNE_PHYSIQUE
2024-07-01 08:09:52,M02,1.243,0.77,80.05,14.88,0.116,0.045,-0.008,1,1,967,1,PANNE_PHYSIQUE
2024-07-01 08:09:53,M02,1.128,0.84,74.86,13.55,0.1,0.005,0.048,1,1,976,1,PANNE_PHYSIQUE
2024-07-01 08:09:54,M02,1.209,0.739,79.31,15.7,0.263,0.039,0.061,1,1,1034,1,PANNE_PHYSIQUE
2024-07-01 08:09:55,M03,1.158,0.817,79.54,14.44,0.135,-0.05,-0.04,1,1,1060,1,PANNE_PHYSIQUE
2024-07-01 08:09:56,M01,1.199,0.992,78.16,14.98,0.328,0.147,-0.02,1,1,953,1,PANNE_PHYSIQUE
2024-07-01 08:09:57,M02,1.176,0.929,80.12,13.95,0.238,-0.007,-0.04,1,1,975,1,PANNE_PHYSIQUE
2024-07-01 08:09:58,M03,1.032,0.912,77.85,14.58,0.217,0.187,-0.047,1,1,944,1,PANNE_PHYSIQUE
2024-07-01 08:09:59,M01,1.287,0.819,77.88,14.8,0.173,-0.078,0.023,1,1,1024,1,PANNE_PHYSIQUE
2024-07-01 08:10:00,M01,1.19,0.777,77.69,15.0,0.281,0.08,-0.009,1,1,999,1,PANNE_PHYSIQUE
2024-07-01 08:10:01,M02,1.157,0.808,72.56,15.37,0.176,-0.003,0.0,1,1,984,1,PANNE_PHYSIQUE
2024-07-01 08:10:02,M03,1.151,0.894,77.21,16.07,0.163,-0.031,0.019,1,1,976,1,PANNE_PHYSIQUE
2024-07-01 08:10:03,M02,1.225,0.966,75.8,15.55,0.323,0.069,-0.07,1,1,970,1,PANNE_PHYSIQUE
2024-07-01 08:10:04,M02,1.124,0.969,74.55,15.72,0.261,-0.028,0.046,1,1,947,1,PANNE_PHYSIQUE
2024-07-01 08:10:05,M03,1.015,0.947,80.84,16.08,0.218,-0.272,-0.015,1,1,991,1,PANNE_PHYSIQUE
2024-07-01 08:10:06,M01,1.229,0.839,78.61,15.43,0.282,-0.314,0.018,1,1,1081,1,PANNE_PHYSIQUE
2024-07-01 08:10:07,M02,1.238,0.9,77.33,14.98,0.236,0.135,0.021,1,1,1033,1,PANNE_PHYSIQUE
2024-07-01 08:10:08,M01,1.18,0.872,76.04,15.76,0.263,0.131,0.049,1,1,1043,1,PANNE_PHYSIQUE
2024-07-01 08:10:09,M03,1.104,0.882,78.11,15.8,0.175,0.199,-0.006,1,1,970,1,PANNE_PHYSIQUE
2024-07-01 08:10:10,M02,1.204,1.058,79.78,15.49,0.387,0.002,-0.08,1,1,1029,1,PANNE_PHYSIQUE
2024-07-01 08:10:11,M03,1.078,0.759,75.42,13.93,0.193,-0.131,0.0,1,1,943,1,PANNE_PHYSIQUE
2024-07-01 08:10:12,M01,1.114,0.879,77.39,14.39,0.35,-0.04,0.006,1,1,954,1,PANNE_PHYSIQUE
2024-07-01 08:10:13,M01,1.136,0.993,79.48,14.81,0.221,0.005,-0.04,1,1,1023,1,PANNE_PHYSIQUE
2024-07-01 08:10:14,M03,1.265,0.782,72.75,15.59,0.295,-0.101,0.004,1,1,989,1,PANNE_PHYSIQUE
2024-07-01 08:10:15,M03,1.167,0.847,77.26,14.99,0.289,0.174,-0.015,1,1,932,1,PANNE_PHYSIQUE
2024-07-01 08:10:16,M01,1.16,0.856,76.37,15.85,0.32,0.235,-0.051,1,1,956,1,PANNE_PHYSIQUE
2024-07-01 08:10:17,M02,1.354,0.88,77.08,15.98,0.174,0.053,0.023,1,1,973,1,PANNE_PHYSIQUE
2024-07-01 08:10:18,M02,1.225,0.772,76.2,15.9,0.314,0.002,-0.023,1,1,1004,1,PANNE_PHYSIQUE
2024-07-01 08:10:19,M03,1.224,0.945,77.73,15.9,0.371,-0.131,-0.017,1,1,1090,1,PANNE_PHYSIQUE
2024-07-01 08:10:20,M03,1.167,0.95,82.02,14.24,0.216,0.164,-0.019,1,1,999,1,PANNE_PHYSIQUE
2024-07-01 08:10:21,M03,1.148,0.938,76.62,15.37,0.238,0.011,0.044,1,1,966,1,PANNE_PHYSIQUE
2024-07-01 08:10:22,M03,1.02,0.829,78.1,14.56,0.197,-0.027,-0.003,1,1,933,1,PANNE_PHYSIQUE
2024-07-01 08:10:23,M01,1.275,0.904,82.19,13.79,0.21,0.053,0.001,1,1,936,1,PANNE_PHYSIQUE
2024-07-01 08:10:24,M02,1.233,0.827,76.08,14.8,0.361,-0.057,-0.018,1,1,1000,1,PANNE_PHYSIQUE
2024-07-01 08:10:25,M03,1.182,0.871,81.76,15.99,0.161,0.019,0.015,1,1,921,1,PANNE_PHYSIQUE
2024-07-01 08:10:26,M02,1.185,1.067,77.41,15.35,0.166,-0.146,0.048,1,1,1069,1,PANNE_PHYSIQUE
2024-07-01 08:10:27,M03,1.256,0.905,81.68,16.5,0.354,0.116,0.022,1,1,934,1,PANNE_PHYSIQUE
2024-07-01 08:10:28,M03,1.071,0.804,79.2,15.14,0.281,-0.007,0.024,1,1,1035,1,PANNE_PHYSIQUE
2024-07-01 08:10:29,M03,1.149,0.912,78.14,16.82,0.391,0.123,0.021,1,1,1043,1,PANNE_PHYSIQUE
2024-07-01 08:10:30,M03,1.105,0.791,77.24,15.14,0.202,-0.017,-0.053,1,1,970,1,PANNE_PHYSIQUE
2024-07-01 08:10:31,M03,1.339,0.803,75.9,15.03,0.245,-0.011,-0.034,1,1,1013,1,PANNE_PHYSIQUE
2024-07-01 08:10:32,M02,1.267,0.816,77.58,14.06,0.187,-0.122,-0.009,1,1,1023,1,PANNE_PHYSIQUE
2024-07-01 08:10:33,M01,1.019,0.863,79.55,15.83,0.246,0.082,-0.029,1,1,996,1,PANNE_PHYSIQUE
2024-07-01 08:10:34,M03,1.074,0.971,77.37,14.64,0.105,-0.087,-0.041,1,1,1021,1,PANNE_PHYSIQUE
2024-07-01 08:10:35,M01,1.186,0.943,76.64,14.53,0.286,-0.047,-0.071,1,1,1008,1,PANNE_PHYSIQUE
2024-07-01 08:10:36,M02,1.158,0.939,76.8,15.96,0.259,0.004,-0.051,1,1,994,1,PANNE_PHYSIQUE
2024-07-01 08:10:37,M01,1.09,0.811,79.78,15.87,0.231,0.016,-0.011,1,1,1023,1,PANNE_PHYSIQUE
2024-07-01 08:10:38,M01,1.353,0.855,80.34,15.85,0.207,-0.173,-0.004,1,1,1001,1,PANNE_PHYSIQUE
2024-07-01 08:10:39,M02,1.222,0.919,75.8,14.74,0.17,-0.021,-0.031,1,1,1051,1,PANNE_PHYSIQUE
2024-07-01 08:10:40,M01,1.235,0.848,75.8,14.97,0.289,0.086,0.001,1,1,942,1,PANNE_PHYSIQUE
2024-07-01 08:10:41,M02,1.141,0.876,78.31,14.97,0.149,-0.036,-0.018,1,1,999,1,PANNE_PHYSIQUE
2024-07-01 08:10:42,M02,1.255,0.932,81.07,15.59,0.273,-0.02,0.038,1,1,1012,1,PANNE_PHYSIQUE
2024-07-01 08:10:43,M01,1.166,0.87,80.15,16.16,0.388,0.02,-0.008,1,1,933,1,PANNE_PHYSIQUE
2024-07-01 08:10:44,M03,1.174,0.915,74.4,15.28,0.344,-0.01,0.024,1,1,994,1,PANNE_PHYSIQUE
2024-07-01 08:10:45,M01,1.246,1.023,76.77,16.47,0.125,-0.103,0.006,1,1,1027,1,PANNE_PHYSIQUE
2024-07-01 08:10:46,M02,1.065,0.884,75.17,15.67,0.196,-0.0,-0.054,1,1,992,1,PANNE_PHYSIQUE
2024-07-01 08:10:47,M01,1.325,0.991,76.76,14.84,0.266,0.106,-0.005,1,1,938,1,PANNE_PHYSIQUE
2024-07-01 08:10:48,M02,1.211,0.942,81.25,15.62,0.23,-0.106,-0.047,1,1,1082,1,PANNE_PHYSIQUE
2024-07-01 08:10:49,M02,1.3,0.782,73.99,16.27,0.132,-0.035,-0.006,1,1,1057,1,PANNE_PHYSIQUE
2024-07-01 08:10:50,M01,1.11,0.811,73.51,16.49,0.264,-0.14,-0.029,1,1,962,1,PANNE_PHYSIQUE
2024-07-01 08:10:51,M03,1.122,0.832,75.41,15.89,0.235,0.101,0.012,1,1,1025,1,PANNE_PHYSIQUE
2024-07-01 08:10:52,M02,1.103,0.83,78.09,15.03,0.376,-0.006,-0.051,1,1,967,1,PANNE_PHYSIQUE
2024-07-01 08:10:53,M01,1.217,0.89,78.89,14.85,0.217,-0.085,-0.001,1,1,1003,1,PANNE_PHYSIQUE
2024-07-01 08:10:54,M01,1.202,0.946,78.45,15.44,0.321,0.013,0.019,1,1,1018,1,PANNE_PHYSIQUE
2024-07-01 08:10:55,M03,1.159,0.997,80.22,16.25,0.142,-0.121,0.032,1,1,1026,1,PANNE_PHYSIQUE
2024-07-01 08:10:56,M03,1.115,0.922,73.17,15.33,0.16,-0.104,-0.03,1,1,1063,1,PANNE_PHYSIQUE
2024-07-01 08:10:57,M01,1.094,0.862,80.25,15.35,0.288,-0.148,-0.001,1,1,1069,1,PANNE_PHYSIQUE
2024-07-01 08:10:58,M02,1.193,0.734,76.65,15.05,0.315,-0.107,0.005,1,1,975,1,PANNE_PHYSIQUE
2024-07-01 08:10:59,M01,1.159,0.903,79.16,14.77,0.165,0.144,0.055,1,1,1019,1,PANNE_PHYSIQUE
2024-07-01 08:11:00,M02,1.141,0.9,74.22,14.89,0.237,-0.073,-0.056,1,1,957,1,PANNE_PHYSIQUE
2024-07-01 08:11:01,M03,1.321,0.912,77.41,15.11,0.134,0.052,-0.035,1,1,1000,1,PANNE_PHYSIQUE
2024-07-01 08:11:02,M03,1.19,1.064,77.97,16.28,0.222,-0.083,0.102,1,1,965,1,PANNE_PHYSIQUE
2024-07-01 08:11:03,M03,1.299,0.995,80.17,14.83,0.297,0.082,-0.012,1,1,1005,1,PANNE_PHYSIQUE
2024-07-01 08:11:04,M02,1.153,0.959,73.6,15.05,0.203,-0.103,-0.072,1,1,997,1,PANNE_PHYSIQUE
2024-07-01 08:11:05,M03,1.216,0.822,77.47,14.37,0.217,0.007,-0.023,1,1,996,1,PANNE_PHYSIQUE
2024-07-01 08:11:06,M03,1.192,0.857,74.8,15.54,0.152,0.009,-0.104,1,1,985,1,PANNE_PHYSIQUE
2024-07-01 08:11:07,M02,1.06,0.89,78.61,16.02,0.188,0.245,0.007,1,1,974,1,PANNE_PHYSIQUE
2024-07-01 08:11:08,M02,1.312,0.836,79.27,16.21,0.365,0.069,0.028,1,1,1106,1,PANNE_PHYSIQUE
2024-07-01 08:11:09,M02,1.186,0.937,80.49,15.16,0.241,-0.058,-0.035,1,1,976,1,PANNE_PHYSIQUE
2024-07-01 08:11:10,M02,1.257,0.926,76.12,15.44,0.162,0.074,-0.019,1,1,979,1,PANNE_PHYSIQUE
2024-07-01 08:11:11,M03,1.136,0.812,79.63,14.9,0.212,0.225,0.032,1,1,947,1,PANNE_PHYSIQUE
2024-07-01 08:11:12,M03,1.183,0.992,80.67,15.4,0.118,-0.165,-0.066,1,1,1017,1,PANNE_PHYSIQUE
2024-07-01 08:11:13,M03,1.127,0.906,73.46,15.24,0.161,-0.084,-0.051,1,1,1013,1,PANNE_PHYSIQUE
2024-07-01 08:11:14,M03,1.296,0.761,78.87,15.05,0.335,-0.021,-0.01,1,1,1049,1,PANNE_PHYSIQUE
2024-07-01 08:11:15,M02,1.222,0.894,79.7,15.11,0.225,-0.04,-0.03,1,1,981,1,PANNE_PHYSIQUE
2024-07-01 08:11:16,M02,1.226,0.92,76.78,15.34,0.374,-0.031,-0.013,1,1,1007,1,PANNE_PHYSIQUE
2024-07-01 08:11:17,M01,1.306,0.974,74.49,14.79,0.228,-0.132,-0.048,1,1,1003,1,PANNE_PHYSIQUE
2024-07-01 08:11:18,M03,1.29,0.871,79.66,14.83,0.233,0.149,0.006,1,1,968,1,PANNE_PHYSIQUE
2024-07-01 08:11:19,M03,1.258,0.963,74.52,16.27,0.282,-0.144,-0.007,1,1,932,1,PANNE_PHYSIQUE
2024-07-01 08:11:20,M01,1.082,0.912,76.97,17.02,0.039,-0.017,0.018,1,1,1016,1,PANNE_PHYSIQUE
2024-07-01 08:11:21,M03,1.14,0.794,77.3,14.12,0.25,0.112,0.006,1,1,1005,1,PANNE_PHYSIQUE
2024-07-01 08:11:22,M02,1.115,0.786,79.12,14.08,0.232,0.0,0.006,1,1,950,1,PANNE_PHYSIQUE
2024-07-01 08:11:23,M03,1.255,0.986,75.9,14.3,0.345,-0.098,-0.055,1,1,1046,1,PANNE_PHYSIQUE
2024-07-01 08:11:24,M02,1.21,0.992,75.76,14.93,0.306,-0.136,0.016,1,1,1023,1,PANNE_PHYSIQUE
2024-07-01 08:11:25,M03,1.084,0.923,77.64,15.67,0.152,-0.02,-0.014,1,1,1062,1,PANNE_PHYSIQUE
2024-07-01 08:11:26,M02,1.181,1.015,79.82,15.45,0.327,-0.075,-0.008,1,1,969,1,PANNE_PHYSIQUE
2024-07-01 08:11:27,M03,1.076,0.981,82.89,15.14,0.216,0.025,0.037,1,1,941,1,PANNE_PHYSIQUE
2024-07-01 08:11:28,M03,1.192,0.951,73.78,15.4,0.169,-0.142,-0.028,1,1,1029,1,PANNE_PHYSIQUE
2024-07-01 08:11:29,M03,1.063,0.826,78.16,14.5,0.25,0.088,0.048,1,1,962,1,PANNE_PHYSIQUE
2024-07-01 08:11:30,M03,1.239,1.034,74.79,14.83,0.22,0.015,0.052,1,1,1024,1,PANNE_PHYSIQUE
2024-07-01 08:11:31,M02,1.227,0.94,79.85,15.0,0.348,0.023,0.026,1,1,1036,1,PANNE_PHYSIQUE
2024-07-01 08:11:32,M01,1.35,0.867,75.15,13.84,0.26,0.153,-0.038,1,1,1008,1,PANNE_PHYSIQUE
2024-07-01 08:11:33,M02,1.265,0.845,75.78,14.15,0.25,-0.042,-0.082,1,1,1021,1,PANNE_PHYSIQUE
2024-07-01 08:11:34,M01,1.162,0.918,75.99,14.18,0.301,-0.072,0.038,1,1,1012,1,PANNE_PHYSIQUE
2024-07-01 08:11:35,M01,1.263,0.766,77.22,15.58,0.316,-0.053,0.002,1,1,1008,1,PANNE_PHYSIQUE
2024-07-01 08:11:36,M03,1.084,0.953,78.18,15.19,0.293,-0.017,-0.029,1,1,1033,1,PANNE_PHYSIQUE
2024-07-01 08:11:37,M02,1.119,0.822,78.56,15.46,0.34,-0.006,0.042,1,1,994,1,PANNE_PHYSIQUE
2024-07-01 08:11:38,M01,1.223,0.927,77.39,13.65,0.28,-0.083,-0.034,1,1,944,1,PANNE_PHYSIQUE
2024-07-01 08:11:39,M03,1.022,0.856,74.21,13.91,0.248,-0.206,-0.017,1,1,1065,1,PANNE_PHYSIQUE
2024-07-01 08:11:40,M03,1.194,0.877,79.15,15.5,0.326,-0.055,0.018,1,1,981,1,PANNE_PHYSIQUE
2024-07-01 08:11:41,M01,1.114,0.838,77.27,12.95,0.229,0.041,-0.043,1,1,1030,1,PANNE_PHYSIQUE
2024-07-01 08:11:42,M02,1.205,0.885,80.19,15.92,0.238,0.018,-0.006,1,1,917,1,PANNE_PHYSIQUE
2024-07-01 08:11:43,M03,1.11,1.046,75.7,13.66,0.362,0.128,0.038,1,1,1014,1,PANNE_PHYSIQUE
2024-07-01 08:11:44,M01,1.231,1.007,73.55,15.63,0.355,0.206,0.006,1,1,884,1,PANNE_PHYSIQUE
2024-07-01 08:11:45,M01,1.198,0.926,77.32,14.35,0.235,0.082,0.044,1,1,1044,1,PANNE_PHYSIQUE
2024-07-01 08:11:46,M02,1.31,0.896,80.51,15.79,0.202,0.147,0.04,1,1,1040,1,PANNE_PHYSIQUE
2024-07-01 08:11:47,M02,1.197,0.964,77.79,17.38,0.343,0.083,-0.002,1,1,1035,1,PANNE_PHYSIQUE
2024-07-01 08:11:48,M01,1.134,0.987,76.92,13.33,0.294,0.181,-0.088,1,1,1008,1,PANNE_PHYSIQUE
2024-07-01 08:11:49,M01,1.177,0.832,75.31,15.52,0.258,0.195,-0.043,1,1,987,1,PANNE_PHYSIQUE
2024-07-01 08:11:50,M01,1.088,0.891,81.62,13.67,0.212,0.102,0.026,1,1,1004,1,PANNE_PHYSIQUE
2024-07-01 08:11:51,M03,1.229,0.754,74.93,15.33,0.26,0.077,-0.059,1,1,1050,1,PANNE_PHYSIQUE
2024-07-01 08:11:52,M03,1.244,0.986,75.66,14.86,0.234,-0.018,-0.014,1,1,1060,1,PANNE_PHYSIQUE
2024-07-01 08:11:53,M03,1.396,1.06,78.77,15.11,0.186,-0.001,0.011,1,1,983,1,PANNE_PHYSIQUE
2024-07-01 08:11:54,M01,1.146,0.904,72.95,14.34,0.245,-0.032,0.052,1,1,961,1,PANNE_PHYSIQUE
2024-07-01 08:11:55,M02,1.175,0.73,80.46,15.59,0.255,0.068,-0.023,1,1,1021,1,PANNE_PHYSIQUE
2024-07-01 08:11:56,M02,1.15,0.946,78.9,13.94,0.208,-0.071,-0.026,1,1,1013,1,PANNE_PHYSIQUE
2024-07-01 08:11:57,M02,1.214,0.826,79.56,15.93,0.302,-0.016,-0.004,1,1,1017,1,PANNE_PHYSIQUE
2024-07-01 08:11:58,M03,1.227,0.845,78.74,14.71,0.33,-0.241,0.011,1,1,956,1,PANNE_PHYSIQUE
2024-07-01 08:11:59,M02,1.192,0.947,77.01,13.97,0.307,0.182,-0.007,1,1,1055,1,PANNE_PHYSIQUE
2024-07-01 08:12:00,M03,1.284,0.918,74.85,16.19,0.215,-0.019,0.037,1,1,1065,1,PANNE_PHYSIQUE
2024-07-01 08:12:01,M03,1.147,0.859,77.06,14.96,0.291,0.051,-0.031,1,1,944,1,PANNE_PHYSIQUE
2024-07-01 08:12:02,M02,1.276,0.846,75.06,16.42,0.241,0.154,0.003,1,1,1007,1,PANNE_PHYSIQUE
2024-07-01 08:12:03,M01,1.24,0.908,78.57,15.91,0.144,0.035,0.015,1,1,965,1,PANNE_PHYSIQUE
2024-07-01 08:12:04,M03,1.196,0.865,79.34,14.42,0.285,0.153,-0.017,1,1,997,1,PANNE_PHYSIQUE
2024-07-01 08:12:05,M02,1.171,0.81,80.94,14.95,0.246,-0.125,0.029,1,1,1024,1,PANNE_PHYSIQUE
2024-07-01 08:12:06,M02,1.392,0.871,78.29,15.1,0.426,0.252,0.004,1,1,1099,1,PANNE_PHYSIQUE
2024-07-01 08:12:07,M03,1.131,0.924,79.62,16.14,0.342,0.116,0.027,1,1,960,1,PANNE_PHYSIQUE
2024-07-01 08:12:08,M03,1.221,0.884,76.69,15.33,0.288,0.025,0.005,1,1,1048,1,PANNE_PHYSIQUE
2024-07-01 08:12:09,M01,1.136,0.786,76.25,15.14,0.254,0.151,0.012,1,1,992,1,PANNE_PHYSIQUE
2024-07-01 08:12:10,M02,1.341,0.976,78.54,14.86,0.247,-0.118,-0.025,1,1,997,1,PANNE_PHYSIQUE
2024-07-01 08:12:11,M02,1.268,0.682,76.47,14.97,0.162,-0.027,-0.025,1,1,1024,1,PANNE_PHYSIQUE
2024-07-01 08:12:12,M01,1.142,0.862,78.05,15.98,0.107,0.153,0.043,1,1,1018,1,PANNE_PHYSIQUE
2024-07-01 08:12:13,M02,1.238,0.849,74.85,15.01,0.171,-0.19,0.022,1,1,1048,1,PANNE_PHYSIQUE
2024-07-01 08:12:14,M03,1.217,0.909,75.28,14.72,0.232,0.061,-0.04,1,1,1161,1,PANNE_PHYSIQUE
2024-07-01 08:12:15,M01,1.155,0.942,78.92,14.59,0.081,0.059,0.005,1,1,1003,1,PANNE_PHYSIQUE
2024-07-01 08:12:16,M02,1.258,0.986,79.53,14.6,0.195,0.207,-0.089,1,1,948,1,PANNE_PHYSIQUE
2024-07-01 08:12:17,M03,1.228,0.841,75.03,13.97,0.217,-0.161,-0.023,1,1,991,1,PANNE_PHYSIQUE
2024-07-01 08:12:18,M02,1.214,0.944,79.01,14.45,0.219,0.17,0.034,1,1,978,1,PANNE_PHYSIQUE
2024-07-01 08:12:19,M03,1.193,0.913,76.12,16.12,0.187,-0.055,-0.006,1,1,1071,1,PANNE_PHYSIQUE
2024-07-01 08:12:20,M01,1.231,0.763,77.44,14.86,0.21,-0.043,0.003,1,1,1049,1,PANNE_PHYSIQUE
2024-07-01 08:12:21,M01,1.215,1.047,80.8,15.53,0.362,-0.123,-0.113,1,1,951,1,PANNE_PHYSIQUE
2024-07-01 08:12:22,M02,1.201,0.784,79.34,13.18,0.284,-0.109,-0.016,1,1,1053,1,PANNE_PHYSIQUE
2024-07-01 08:12:23,M03,1.145,0.931,79.31,15.43,0.194,0.045,0.011,1,1,930,1,PANNE_PHYSIQUE
2024-07-01 08:12:24,M03,1.333,0.928,81.98,14.89,0.23,-0.112,0.015,1,1,1028,1,PANNE_PHYSIQUE
2024-07-01 08:12:25,M02,1.112,0.919,75.71,14.65,0.233,0.08,0.034,1,1,902,1,PANNE_PHYSIQUE
2024-07-01 08:12:26,M03,1.231,0.859,75.03,15.14,0.179,-0.065,-0.01,1,1,967,1,PANNE_PHYSIQUE
2024-07-01 08:12:27,M03,1.171,0.963,75.67,14.64,0.179,-0.122,-0.008,1,1,1029,1,PANNE_PHYSIQUE
2024-07-01 08:12:28,M03,1.338,0.775,76.79,13.44,0.31,-0.051,-0.051,1,1,979,1,PANNE_PHYSIQUE
2024-07-01 08:12:29,M01,1.124,0.892,71.75,15.69,0.204,0.038,-0.009,1,1,1029,1,PANNE_PHYSIQUE
2024-07-01 08:12:30,M01,1.137,0.853,76.9,15.19,0.155,-0.025,-0.048,1,1,981,1,PANNE_PHYSIQUE
2024-07-01 08:12:31,M02,1.118,0.844,76.09,14.78,0.232,0.007,-0.07,1,1,955,1,PANNE_PHYSIQUE
2024-07-01 08:12:32,M03,1.223,0.931,79.28,14.3,0.244,0.076,-0.042,1,1,945,1,PANNE_PHYSIQUE
2024-07-01 08:12:33,M03,1.086,0.983,78.25,13.92,0.09,0.116,0.054,1,1,1010,1,PANNE_PHYSIQUE
2024-07-01 08:12:34,M02,1.158,0.871,75.96,15.18,0.232,-0.029,-0.012,1,1,1036,1,PANNE_PHYSIQUE
2024-07-01 08:12:35,M03,1.023,0.959,78.82,16.2,0.299,-0.105,0.006,1,1,968,1,PANNE_PHYSIQUE
2024-07-01 08:12:36,M01,1.216,0.902,79.14,15.16,0.268,0.011,-0.021,1,1,1054,1,PANNE_PHYSIQUE
2024-07-01 08:12:37,M03,1.156,0.827,75.56,13.99,0.399,0.052,-0.068,1,1,1050,1,PANNE_PHYSIQUE
2024-07-01 08:12:38,M01,1.076,0.877,76.22,15.18,0.327,-0.148,0.033,1,1,1052,1,PANNE_PHYSIQUE
2024-07-01 08:12:39,M02,1.284,0.874,72.06,14.97,0.342,-0.089,-0.082,1,1,972,1,PANNE_PHYSIQUE
2024-07-01 08:12:40,M03,1.091,0.843,74.78,15.65,0.441,-0.071,-0.022,1,1,967,1,PANNE_PHYSIQUE
2024-07-01 08:12:41,M01,1.261,0.931,75.62,15.46,0.291,-0.018,-0.004,1,1,948,1,PANNE_PHYSIQUE
2024-07-01 08:12:42,M02,1.14,0.916,77.58,12.8,0.247,-0.075,0.007,1,1,961,1,PANNE_PHYSIQUE
2024-07-01 08:12:43,M01,1.326,0.772,75.13,15.41,0.307,0.077,-0.029,1,1,1025,1,PANNE_PHYSIQUE
2024-07-01 08:12:44,M01,1.257,0.767,76.17,14.27,0.194,-0.163,-0.07,1,1,958,1,PANNE_PHYSIQUE
2024-07-01 08:12:45,M02,1.115,0.931,74.46,13.96,0.243,-0.16,-0.031,1,1,1018,1,PANNE_PHYSIQUE
2024-07-01 08:12:46,M01,1.122,0.833,77.81,14.87,0.188,-0.031,-0.029,1,1,1060,1,PANNE_PHYSIQUE
2024-07-01 08:12:47,M02,1.245,0.921,78.42,15.31,0.265,-0.015,-0.03,1,1,1042,1,PANNE_PHYSIQUE
2024-07-01 08:12:48,M01,1.175,0.959,78.37,13.8,0.187,-0.147,0.034,1,1,1019,1,PANNE_PHYSIQUE
2024-07-01 08:12:49,M03,1.183,0.797,77.43,15.53,0.185,-0.059,-0.047,1,1,948,1,PANNE_PHYSIQUE
2024-07-01 08:12:50,M02,1.299,0.786,73.7,15.57,0.266,-0.038,0.009,1,1,995,1,PANNE_PHYSIQUE
2024-07-01 08:12:51,M01,1.136,1.03,75.91,15.04,0.225,-0.037,0.004,1,1,990,1,PANNE_PHYSIQUE
2024-07-01 08:12:52,M02,1.204,0.925,76.42,14.37,0.094,0.019,0.034,1,1,1017,1,PANNE_PHYSIQUE
2024-07-01 08:12:53,M01,1.274,0.865,76.43,14.29,0.128,-0.065,-0.007,1,1,1015,1,PANNE_PHYSIQUE
2024-07-01 08:12:54,M01,1.262,0.824,77.58,15.77,0.151,0.157,0.027,1,1,992,1,PANNE_PHYSIQUE
2024-07-01 08:12:55,M03,1.184,0.857,80.82,13.89,0.17,0.054,-0.008,1,1,1043,1,PANNE_PHYSIQUE
2024-07-01 08:12:56,M03,1.173,0.804,79.35,15.8,0.266,-0.08,0.014,1,1,1013,1,PANNE_PHYSIQUE
2024-07-01 08:12:57,M02,1.056,0.967,75.03,14.89,0.251,0.013,-0.057,1,1,992,1,PANNE_PHYSIQUE
2024-07-01 08:12:58,M03,1.111,0.836,79.03,14.94,0.314,0.016,-0.099,1,1,930,1,PANNE_PHYSIQUE
2024-07-01 08:12:59,M02,1.222,0.984,78.94,13.75,0.291,0.129,0.012,1,1,1020,1,PANNE_PHYSIQUE
2024-07-01 08:13:00,M03,1.185,0.866,75.47,14.9,0.314,-0.059,0.014,1,1,992,1,PANNE_PHYSIQUE
2024-07-01 08:13:01,M03,1.203,0.815,79.44,15.46,0.28,0.083,0.016,1,1,1063,1,PANNE_PHYSIQUE
2024-07-01 08:13:02,M03,1.28,0.864,77.02,14.02,0.251,0.008,-0.021,1,1,953,1,PANNE_PHYSIQUE
2024-07-01 08:13:03,M02,1.101,0.691,74.02,15.38,0.316,0.158,0.053,1,1,1087,1,PANNE_PHYSIQUE
2024-07-01 08:13:04,M02,1.177,0.888,78.49,15.08,0.303,0.137,-0.019,1,1,1043,1,PANNE_PHYSIQUE
2024-07-01 08:13:05,M01,1.212,0.884,77.92,14.53,0.263,0.024,0.014,1,1,954,1,PANNE_PHYSIQUE
2024-07-01 08:13:06,M03,1.14,0.963,76.85,15.64,0.329,-0.024,0.02,1,1,945,1,PANNE_PHYSIQUE
2024-07-01 08:13:07,M01,1.312,0.749,77.31,13.38,0.063,0.056,0.062,1,1,972,1,PANNE_PHYSIQUE
2024-07-01 08:13:08,M02,1.27,0.989,75.67,15.27,0.214,-0.015,-0.013,1,1,971,1,PANNE_PHYSIQUE
2024-07-01 08:13:09,M03,1.22,0.962,78.86,16.21,0.213,0.177,-0.026,1,1,995,1,PANNE_PHYSIQUE
2024-07-01 08:13:10,M02,1.341,0.996,77.3,16.08,0.32,0.012,-0.057,1,1,1019,1,PANNE_PHYSIQUE
2024-07-01 08:13:11,M01,1.076,0.893,77.8,15.3,0.351,-0.039,0.055,1,1,972,1,PANNE_PHYSIQUE
2024-07-01 08:13:12,M03,1.196,0.977,78.26,14.79,0.129,-0.044,0.014,1,1,993,1,PANNE_PHYSIQUE
2024-07-01 08:13:13,M02,1.226,0.782,74.63,14.54,0.339,-0.122,0.015,1,1,1073,1,PANNE_PHYSIQUE
2024-07-01 08:13:14,M02,1.123,0.954,75.25,14.79,0.149,0.061,0.113,1,1,1009,1,PANNE_PHYSIQUE
2024-07-01 08:13:15,M01,1.221,0.837,72.1,15.41,0.151,-0.082,0.01,1,1,1016,1,PANNE_PHYSIQUE
2024-07-01 08:13:16,M01,1.107,0.767,78.76,14.41,0.218,0.117,-0.05,1,1,1021,1,PANNE_PHYSIQUE
2024-07-01 08:13:17,M02,1.252,0.809,74.49,15.57,0.212,-0.131,-0.009,1,1,951,1,PANNE_PHYSIQUE
2024-07-01 08:13:18,M02,1.282,0.898,77.72,16.59,0.121,0.017,-0.038,1,1,1070,1,PANNE_PHYSIQUE
2024-07-01 08:13:19,M02,1.218,0.833,78.29,14.96,0.283,0.123,-0.016,1,1,1026,1,PANNE_PHYSIQUE
2024-07-01 08:13:20,M02,1.047,0.927,78.85,14.02,0.285,-0.22,-0.017,1,1,1008,1,PANNE_PHYSIQUE
2024-07-01 08:13:21,M01,1.118,0.755,74.51,14.01,0.313,0.212,-0.023,1,1,1068,1,PANNE_PHYSIQUE
2024-07-01 08:13:22,M02,1.242,0.73,77.24,15.58,0.203,-0.041,-0.053,1,1,1022,1,PANNE_PHYSIQUE
2024-07-01 08:13:23,M02,1.198,1.006,81.41,14.97,0.232,0.018,0.057,1,1,1044,1,PANNE_PHYSIQUE
2024-07-01 08:13:24,M01,0.979,0.969,81.51,15.66,0.233,0.063,0.009,1,1,974,1,PANNE_PHYSIQUE
2024-07-01 08:13:25,M03,1.297,0.815,79.77,14.62,0.359,0.079,-0.01,1,1,948,1,PANNE_PHYSIQUE
2024-07-01 08:13:26,M03,1.208,0.897,78.21,15.62,0.027,0.032,0.026,1,1,958,1,PANNE_PHYSIQUE
2024-07-01 08:13:27,M02,1.13,0.978,74.99,14.89,0.165,0.107,0.016,1,1,1014,1,PANNE_PHYSIQUE
2024-07-01 08:13:28,M02,1.277,0.931,79.12,14.47,0.236,0.057,0.008,1,1,931,1,PANNE_PHYSIQUE
2024-07-01 08:13:29,M02,1.142,0.909,77.02,14.71,0.156,0.186,0.023,1,1,967,1,PANNE_PHYSIQUE
2024-07-01 08:13:30,M03,1.141,0.984,78.75,14.12,0.216,0.058,0.003,1,1,1051,1,PANNE_PHYSIQUE
2024-07-01 08:13:31,M01,1.225,0.84,75.88,16.48,0.226,0.207,0.023,1,1,955,1,PANNE_PHYSIQUE
2024-07-01 08:13:32,M01,1.34,0.9,76.98,14.94,0.187,0.097,0.026,1,1,1003,1,PANNE_PHYSIQUE
2024-07-01 08:13:33,M03,1.328,0.896,77.79,15.49,0.24,-0.184,0.004,1,1,1050,1,PANNE_PHYSIQUE
2024-07-01 08:13:34,M03,1.226,0.876,77.99,14.61,0.281,0.274,-0.01,1,1,1000,1,PANNE_PHYSIQUE
2024-07-01 08:13:35,M02,1.234,0.867,78.58,14.23,0.218,-0.056,0.055,1,1,1023,1,PANNE_PHYSIQUE
2024-07-01 08:13:36,M02,1.26,0.903,76.01,14.84,0.202,0.158,-0.019,1,1,959,1,PANNE_PHYSIQUE
2024-07-01 08:13:37,M01,1.095,0.9,74.18,15.82,0.223,0.006,0.013,1,1,1016,1,PANNE_PHYSIQUE
2024-07-01 08:13:38,M03,1.248,0.815,81.3,14.62,0.235,0.113,0.013,1,1,956,1,PANNE_PHYSIQUE
2024-07-01 08:13:39,M01,1.137,0.961,83.37,14.37,0.107,-0.068,-0.024,1,1,1033,1,PANNE_PHYSIQUE
2024-07-01 08:13:40,M02,1.222,0.821,78.47,15.13,0.269,0.068,-0.032,1,1,1021,1,PANNE_PHYSIQUE
2024-07-01 08:13:41,M01,1.178,0.88,74.22,15.38,0.202,-0.023,-0.015,1,1,975,1,PANNE_PHYSIQUE
2024-07-01 08:13:42,M03,1.237,0.874,75.54,16.23,0.328,0.167,-0.02,1,1,963,1,PANNE_PHYSIQUE
2024-07-01 08:13:43,M01,1.206,0.926,78.62,15.27,0.279,0.049,-0.056,1,1,1036,1,PANNE_PHYSIQUE
2024-07-01 08:13:44,M02,0.949,0.731,80.62,15.49,0.321,0.1,-0.026,1,1,983,1,PANNE_PHYSIQUE
2024-07-01 08:13:45,M02,1.211,0.968,74.49,15.54,0.161,-0.221,0.008,1,1,945,1,PANNE_PHYSIQUE
2024-07-01 08:13:46,M01,1.248,0.844,77.1,14.16,0.208,-0.005,0.045,1,1,973,1,PANNE_PHYSIQUE
2024-07-01 08:13:47,M01,1.232,0.994,77.87,14.3,0.144,0.046,0.019,1,1,1018,1,PANNE_PHYSIQUE
2024-07-01 08:13:48,M01,1.188,0.86,79.47,14.21,0.183,0.027,-0.098,1,1,996,1,PANNE_PHYSIQUE
2024-07-01 08:13:49,M02,1.329,0.894,76.58,14.02,0.327,0.103,0.022,1,1,1003,1,PANNE_PHYSIQUE
2024-07-01 08:13:50,M02,1.222,1.048,73.65,15.6,0.345,-0.035,-0.022,1,1,993,1,PANNE_PHYSIQUE
2024-07-01 08:13:51,M01,1.232,0.876,78.89,15.22,0.151,0.008,0.015,1,1,982,1,PANNE_PHYSIQUE
2024-07-01 08:13:52,M02,1.281,0.995,80.1,15.07,0.202,0.126,-0.002,1,1,1009,1,PANNE_PHYSIQUE
2024-07-01 08:13:53,M01,1.226,0.901,77.2,13.09,0.23,-0.233,-0.009,1,1,1007,1,PANNE_PHYSIQUE
2024-07-01 08:13:54,M01,1.124,0.93,78.37,16.53,0.278,0.064,-0.006,1,1,952,1,PANNE_PHYSIQUE
2024-07-01 08:13:55,M01,1.0,0.903,76.26,14.35,0.106,-0.031,-0.003,1,1,1015,1,PANNE_PHYSIQUE
2024-07-01 08:13:56,M01,1.158,0.964,75.37,16.53,0.117,-0.091,0.048,1,1,1058,1,PANNE_PHYSIQUE
2024-07-01 08:13:57,M03,1.258,0.844,79.86,13.94,0.271,0.038,-0.003,1,1,983,1,PANNE_PHYSIQUE
2024-07-01 08:13:58,M01,1.168,0.82,78.33,14.41,0.092,0.131,0.038,1,1,1008,1,PANNE_PHYSIQUE
2024-07-01 08:13:59,M01,1.261,0.847,78.58,13.38,0.202,0.111,0.033,1,1,962,1,PANNE_PHYSIQUE
2024-07-01 08:14:00,M01,1.209,0.905,81.01,15.28,0.247,-0.011,0.023,1,1,954,1,PANNE_PHYSIQUE
2024-07-01 08:14:01,M02,1.3,0.88,74.87,14.2,0.266,0.094,-0.068,1,1,1007,1,PANNE_PHYSIQUE
2024-07-01 08:14:02,M01,1.173,0.954,76.08,14.22,0.225,0.093,0.039,1,1,973,1,PANNE_PHYSIQUE
2024-07-01 08:14:03,M02,1.234,1.0,77.78,13.99,0.208,-0.006,-0.019,1,1,978,1,PANNE_PHYSIQUE
2024-07-01 08:14:04,M01,1.237,0.821,76.05,15.59,0.297,-0.068,0.025,1,1,1052,1,PANNE_PHYSIQUE
2024-07-01 08:14:05,M01,1.318,0.84,79.28,15.54,0.256,-0.062,-0.038,1,1,1006,1,PANNE_PHYSIQUE
2024-07-01 08:14:06,M03,1.059,0.784,76.95,16.35,0.188,0.09,-0.046,1,1,1022,1,PANNE_PHYSIQUE
2024-07-01 08:14:07,M01,1.16,1.058,75.02,14.5,0.238,-0.001,0.071,1,1,1007,1,PANNE_PHYSIQUE
2024-07-01 08:14:08,M03,1.265,0.922,77.56,15.17,0.263,-0.105,-0.037,1,1,1010,1,PANNE_PHYSIQUE
2024-07-01 08:14:09,M02,1.321,0.935,77.81,14.06,0.362,-0.171,0.04,1,1,1010,1,PANNE_PHYSIQUE
2024-07-01 08:14:10,M03,1.216,0.792,79.64,14.76,0.293,0.09,0.003,1,1,998,1,PANNE_PHYSIQUE
2024-07-01 08:14:11,M01,1.173,0.898,78.34,14.63,0.325,-0.053,-0.017,1,1,1001,1,PANNE_PHYSIQUE
2024-07-01 08:14:12,M02,1.258,0.938,78.51,15.35,0.19,0.038,-0.003,1,1,1010,1,PANNE_PHYSIQUE
2024-07-01 08:14:13,M03,1.267,0.878,78.17,15.76,0.197,0.132,-0.05,1,1,952,1,PANNE_PHYSIQUE
2024-07-01 08:14:14,M02,1.167,0.982,76.95,15.74,0.218,-0.132,-0.002,1,1,986,1,PANNE_PHYSIQUE
2024-07-01 08:14:15,M03,1.223,1.08,75.68,14.39,0.225,-0.001,-0.042,1,1,1019,1,PANNE_PHYSIQUE
2024-07-01 08:14:16,M02,1.292,0.823,78.09,15.75,0.161,-0.014,-0.016,1,1,1018,1,PANNE_PHYSIQUE
2024-07-01 08:14:17,M02,1.349,0.817,76.6,14.98,0.328,0.043,0.032,1,1,1024,1,PANNE_PHYSIQUE
2024-07-01 08:14:18,M01,1.256,0.828,81.46,14.77,0.3,0.132,0.008,1,1,1045,1,PANNE_PHYSIQUE
2024-07-01 08:14:19,M01,1.2,1.024,80.62,14.49,0.213,-0.134,-0.056,1,1,960,1,PANNE_PHYSIQUE
2024-07-01 08:14:20,M01,1.192,0.98,78.92,14.6,0.282,0.062,0.03,1,1,987,1,PANNE_PHYSIQUE
2024-07-01 08:14:21,M03,1.241,0.887,78.31,16.3,0.252,0.11,-0.002,1,1,1016,1,PANNE_PHYSIQUE
2024-07-01 08:14:22,M01,1.187,0.9,77.19,15.24,0.288,-0.016,-0.022,1,1,1016,1,PANNE_PHYSIQUE
2024-07-01 08:14:23,M02,1.212,0.833,74.37,15.14,0.136,-0.011,0.026,1,1,985,1,PANNE_PHYSIQUE
2024-07-01 08:14:24,M03,1.111,0.968,76.88,14.82,0.225,0.047,-0.008,1,1,992,1,PANNE_PHYSIQUE
2024-07-01 08:14:25,M03,1.301,0.868,77.64,16.82,0.231,0.039,-0.045,1,1,1033,1,PANNE_PHYSIQUE
2024-07-01 08:14:26,M01,1.104,0.877,77.95,15.98,0.281,0.064,0.066,1,1,959,1,PANNE_PHYSIQUE
2024-07-01 08:14:27,M02,1.162,0.946,78.53,14.48,0.189,0.062,-0.002,1,1,973,1,PANNE_PHYSIQUE
2024-07-01 08:14:28,M01,1.204,0.883,79.61,14.81,0.052,-0.098,-0.005,1,1,1018,1,PANNE_PHYSIQUE
2024-07-01 08:14:29,M01,1.357,0.879,75.74,14.85,0.156,0.106,-0.017,1,1,1062,1,PANNE_PHYSIQUE
2024-07-01 08:14:30,M03,1.162,0.898,75.76,15.12,0.231,0.124,0.042,1,1,983,1,PANNE_PHYSIQUE
2024-07-01 08:14:31,M01,1.143,0.96,80.88,14.49,0.24,0.023,-0.021,1,1,1024,1,PANNE_PHYSIQUE
2024-07-01 08:14:32,M01,1.152,1.027,79.25,15.33,0.359,-0.151,-0.059,1,1,965,1,PANNE_PHYSIQUE
2024-07-01 08:14:33,M02,1.33,0.944,76.46,16.08,0.278,-0.008,-0.027,1,1,989,1,PANNE_PHYSIQUE
2024-07-01 08:14:34,M01,0.97,0.961,77.14,14.04,0.241,0.024,0.047,1,1,979,1,PANNE_PHYSIQUE
2024-07-01 08:14:35,M03,1.116,0.882,77.15,14.18,0.233,-0.115,0.029,1,1,1044,1,PANNE_PHYSIQUE
2024-07-01 08:14:36,M01,1.417,0.842,77.48,14.65,0.316,-0.034,-0.011,1,1,976,1,PANNE_PHYSIQUE
2024-07-01 08:14:37,M02,1.244,0.949,78.53,14.69,0.192,-0.143,0.049,1,1,1012,1,PANNE_PHYSIQUE
2024-07-01 08:14:38,M01,1.107,0.911,83.48,16.49,0.225,0.066,0.026,1,1,944,1,PANNE_PHYSIQUE
2024-07-01 08:14:39,M01,1.193,0.785,77.86,15.75,0.155,0.021,-0.012,1,1,943,1,PANNE_PHYSIQUE
2024-07-01 08:14:40,M03,1.202,0.872,78.99,15.71,0.34,-0.167,-0.008,1,1,1025,1,PANNE_PHYSIQUE
2024-07-01 08:14:41,M01,1.265,0.891,73.35,14.81,0.264,0.04,0.01,1,1,1000,1,PANNE_PHYSIQUE
2024-07-01 08:14:42,M02,1.345,0.857,76.24,14.8,0.183,-0.002,-0.032,1,1,948,1,PANNE_PHYSIQUE
2024-07-01 08:14:43,M02,1.228,1.014,80.35,13.94,0.227,0.057,-0.002,1,1,1037,1,PANNE_PHYSIQUE
2024-07-01 08:14:44,M02,1.153,0.935,78.37,15.59,0.273,-0.037,0.01,1,1,967,1,PANNE_PHYSIQUE
2024-07-01 08:14:45,M01,1.26,1.006,66.87,15.37,0.217,-0.08,-0.064,1,1,1018,1,PANNE_PHYSIQUE
2024-07-01 08:14:46,M01,1.14,0.918,79.02,15.96,0.196,-0.076,-0.009,1,1,1019,1,PANNE_PHYSIQUE
2024-07-01 08:14:47,M02,1.113,0.904,82.0,14.85,0.187,-0.052,-0.013,1,1,1080,1,PANNE_PHYSIQUE
2024-07-01 08:14:48,M02,1.054,0.824,72.61,14.91,0.26,0.005,0.036,1,1,1021,1,PANNE_PHYSIQUE
2024-07-01 08:14:49,M02,1.07,0.899,81.05,15.14,0.209,0.019,-0.07,1,1,994,1,PANNE_PHYSIQUE
2024-07-01 08:14:50,M02,1.124,0.899,70.75,15.67,0.202,-0.016,-0.016,1,1,925,1,PANNE_PHYSIQUE
2024-07-01 08:14:51,M01,1.101,0.79,79.65,13.92,0.137,-0.04,-0.02,1,1,977,1,PANNE_PHYSIQUE
2024-07-01 08:14:52,M03,1.222,0.855,77.38,15.55,0.241,-0.033,0.034,1,1,1021,1,PANNE_PHYSIQUE
2024-07-01 08:14:53,M02,1.1,0.872,71.76,14.99,0.222,0.263,-0.003,1,1,1009,1,PANNE_PHYSIQUE
2024-07-01 08:14:54,M02,0.943,0.93,78.47,14.23,0.212,-0.076,0.064,1,1,969,1,PANNE_PHYSIQUE
2024-07-01 08:14:55,M03,1.112,0.934,80.16,13.47,0.25,-0.054,0.023,1,1,952,1,PANNE_PHYSIQUE
2024-07-01 08:14:56,M03,1.158,0.852,78.27,14.91,0.29,0.345,-0.017,1,1,1089,1,PANNE_PHYSIQUE
2024-07-01 08:14:57,M03,1.148,0.935,78.8,16.08,0.287,0.047,0.007,1,1,1065,1,PANNE_PHYSIQUE
2024-07-01 08:14:58,M01,1.319,0.883,76.41,16.25,0.276,-0.14,-0.015,1,1,1051,1,PANNE_PHYSIQUE
2024-07-01 08:14:59,M01,1.147,0.671,72.93,15.27,0.218,0.091,0.03,1,1,1046,1,PANNE_PHYSIQUE
2024-07-01 08:15:00,M01,1.268,0.859,79.06,16.46,0.194,-0.091,-0.051,1,1,996,1,PANNE_PHYSIQUE
2024-07-01 08:15:01,M01,1.195,0.983,81.6,14.98,0.159,0.098,-0.032,1,1,1060,1,PANNE_PHYSIQUE
2024-07-01 08:15:02,M01,1.193,0.765,80.11,15.72,0.192,-0.018,0.015,1,1,1045,1,PANNE_PHYSIQUE
2024-07-01 08:15:03,M02,1.129,0.906,72.63,14.68,0.237,-0.042,0.043,1,1,950,1,PANNE_PHYSIQUE
2024-07-01 08:15:04,M02,1.192,1.023,73.76,14.63,0.178,0.17,-0.083,1,1,976,1,PANNE_PHYSIQUE
2024-07-01 08:15:05,M03,1.135,0.838,75.37,14.51,0.242,0.062,0.049,1,1,1037,1,PANNE_PHYSIQUE
2024-07-01 08:15:06,M03,1.21,0.898,73.58,13.49,0.164,0.104,-0.007,1,1,935,1,PANNE_PHYSIQUE
2024-07-01 08:15:07,M02,1.177,0.795,77.51,15.96,0.113,0.048,-0.071,1,1,966,1,PANNE_PHYSIQUE
2024-07-01 08:15:08,M02,1.12,1.026,78.34,14.54,0.296,-0.043,-0.113,1,1,942,1,PANNE_PHYSIQUE
2024-07-01 08:15:09,M01,1.277,0.891,73.97,14.42,0.2,0.067,-0.058,1,1,986,1,PANNE_PHYSIQUE
2024-07-01 08:15:10,M03,1.231,0.901,79.27,14.14,0.174,0.129,-0.003,1,1,1033,1,PANNE_PHYSIQUE
2024-07-01 08:15:11,M03,1.16,1.004,78.84,14.86,0.155,0.017,-0.004,1,1,969,1,PANNE_PHYSIQUE
2024-07-01 08:15:12,M03,1.208,0.95,76.08,16.31,0.266,0.19,0.022,1,1,904,1,PANNE_PHYSIQUE
2024-07-01 08:15:13,M02,1.19,0.829,76.99,16.56,0.336,0.092,-0.022,1,1,1071,1,PANNE_PHYSIQUE
2024-07-01 08:15:14,M01,1.126,0.847,72.72,13.78,0.206,0.025,-0.043,1,1,1083,1,PANNE_PHYSIQUE
2024-07-01 08:15:15,M02,1.202,0.937,76.6,14.75,0.219,0.029,-0.017,1,1,967,1,PANNE_PHYSIQUE
2024-07-01 08:15:16,M02,1.146,0.848,77.42,14.24,0.314,0.018,-0.001,1,1,988,1,PANNE_PHYSIQUE
2024-07-01 08:15:17,M03,1.12,0.731,77.8,15.74,0.102,-0.126,0.007,1,1,979,1,PANNE_PHYSIQUE
2024-07-01 08:15:18,M02,1.066,0.893,78.31,15.22,0.38,-0.006,-0.031,1,1,1009,1,PANNE_PHYSIQUE
2024-07-01 08:15:19,M02,1.168,0.781,77.99,14.54,0.415,0.026,0.031,1,1,977,1,PANNE_PHYSIQUE
2024-07-01 08:15:20,M02,1.242,1.025,76.77,15.06,0.036,-0.04,-0.025,1,1,978,1,PANNE_PHYSIQUE
2024-07-01 08:15:21,M02,1.14,0.912,78.09,14.66,0.228,0.038,-0.034,1,1,960,1,PANNE_PHYSIQUE
2024-07-01 08:15:22,M02,1.4,0.826,79.8,16.2,0.182,0.006,-0.022,1,1,1018,1,PANNE_PHYSIQUE
2024-07-01 08:15:23,M03,1.268,0.843,77.17,15.41,0.216,0.084,0.038,1,1,1005,1,PANNE_PHYSIQUE
2024-07-01 08:15:24,M01,1.302,0.749,78.16,15.51,0.205,0.072,-0.007,1,1,1055,1,PANNE_PHYSIQUE
2024-07-01 08:15:25,M01,1.261,0.811,76.95,13.04,0.295,0.021,-0.027,1,1,1036,1,PANNE_PHYSIQUE
2024-07-01 08:15:26,M01,1.346,0.978,75.85,14.96,0.227,-0.138,0.032,1,1,928,1,PANNE_PHYSIQUE
2024-07-01 08:15:27,M01,1.133,1.073,78.65,16.55,0.168,0.189,0.077,1,1,1001,1,PANNE_PHYSIQUE
2024-07-01 08:15:28,M02,0.99,0.955,76.07,15.99,0.223,-0.011,0.006,1,1,1076,1,PANNE_PHYSIQUE
2024-07-01 08:15:29,M02,1.16,0.89,78.33,13.64,0.273,-0.005,0.044,1,1,996,1,PANNE_PHYSIQUE
2024-07-01 08:15:30,M02,1.242,0.864,77.47,14.78,0.148,-0.032,0.036,1,1,1058,1,PANNE_PHYSIQUE
2024-07-01 08:15:31,M02,1.209,0.822,76.67,14.12,0.114,-0.047,-0.024,1,1,991,1,PANNE_PHYSIQUE
2024-07-01 08:15:32,M02,1.219,1.06,76.61,16.28,0.382,0.163,-0.001,1,1,1013,1,PANNE_PHYSIQUE
2024-07-01 08:15:33,M02,1.303,0.883,76.18,15.19,0.188,0.147,-0.049,1,1,1062,1,PANNE_PHYSIQUE
2024-07-01 08:15:34,M01,1.227,1.064,73.45,14.44,0.225,0.049,-0.009,1,1,1017,1,PANNE_PHYSIQUE
2024-07-01 08:15:35,M01,1.261,1.007,78.32,15.04,0.206,-0.008,-0.025,1,1,985,1,PANNE_PHYSIQUE
2024-07-01 08:15:36,M01,1.121,0.76,77.96,13.08,0.276,0.068,-0.017,1,1,970,1,PANNE_PHYSIQUE
2024-07-01 08:15:37,M03,1.108,0.845,79.44,14.21,0.366,0.011,-0.029,1,1,953,1,PANNE_PHYSIQUE
2024-07-01 08:15:38,M02,1.327,0.845,76.12,15.04,0.278,-0.016,-0.012,1,1,1019,1,PANNE_PHYSIQUE
2024-07-01 08:15:39,M03,1.205,0.891,81.95,15.64,0.124,0.038,0.018,1,1,973,1,PANNE_PHYSIQUE
2024-07-01 08:15:40,M02,1.146,0.893,76.49,13.57,0.134,-0.042,-0.006,1,1,1019,1,PANNE_PHYSIQUE
2024-07-01 08:15:41,M02,1.146,1.134,75.3,14.73,0.206,0.03,-0.071,1,1,1030,1,PANNE_PHYSIQUE
2024-07-01 08:15:42,M03,1.144,0.813,75.02,15.76,0.216,0.025,-0.029,1,1,980,1,PANNE_PHYSIQUE
2024-07-01 08:15:43,M03,1.139,0.916,73.24,13.94,0.109,0.066,-0.058,1,1,984,1,PANNE_PHYSIQUE
2024-07-01 08:15:44,M01,1.093,0.946,81.08,15.18,0.296,-0.061,0.007,1,1,1025,1,PANNE_PHYSIQUE
2024-07-01 08:15:45,M01,1.075,0.897,80.69,15.06,0.155,0.077,0.017,1,1,1029,1,PANNE_PHYSIQUE
2024-07-01 08:15:46,M01,1.181,0.906,78.84,16.28,0.345,-0.09,0.008,1,1,1004,1,PANNE_PHYSIQUE
2024-07-01 08:15:47,M03,1.149,0.815,75.25,14.84,0.369,-0.056,-0.031,1,1,1040,1,PANNE_PHYSIQUE
2024-07-01 08:15:48,M01,1.286,0.906,81.75,14.88,0.217,-0.051,0.007,1,1,996,1,PANNE_PHYSIQUE
2024-07-01 08:15:49,M03,1.22,0.938,76.56,15.64,0.268,-0.108,-0.019,1,1,1027,1,PANNE_PHYSIQUE
2024-07-01 08:15:50,M02,1.218,0.923,76.75,14.03,0.145,0.109,-0.044,1,1,969,1,PANNE_PHYSIQUE
2024-07-01 08:15:51,M03,1.137,0.943,80.85,14.85,0.281,-0.097,0.026,1,1,1026,1,PANNE_PHYSIQUE
2024-07-01 08:15:52,M03,1.187,1.009,78.98,14.67,0.199,-0.069,0.028,1,1,987,1,PANNE_PHYSIQUE
2024-07-01 08:15:53,M01,1.226,0.971,82.68,14.91,0.155,0.133,0.033,1,1,992,1,PANNE_PHYSIQUE
2024-07-01 08:15:54,M01,1.254,0.903,78.0,15.64,0.214,-0.056,-0.024,1,1,1040,1,PANNE_PHYSIQUE
2024-07-01 08:15:55,M03,1.189,0.805,76.45,15.42,0.201,-0.016,0.042,1,1,1011,1,PANNE_PHYSIQUE
2024-07-01 08:15:56,M01,1.284,0.85,75.93,14.46,0.211,-0.101,-0.02,1,1,985,1,PANNE_PHYSIQUE
2024-07-01 08:15:57,M01,1.197,0.88,72.97,15.11,0.305,0.09,0.022,1,1,1047,1,PANNE_PHYSIQUE
2024-07-01 08:15:58,M02,1.26,0.917,76.73,16.11,0.178,0.091,-0.021,1,1,997,1,PANNE_PHYSIQUE
2024-07-01 08:15:59,M01,1.157,0.86,80.15,14.39,0.363,0.08,-0.01,1,1,1001,1,PANNE_PHYSIQUE
2024-07-01 08:16:00,M02,1.05,0.824,78.84,15.12,0.138,0.059,-0.091,1,1,1004,1,PANNE_PHYSIQUE
2024-07-01 08:16:01,M02,1.218,0.804,77.45,14.87,0.354,0.011,-0.013,1,1,1048,1,PANNE_PHYSIQUE
2024-07-01 08:16:02,M01,1.255,0.767,75.01,14.96,0.161,-0.051,0.002,1,1,1003,1,PANNE_PHYSIQUE
2024-07-01 08:16:03,M03,1.243,0.879,77.94,13.8,0.235,-0.081,-0.017,1,1,971,1,PANNE_PHYSIQUE
2024-07-01 08:16:04,M02,1.231,0.782,79.83,16.05,0.199,0.137,0.063,1,1,993,1,PANNE_PHYSIQUE
2024-07-01 08:16:05,M01,1.168,0.819,78.43,14.44,0.21,0.083,-0.045,1,1,1034,1,PANNE_PHYSIQUE
2024-07-01 08:16:06,M01,1.131,0.867,77.8,15.77,0.294,-0.068,-0.023,1,1,1029,1,PANNE_PHYSIQUE
2024-07-01 08:16:07,M01,1.241,0.792,75.49,14.55,0.346,0.008,-0.035,1,1,1039,1,PANNE_PHYSIQUE
2024-07-01 08:16:08,M01,1.231,0.928,79.48,14.55,0.323,-0.028,-0.023,1,1,996,1,PANNE_PHYSIQUE
2024-07-01 08:16:09,M02,1.151,0.956,69.88,15.91,0.206,-0.113,0.036,1,1,1053,1,PANNE_PHYSIQUE
2024-07-01 08:16:10,M03,1.286,0.854,78.32,15.75,0.249,0.022,0.053,1,1,1058,1,PANNE_PHYSIQUE
2024-07-01 08:16:11,M01,1.125,0.863,83.57,15.16,0.178,-0.04,-0.028,1,1,1028,1,PANNE_PHYSIQUE
2024-07-01 08:16:12,M02,1.149,0.94,73.78,15.57,0.162,-0.095,-0.028,1,1,1030,1,PANNE_PHYSIQUE
2024-07-01 08:16:13,M03,1.329,0.841,76.82,14.8,0.151,-0.15,-0.044,1,1,1029,1,PANNE_PHYSIQUE
2024-07-01 08:16:14,M03,1.267,0.836,77.38,15.0,0.203,-0.159,0.046,1,1,946,1,PANNE_PHYSIQUE
2024-07-01 08:16:15,M01,1.168,0.992,76.29,14.52,0.254,-0.035,0.04,1,1,1042,1,PANNE_PHYSIQUE
2024-07-01 08:16:16,M01,1.22,0.967,79.89,15.68,0.095,-0.005,-0.006,1,1,979,1,PANNE_PHYSIQUE
2024-07-01 08:16:17,M01,1.209,0.945,78.53,14.5,0.232,-0.087,-0.053,1,1,1020,1,PANNE_PHYSIQUE
2024-07-01 08:16:18,M02,0.975,0.971,77.77,16.11,0.347,0.071,-0.05,1,1,988,1,PANNE_PHYSIQUE
2024-07-01 08:16:19,M02,1.123,0.742,79.31,14.78,0.318,-0.003,0.004,1,1,1029,1,PANNE_PHYSIQUE
2024-07-01 08:16:20,M01,1.192,1.004,77.44,15.03,0.192,0.063,0.018,1,1,977,1,PANNE_PHYSIQUE
2024-07-01 08:16:21,M03,1.168,0.928,85.03,15.57,0.133,-0.016,-0.078,1,1,1015,1,PANNE_PHYSIQUE
2024-07-01 08:16:22,M01,1.216,0.977,77.76,15.03,0.269,-0.078,-0.014,1,1,978,1,PANNE_PHYSIQUE
2024-07-01 08:16:23,M02,1.288,0.928,77.87,14.79,0.065,0.015,0.058,1,1,946,1,PANNE_PHYSIQUE
2024-07-01 08:16:24,M03,1.171,0.901,73.29,14.99,0.317,-0.127,-0.01,1,1,989,1,PANNE_PHYSIQUE
2024-07-01 08:16:25,M01,1.111,0.876,76.1,15.67,0.22,0.059,0.053,1,1,1024,1,PANNE_PHYSIQUE
2024-07-01 08:16:26,M01,1.223,0.927,80.15,14.52,0.37,-0.094,0.022,1,1,968,1,PANNE_PHYSIQUE
2024-07-01 08:16:27,M02,1.17,0.873,74.19,14.92,0.108,0.099,-0.042,1,1,1000,1,PANNE_PHYSIQUE
2024-07-01 08:16:28,M01,1.184,0.966,72.22,15.02,0.303,-0.032,-0.013,1,1,1022,1,PANNE_PHYSIQUE
2024-07-01 08:16:29,M01,1.173,0.773,77.48,15.65,0.228,0.113,-0.007,1,1,979,1,PANNE_PHYSIQUE
2024-07-01 08:16:30,M03,1.377,0.855,80.69,14.94,0.211,-0.113,-0.037,1,1,1011,1,PANNE_PHYSIQUE
2024-07-01 08:16:31,M03,1.016,1.059,77.5,16.35,0.135,-0.067,-0.038,1,1,1008,1,PANNE_PHYSIQUE
2024-07-01 08:16:32,M03,1.165,0.848,76.59,14.89,0.279,0.043,0.054,1,1,934,1,PANNE_PHYSIQUE
2024-07-01 08:16:33,M02,1.196,0.879,72.94,14.83,0.285,0.125,-0.038,1,1,1081,1,PANNE_PHYSIQUE
2024-07-01 08:16:34,M03,1.133,0.828,78.49,14.88,0.367,0.176,0.038,1,1,948,1,PANNE_PHYSIQUE
2024-07-01 08:16:35,M03,1.269,0.924,78.99,14.04,0.309,0.008,-0.018,1,1,990,1,PANNE_PHYSIQUE
2024-07-01 08:16:36,M01,1.262,0.84,73.12,14.24,0.192,0.194,-0.003,1,1,1003,1,PANNE_PHYSIQUE
2024-07-01 08:16:37,M01,1.193,0.883,80.12,14.62,0.162,-0.027,0.019,1,1,1045,1,PANNE_PHYSIQUE
2024-07-01 08:16:38,M01,1.175,0.964,79.24,15.85,0.135,0.117,-0.024,1,1,1003,1,PANNE_PHYSIQUE
2024-07-01 08:16:39,M02,1.187,0.843,80.12,14.99,0.344,-0.094,0.019,1,1,995,1,PANNE_PHYSIQUE
2024-07-01 08:16:40,M01,1.188,0.96,78.8,14.65,0.178,0.047,-0.077,1,1,985,1,PANNE_PHYSIQUE
2024-07-01 08:16:41,M02,0.836,0.568,76.6,14.71,0.35,0.048,0.091,0,1,939,2,INJECTION
2024-07-01 08:16:42,M01,0.693,0.555,68.71,15.54,0.135,-0.168,0.046,0,1,774,2,INJECTION
2024-07-01 08:16:43,M02,0.953,0.782,78.44,14.33,0.235,0.109,0.078,0,2,916,2,INJECTION
2024-07-01 08:16:44,M03,1.173,0.355,74.63,11.45,0.19,0.3,0.035,0,2,1056,2,INJECTION
2024-07-01 08:16:45,M03,0.975,0.635,65.34,13.11,0.046,-0.261,0.017,0,2,1167,2,INJECTION
2024-07-01 08:16:46,M03,1.004,0.867,75.27,14.68,0.162,0.079,-0.044,0,3,720,2,INJECTION
2024-07-01 08:16:47,M02,0.867,0.692,66.07,12.99,0.255,0.092,0.074,0,1,1012,2,INJECTION
2024-07-01 08:16:48,M01,0.888,0.801,78.26,15.85,0.125,0.09,0.093,0,1,722,2,INJECTION
2024-07-01 08:16:49,M01,1.041,0.488,73.43,13.71,0.146,0.28,-0.005,0,3,848,2,INJECTION
2024-07-01 08:16:50,M03,1.168,0.493,84.19,13.9,0.164,0.347,-0.009,0,2,1193,2,INJECTION
2024-07-01 08:16:51,M01,1.103,0.868,80.19,15.22,0.437,-0.04,0.144,0,3,1229,2,INJECTION
2024-07-01 08:16:52,M03,1.018,0.703,69.27,13.56,-0.035,0.115,-0.001,0,2,1058,2,INJECTION
2024-07-01 08:16:53,M02,0.923,0.703,64.35,14.01,0.244,0.014,0.008,0,3,468,2,INJECTION
2024-07-01 08:16:54,M02,0.945,0.553,70.83,14.93,0.154,-0.108,0.045,0,1,974,2,INJECTION
2024-07-01 08:16:55,M02,0.825,0.703,68.45,11.91,0.108,0.046,-0.008,0,1,642,2,INJECTION
2024-07-01 08:16:56,M03,0.739,0.549,84.06,13.42,0.151,0.114,-0.072,0,3,775,2,INJECTION
2024-07-01 08:16:57,M03,0.779,0.837,74.65,14.85,0.264,0.037,0.035,0,3,996,2,INJECTION
2024-07-01 08:16:58,M03,0.925,1.028,79.49,13.87,0.271,-0.151,-0.002,0,1,1213,2,INJECTION
2024-07-01 08:16:59,M03,0.882,0.75,73.24,15.66,0.207,-0.079,0.166,0,2,1172,2,INJECTION
2024-07-01 08:17:00,M02,0.736,0.612,73.78,11.78,0.315,-0.078,0.072,0,3,1564,2,INJECTION
2024-07-01 08:17:01,M01,0.914,0.378,74.54,11.63,0.336,-0.144,-0.052,0,2,894,2,INJECTION
2024-07-01 08:17:02,M03,0.879,0.483,80.38,14.77,0.282,0.053,0.067,0,2,1150,2,INJECTION
2024-07-01 08:17:03,M03,0.773,0.883,76.3,14.89,0.119,0.071,0.029,0,2,1135,2,INJECTION
2024-07-01 08:17:04,M02,0.873,0.564,69.29,13.54,0.243,0.167,0.119,0,3,1317,2,INJECTION
2024-07-01 08:17:05,M02,0.879,0.645,83.02,14.3,0.244,-0.147,-0.046,0,2,1249,2,INJECTION
2024-07-01 08:17:06,M03,0.842,0.772,73.2,14.74,0.087,-0.099,0.018,0,2,1051,2,INJECTION
2024-07-01 08:17:07,M03,1.033,0.874,72.37,12.75,-0.003,0.265,-0.008,0,1,1114,2,INJECTION
2024-07-01 08:17:08,M03,0.683,0.666,60.2,12.89,-0.057,-0.028,0.006,0,1,1073,2,INJECTION
2024-07-01 08:17:09,M03,0.672,0.641,77.96,14.03,0.193,0.005,-0.078,0,2,988,2,INJECTION
2024-07-01 08:17:10,M01,0.919,0.7,75.22,14.94,0.22,-0.03,0.053,0,2,1099,2,INJECTION
2024-07-01 08:17:11,M01,0.93,0.613,75.22,12.3,0.043,0.193,0.039,0,1,1030,2,INJECTION
2024-07-01 08:17:12,M01,0.969,0.62,72.64,13.54,0.309,0.2,0.116,0,1,1021,2,INJECTION
2024-07-01 08:17:13,M03,0.852,0.742,71.76,13.48,0.203,0.19,0.0,0,3,1329,2,INJECTION
2024-07-01 08:17:14,M03,0.805,0.714,72.81,14.32,0.346,0.004,-0.036,0,2,1055,2,INJECTION
2024-07-01 08:17:15,M02,0.918,0.954,77.08,13.78,0.229,-0.149,0.072,0,1,1012,2,INJECTION
2024-07-01 08:17:16,M02,0.864,0.745,77.98,13.09,0.057,0.328,-0.07,0,3,963,2,INJECTION
2024-07-01 08:17:17,M03,1.111,0.833,73.52,15.38,0.239,0.146,0.099,0,1,946,2,INJECTION
2024-07-01 08:17:18,M02,0.878,0.558,79.57,13.1,0.264,-0.078,0.098,0,3,770,2,INJECTION
2024-07-01 08:17:19,M03,0.912,0.756,74.3,13.42,0.119,0.243,0.114,0,3,988,2,INJECTION
2024-07-01 08:17:20,M01,1.225,0.601,72.12,11.76,0.012,-0.092,0.035,0,2,1224,2,INJECTION
2024-07-01 08:17:21,M02,0.894,0.74,75.72,12.88,0.196,0.241,-0.043,0,1,888,2,INJECTION
2024-07-01 08:17:22,M02,0.987,0.776,67.74,14.45,0.065,0.252,0.011,0,3,1428,2,INJECTION
2024-07-01 08:17:23,M03,0.999,0.697,75.9,14.2,0.318,-0.158,0.035,0,3,569,2,INJECTION
2024-07-01 08:17:24,M01,1.009,0.988,66.8,14.55,0.136,0.099,-0.049,0,1,1091,2,INJECTION
2024-07-01 08:17:25,M01,0.954,0.867,69.44,14.49,0.39,0.133,0.121,0,1,1455,2,INJECTION
2024-07-01 08:17:26,M02,0.943,0.836,64.36,16.45,-0.069,0.446,0.053,0,3,1037,2,INJECTION
2024-07-01 08:17:27,M02,0.931,0.785,73.81,12.83,0.2,-0.127,-0.079,0,3,1324,2,INJECTION
2024-07-01 08:17:28,M01,0.847,0.908,82.95,11.72,0.355,0.244,0.17,0,2,868,2,INJECTION
2024-07-01 08:17:29,M01,0.959,0.513,74.1,12.45,0.078,0.003,0.01,0,3,749,2,INJECTION
2024-07-01 08:17:30,M03,1.17,0.86,78.0,12.89,0.165,-0.212,-0.097,0,1,953,2,INJECTION
2024-07-01 08:17:31,M02,1.069,0.568,86.76,12.55,0.136,-0.021,-0.073,0,1,922,2,INJECTION
2024-07-01 08:17:32,M01,0.956,0.621,76.77,13.91,0.103,0.0,0.135,0,1,679,2,INJECTION
2024-07-01 08:17:33,M01,1.025,0.76,70.78,15.39,0.214,-0.181,0.165,0,3,1014,2,INJECTION
2024-07-01 08:17:34,M01,0.811,0.843,71.49,15.75,0.03,0.053,0.092,0,3,906,2,INJECTION
2024-07-01 08:17:35,M01,0.886,0.548,74.71,14.43,0.171,0.163,0.12,0,3,1278,2,INJECTION
2024-07-01 08:17:36,M01,1.036,0.627,71.46,16.52,0.246,0.04,0.11,0,2,1017,2,INJECTION
2024-07-01 08:17:37,M02,1.103,0.703,71.84,13.33,0.159,-0.093,0.051,0,1,844,2,INJECTION
2024-07-01 08:17:38,M03,0.823,0.668,79.75,11.71,0.065,-0.026,0.031,0,3,992,2,INJECTION
2024-07-01 08:17:39,M02,0.859,0.796,79.96,15.13,0.307,-0.001,0.05,0,2,1033,2,INJECTION
2024-07-01 08:17:40,M01,1.189,1.115,66.26,11.44,0.272,0.037,0.067,0,3,1111,2,INJECTION
2024-07-01 08:17:41,M02,0.93,0.742,70.51,12.83,0.06,0.189,-0.065,0,1,1001,2,INJECTION
2024-07-01 08:17:42,M01,1.145,0.6,72.33,14.45,0.03,0.046,0.067,0,1,1415,2,INJECTION
2024-07-01 08:17:43,M03,0.944,0.531,77.77,13.66,0.071,-0.24,0.132,0,2,764,2,INJECTION
2024-07-01 08:17:44,M01,0.949,0.651,80.56,13.55,0.25,-0.096,-0.017,0,3,903,2,INJECTION
2024-07-01 08:17:45,M01,0.881,0.575,88.55,12.28,0.217,0.028,-0.027,0,2,845,2,INJECTION
2024-07-01 08:17:46,M03,1.035,0.748,72.32,13.77,0.279,0.192,0.044,0,3,931,2,INJECTION
2024-07-01 08:17:47,M03,1.087,0.747,72.57,15.07,0.145,0.221,-0.057,0,1,1057,2,INJECTION
2024-07-01 08:17:48,M02,0.79,0.633,77.72,13.81,0.074,0.303,-0.117,0,2,1043,2,INJECTION
2024-07-01 08:17:49,M01,0.875,0.936,71.21,12.73,0.294,0.022,0.104,0,3,1105,2,INJECTION
2024-07-01 08:17:50,M03,1.032,0.6,73.98,12.2,0.118,0.13,-0.039,0,3,1016,2,INJECTION
2024-07-01 08:17:51,M03,0.902,0.676,72.58,12.76,0.207,-0.249,0.003,0,3,1028,2,INJECTION
2024-07-01 08:17:52,M03,0.857,0.77,61.27,14.29,-0.001,0.073,-0.054,0,1,1020,2,INJECTION
2024-07-01 08:17:53,M02,1.044,0.801,75.34,14.23,0.116,-0.184,0.116,0,1,912,2,INJECTION
2024-07-01 08:17:54,M02,1.055,0.848,73.77,12.77,0.305,-0.011,0.078,0,1,898,2,INJECTION
2024-07-01 08:17:55,M01,0.863,0.744,81.22,10.97,0.099,0.517,-0.02,0,1,841,2,INJECTION
2024-07-01 08:17:56,M03,0.945,0.82,74.73,14.32,0.282,0.051,-0.105,0,1,1116,2,INJECTION
2024-07-01 08:17:57,M01,0.769,0.609,68.27,12.64,-0.094,-0.148,-0.03,0,3,598,2,INJECTION
2024-07-01 08:17:58,M02,0.807,0.804,73.38,14.67,0.117,0.069,0.052,0,2,1024,2,INJECTION
2024-07-01 08:17:59,M01,0.934,0.802,63.99,12.82,0.164,-0.089,0.018,0,3,1154,2,INJECTION
2024-07-01 08:18:00,M01,0.922,0.878,68.5,12.53,0.393,-0.164,0.011,0,3,1209,2,INJECTION
2024-07-01 08:18:01,M01,0.799,0.485,77.96,13.98,0.045,0.359,0.02,0,2,546,2,INJECTION
2024-07-01 08:18:02,M03,0.83,0.579,73.44,16.79,0.265,0.182,0.069,0,1,918,2,INJECTION
2024-07-01 08:18:03,M03,0.786,0.792,79.43,14.74,0.311,0.059,-0.003,0,2,852,2,INJECTION
2024-07-01 08:18:04,M01,0.975,0.363,64.62,13.96,0.098,-0.067,0.042,0,2,902,2,INJECTION
2024-07-01 08:18:05,M03,0.675,0.751,73.46,14.25,0.14,-0.053,-0.087,0,1,1254,2,INJECTION
2024-07-01 08:18:06,M03,0.793,0.822,72.27,11.56,0.201,0.263,0.23,0,1,853,2,INJECTION
2024-07-01 08:18:07,M02,0.688,0.62,79.6,12.36,0.007,0.052,-0.024,0,2,1154,2,INJECTION
2024-07-01 08:18:08,M03,0.97,0.638,78.15,10.59,0.13,-0.527,0.019,0,2,1026,2,INJECTION
2024-07-01 08:18:09,M02,0.695,0.558,78.0,15.99,0.337,0.413,0.052,0,3,894,2,INJECTION
2024-07-01 08:18:10,M02,0.922,0.626,82.6,15.74,0.247,0.031,-0.036,0,3,875,2,INJECTION
2024-07-01 08:18:11,M03,1.122,0.63,72.82,14.29,0.166,0.058,0.002,0,3,1047,2,INJECTION
2024-07-01 08:18:12,M01,1.126,0.606,81.55,13.96,0.198,0.185,0.001,0,3,981,2,INJECTION
2024-07-01 08:18:13,M01,0.695,0.6,69.35,11.81,0.254,0.079,-0.081,0,3,667,2,INJECTION
2024-07-01 08:18:14,M03,0.956,0.657,69.16,13.51,0.277,0.127,0.041,0,1,809,2,INJECTION
2024-07-01 08:18:15,M02,0.796,0.656,78.56,16.07,0.118,-0.073,-0.147,0,3,1052,2,INJECTION
2024-07-01 08:18:16,M02,0.771,0.922,66.99,13.96,0.368,-0.21,0.158,0,1,756,2,INJECTION
2024-07-01 08:18:17,M01,0.904,0.642,77.64,13.07,0.342,0.048,0.072,0,1,1184,2,INJECTION
2024-07-01 08:18:18,M01,1.071,0.733,75.22,11.55,0.265,0.244,0.059,0,3,705,2,INJECTION
2024-07-01 08:18:19,M03,0.993,0.619,80.2,15.55,0.084,-0.111,-0.155,0,1,943,2,INJECTION
2024-07-01 08:18:20,M02,0.83,0.618,74.4,13.7,0.062,-0.125,-0.07,0,2,1123,2,INJECTION
2024-07-01 08:18:21,M02,1.006,0.48,74.99,11.55,0.145,0.208,0.126,0,2,795,2,INJECTION
2024-07-01 08:18:22,M03,0.64,0.497,77.31,12.61,0.192,-0.078,0.374,0,3,744,2,INJECTION
2024-07-01 08:18:23,M02,0.825,0.542,71.31,12.16,-0.027,-0.07,0.108,0,3,1084,2,INJECTION
2024-07-01 08:18:24,M03,0.816,0.713,71.08,13.62,0.243,-0.064,0.094,0,1,1160,2,INJECTION
2024-07-01 08:18:25,M03,0.928,0.824,77.14,14.05,0.338,-0.011,0.048,0,2,956,2,INJECTION
2024-07-01 08:18:26,M03,0.893,0.47,74.55,13.15,0.253,-0.269,-0.075,0,1,913,2,INJECTION
2024-07-01 08:18:27,M03,0.901,0.623,72.62,14.78,0.104,-0.092,0.09,0,3,698,2,INJECTION
2024-07-01 08:18:28,M02,0.897,0.522,74.28,13.89,0.089,0.039,-0.098,0,1,1008,2,INJECTION
2024-07-01 08:18:29,M02,0.921,0.658,82.88,15.14,0.22,0.038,-0.108,0,2,640,2,INJECTION
2024-07-01 08:18:30,M03,0.985,0.824,72.43,13.33,0.166,0.197,-0.113,0,2,1257,2,INJECTION
2024-07-01 08:18:31,M01,0.937,0.636,72.28,17.67,0.237,0.314,0.089,0,2,965,2,INJECTION
2024-07-01 08:18:32,M03,0.883,0.685,65.95,13.07,0.256,0.258,-0.004,0,1,813,2,INJECTION
2024-07-01 08:18:33,M03,0.968,0.87,74.49,12.64,0.315,0.156,0.01,0,3,874,2,INJECTION
2024-07-01 08:18:34,M01,1.021,0.747,78.07,12.48,0.049,-0.026,-0.0,0,1,1023,2,INJECTION
2024-07-01 08:18:35,M01,0.85,0.597,78.99,13.52,0.211,-0.107,-0.1,0,2,904,2,INJECTION
2024-07-01 08:18:36,M02,0.911,0.71,75.26,11.6,0.141,0.003,-0.059,0,3,990,2,INJECTION
2024-07-01 08:18:37,M01,1.063,0.588,79.6,14.16,0.173,0.1,-0.055,0,3,787,2,INJECTION
2024-07-01 08:18:38,M03,0.782,0.743,78.45,11.36,0.288,0.14,-0.125,0,1,1213,2,INJECTION
2024-07-01 08:18:39,M02,1.142,0.754,80.41,13.99,0.301,0.106,-0.044,0,1,878,2,INJECTION
2024-07-01 08:18:40,M02,0.752,0.522,79.75,12.07,0.351,-0.021,-0.096,0,2,589,2,INJECTION
2024-07-01 08:18:41,M03,0.876,0.712,82.75,13.3,0.235,0.134,0.053,0,2,919,2,INJECTION
2024-07-01 08:18:42,M02,0.801,0.676,73.83,14.56,0.171,0.215,0.06,0,1,849,2,INJECTION
2024-07-01 08:18:43,M03,1.19,0.758,67.9,16.73,0.154,0.15,-0.115,0,2,1198,2,INJECTION
2024-07-01 08:18:44,M02,0.856,0.793,78.11,12.41,-0.023,-0.006,-0.025,0,3,814,2,INJECTION
2024-07-01 08:18:45,M01,0.856,0.75,78.7,13.6,0.344,-0.143,0.168,0,2,901,2,INJECTION
2024-07-01 08:18:46,M01,0.873,0.653,82.75,12.87,0.146,-0.147,-0.087,0,3,1029,2,INJECTION
2024-07-01 08:18:47,M03,0.93,0.806,81.27,12.68,0.245,-0.117,0.039,0,2,1107,2,INJECTION
2024-07-01 08:18:48,M03,0.878,0.583,84.67,12.88,0.265,0.044,0.011,0,1,1272,2,INJECTION
2024-07-01 08:18:49,M01,0.902,0.528,77.88,14.84,0.036,0.088,0.099,0,2,828,2,INJECTION
2024-07-01 08:18:50,M03,0.481,0.296,75.88,13.17,0.074,-0.242,0.028,0,1,1246,2,INJECTION
2024-07-01 08:18:51,M01,0.926,0.682,67.61,16.66,0.369,-0.086,-0.038,0,1,1189,2,INJECTION
2024-07-01 08:18:52,M01,0.921,0.589,76.28,14.32,0.219,0.041,0.007,0,3,846,2,INJECTION
2024-07-01 08:18:53,M01,1.047,0.74,71.87,12.5,0.115,-0.154,0.008,0,1,825,2,INJECTION
2024-07-01 08:18:54,M01,1.081,0.447,75.79,13.32,0.169,0.074,-0.007,0,1,1070,2,INJECTION
2024-07-01 08:18:55,M01,0.895,0.611,74.98,12.77,0.314,-0.053,-0.117,0,2,985,2,INJECTION
2024-07-01 08:18:56,M02,1.02,0.749,77.12,14.81,0.296,-0.124,0.113,0,3,1069,2,INJECTION
2024-07-01 08:18:57,M02,0.782,0.564,74.21,11.7,0.009,0.009,0.097,0,1,925,2,INJECTION
2024-07-01 08:18:58,M02,1.014,0.741,79.5,12.08,0.38,0.067,-0.093,0,2,1004,2,INJECTION
2024-07-01 08:18:59,M03,0.848,0.622,60.75,13.03,0.3,-0.145,-0.026,0,2,966,2,INJECTION
2024-07-01 08:19:00,M02,0.772,0.687,75.68,14.66,0.166,-0.042,-0.019,0,3,1067,2,INJECTION
2024-07-01 08:19:01,M03,0.895,0.764,80.87,15.36,0.042,0.08,-0.103,0,1,819,2,INJECTION
2024-07-01 08:19:02,M03,1.092,0.808,84.29,15.55,0.31,-0.13,-0.166,0,2,1019,2,INJECTION
2024-07-01 08:19:03,M02,0.941,0.702,78.46,14.46,0.241,-0.283,-0.059,0,1,1268,2,INJECTION
2024-07-01 08:19:04,M03,1.104,0.59,83.34,13.68,0.01,-0.263,-0.031,0,3,1254,2,INJECTION
2024-07-01 08:19:05,M02,0.826,0.634,75.57,14.8,0.157,-0.072,-0.128,0,2,1042,2,INJECTION
2024-07-01 08:19:06,M01,1.048,0.769,74.72,12.33,0.558,-0.225,0.017,0,2,815,2,INJECTION
2024-07-01 08:19:07,M02,0.838,0.565,77.42,11.44,0.186,-0.06,0.106,0,3,1371,2,INJECTION
2024-07-01 08:19:08,M01,0.946,0.669,74.69,14.35,0.096,0.284,0.077,0,3,1067,2,INJECTION
2024-07-01 08:19:09,M03,0.945,0.643,70.69,12.51,0.064,-0.236,-0.01,0,2,1346,2,INJECTION
2024-07-01 08:19:10,M03,1.001,0.678,72.06,13.71,0.396,-0.049,-0.164,0,2,1075,2,INJECTION
2024-07-01 08:19:11,M03,0.95,0.566,69.0,13.94,0.286,0.364,0.065,0,2,528,2,INJECTION
2024-07-01 08:19:12,M02,0.827,0.462,77.41,14.1,0.353,0.069,0.014,0,1,1369,2,INJECTION
2024-07-01 08:19:13,M03,1.028,0.755,74.76,14.98,0.214,-0.063,0.039,0,1,1158,2,INJECTION
2024-07-01 08:19:14,M01,1.133,0.81,72.86,14.85,0.334,-0.027,0.175,0,2,997,2,INJECTION
2024-07-01 08:19:15,M02,0.846,0.469,71.8,14.04,0.083,0.073,-0.073,0,2,656,2,INJECTION
2024-07-01 08:19:16,M02,0.691,0.736,77.29,13.22,0.204,0.289,-0.257,0,1,1181,2,INJECTION
2024-07-01 08:19:17,M02,0.98,0.824,78.7,13.93,0.219,-0.091,-0.093,0,2,1073,2,INJECTION
2024-07-01 08:19:18,M01,0.877,0.764,68.91,13.03,0.35,-0.13,0.045,0,2,1438,2,INJECTION
2024-07-01 08:19:19,M01,0.902,0.639,68.1,13.54,0.222,-0.236,0.004,0,3,1321,2,INJECTION
2024-07-01 08:19:20,M03,0.987,0.574,79.6,17.13,0.11,0.017,-0.108,0,2,1338,2,INJECTION
2024-07-01 08:19:21,M03,0.862,0.701,67.66,14.02,0.192,-0.24,-0.126,0,3,1036,2,INJECTION
2024-07-01 08:19:22,M02,0.885,0.721,77.51,14.36,-0.016,-0.08,-0.031,0,2,1027,2,INJECTION
2024-07-01 08:19:23,M01,0.906,0.703,82.99,12.89,-0.093,-0.156,-0.111,0,3,1075,2,INJECTION
2024-07-01 08:19:24,M01,1.101,0.668,83.0,15.09,0.284,0.183,0.048,0,3,865,2,INJECTION
2024-07-01 08:19:25,M01,0.922,0.557,78.49,14.76,0.14,-0.087,-0.036,0,1,1003,2,INJECTION
2024-07-01 08:19:26,M02,0.765,0.743,78.34,14.77,0.153,0.067,-0.055,0,2,962,2,INJECTION
2024-07-01 08:19:27,M01,0.77,0.749,86.25,14.06,0.284,-0.274,-0.067,0,1,1239,2,INJECTION
2024-07-01 08:19:28,M02,0.936,0.715,62.74,15.11,0.351,0.022,0.025,0,3,1285,2,INJECTION
2024-07-01 08:19:29,M03,0.778,0.704,72.32,15.41,0.248,-0.206,0.005,0,1,1129,2,INJECTION
2024-07-01 08:19:30,M03,0.725,0.898,79.05,14.15,0.415,-0.073,0.019,0,1,835,2,INJECTION
2024-07-01 08:19:31,M01,0.997,0.614,72.98,13.64,0.244,0.377,0.017,0,2,1385,2,INJECTION
2024-07-01 08:19:32,M02,1.003,0.849,81.06,14.93,0.22,0.159,-0.005,0,1,1180,2,INJECTION
2024-07-01 08:19:33,M02,0.873,0.6,74.5,12.64,0.213,-0.022,-0.092,0,3,1061,2,INJECTION
2024-07-01 08:19:34,M02,0.955,0.828,75.38,12.87,0.031,0.546,-0.064,0,3,1109,2,INJECTION
2024-07-01 08:19:35,M01,0.942,0.843,73.3,13.72,0.299,-0.157,-0.034,0,3,729,2,INJECTION
2024-07-01 08:19:36,M02,0.993,0.654,72.03,11.57,-0.108,0.199,0.187,0,2,963,2,INJECTION
2024-07-01 08:19:37,M03,0.993,0.896,71.9,14.84,0.114,-0.262,-0.12,0,1,1259,2,INJECTION
2024-07-01 08:19:38,M03,0.595,0.749,76.09,12.56,0.187,-0.042,-0.036,0,2,721,2,INJECTION
2024-07-01 08:19:39,M03,0.889,0.582,70.73,13.19,0.09,-0.23,0.01,0,3,715,2,INJECTION
2024-07-01 08:19:40,M01,0.983,0.644,79.59,13.52,0.13,0.044,-0.026,0,1,1181,2,INJECTION
2024-07-01 08:19:41,M03,0.868,0.831,78.05,13.84,0.404,0.009,0.098,0,1,1094,2,INJECTION
2024-07-01 08:19:42,M03,0.923,0.805,80.34,13.35,0.316,-0.053,-0.027,0,2,723,2,INJECTION
2024-07-01 08:19:43,M02,1.012,0.56,68.92,13.7,0.102,0.186,-0.02,0,2,945,2,INJECTION
2024-07-01 08:19:44,M02,0.929,0.673,65.99,13.71,0.128,-0.097,0.074,0,1,1061,2,INJECTION
2024-07-01 08:19:45,M02,1.105,0.716,74.68,13.22,0.032,0.055,0.164,0,2,1037,2,INJECTION
2024-07-01 08:19:46,M02,1.058,0.628,89.56,12.8,0.269,0.14,0.127,0,1,1077,2,INJECTION
2024-07-01 08:19:47,M01,0.904,0.982,81.19,15.17,0.155,-0.254,-0.011,0,1,931,2,INJECTION
2024-07-01 08:19:48,M01,0.894,0.72,71.86,11.11,-0.051,-0.128,-0.003,0,1,1047,2,INJECTION
2024-07-01 08:19:49,M02,0.565,0.683,76.88,13.53,0.196,0.009,0.005,0,1,1129,2,INJECTION
2024-07-01 08:19:50,M01,0.878,0.838,78.43,13.19,0.237,0.107,0.014,0,1,1112,2,INJECTION
2024-07-01 08:19:51,M01,0.751,0.646,67.69,14.32,0.299,0.242,-0.075,0,1,936,2,INJECTION
2024-07-01 08:19:52,M02,0.946,0.815,81.72,11.93,0.176,-0.037,0.085,0,3,1148,2,INJECTION
2024-07-01 08:19:53,M01,0.937,0.485,73.85,13.15,0.14,-0.054,0.02,0,3,814,2,INJECTION
2024-07-01 08:19:54,M02,1.005,0.635,74.24,13.66,0.422,-0.149,-0.003,0,2,874,2,INJECTION
2024-07-01 08:19:55,M01,1.092,0.82,74.83,15.15,0.185,0.056,-0.113,0,1,1181,2,INJECTION
2024-07-01 08:19:56,M01,0.915,0.885,80.57,14.21,0.27,-0.051,0.007,0,1,1144,2,INJECTION
2024-07-01 08:19:57,M01,1.201,0.595,70.83,12.28,0.12,-0.047,-0.169,0,2,953,2,INJECTION
2024-07-01 08:19:58,M03,0.947,0.581,65.96,13.17,0.267,-0.016,-0.051,0,1,870,2,INJECTION
2024-07-01 08:19:59,M02,0.756,0.761,76.36,14.92,0.01,0.094,-0.049,0,1,894,2,INJECTION
2024-07-01 08:20:00,M03,0.849,0.614,64.23,12.26,0.129,-0.097,0.027,0,1,1119,2,INJECTION
2024-07-01 08:20:01,M02,0.872,0.658,73.16,13.69,0.04,-0.132,0.17,0,1,1079,2,INJECTION
2024-07-01 08:20:02,M03,0.992,0.799,80.79,13.78,0.112,0.073,0.052,0,1,858,2,INJECTION
2024-07-01 08:20:03,M03,0.801,0.623,77.67,13.3,0.334,-0.517,0.131,0,3,1142,2,INJECTION
2024-07-01 08:20:04,M03,0.882,0.448,80.05,17.23,0.111,-0.103,0.059,0,1,945,2,INJECTION
2024-07-01 08:20:05,M01,0.899,0.53,77.88,13.26,0.27,-0.197,0.102,0,1,820,2,INJECTION
2024-07-01 08:20:06,M02,0.863,0.692,87.06,14.36,0.366,0.205,0.168,0,3,913,2,INJECTION
2024-07-01 08:20:07,M01,1.019,0.461,71.69,12.81,0.181,-0.076,-0.065,0,1,1017,2,INJECTION
2024-07-01 08:20:08,M01,0.998,0.654,76.74,14.46,0.303,-0.096,-0.07,0,1,1135,2,INJECTION
2024-07-01 08:20:09,M01,1.063,0.519,72.46,14.9,0.248,-0.009,0.061,0,3,1121,2,INJECTION
2024-07-01 08:20:10,M03,0.877,0.893,79.61,13.04,0.198,-0.102,0.001,0,2,980,2,INJECTION
2024-07-01 08:20:11,M02,1.068,0.958,74.39,13.72,0.274,-0.069,0.021,0,3,1040,2,INJECTION
2024-07-01 08:20:12,M03,0.749,0.56,83.51,12.65,0.404,0.016,-0.021,0,2,963,2,INJECTION
2024-07-01 08:20:13,M02,0.746,0.722,71.98,12.33,0.108,-0.072,-0.052,0,3,859,2,INJECTION
2024-07-01 08:20:14,M02,0.768,0.572,81.92,15.11,0.07,-0.074,0.147,0,3,987,2,INJECTION
2024-07-01 08:20:15,M01,0.92,0.652,77.74,13.08,0.063,-0.173,-0.098,0,3,655,2,INJECTION
2024-07-01 08:20:16,M02,1.068,0.913,74.54,10.71,0.303,-0.197,0.063,0,1,1289,2,INJECTION
2024-07-01 08:20:17,M01,0.844,0.633,77.48,16.04,0.319,0.01,0.048,0,1,1035,2,INJECTION
2024-07-01 08:20:18,M02,0.859,0.655,76.04,12.77,0.12,0.052,-0.141,0,1,1087,2,INJECTION
2024-07-01 08:20:19,M02,0.892,0.574,76.53,13.47,-0.071,-0.244,-0.073,0,2,867,2,INJECTION
2024-07-01 08:20:20,M03,0.99,0.832,73.64,15.88,0.104,0.129,-0.058,0,1,1034,2,INJECTION
2024-07-01 08:20:21,M03,0.859,0.288,71.11,13.61,0.25,0.13,0.052,0,3,1066,2,INJECTION
2024-07-01 08:20:22,M02,0.852,0.636,72.99,13.58,0.176,0.166,-0.032,0,1,954,2,INJECTION
2024-07-01 08:20:23,M01,0.752,0.685,66.08,12.22,0.206,0.051,-0.007,0,1,964,2,INJECTION
2024-07-01 08:20:24,M03,0.848,0.609,79.02,11.7,0.122,0.108,-0.13,0,3,754,2,INJECTION
2024-07-01 08:20:25,M03,1.065,0.797,68.37,13.58,0.306,0.373,0.21,0,1,1361,2,INJECTION
2024-07-01 08:20:26,M01,0.93,0.839,73.59,14.25,0.225,-0.052,0.008,0,2,864,2,INJECTION
2024-07-01 08:20:27,M03,0.827,0.516,78.03,14.18,0.254,-0.179,0.046,0,2,887,2,INJECTION
2024-07-01 08:20:28,M02,1.072,0.949,79.01,13.17,0.203,-0.262,-0.047,0,1,1304,2,INJECTION
2024-07-01 08:20:29,M02,0.846,0.515,65.61,13.81,0.247,0.299,-0.057,0,3,1097,2,INJECTION
2024-07-01 08:20:30,M03,1.095,0.85,74.23,11.45,0.239,0.302,0.173,0,3,1137,2,INJECTION
2024-07-01 08:20:31,M01,1.093,0.709,77.06,14.38,0.073,-0.158,-0.171,0,3,743,2,INJECTION
2024-07-01 08:20:32,M03,0.925,0.628,74.97,13.99,0.229,-0.125,0.026,0,3,1031,2,INJECTION
2024-07-01 08:20:33,M03,0.733,0.64,81.59,16.3,0.279,-0.056,-0.108,0,1,745,2,INJECTION
2024-07-01 08:20:34,M02,1.202,0.687,70.49,13.8,0.322,0.209,-0.035,0,2,837,2,INJECTION
2024-07-01 08:20:35,M03,0.967,0.716,64.2,12.59,0.234,-0.22,-0.056,0,1,1396,2,INJECTION
2024-07-01 08:20:36,M03,0.878,0.577,78.86,13.72,0.069,-0.336,-0.087,0,2,804,2,INJECTION
2024-07-01 08:20:37,M01,1.037,0.662,71.95,13.37,0.087,0.37,0.004,0,2,1127,2,INJECTION
2024-07-01 08:20:38,M01,1.006,0.596,65.69,14.34,0.132,0.053,-0.229,0,1,820,2,INJECTION
2024-07-01 08:20:39,M02,1.081,0.541,73.89,13.82,0.207,0.077,-0.027,0,1,841,2,INJECTION
2024-07-01 08:20:40,M01,0.836,0.59,81.01,12.18,0.17,-0.035,-0.007,0,3,1536,2,INJECTION
2024-07-01 08:20:41,M03,0.958,0.549,68.23,11.7,0.05,0.079,-0.121,0,1,981,2,INJECTION
2024-07-01 08:20:42,M02,0.771,0.639,86.68,14.12,0.049,-0.259,0.137,0,2,731,2,INJECTION
2024-07-01 08:20:43,M02,1.001,0.744,70.41,15.55,-0.066,-0.144,-0.052,0,2,1135,2,INJECTION
2024-07-01 08:20:44,M03,0.916,0.706,75.15,13.89,-0.188,0.018,-0.02,0,3,1242,2,INJECTION
2024-07-01 08:20:45,M02,0.953,0.935,68.46,14.83,0.169,-0.388,-0.052,0,1,1154,2,INJECTION
2024-07-01 08:20:46,M02,0.9,0.418,74.92,15.08,0.462,-0.052,-0.006,0,1,964,2,INJECTION
2024-07-01 08:20:47,M02,0.887,0.749,74.02,14.13,0.399,-0.063,0.119,0,2,970,2,INJECTION
2024-07-01 08:20:48,M01,0.811,0.691,67.07,12.75,0.067,-0.052,0.223,0,3,898,2,INJECTION
2024-07-01 08:20:49,M01,1.017,0.791,89.19,14.04,0.202,-0.094,0.068,0,2,783,2,INJECTION
2024-07-01 08:20:50,M03,1.103,0.779,72.17,15.33,0.009,-0.17,0.099,0,1,1062,2,INJECTION
2024-07-01 08:20:51,M01,0.849,0.67,72.17,14.46,0.028,-0.311,0.155,0,2,955,2,INJECTION
2024-07-01 08:20:52,M02,0.987,0.712,79.67,14.74,0.041,0.024,0.023,0,1,748,2,INJECTION
2024-07-01 08:20:53,M02,0.972,0.599,84.0,13.2,0.157,-0.052,0.142,0,2,986,2,INJECTION
2024-07-01 08:20:54,M03,0.92,0.766,80.48,13.53,0.163,-0.235,0.072,0,2,865,2,INJECTION
2024-07-01 08:20:55,M02,0.729,0.459,68.55,13.64,0.215,0.01,0.014,0,3,1052,2,INJECTION
2024-07-01 08:20:56,M02,0.757,0.787,75.8,13.72,0.264,-0.051,0.033,0,3,1032,2,INJECTION
2024-07-01 08:20:57,M01,0.822,0.688,65.06,15.28,0.144,-0.079,-0.162,0,2,928,2,INJECTION
2024-07-01 08:20:58,M01,0.653,0.631,79.33,10.8,0.189,-0.369,0.027,0,2,995,2,INJECTION
2024-07-01 08:20:59,M03,1.093,0.662,66.32,13.83,0.054,0.116,-0.137,0,1,1011,2,INJECTION
2024-07-01 08:21:00,M03,0.964,0.671,70.59,13.69,0.024,-0.211,-0.145,0,3,1181,2,INJECTION
2024-07-01 08:21:01,M02,0.915,0.851,74.69,12.04,0.005,0.01,0.018,0,2,988,2,INJECTION
2024-07-01 08:21:02,M01,0.647,1.09,76.98,14.65,0.262,-0.138,-0.099,0,3,902,2,INJECTION
2024-07-01 08:21:03,M02,0.692,0.841,73.37,12.86,0.144,-0.067,0.001,0,1,946,2,INJECTION
2024-07-01 08:21:04,M02,0.918,0.621,82.49,13.33,-0.039,0.196,0.014,0,2,1343,2,INJECTION
2024-07-01 08:21:05,M01,1.163,0.768,78.41,16.15,0.177,0.09,0.018,0,3,827,2,INJECTION
2024-07-01 08:21:06,M02,0.832,0.774,78.01,15.08,0.035,0.193,-0.08,0,3,958,2,INJECTION
2024-07-01 08:21:07,M02,1.026,0.576,68.4,14.52,0.383,0.056,0.082,0,3,955,2,INJECTION
2024-07-01 08:21:08,M02,0.859,0.535,83.41,14.27,0.115,0.067,-0.007,0,1,963,2,INJECTION
2024-07-01 08:21:09,M03,0.925,0.683,70.59,13.58,0.266,-0.304,0.041,0,1,680,2,INJECTION
2024-07-01 08:21:10,M03,1.069,0.79,83.61,16.34,0.314,-0.055,-0.106,0,3,777,2,INJECTION
2024-07-01 08:21:11,M03,0.876,0.492,85.07,14.81,0.07,-0.039,-0.015,0,1,945,2,INJECTION
2024-07-01 08:21:12,M02,0.833,0.602,77.33,12.83,0.193,0.209,0.1,0,1,893,2,INJECTION
2024-07-01 08:21:13,M02,1.094,0.761,79.99,12.0,0.25,-0.087,0.088,0,1,1051,2,INJECTION
2024-07-01 08:21:14,M02,0.924,0.696,58.9,14.51,0.198,0.045,-0.07,0,2,1211,2,INJECTION
2024-07-01 08:21:15,M02,1.054,0.866,73.7,13.72,0.227,0.038,-0.048,0,3,1066,2,INJECTION
2024-07-01 08:21:16,M02,0.834,0.516,80.35,11.97,0.025,0.197,-0.088,0,3,1018,2,INJECTION
2024-07-01 08:21:17,M02,1.093,0.981,79.44,14.33,0.251,-0.023,-0.058,0,2,1085,2,INJECTION
2024-07-01 08:21:18,M01,0.952,0.501,68.45,13.45,0.126,0.141,-0.124,0,1,1036,2,INJECTION
2024-07-01 08:21:19,M03,0.972,0.44,73.2,14.47,0.226,-0.291,-0.011,0,1,993,2,INJECTION
2024-07-01 08:21:20,M02,0.935,0.683,61.71,14.35,0.294,-0.276,0.058,0,3,1173,2,INJECTION
2024-07-01 08:21:21,M03,0.856,0.551,76.82,13.01,0.264,-0.39,-0.069,0,2,411,2,INJECTION
2024-07-01 08:21:22,M03,0.918,0.686,65.05,14.6,0.226,0.134,-0.007,0,2,940,2,INJECTION
2024-07-01 08:21:23,M02,0.864,0.682,80.5,13.15,0.261,0.115,-0.019,0,3,775,2,INJECTION
2024-07-01 08:21:24,M02,1.037,0.667,80.77,13.24,0.267,0.153,0.096,0,1,887,2,INJECTION
2024-07-01 08:21:25,M02,0.893,0.587,72.27,13.11,0.363,-0.116,-0.054,0,2,863,2,INJECTION
2024-07-01 08:21:26,M02,0.733,0.744,77.38,15.23,0.18,-0.097,-0.05,0,1,1406,2,INJECTION
2024-07-01 08:21:27,M03,0.71,0.651,73.59,13.43,0.204,-0.021,-0.075,0,3,1224,2,INJECTION
2024-07-01 08:21:28,M03,0.704,0.827,75.94,15.54,0.296,0.246,-0.101,0,1,1020,2,INJECTION
2024-07-01 08:21:29,M01,0.995,0.668,68.82,16.06,0.126,0.289,0.049,0,1,868,2,INJECTION
2024-07-01 08:21:30,M03,0.776,0.572,77.89,12.85,0.025,0.135,-0.011,0,3,1170,2,INJECTION
2024-07-01 08:21:31,M01,0.956,0.482,66.29,10.06,0.243,0.056,0.006,0,2,1013,2,INJECTION
2024-07-01 08:21:32,M03,0.935,0.669,65.33,15.12,0.16,0.228,0.116,0,1,940,2,INJECTION
2024-07-01 08:21:33,M01,0.91,0.534,74.08,13.35,0.04,-0.044,0.121,0,2,1015,2,INJECTION
2024-07-01 08:21:34,M01,0.973,0.524,73.62,12.68,0.244,-0.067,-0.147,0,1,945,2,INJECTION
2024-07-01 08:21:35,M02,0.938,0.756,76.1,13.04,0.355,-0.022,0.059,0,1,1083,2,INJECTION
2024-07-01 08:21:36,M02,0.582,0.471,71.38,13.26,-0.01,-0.167,0.021,0,3,759,2,INJECTION
2024-07-01 08:21:37,M03,0.878,0.865,84.37,15.44,0.307,-0.03,-0.04,0,1,1081,2,INJECTION
2024-07-01 08:21:38,M02,0.971,0.71,75.53,13.99,-0.119,-0.191,0.031,0,2,945,2,INJECTION
2024-07-01 08:21:39,M03,1.122,0.685,75.9,15.43,0.137,0.175,-0.154,0,3,1175,2,INJECTION
2024-07-01 08:21:40,M02,1.128,0.563,75.71,14.42,0.404,0.092,0.132,0,2,1229,2,INJECTION
2024-07-01 08:21:41,M02,0.749,0.785,79.84,13.39,0.145,0.244,0.047,0,1,1276,2,INJECTION
2024-07-01 08:21:42,M01,0.875,0.69,77.66,13.29,0.195,-0.279,-0.077,0,1,1472,2,INJECTION
2024-07-01 08:21:43,M02,0.724,0.606,76.97,14.5,0.276,0.324,-0.051,0,3,1424,2,INJECTION
2024-07-01 08:21:44,M01,1.107,0.715,78.48,14.83,-0.021,-0.269,-0.152,0,1,1268,2,INJECTION
2024-07-01 08:21:45,M03,1.044,0.483,65.35,15.06,0.193,-0.205,-0.027,0,3,1168,2,INJECTION
2024-07-01 08:21:46,M03,0.962,0.489,65.55,13.46,0.192,-0.106,-0.042,0,3,782,2,INJECTION
2024-07-01 08:21:47,M01,0.939,0.552,74.31,14.01,0.407,0.223,-0.118,0,1,571,2,INJECTION
2024-07-01 08:21:48,M01,1.09,0.734,73.69,14.53,0.037,0.038,0.071,0,2,1197,2,INJECTION
2024-07-01 08:21:49,M02,1.069,0.69,77.68,13.3,0.139,-0.042,0.116,0,1,836,2,INJECTION
2024-07-01 08:21:50,M01,1.062,0.82,74.81,12.34,0.073,-0.136,-0.001,0,3,1584,2,INJECTION
2024-07-01 08:21:51,M01,0.975,0.577,77.69,12.76,0.061,-0.235,-0.026,0,1,712,2,INJECTION
2024-07-01 08:21:52,M02,0.875,0.762,68.32,13.48,0.319,0.193,0.04,0,3,1159,2,INJECTION
2024-07-01 08:21:53,M03,1.014,0.677,74.65,14.63,0.188,0.136,-0.001,0,1,1035,2,INJECTION
2024-07-01 08:21:54,M01,1.02,0.574,67.83,15.39,0.118,0.231,-0.096,0,3,730,2,INJECTION
2024-07-01 08:21:55,M01,0.895,0.738,76.69,12.06,0.122,0.067,-0.057,0,1,1034,2,INJECTION
2024-07-01 08:21:56,M01,0.875,0.683,65.08,13.03,0.117,-0.451,-0.025,0,2,858,2,INJECTION
2024-07-01 08:21:57,M03,1.059,0.613,76.49,13.33,0.128,-0.213,0.023,0,1,982,2,INJECTION
2024-07-01 08:21:58,M01,1.125,0.696,67.18,14.8,0.033,0.079,0.002,0,3,984,2,INJECTION
2024-07-01 08:21:59,M02,0.826,0.675,72.74,13.12,0.153,-0.063,0.02,0,3,860,2,INJECTION
2024-07-01 08:22:00,M02,0.886,0.672,79.29,13.24,0.141,-0.096,-0.136,0,2,929,2,INJECTION
2024-07-01 08:22:01,M01,0.962,0.64,75.87,11.99,0.094,-0.189,0.061,0,3,843,2,INJECTION
2024-07-01 08:22:02,M01,0.979,0.53,66.27,14.4,0.203,0.161,0.001,0,1,661,2,INJECTION
2024-07-01 08:22:03,M02,0.854,0.7,71.26,13.58,0.213,0.078,0.23,0,1,1017,2,INJECTION
2024-07-01 08:22:04,M02,1.152,0.592,67.01,12.95,0.118,0.085,-0.034,0,1,1266,2,INJECTION
2024-07-01 08:22:05,M02,0.971,0.565,66.02,13.46,0.167,-0.109,0.03,0,2,853,2,INJECTION
2024-07-01 08:22:06,M02,0.984,0.661,75.31,15.23,0.442,0.03,0.255,0,2,1373,2,INJECTION
2024-07-01 08:22:07,M03,1.137,0.781,77.58,12.51,0.438,-0.229,0.019,0,3,1423,2,INJECTION
2024-07-01 08:22:08,M01,0.863,0.714,76.96,12.72,0.058,-0.023,-0.005,0,1,913,2,INJECTION
2024-07-01 08:22:09,M02,0.908,0.625,77.79,15.39,0.075,-0.432,-0.087,0,1,955,2,INJECTION
2024-07-01 08:22:10,M03,0.763,0.62,74.64,13.89,0.058,-0.268,0.138,0,2,916,2,INJECTION
2024-07-01 08:22:11,M01,0.897,0.769,73.3,14.64,0.311,-0.055,-0.103,0,2,785,2,INJECTION
2024-07-01 08:22:12,M01,0.734,0.395,69.2,14.3,0.137,0.405,0.039,0,3,956,2,INJECTION
2024-07-01 08:22:13,M02,1.011,0.789,72.45,13.74,0.213,-0.308,-0.041,0,2,934,2,INJECTION
2024-07-01 08:22:14,M03,0.971,0.459,67.93,13.34,0.423,-0.213,-0.016,0,2,1014,2,INJECTION
2024-07-01 08:22:15,M02,0.884,0.516,70.37,14.85,0.183,0.037,-0.127,0,3,1025,2,INJECTION
2024-07-01 08:22:16,M02,0.906,0.627,75.16,15.27,0.269,0.302,0.122,0,1,772,2,INJECTION
2024-07-01 08:22:17,M03,1.013,0.959,74.1,15.17,0.247,0.034,-0.024,0,2,1115,2,INJECTION
2024-07-01 08:22:18,M03,0.778,0.898,90.41,12.28,0.114,0.12,-0.108,0,1,954,2,INJECTION
2024-07-01 08:22:19,M02,0.944,0.778,67.81,15.45,0.311,-0.058,0.114,0,2,804,2,INJECTION
2024-07-01 08:22:20,M03,1.005,0.735,74.06,13.33,0.083,-0.088,-0.044,0,3,949,2,INJECTION
2024-07-01 08:22:21,M03,0.698,0.461,67.41,12.83,0.344,0.014,0.031,0,2,1032,2,INJECTION
2024-07-01 08:22:22,M01,1.003,0.71,72.72,13.57,0.114,-0.113,0.077,0,3,1308,2,INJECTION
2024-07-01 08:22:23,M02,0.711,0.623,72.93,14.85,0.127,0.123,0.044,0,3,1269,2,INJECTION
2024-07-01 08:22:24,M01,0.904,0.59,79.03,14.48,0.054,-0.275,-0.196,0,1,897,2,INJECTION
2024-07-01 08:22:25,M03,0.774,0.71,72.4,13.46,0.074,0.152,0.064,0,2,966,2,INJECTION
2024-07-01 08:22:26,M01,1.096,0.633,73.72,14.86,0.133,0.006,-0.008,0,2,838,2,INJECTION
2024-07-01 08:22:27,M02,0.775,0.798,72.5,13.97,-0.106,-0.037,-0.028,0,3,1063,2,INJECTION
2024-07-01 08:22:28,M03,0.714,0.452,67.52,13.06,0.156,-0.281,-0.009,0,1,907,2,INJECTION
2024-07-01 08:22:29,M03,0.935,0.7,71.36,12.89,0.124,-0.168,-0.143,0,2,960,2,INJECTION
2024-07-01 08:22:30,M01,0.867,0.582,72.75,14.31,0.279,0.204,0.018,0,3,1205,2,INJECTION
2024-07-01 08:22:31,M01,0.732,0.64,75.08,13.68,0.235,-0.036,-0.121,0,1,771,2,INJECTION
2024-07-01 08:22:32,M03,0.984,0.728,77.57,12.03,0.1,0.047,-0.025,0,2,1270,2,INJECTION
2024-07-01 08:22:33,M01,0.672,0.553,73.5,14.87,0.13,-0.151,0.015,0,3,1083,2,INJECTION
2024-07-01 08:22:34,M01,0.79,0.711,73.41,13.18,0.156,-0.005,0.098,0,2,1259,2,INJECTION
2024-07-01 08:22:35,M03,0.847,0.664,65.88,15.82,0.362,-0.235,-0.072,0,2,1147,2,INJECTION
2024-07-01 08:22:36,M02,1.018,0.609,77.47,12.0,0.086,0.017,0.131,0,2,1184,2,INJECTION
2024-07-01 08:22:37,M01,1.079,0.633,71.14,13.56,0.098,0.063,0.086,0,3,1004,2,INJECTION
2024-07-01 08:22:38,M03,1.055,0.672,78.53,12.9,0.049,0.054,-0.037,0,3,799,2,INJECTION
2024-07-01 08:22:39,M02,0.899,0.596,81.45,12.54,0.007,-0.155,-0.098,0,3,883,2,INJECTION
2024-07-01 08:22:40,M01,0.618,0.692,73.74,13.17,0.221,-0.059,-0.128,0,2,848,2,INJECTION
2024-07-01 08:22:41,M03,0.967,0.656,69.46,16.05,0.209,0.091,0.026,0,3,622,2,INJECTION
2024-07-01 08:22:42,M03,1.101,0.615,74.62,13.97,0.338,-0.036,-0.065,0,2,1204,2,INJECTION
2024-07-01 08:22:43,M02,1.071,0.887,76.49,12.78,0.309,-0.049,0.109,0,2,982,2,INJECTION
2024-07-01 08:22:44,M02,0.976,0.742,73.09,11.46,0.471,0.325,-0.06,0,2,834,2,INJECTION
2024-07-01 08:22:45,M03,0.771,0.643,71.81,11.59,0.176,-0.163,-0.08,0,2,1413,2,INJECTION
2024-07-01 08:22:46,M01,0.853,0.709,77.59,13.1,0.153,0.184,0.022,0,1,1518,2,INJECTION
2024-07-01 08:22:47,M03,1.158,0.564,77.25,12.98,0.029,-0.198,-0.06,0,1,749,2,INJECTION
2024-07-01 08:22:48,M02,0.743,0.637,72.93,13.5,0.268,0.111,0.002,0,2,956,2,INJECTION
2024-07-01 08:22:49,M02,0.776,0.651,66.23,10.89,0.199,0.121,0.09,0,1,943,2,INJECTION
2024-07-01 08:22:50,M03,1.035,0.537,77.04,13.67,0.262,-0.087,0.012,0,2,820,2,INJECTION
2024-07-01 08:22:51,M02,0.865,0.739,70.77,15.1,0.048,-0.208,0.012,0,1,1199,2,INJECTION
2024-07-01 08:22:52,M03,0.772,0.628,75.8,15.86,0.226,-0.337,0.02,0,1,624,2,INJECTION
2024-07-01 08:22:53,M01,1.108,0.647,75.48,11.37,0.209,-0.105,-0.151,0,2,1344,2,INJECTION
2024-07-01 08:22:54,M03,0.976,0.62,65.02,12.77,0.201,0.09,0.036,0,2,1013,2,INJECTION
2024-07-01 08:22:55,M01,0.871,1.056,75.12,12.7,0.103,-0.184,0.016,0,2,1391,2,INJECTION
2024-07-01 08:22:56,M03,0.776,0.609,77.34,13.97,0.326,0.016,0.081,0,1,996,2,INJECTION
2024-07-01 08:22:57,M03,1.172,0.435,77.97,12.23,0.429,-0.252,0.056,0,3,943,2,INJECTION
2024-07-01 08:22:58,M03,0.915,0.493,75.31,15.93,0.052,-0.04,-0.017,0,2,701,2,INJECTION
2024-07-01 08:22:59,M02,1.092,0.784,64.57,13.84,0.27,-0.196,0.094,0,3,1216,2,INJECTION
2024-07-01 08:23:00,M02,1.029,0.856,81.25,13.63,-0.16,-0.014,-0.025,0,2,1389,2,INJECTION
2024-07-01 08:23:01,M03,0.854,0.606,76.81,15.82,0.264,-0.086,0.023,0,3,1347,2,INJECTION
2024-07-01 08:23:02,M01,0.855,0.849,68.54,13.77,-0.039,-0.204,-0.027,0,3,686,2,INJECTION
2024-07-01 08:23:03,M01,1.098,0.782,70.67,14.3,0.122,-0.113,0.043,0,2,1280,2,INJECTION
2024-07-01 08:23:04,M02,1.1,0.667,75.89,12.83,0.027,-0.16,-0.033,0,1,933,2,INJECTION
2024-07-01 08:23:05,M01,0.686,0.659,78.19,12.04,0.159,-0.225,0.149,0,3,975,2,INJECTION
2024-07-01 08:23:06,M01,0.987,0.713,72.2,13.01,0.285,0.185,0.182,0,2,929,2,INJECTION
2024-07-01 08:23:07,M02,0.903,0.799,78.93,16.58,-0.038,-0.062,0.08,0,1,883,2,INJECTION
2024-07-01 08:23:08,M01,0.79,0.74,65.52,14.6,0.141,-0.376,0.139,0,2,958,2,INJECTION
2024-07-01 08:23:09,M01,0.951,0.607,69.36,14.14,0.123,-0.107,-0.137,0,2,813,2,INJECTION
2024-07-01 08:23:10,M03,0.751,0.669,64.12,12.54,0.373,0.156,-0.126,0,3,1281,2,INJECTION
2024-07-01 08:23:11,M02,0.861,0.935,70.1,14.95,0.236,-0.13,-0.028,0,3,1144,2,INJECTION
2024-07-01 08:23:12,M01,0.819,0.722,82.43,12.06,0.044,0.255,0.005,0,1,1048,2,INJECTION
2024-07-01 08:23:13,M03,0.857,0.798,85.25,11.79,0.128,-0.147,-0.017,0,3,929,2,INJECTION
2024-07-01 08:23:14,M01,0.91,0.757,75.91,13.08,0.37,0.086,-0.146,0,2,895,2,INJECTION
2024-07-01 08:23:15,M03,0.793,0.724,71.43,16.28,0.27,0.177,0.105,0,1,1091,2,INJECTION
2024-07-01 08:23:16,M03,1.114,0.704,73.57,16.21,0.075,0.077,0.194,0,1,1055,2,INJECTION
2024-07-01 08:23:17,M03,0.98,0.802,77.13,13.21,0.152,-0.235,0.116,0,3,1232,2,INJECTION
2024-07-01 08:23:18,M03,1.141,0.779,66.69,12.93,0.156,-0.161,0.099,0,3,1402,2,INJECTION
2024-07-01 08:23:19,M03,0.899,0.723,71.77,11.7,0.12,0.199,0.021,0,3,898,2,INJECTION
2024-07-01 08:23:20,M02,0.85,0.605,82.06,13.89,-0.02,-0.138,-0.075,0,2,881,2,INJECTION
2024-07-01 08:23:21,M03,1.137,0.738,69.34,14.0,0.103,0.166,0.008,0,2,1135,2,INJECTION
2024-07-01 08:23:22,M01,0.847,0.682,70.87,14.8,0.35,-0.074,0.19,0,3,1179,2,INJECTION
2024-07-01 08:23:23,M01,0.896,0.653,74.77,14.95,0.139,0.024,-0.03,0,1,1496,2,INJECTION
2024-07-01 08:23:24,M01,1.008,1.022,76.16,13.54,0.172,-0.237,-0.04,0,3,678,2,INJECTION
2024-07-01 08:23:25,M02,0.765,0.501,71.5,14.5,0.201,-0.104,0.101,0,3,1294,2,INJECTION
2024-07-01 08:23:26,M02,1.007,0.809,75.1,12.9,0.449,-0.15,0.106,0,3,1031,2,INJECTION
2024-07-01 08:23:27,M02,0.991,0.584,77.82,14.47,0.185,0.038,-0.075,0,2,909,2,INJECTION
2024-07-01 08:23:28,M02,1.076,0.707,84.76,13.14,0.315,0.016,-0.022,0,1,1094,2,INJECTION
2024-07-01 08:23:29,M01,1.029,1.008,74.06,14.37,0.113,0.079,-0.044,0,2,1087,2,INJECTION
2024-07-01 08:23:30,M03,1.08,0.572,74.49,14.27,0.153,-0.084,0.007,0,1,914,2,INJECTION
2024-07-01 08:23:31,M01,0.905,0.601,82.53,13.88,0.186,-0.159,0.1,0,3,690,2,INJECTION
2024-07-01 08:23:32,M02,0.812,0.689,71.89,14.8,0.092,0.031,-0.071,0,3,1295,2,INJECTION
2024-07-01 08:23:33,M02,1.18,0.586,67.92,11.79,0.16,-0.176,0.099,0,2,865,2,INJECTION
2024-07-01 08:23:34,M02,0.729,0.8,75.99,12.43,0.29,0.184,0.01,0,1,836,2,INJECTION
2024-07-01 08:23:35,M02,0.742,0.625,80.22,13.44,0.089,-0.02,0.21,0,1,882,2,INJECTION
2024-07-01 08:23:36,M03,0.989,0.771,76.55,11.95,0.184,-0.056,0.03,0,1,1168,2,INJECTION
2024-07-01 08:23:37,M02,1.12,0.527,74.21,13.27,0.269,0.079,-0.008,0,3,937,2,INJECTION
2024-07-01 08:23:38,M01,0.942,0.468,67.28,13.31,0.086,-0.013,0.053,0,3,885,2,INJECTION
2024-07-01 08:23:39,M03,1.042,0.662,74.4,15.46,0.315,-0.283,-0.029,0,2,1080,2,INJECTION
2024-07-01 08:23:40,M02,0.671,0.497,81.02,13.97,0.193,-0.182,-0.16,0,2,1050,2,INJECTION
2024-07-01 08:23:41,M03,0.857,0.878,68.38,15.1,0.165,0.18,-0.02,0,3,889,2,INJECTION
2024-07-01 08:23:42,M03,0.686,0.502,73.45,14.17,-0.056,0.014,-0.022,0,1,687,2,INJECTION
2024-07-01 08:23:43,M03,1.015,0.563,72.72,13.11,0.14,-0.287,-0.142,0,2,1163,2,INJECTION
2024-07-01 08:23:44,M03,0.727,0.742,71.13,13.96,0.229,0.06,-0.005,0,1,1054,2,INJECTION
2024-07-01 08:23:45,M02,0.76,0.618,75.97,14.72,0.393,-0.096,-0.184,0,3,632,2,INJECTION
2024-07-01 08:23:46,M03,0.982,0.503,76.98,15.31,0.252,-0.15,-0.03,0,2,1329,2,INJECTION
2024-07-01 08:23:47,M02,1.05,0.943,76.92,13.62,0.319,-0.196,0.023,0,3,625,2,INJECTION
2024-07-01 08:23:48,M02,0.899,0.567,69.7,11.69,0.04,0.17,0.01,0,1,850,2,INJECTION
2024-07-01 08:23:49,M02,0.989,0.666,66.27,11.6,0.169,-0.336,-0.036,0,3,861,2,INJECTION
2024-07-01 08:23:50,M03,0.985,0.665,76.05,13.37,0.33,-0.143,-0.007,0,1,892,2,INJECTION
2024-07-01 08:23:51,M03,0.892,0.778,72.11,10.81,0.078,0.02,-0.069,0,3,886,2,INJECTION
2024-07-01 08:23:52,M02,0.783,0.748,84.13,16.08,0.3,0.269,0.002,0,1,764,2,INJECTION
2024-07-01 08:23:53,M01,0.989,0.589,84.36,14.55,0.272,0.094,0.006,0,1,1035,2,INJECTION
2024-07-01 08:23:54,M02,0.995,0.65,84.91,12.98,0.217,-0.145,-0.08,0,1,1198,2,INJECTION
2024-07-01 08:23:55,M02,1.029,0.663,69.89,12.37,0.145,0.261,0.025,0,3,1032,2,INJECTION
2024-07-01 08:23:56,M01,0.957,0.783,77.62,15.1,0.066,-0.232,0.025,0,2,1065,2,INJECTION
2024-07-01 08:23:57,M02,0.774,0.546,79.17,12.37,0.397,0.045,-0.014,0,3,941,2,INJECTION
2024-07-01 08:23:58,M02,1.004,0.94,78.59,12.49,0.26,0.083,0.218,0,2,1024,2,INJECTION
2024-07-01 08:23:59,M03,0.918,0.597,72.89,12.81,0.225,-0.151,-0.011,0,1,1080,2,INJECTION
2024-07-01 08:24:00,M03,0.859,0.69,81.26,13.93,0.135,0.119,-0.024,0,1,1144,2,INJECTION
2024-07-01 08:24:01,M01,0.882,0.547,74.71,14.58,0.189,-0.088,-0.037,0,1,871,2,INJECTION
2024-07-01 08:24:02,M01,0.833,0.53,75.36,15.31,0.204,0.118,-0.086,0,2,847,2,INJECTION
2024-07-01 08:24:03,M02,1.029,0.583,66.82,15.12,0.232,-0.314,0.063,0,1,574,2,INJECTION
2024-07-01 08:24:04,M03,0.743,0.571,78.01,13.79,0.272,0.057,-0.06,0,1,1397,2,INJECTION
2024-07-01 08:24:05,M01,0.795,0.64,73.37,15.09,0.091,-0.071,-0.05,0,1,1380,2,INJECTION
2024-07-01 08:24:06,M01,0.878,0.57,77.09,12.93,0.009,0.196,-0.047,0,2,990,2,INJECTION
2024-07-01 08:24:07,M01,1.119,0.777,75.91,11.47,0.194,-0.008,-0.087,0,1,1000,2,INJECTION
2024-07-01 08:24:08,M03,1.049,0.594,75.63,12.93,-0.024,0.213,-0.156,0,2,1311,2,INJECTION
2024-07-01 08:24:09,M03,0.715,0.58,74.47,12.76,0.146,0.086,-0.04,0,3,770,2,INJECTION
2024-07-01 08:24:10,M01,1.086,0.642,78.74,12.98,0.123,-0.022,0.08,0,3,829,2,INJECTION
2024-07-01 08:24:11,M03,1.086,0.813,73.68,12.57,0.243,0.134,0.019,0,1,1326,2,INJECTION
2024-07-01 08:24:12,M01,0.773,0.717,67.25,13.2,0.421,0.135,0.141,0,1,939,2,INJECTION
2024-07-01 08:24:13,M03,0.606,0.678,77.62,14.58,-0.048,0.08,0.069,0,1,804,2,INJECTION
2024-07-01 08:24:14,M03,0.91,0.514,70.56,15.98,0.456,-0.392,0.048,0,3,1092,2,INJECTION
2024-07-01 08:24:15,M01,1.058,0.55,67.92,11.59,0.156,-0.168,0.17,0,3,872,2,INJECTION
2024-07-01 08:24:16,M01,1.116,0.533,69.47,12.15,0.226,0.236,-0.008,0,2,1283,2,INJECTION
2024-07-01 08:24:17,M02,0.811,0.852,76.16,12.78,0.015,-0.215,0.007,0,3,1022,2,INJECTION
2024-07-01 08:24:18,M01,1.136,0.756,74.21,14.76,0.303,0.15,0.0,0,2,880,2,INJECTION
2024-07-01 08:24:19,M01,0.642,0.584,63.77,13.53,0.189,0.12,0.14,0,1,889,2,INJECTION
2024-07-01 08:24:20,M03,0.873,0.621,72.74,12.87,0.177,-0.124,0.001,0,1,1082,2,INJECTION
2024-07-01 08:24:21,M02,0.867,0.589,80.7,14.7,-0.047,-0.341,-0.057,0,2,962,2,INJECTION
2024-07-01 08:24:22,M02,1.061,0.581,72.39,15.01,0.193,-0.097,0.054,0,3,936,2,INJECTION
2024-07-01 08:24:23,M03,1.079,0.748,73.86,13.76,0.285,0.354,-0.072,0,3,1152,2,INJECTION
2024-07-01 08:24:24,M03,1.037,0.655,80.05,12.75,0.156,-0.148,0.049,0,2,1314,2,INJECTION
2024-07-01 08:24:25,M02,0.751,0.948,78.78,14.13,0.325,-0.136,0.038,0,2,1122,2,INJECTION
2024-07-01 08:24:26,M01,1.025,0.845,79.94,13.49,0.32,-0.171,-0.016,0,1,858,2,INJECTION
2024-07-01 08:24:27,M02,0.982,0.852,60.49,13.48,0.108,0.207,0.052,0,2,793,2,INJECTION
2024-07-01 08:24:28,M02,0.711,0.774,83.59,13.14,0.375,-0.042,-0.132,0,2,1139,2,INJECTION
2024-07-01 08:24:29,M03,0.662,0.638,77.97,14.97,0.19,-0.107,0.016,0,3,1121,2,INJECTION
2024-07-01 08:24:30,M01,1.047,0.765,87.32,14.11,0.19,0.241,-0.04,0,1,922,2,INJECTION
2024-07-01 08:24:31,M01,0.896,0.648,70.69,15.11,0.196,0.099,0.258,0,2,965,2,INJECTION
2024-07-01 08:24:32,M03,0.759,0.892,65.67,15.49,0.193,-0.157,0.015,0,2,868,2,INJECTION
2024-07-01 08:24:33,M01,0.893,0.741,74.74,14.37,-0.13,-0.209,-0.052,0,3,797,2,INJECTION
2024-07-01 08:24:34,M03,0.964,0.723,73.29,13.14,0.162,0.197,-0.123,0,2,883,2,INJECTION
2024-07-01 08:24:35,M02,0.908,0.706,78.05,15.11,0.021,0.003,0.118,0,2,533,2,INJECTION
2024-07-01 08:24:36,M03,0.726,0.906,80.21,14.38,0.379,-0.265,-0.03,0,1,1238,2,INJECTION
2024-07-01 08:24:37,M02,1.152,0.514,74.26,17.11,0.374,-0.305,-0.07,0,3,740,2,INJECTION
2024-07-01 08:24:38,M02,1.043,0.918,73.47,14.18,0.286,-0.191,0.031,0,1,994,2,INJECTION
2024-07-01 08:24:39,M01,0.877,0.668,77.38,14.68,0.156,-0.212,0.059,0,1,599,2,INJECTION
2024-07-01 08:24:40,M01,0.882,0.517,73.39,14.16,0.064,-0.35,0.058,0,1,1114,2,INJECTION
2024-07-01 08:24:41,M02,0.963,0.598,72.96,13.66,0.106,-0.188,0.003,0,3,1175,2,INJECTION
2024-07-01 08:24:42,M01,0.778,0.487,80.02,13.46,0.416,-0.157,0.015,0,1,1011,2,INJECTION
2024-07-01 08:24:43,M02,0.959,0.771,81.16,14.16,0.102,-0.079,0.022,0,1,982,2,INJECTION
2024-07-01 08:24:44,M02,0.753,0.562,80.26,14.45,-0.097,0.289,0.031,0,1,867,2,INJECTION
2024-07-01 08:24:45,M01,0.91,0.712,73.84,15.26,0.307,-0.046,0.039,0,1,1232,2,INJECTION
2024-07-01 08:24:46,M01,0.774,0.831,63.74,14.18,0.364,-0.029,0.099,0,1,703,2,INJECTION
2024-07-01 08:24:47,M02,0.78,0.608,73.94,13.2,0.383,0.087,0.006,0,3,910,2,INJECTION
2024-07-01 08:24:48,M03,1.123,0.658,70.82,13.37,0.308,-0.041,-0.072,0,3,846,2,INJECTION
2024-07-01 08:24:49,M02,0.926,0.53,74.04,12.1,0.328,0.068,-0.012,0,1,840,2,INJECTION
2024-07-01 08:24:50,M02,0.944,0.643,71.26,15.91,0.191,0.048,0.069,0,2,1226,2,INJECTION
2024-07-01 08:24:51,M01,0.669,1.009,74.6,13.1,-0.064,0.021,-0.159,0,2,970,2,INJECTION
2024-07-01 08:24:52,M03,0.844,0.787,69.38,15.02,0.188,0.472,-0.159,0,2,866,2,INJECTION
2024-07-01 08:24:53,M03,0.976,0.658,68.14,14.14,0.259,0.155,0.084,0,3,1061,2,INJECTION
2024-07-01 08:24:54,M02,0.943,0.615,80.97,14.18,0.168,-0.185,0.138,0,2,1044,2,INJECTION
2024-07-01 08:24:55,M03,0.651,0.685,69.73,13.64,0.163,0.063,-0.112,0,1,1171,2,INJECTION
2024-07-01 08:24:56,M03,0.944,0.707,74.71,12.78,0.069,-0.136,0.01,0,3,1082,2,INJECTION
2024-07-01 08:24:57,M03,0.964,0.639,79.6,12.55,0.065,0.076,-0.035,0,3,979,2,INJECTION
2024-07-01 08:24:58,M01,1.078,0.756,79.39,15.99,0.404,-0.235,-0.022,0,1,992,2,INJECTION
2024-07-01 08:24:59,M02,0.837,0.573,78.78,13.93,0.408,-0.189,0.029,0,3,691,2,INJECTION
2024-07-01 08:25:00,M01,0.64,0.572,76.26,15.22,0.184,0.058,-0.115,0,3,1073,2,INJECTION
2024-07-01 08:25:01,M03,0.781,0.563,67.58,11.82,0.123,0.005,0.033,1,0,1131,3,REJEU
2024-07-01 08:25:02,M01,0.754,0.56,64.71,11.91,0.177,0.026,-0.01,1,-1,985,3,REJEU
2024-07-01 08:25:03,M03,0.745,0.571,61.33,12.57,0.088,-0.066,-0.003,1,-1,954,3,REJEU
2024-07-01 08:25:04,M01,0.809,0.591,64.11,12.68,0.203,0.01,0.014,1,-3,913,3,REJEU
2024-07-01 08:25:05,M01,0.782,0.63,67.58,11.69,0.178,0.1,0.009,1,-3,994,3,REJEU
2024-07-01 08:25:06,M03,0.875,0.616,65.49,11.61,0.163,0.133,0.024,1,-1,1055,3,REJEU
2024-07-01 08:25:07,M03,0.79,0.548,62.05,11.53,0.214,0.052,0.012,1,0,1103,3,REJEU
2024-07-01 08:25:08,M01,0.802,0.665,69.81,12.41,0.145,-0.012,0.018,1,-3,1012,3,REJEU
2024-07-01 08:25:09,M03,0.73,0.647,62.39,11.52,0.131,0.05,-0.011,1,-3,968,3,REJEU
2024-07-01 08:25:10,M03,0.781,0.556,64.46,12.41,0.226,0.092,-0.037,1,-1,1008,3,REJEU
2024-07-01 08:25:11,M02,0.807,0.661,62.83,12.27,0.248,-0.137,-0.05,1,0,1011,3,REJEU
2024-07-01 08:25:12,M02,0.78,0.617,62.84,11.71,0.127,0.101,-0.059,1,-3,995,3,REJEU
2024-07-01 08:25:13,M01,0.775,0.593,64.03,12.79,0.155,-0.037,0.064,1,0,1054,3,REJEU
2024-07-01 08:25:14,M03,0.815,0.618,66.26,11.24,0.21,-0.037,-0.078,1,-3,1078,3,REJEU
2024-07-01 08:25:15,M02,0.874,0.599,67.61,12.84,0.157,-0.025,0.044,1,-2,951,3,REJEU
2024-07-01 08:25:16,M02,0.806,0.628,64.17,12.15,0.189,0.022,-0.028,1,-1,1028,3,REJEU
2024-07-01 08:25:17,M01,0.855,0.61,62.89,10.93,0.198,-0.076,0.044,1,-3,997,3,REJEU
2024-07-01 08:25:18,M03,0.83,0.584,65.94,12.8,0.133,-0.02,-0.078,1,-1,1013,3,REJEU
2024-07-01 08:25:19,M03,0.852,0.501,66.0,12.49,0.18,0.036,-0.007,1,0,1000,3,REJEU
2024-07-01 08:25:20,M01,0.768,0.627,65.45,11.77,0.16,0.015,0.053,1,0,1013,3,REJEU
2024-07-01 08:25:21,M02,0.788,0.582,65.53,11.5,0.102,0.026,0.027,1,-2,950,3,REJEU
2024-07-01 08:25:22,M02,0.789,0.639,64.73,11.19,0.113,-0.022,-0.011,1,-2,1108,3,REJEU
2024-07-01 08:25:23,M03,0.826,0.624,65.16,13.22,0.129,0.047,-0.069,1,-3,1032,3,REJEU
2024-07-01 08:25:24,M03,0.838,0.583,64.59,11.52,0.205,0.072,-0.046,1,-1,996,3,REJEU
2024-07-01 08:25:25,M02,0.805,0.651,67.15,11.35,0.206,0.068,0.051,1,0,978,3,REJEU
2024-07-01 08:25:26,M03,0.842,0.611,69.53,12.13,0.196,0.029,-0.012,1,0,898,3,REJEU
2024-07-01 08:25:27,M01,0.771,0.609,65.33,11.15,0.181,0.064,-0.002,1,-2,1040,3,REJEU
2024-07-01 08:25:28,M02,0.843,0.594,64.95,11.49,0.18,0.059,0.011,1,-2,987,3,REJEU
2024-07-01 08:25:29,M01,0.849,0.684,65.48,12.5,0.174,0.183,-0.046,1,-2,1075,3,REJEU
2024-07-01 08:25:30,M02,0.832,0.565,63.61,12.23,0.18,0.083,0.016,1,0,931,3,REJEU
2024-07-01 08:25:31,M01,0.805,0.585,66.53,11.79,0.183,-0.006,-0.014,1,-2,923,3,REJEU
2024-07-01 08:25:32,M02,0.834,0.539,65.86,12.0,0.093,-0.063,0.012,1,-3,951,3,REJEU
2024-07-01 08:25:33,M02,0.754,0.637,64.1,11.76,0.123,-0.018,-0.02,1,-3,984,3,REJEU
2024-07-01 08:25:34,M01,0.809,0.572,66.81,11.96,0.111,-0.023,-0.055,1,-1,952,3,REJEU
2024-07-01 08:25:35,M01,0.814,0.577,65.0,11.6,0.213,0.035,-0.014,1,0,1093,3,REJEU
2024-07-01 08:25:36,M02,0.733,0.575,62.97,11.69,0.239,-0.048,0.024,1,-3,1086,3,REJEU
2024-07-01 08:25:37,M02,0.822,0.604,65.68,11.68,0.057,0.081,0.015,1,-3,1000,3,REJEU
2024-07-01 08:25:38,M03,0.737,0.539,65.45,11.62,0.235,-0.095,0.002,1,0,1019,3,REJEU
2024-07-01 08:25:39,M03,0.777,0.49,66.93,12.52,0.164,-0.112,0.033,1,-1,1026,3,REJEU
2024-07-01 08:25:40,M01,0.801,0.623,66.66,12.38,0.209,-0.01,-0.006,1,0,978,3,REJEU
2024-07-01 08:25:41,M03,0.762,0.496,64.74,11.51,0.185,-0.058,0.003,1,-2,952,3,REJEU
2024-07-01 08:25:42,M02,0.803,0.643,63.99,11.38,0.229,-0.086,-0.016,1,-3,1144,3,REJEU
2024-07-01 08:25:43,M01,0.802,0.678,64.96,11.91,0.17,-0.044,0.035,1,-2,1011,3,REJEU
2024-07-01 08:25:44,M03,0.758,0.592,65.7,13.09,0.095,-0.052,0.011,1,-1,988,3,REJEU
2024-07-01 08:25:45,M01,0.827,0.665,65.95,11.47,0.155,0.0,-0.019,1,-2,1004,3,REJEU
2024-07-01 08:25:46,M02,0.761,0.599,65.58,11.91,0.185,-0.043,-0.052,1,-3,1011,3,REJEU
2024-07-01 08:25:47,M02,0.912,0.68,64.77,12.04,0.15,-0.037,0.041,1,0,1101,3,REJEU
2024-07-01 08:25:48,M02,0.793,0.578,67.0,11.93,0.192,-0.001,-0.026,1,0,1028,3,REJEU
2024-07-01 08:25:49,M02,0.741,0.484,63.58,11.76,0.157,0.069,0.004,1,-2,981,3,REJEU
2024-07-01 08:25:50,M03,0.75,0.597,70.04,12.58,0.132,0.1,0.085,1,-3,1046,3,REJEU
2024-07-01 08:25:51,M01,0.856,0.685,66.52,12.22,0.108,0.01,0.03,1,0,1020,3,REJEU
2024-07-01 08:25:52,M02,0.778,0.627,62.65,12.42,0.142,0.015,0.059,1,0,962,3,REJEU
2024-07-01 08:25:53,M02,0.731,0.575,65.34,12.29,0.17,-0.013,-0.018,1,-1,961,3,REJEU
2024-07-01 08:25:54,M03,0.841,0.617,66.54,12.45,0.067,0.033,0.039,1,-1,952,3,REJEU
2024-07-01 08:25:55,M02,0.778,0.649,64.24,12.8,0.123,0.026,0.002,1,-2,965,3,REJEU
2024-07-01 08:25:56,M03,0.831,0.596,61.89,12.67,0.065,0.09,0.014,1,-1,964,3,REJEU
2024-07-01 08:25:57,M01,0.845,0.73,62.83,13.18,0.131,-0.129,0.074,1,-2,1020,3,REJEU
2024-07-01 08:25:58,M03,0.812,0.575,66.07,12.61,0.218,-0.016,-0.009,1,0,945,3,REJEU
2024-07-01 08:25:59,M03,0.918,0.65,61.36,11.65,0.104,0.023,0.002,1,-3,942,3,REJEU
2024-07-01 08:26:00,M02,0.713,0.638,61.99,12.42,0.194,-0.002,-0.031,1,-2,1041,3,REJEU
2024-07-01 08:26:01,M01,0.758,0.566,66.06,12.35,0.296,-0.064,0.033,1,0,1013,3,REJEU
2024-07-01 08:26:02,M01,0.786,0.58,64.5,12.97,0.23,-0.089,-0.019,1,-3,992,3,REJEU
2024-07-01 08:26:03,M02,0.911,0.651,63.53,11.5,0.167,0.055,0.038,1,0,1028,3,REJEU
2024-07-01 08:26:04,M03,0.888,0.608,63.95,12.27,0.201,-0.052,-0.058,1,-1,989,3,REJEU
2024-07-01 08:26:05,M02,0.863,0.617,61.94,11.64,0.095,-0.12,0.021,1,-1,964,3,REJEU
2024-07-01 08:26:06,M03,0.759,0.52,65.95,12.25,0.085,0.058,-0.022,1,0,1044,3,REJEU
2024-07-01 08:26:07,M01,0.765,0.633,63.31,11.88,0.162,0.031,0.027,1,-2,1046,3,REJEU
2024-07-01 08:26:08,M02,0.758,0.615,63.86,12.23,0.179,-0.008,0.001,1,0,987,3,REJEU
2024-07-01 08:26:09,M03,0.76,0.597,65.67,11.27,0.213,-0.063,-0.018,1,-1,1018,3,REJEU
2024-07-01 08:26:10,M02,0.873,0.618,64.43,12.39,0.133,-0.008,-0.013,1,-1,903,3,REJEU
2024-07-01 08:26:11,M03,0.787,0.58,63.52,12.1,0.17,0.083,-0.03,1,0,1013,3,REJEU
2024-07-01 08:26:12,M02,0.793,0.571,60.88,12.07,0.168,-0.111,0.031,1,-3,1076,3,REJEU
2024-07-01 08:26:13,M01,0.837,0.589,65.71,12.98,0.154,-0.107,-0.037,1,-3,987,3,REJEU
2024-07-01 08:26:14,M01,0.716,0.578,65.12,11.79,0.157,-0.043,-0.009,1,-2,1078,3,REJEU
2024-07-01 08:26:15,M03,0.801,0.708,63.9,12.16,0.119,-0.002,0.013,1,-2,1046,3,REJEU
2024-07-01 08:26:16,M03,0.744,0.646,62.83,12.04,0.174,-0.034,0.059,1,-2,972,3,REJEU
2024-07-01 08:26:17,M02,0.784,0.553,64.99,12.09,0.17,0.044,0.001,1,-1,997,3,REJEU
2024-07-01 08:26:18,M01,0.77,0.701,65.94,13.12,0.139,0.074,-0.008,1,-3,983,3,REJEU
2024-07-01 08:26:19,M03,0.767,0.579,65.16,12.02,0.192,0.019,0.011,1,0,900,3,REJEU
2024-07-01 08:26:20,M02,0.81,0.602,68.32,11.7,0.209,0.038,-0.073,1,-1,974,3,REJEU
2024-07-01 08:26:21,M02,0.81,0.645,66.4,12.94,0.193,0.018,-0.042,1,0,975,3,REJEU
2024-07-01 08:26:22,M01,0.788,0.503,64.74,11.83,0.11,0.0,-0.012,1,-2,964,3,REJEU
2024-07-01 08:26:23,M03,0.817,0.589,66.47,11.17,0.165,-0.089,-0.025,1,0,973,3,REJEU
2024-07-01 08:26:24,M01,0.756,0.572,65.06,11.61,0.117,-0.071,-0.056,1,-1,984,3,REJEU
2024-07-01 08:26:25,M01,0.833,0.611,65.05,11.35,0.165,-0.093,0.032,1,-2,1020,3,REJEU
2024-07-01 08:26:26,M03,0.788,0.619,67.62,11.07,0.117,-0.01,0.01,1,-2,968,3,REJEU
2024-07-01 08:26:27,M02,0.775,0.597,63.12,11.8,0.221,0.016,0.006,1,-1,1063,3,REJEU
2024-07-01 08:26:28,M02,0.759,0.594,65.01,11.95,0.198,-0.099,-0.024,1,-3,952,3,REJEU
2024-07-01 08:26:29,M03,0.787,0.653,67.4,12.59,0.215,0.005,0.004,1,-1,1053,3,REJEU
2024-07-01 08:26:30,M03,0.891,0.615,65.59,12.31,0.211,-0.06,0.019,1,-3,1012,3,REJEU
2024-07-01 08:26:31,M01,0.796,0.603,64.2,12.29,0.147,-0.073,-0.009,1,-3,939,3,REJEU
2024-07-01 08:26:32,M01,0.742,0.608,61.46,11.53,0.14,-0.043,0.017,1,-3,983,3,REJEU
2024-07-01 08:26:33,M02,0.844,0.691,60.31,12.44,0.244,-0.077,-0.028,1,-1,1080,3,REJEU
2024-07-01 08:26:34,M03,0.775,0.609,69.22,12.7,0.152,0.041,0.004,1,0,953,3,REJEU
2024-07-01 08:26:35,M02,0.813,0.575,65.59,12.19,0.096,-0.012,0.042,1,-3,1082,3,REJEU
2024-07-01 08:26:36,M02,0.769,0.506,63.76,12.21,0.208,0.055,0.045,1,0,1022,3,REJEU
2024-07-01 08:26:37,M02,0.862,0.53,65.68,11.35,0.167,-0.031,0.049,1,-1,1013,3,REJEU
2024-07-01 08:26:38,M03,0.769,0.578,63.02,12.53,0.232,-0.028,0.011,1,0,1019,3,REJEU
2024-07-01 08:26:39,M03,0.868,0.595,64.28,12.9,0.172,0.128,0.002,1,-3,982,3,REJEU
2024-07-01 08:26:40,M01,0.747,0.573,63.03,12.15,0.159,-0.111,-0.015,1,-3,837,3,REJEU
2024-07-01 08:26:41,M02,0.784,0.618,62.06,11.69,0.233,0.087,-0.064,1,-1,955,3,REJEU
2024-07-01 08:26:42,M01,0.868,0.573,60.64,11.91,0.087,0.113,-0.047,1,-3,1000,3,REJEU
2024-07-01 08:26:43,M03,0.807,0.555,61.68,11.78,0.132,0.052,-0.005,1,-1,1015,3,REJEU
2024-07-01 08:26:44,M03,0.911,0.631,67.05,11.81,0.118,-0.023,-0.003,1,-2,1024,3,REJEU
2024-07-01 08:26:45,M01,0.785,0.668,62.94,12.32,0.055,0.097,0.052,1,0,1022,3,REJEU
2024-07-01 08:26:46,M01,0.811,0.546,66.06,12.13,0.202,-0.022,0.048,1,-2,1035,3,REJEU
2024-07-01 08:26:47,M01,0.893,0.613,66.92,12.5,0.134,-0.049,-0.024,1,-3,1104,3,REJEU
2024-07-01 08:26:48,M03,0.724,0.506,64.99,12.18,0.204,-0.027,0.03,1,-1,1010,3,REJEU
2024-07-01 08:26:49,M02,0.717,0.528,64.35,11.55,0.179,-0.039,-0.016,1,-3,1060,3,REJEU
2024-07-01 08:26:50,M01,0.759,0.572,65.23,11.73,0.189,-0.065,0.026,1,-1,1026,3,REJEU
2024-07-01 08:26:51,M01,0.839,0.657,64.11,11.7,0.139,0.076,0.03,1,-3,1111,3,REJEU
2024-07-01 08:26:52,M03,0.719,0.562,67.43,11.89,0.124,-0.053,0.046,1,0,1003,3,REJEU
2024-07-01 08:26:53,M03,0.828,0.56,68.81,12.91,0.165,-0.002,-0.017,1,-3,997,3,REJEU
2024-07-01 08:26:54,M03,0.825,0.602,67.93,12.99,0.204,-0.099,0.037,1,-1,1056,3,REJEU
2024-07-01 08:26:55,M03,0.899,0.602,60.55,12.42,0.158,0.002,-0.066,1,-2,1056,3,REJEU
2024-07-01 08:26:56,M02,0.851,0.562,64.06,12.05,0.127,-0.079,0.048,1,0,985,3,REJEU
2024-07-01 08:26:57,M03,0.817,0.699,64.97,11.3,0.103,-0.081,0.0,1,-1,1024,3,REJEU
2024-07-01 08:26:58,M02,0.866,0.587,65.91,12.1,0.17,-0.008,0.001,1,-1,1036,3,REJEU
2024-07-01 08:26:59,M03,0.825,0.606,61.42,11.59,0.134,0.072,-0.072,1,-3,1033,3,REJEU
2024-07-01 08:27:00,M03,0.776,0.581,61.39,12.82,0.157,0.03,-0.013,1,-1,1019,3,REJEU
2024-07-01 08:27:01,M01,0.742,0.622,67.64,11.17,0.149,0.034,0.05,1,-2,916,3,REJEU
2024-07-01 08:27:02,M01,0.77,0.662,63.81,12.19,0.139,-0.009,-0.014,1,-1,1033,3,REJEU
2024-07-01 08:27:03,M03,0.797,0.683,61.91,11.54,0.174,-0.023,0.027,1,-1,1036,3,REJEU
2024-07-01 08:27:04,M02,0.807,0.563,62.7,11.99,0.187,0.054,0.002,1,-1,1021,3,REJEU
2024-07-01 08:27:05,M01,0.693,0.655,65.76,12.33,0.254,-0.039,0.039,1,-3,980,3,REJEU
2024-07-01 08:27:06,M03,0.788,0.628,63.27,12.51,0.197,0.057,0.008,1,-3,1074,3,REJEU
2024-07-01 08:27:07,M03,0.8,0.649,65.46,11.96,0.236,0.084,-0.032,1,-1,954,3,REJEU
2024-07-01 08:27:08,M01,0.826,0.596,62.95,12.38,0.121,-0.058,0.003,1,-2,1057,3,REJEU
2024-07-01 08:27:09,M03,0.879,0.591,61.38,11.65,0.084,-0.048,0.058,1,-2,953,3,REJEU
2024-07-01 08:27:10,M03,0.808,0.647,67.88,12.12,0.16,-0.038,0.019,1,-3,1050,3,REJEU
2024-07-01 08:27:11,M01,0.754,0.648,65.78,12.5,0.201,-0.1,-0.003,1,-2,955,3,REJEU
2024-07-01 08:27:12,M03,0.709,0.678,64.28,12.16,0.194,-0.032,0.082,1,-2,1047,3,REJEU
2024-07-01 08:27:13,M01,0.833,0.61,63.89,11.72,0.218,0.089,0.043,1,-3,1087,3,REJEU
2024-07-01 08:27:14,M01,0.756,0.595,67.96,11.85,0.039,-0.072,0.03,1,0,1087,3,REJEU
2024-07-01 08:27:15,M03,0.842,0.479,66.17,12.51,0.22,0.09,0.012,1,-3,1073,3,REJEU
2024-07-01 08:27:16,M02,0.868,0.521,67.31,11.43,0.176,-0.03,0.027,1,-2,935,3,REJEU
2024-07-01 08:27:17,M02,0.722,0.581,63.76,11.51,0.086,0.144,0.028,1,-3,1003,3,REJEU
2024-07-01 08:27:18,M01,0.826,0.546,65.06,12.3,0.195,-0.047,-0.077,1,-2,972,3,REJEU
2024-07-01 08:27:19,M02,0.863,0.641,65.78,11.77,0.168,-0.01,0.015,1,-3,877,3,REJEU
2024-07-01 08:27:20,M03,0.849,0.536,63.83,11.25,0.179,-0.062,-0.005,1,-3,995,3,REJEU
2024-07-01 08:27:21,M01,0.695,0.576,64.76,12.68,0.208,-0.047,-0.017,1,-1,1053,3,REJEU
2024-07-01 08:27:22,M03,0.756,0.578,63.76,11.43,0.181,0.091,-0.006,1,-2,1032,3,REJEU
2024-07-01 08:27:23,M02,0.735,0.66,65.78,11.89,0.09,0.032,-0.055,1,0,1117,3,REJEU
2024-07-01 08:27:24,M01,0.825,0.571,62.25,11.67,0.153,0.07,-0.064,1,-2,977,3,REJEU
2024-07-01 08:27:25,M02,0.819,0.623,66.13,11.84,0.083,-0.09,0.046,1,-2,1091,3,REJEU
2024-07-01 08:27:26,M02,0.665,0.61,65.6,11.54,0.191,0.044,0.018,1,-1,998,3,REJEU
2024-07-01 08:27:27,M03,0.784,0.645,64.54,12.35,0.227,-0.067,-0.086,1,-1,953,3,REJEU
2024-07-01 08:27:28,M02,0.838,0.643,65.88,12.05,0.101,-0.092,-0.02,1,-2,1017,3,REJEU
2024-07-01 08:27:29,M03,0.806,0.599,64.21,12.49,0.128,0.016,0.033,1,-2,1031,3,REJEU
2024-07-01 08:27:30,M01,0.806,0.517,63.59,11.68,0.118,0.015,-0.009,1,-3,1067,3,REJEU
2024-07-01 08:27:31,M02,0.781,0.589,66.07,13.08,0.139,0.003,0.046,1,-2,976,3,REJEU
2024-07-01 08:27:32,M03,0.746,0.6,66.16,11.02,0.18,0.049,0.039,1,-1,1017,3,REJEU
2024-07-01 08:27:33,M02,0.798,0.615,63.92,11.18,0.139,0.059,-0.048,1,0,1004,3,REJEU
2024-07-01 08:27:34,M02,0.801,0.564,63.74,12.88,0.191,0.1,-0.004,1,-2,985,3,REJEU
2024-07-01 08:27:35,M03,0.829,0.657,64.58,12.23,0.211,-0.082,-0.015,1,-1,1084,3,REJEU
2024-07-01 08:27:36,M02,0.833,0.601,63.83,12.16,0.213,0.102,-0.049,1,0,1032,3,REJEU
2024-07-01 08:27:37,M02,0.803,0.555,68.09,12.21,0.107,0.128,-0.051,1,-2,896,3,REJEU
2024-07-01 08:27:38,M03,0.853,0.578,65.61,12.28,0.227,-0.025,-0.028,1,-1,1018,3,REJEU
2024-07-01 08:27:39,M01,0.78,0.696,64.99,12.14,0.23,-0.114,-0.022,1,-3,925,3,REJEU
2024-07-01 08:27:40,M01,0.727,0.633,63.05,11.5,0.235,-0.095,0.011,1,-2,1013,3,REJEU
2024-07-01 08:27:41,M01,0.822,0.652,66.47,12.41,0.153,-0.032,0.038,1,0,932,3,REJEU
2024-07-01 08:27:42,M01,0.805,0.549,63.71,12.33,0.124,0.137,0.019,1,-3,1032,3,REJEU
2024-07-01 08:27:43,M01,0.823,0.567,63.62,12.72,0.113,0.001,0.028,1,-3,924,3,REJEU
2024-07-01 08:27:44,M02,0.736,0.567,66.54,12.89,0.108,-0.042,-0.009,1,-3,955,3,REJEU
2024-07-01 08:27:45,M02,0.888,0.61,65.75,12.16,0.161,-0.047,0.023,1,-2,1044,3,REJEU
2024-07-01 08:27:46,M02,0.834,0.592,59.83,11.36,0.201,-0.091,-0.004,1,0,1003,3,REJEU
2024-07-01 08:27:47,M03,0.784,0.576,64.64,12.89,0.223,0.059,-0.015,1,-1,936,3,REJEU
2024-07-01 08:27:48,M03,0.752,0.583,65.22,11.47,0.137,-0.007,0.069,1,0,1080,3,REJEU
2024-07-01 08:27:49,M03,0.852,0.561,64.26,12.16,0.158,0.143,-0.083,1,-3,982,3,REJEU
2024-07-01 08:27:50,M02,0.744,0.592,65.29,11.86,0.155,0.043,-0.066,1,0,990,3,REJEU
2024-07-01 08:27:51,M01,0.911,0.656,61.25,11.77,0.13,0.056,0.015,1,-2,995,3,REJEU
2024-07-01 08:27:52,M02,0.768,0.526,59.16,12.38,0.195,-0.017,-0.009,1,-1,1037,3,REJEU
2024-07-01 08:27:53,M02,0.884,0.618,62.96,12.11,0.178,-0.075,-0.051,1,-3,986,3,REJEU
2024-07-01 08:27:54,M02,0.79,0.669,65.54,12.25,0.167,-0.06,-0.037,1,0,997,3,REJEU
2024-07-01 08:27:55,M01,0.877,0.592,58.35,11.57,0.177,-0.094,-0.032,1,-3,1061,3,REJEU
2024-07-01 08:27:56,M03,0.762,0.574,63.23,11.9,0.19,0.062,0.033,1,-2,1054,3,REJEU
2024-07-01 08:27:57,M03,0.8,0.646,61.02,11.6,0.189,-0.027,0.045,1,-2,993,3,REJEU
2024-07-01 08:27:58,M02,0.839,0.552,64.46,11.89,0.12,0.065,0.06,1,-1,995,3,REJEU
2024-07-01 08:27:59,M01,0.832,0.599,68.97,11.93,0.203,0.009,-0.056,1,0,880,3,REJEU
2024-07-01 08:28:00,M02,0.853,0.549,64.51,12.93,0.173,-0.02,-0.048,1,0,1012,3,REJEU
2024-07-01 08:28:01,M03,0.775,0.508,64.74,11.86,0.14,-0.08,-0.051,1,-3,1046,3,REJEU
2024-07-01 08:28:02,M03,0.803,0.593,66.68,10.91,0.171,0.02,0.047,1,0,983,3,REJEU
2024-07-01 08:28:03,M01,0.861,0.538,65.0,12.7,0.177,-0.015,0.016,1,-1,1071,3,REJEU
2024-07-01 08:28:04,M03,0.764,0.6,64.52,12.22,0.212,0.061,0.004,1,-2,1095,3,REJEU
2024-07-01 08:28:05,M01,0.827,0.656,66.86,11.92,0.11,-0.049,0.009,1,-3,919,3,REJEU
2024-07-01 08:28:06,M01,0.788,0.692,65.93,11.77,0.224,0.042,-0.001,1,-2,959,3,REJEU
2024-07-01 08:28:07,M01,0.809,0.605,65.55,11.51,0.161,0.112,-0.039,1,-1,1066,3,REJEU
2024-07-01 08:28:08,M03,0.803,0.651,64.68,12.98,0.136,0.018,0.019,1,-1,1044,3,REJEU
2024-07-01 08:28:09,M02,0.76,0.62,64.25,12.02,0.135,0.053,-0.006,1,-2,917,3,REJEU
2024-07-01 08:28:10,M01,0.786,0.582,66.84,11.1,0.112,0.039,-0.042,1,0,925,3,REJEU
2024-07-01 08:28:11,M02,0.806,0.506,64.27,12.16,0.077,0.129,0.022,1,-2,1033,3,REJEU
2024-07-01 08:28:12,M01,0.794,0.681,67.48,12.61,0.193,0.025,-0.014,1,0,1022,3,REJEU
2024-07-01 08:28:13,M01,0.877,0.549,62.81,12.07,0.255,0.048,0.009,1,-3,989,3,REJEU
2024-07-01 08:28:14,M01,0.849,0.669,67.9,11.53,0.083,-0.003,-0.003,1,-1,1069,3,REJEU
2024-07-01 08:28:15,M03,0.813,0.627,65.93,11.48,0.115,-0.053,0.033,1,-2,970,3,REJEU
2024-07-01 08:28:16,M02,0.761,0.552,62.97,11.52,0.196,-0.083,0.009,1,-1,898,3,REJEU
2024-07-01 08:28:17,M02,0.758,0.616,66.0,12.77,0.158,0.086,-0.031,1,0,1036,3,REJEU
2024-07-01 08:28:18,M02,0.897,0.706,63.63,11.95,0.2,-0.069,0.013,1,-3,1048,3,REJEU
2024-07-01 08:28:19,M03,0.749,0.676,65.03,11.13,0.155,0.051,0.014,1,0,972,3,REJEU
2024-07-01 08:28:20,M02,0.804,0.575,63.96,12.19,0.133,0.028,0.019,1,0,945,3,REJEU
2024-07-01 08:28:21,M02,0.817,0.565,64.69,12.06,0.15,0.062,0.038,1,-2,900,3,REJEU
2024-07-01 08:28:22,M01,0.783,0.606,66.89,11.76,0.046,-0.035,-0.021,1,-2,1002,3,REJEU
2024-07-01 08:28:23,M03,0.749,0.592,66.02,11.47,0.106,-0.054,0.025,1,0,1019,3,REJEU
2024-07-01 08:28:24,M03,0.76,0.66,62.65,11.45,0.206,0.026,-0.061,1,0,1052,3,REJEU
2024-07-01 08:28:25,M01,0.772,0.637,62.77,12.54,0.217,-0.02,-0.003,1,-1,1022,3,REJEU
2024-07-01 08:28:26,M01,0.764,0.517,65.52,12.12,0.228,-0.084,-0.009,1,-1,976,3,REJEU
2024-07-01 08:28:27,M01,0.865,0.623,65.66,12.23,0.181,0.132,0.053,1,-1,1012,3,REJEU
2024-07-01 08:28:28,M01,0.798,0.592,63.58,12.11,0.052,-0.054,-0.005,1,-2,1055,3,REJEU
2024-07-01 08:28:29,M01,0.773,0.602,68.22,12.16,0.13,-0.068,0.023,1,-3,1018,3,REJEU
2024-07-01 08:28:30,M03,0.804,0.613,66.63,11.75,0.224,-0.017,-0.062,1,-1,1047,3,REJEU
2024-07-01 08:28:31,M02,0.832,0.66,63.68,11.89,0.238,0.085,-0.012,1,-3,947,3,REJEU
2024-07-01 08:28:32,M01,0.782,0.649,63.48,12.58,0.225,-0.148,-0.029,1,-2,1034,3,REJEU
2024-07-01 08:28:33,M03,0.843,0.564,64.49,12.71,0.149,0.08,0.09,1,0,1022,3,REJEU
2024-07-01 08:28:34,M01,0.736,0.598,64.28,11.37,0.098,-0.063,-0.023,1,-2,986,3,REJEU
2024-07-01 08:28:35,M01,0.857,0.578,67.54,11.88,0.158,0.018,0.004,1,-2,1056,3,REJEU
2024-07-01 08:28:36,M03,0.798,0.518,66.98,12.42,0.161,-0.046,0.006,1,-1,1103,3,REJEU
2024-07-01 08:28:37,M03,0.796,0.595,65.03,12.95,0.235,0.136,-0.056,1,0,930,3,REJEU
2024-07-01 08:28:38,M03,0.764,0.692,66.35,12.9,0.171,0.008,-0.018,1,-3,915,3,REJEU
2024-07-01 08:28:39,M03,0.738,0.516,66.65,11.58,0.161,-0.049,0.016,1,-1,988,3,REJEU
2024-07-01 08:28:40,M01,0.716,0.599,65.08,12.64,0.164,-0.021,0.004,1,-3,998,3,REJEU
2024-07-01 08:28:41,M03,0.761,0.598,65.79,12.02,0.179,0.006,-0.082,1,0,1002,3,REJEU
2024-07-01 08:28:42,M01,0.828,0.615,66.18,12.52,0.19,0.012,-0.019,1,-1,971,3,REJEU
2024-07-01 08:28:43,M02,0.751,0.553,65.96,12.39,0.126,0.03,0.038,1,0,923,3,REJEU
2024-07-01 08:28:44,M02,0.722,0.53,63.36,11.35,0.11,-0.0,0.022,1,0,990,3,REJEU
2024-07-01 08:28:45,M01,0.754,0.532,63.57,12.27,0.226,-0.094,0.045,1,-3,998,3,REJEU
2024-07-01 08:28:46,M02,0.78,0.666,64.37,12.5,0.082,-0.024,-0.034,1,-2,986,3,REJEU
2024-07-01 08:28:47,M02,0.782,0.552,63.51,11.98,0.239,0.041,0.047,1,-2,1000,3,REJEU
2024-07-01 08:28:48,M03,0.792,0.576,61.94,11.86,0.069,-0.046,-0.001,1,0,1013,3,REJEU
2024-07-01 08:28:49,M01,0.85,0.705,66.35,11.19,0.132,0.046,0.058,1,0,992,3,REJEU
2024-07-01 08:28:50,M01,0.861,0.564,65.67,12.34,0.207,0.002,0.001,1,-2,970,3,REJEU
2024-07-01 08:28:51,M02,0.898,0.618,62.21,12.1,0.16,-0.015,-0.073,1,0,1000,3,REJEU
2024-07-01 08:28:52,M02,0.718,0.653,64.47,11.52,0.097,0.081,0.031,1,-1,1017,3,REJEU
2024-07-01 08:28:53,M02,0.756,0.651,64.58,11.82,0.181,-0.119,-0.015,1,-2,1004,3,REJEU
2024-07-01 08:28:54,M03,0.833,0.535,65.33,12.07,0.164,-0.046,-0.013,1,-2,1107,3,REJEU
2024-07-01 08:28:55,M03,0.776,0.565,62.74,11.71,0.15,0.084,-0.051,1,-2,1021,3,REJEU
2024-07-01 08:28:56,M01,0.841,0.616,62.18,11.99,0.13,0.125,0.059,1,-2,1002,3,REJEU
2024-07-01 08:28:57,M02,0.809,0.696,66.03,11.1,0.159,0.156,-0.018,1,-3,963,3,REJEU
2024-07-01 08:28:58,M02,0.877,0.563,61.82,12.68,0.132,0.003,0.058,1,0,964,3,REJEU
2024-07-01 08:28:59,M02,0.85,0.576,64.48,12.0,0.277,0.031,-0.014,1,-3,986,3,REJEU
2024-07-01 08:29:00,M02,0.851,0.621,64.29,11.43,0.149,0.056,-0.032,1,-3,988,3,REJEU
2024-07-01 08:29:01,M03,0.778,0.631,64.71,10.74,0.142,0.087,0.048,1,-2,986,3,REJEU
2024-07-01 08:29:02,M01,0.794,0.634,65.48,12.51,0.134,0.021,-0.002,1,-1,1023,3,REJEU
2024-07-01 08:29:03,M03,0.784,0.559,68.24,12.27,0.245,0.063,-0.001,1,-2,1054,3,REJEU
2024-07-01 08:29:04,M03,0.724,0.574,61.68,12.1,0.082,0.031,-0.045,1,-1,1037,3,REJEU
2024-07-01 08:29:05,M03,0.872,0.611,66.76,12.43,0.177,0.035,-0.015,1,-3,1030,3,REJEU
2024-07-01 08:29:06,M03,0.836,0.663,59.81,12.43,0.149,-0.063,0.016,1,-2,958,3,REJEU
2024-07-01 08:29:07,M03,0.782,0.589,67.82,12.09,0.092,-0.023,-0.046,1,-3,1062,3,REJEU
2024-07-01 08:29:08,M03,0.863,0.599,60.77,11.86,0.121,-0.036,-0.018,1,-3,962,3,REJEU
2024-07-01 08:29:09,M03,0.767,0.55,69.95,11.78,0.175,-0.082,-0.014,1,0,1016,3,REJEU
2024-07-01 08:29:10,M01,0.708,0.693,64.16,12.2,0.119,-0.113,0.003,1,-2,1027,3,REJEU
2024-07-01 08:29:11,M01,0.849,0.608,67.61,12.7,0.173,-0.029,0.054,1,-2,1064,3,REJEU
2024-07-01 08:29:12,M01,0.735,0.654,67.18,11.94,0.243,-0.018,-0.01,1,-2,1095,3,REJEU
2024-07-01 08:29:13,M02,0.789,0.602,64.07,12.74,0.168,0.007,-0.024,1,-2,984,3,REJEU
2024-07-01 08:29:14,M01,0.809,0.605,64.22,12.18,0.091,0.038,0.1,1,-2,1011,3,REJEU
2024-07-01 08:29:15,M03,0.818,0.526,63.24,12.18,0.12,0.013,-0.015,1,0,1059,3,REJEU
2024-07-01 08:29:16,M03,0.841,0.494,66.57,13.22,0.147,-0.018,-0.006,1,-3,1101,3,REJEU
2024-07-01 08:29:17,M01,0.828,0.662,64.09,12.83,0.143,-0.063,-0.012,1,-3,989,3,REJEU
2024-07-01 08:29:18,M01,0.826,0.604,63.28,12.85,0.168,0.06,-0.009,1,-1,960,3,REJEU
2024-07-01 08:29:19,M01,0.759,0.611,66.06,11.58,0.175,-0.007,0.004,1,-1,936,3,REJEU
2024-07-01 08:29:20,M01,0.813,0.539,63.12,13.11,0.243,-0.03,0.034,1,0,917,3,REJEU
2024-07-01 08:29:21,M02,0.724,0.556,64.29,11.95,0.16,-0.013,0.016,1,-3,968,3,REJEU
2024-07-01 08:29:22,M03,0.876,0.653,65.18,11.87,0.105,-0.05,0.04,1,-2,1047,3,REJEU
2024-07-01 08:29:23,M02,0.729,0.687,63.64,10.89,0.215,-0.037,0.038,1,0,1050,3,REJEU
2024-07-01 08:29:24,M02,0.782,0.57,63.95,12.16,0.221,-0.039,0.008,1,-2,1021,3,REJEU
2024-07-01 08:29:25,M01,0.733,0.634,68.11,11.44,0.171,-0.02,0.015,1,0,987,3,REJEU
2024-07-01 08:29:26,M02,0.762,0.61,64.54,12.2,0.149,0.044,0.041,1,0,1023,3,REJEU
2024-07-01 08:29:27,M01,0.799,0.595,64.22,11.4,0.19,0.028,-0.039,1,-2,1005,3,REJEU
2024-07-01 08:29:28,M03,0.772,0.692,64.6,12.91,0.15,0.105,0.091,1,-1,989,3,REJEU
2024-07-01 08:29:29,M02,0.855,0.578,65.89,12.27,0.062,0.082,-0.017,1,-3,1018,3,REJEU
2024-07-01 08:29:30,M01,0.81,0.662,62.84,13.15,0.187,0.133,-0.012,1,-1,985,3,REJEU
2024-07-01 08:29:31,M02,0.776,0.619,65.84,11.47,0.203,0.038,-0.043,1,-2,1018,3,REJEU
2024-07-01 08:29:32,M02,0.792,0.6,65.48,12.78,0.229,0.037,-0.041,1,0,1026,3,REJEU
2024-07-01 08:29:33,M03,0.859,0.668,61.29,11.07,0.125,-0.034,0.036,1,0,1038,3,REJEU
2024-07-01 08:29:34,M03,0.844,0.615,68.64,12.1,0.171,0.056,0.082,1,-1,925,3,REJEU
2024-07-01 08:29:35,M02,0.742,0.596,67.95,11.67,0.172,-0.045,-0.019,1,-1,1063,3,REJEU
2024-07-01 08:29:36,M02,0.765,0.669,63.32,11.76,0.164,-0.101,0.013,1,0,998,3,REJEU
2024-07-01 08:29:37,M03,0.822,0.662,62.66,11.73,0.166,0.104,0.009,1,0,1096,3,REJEU
2024-07-01 08:29:38,M02,0.816,0.66,65.43,11.52,0.162,-0.086,0.037,1,-2,1048,3,REJEU
2024-07-01 08:29:39,M03,0.747,0.409,62.04,11.35,0.17,0.03,0.081,1,-3,962,3,REJEU
2024-07-01 08:29:40,M02,0.836,0.622,67.76,11.76,0.196,-0.06,0.056,1,-1,1031,3,REJEU
2024-07-01 08:29:41,M01,0.755,0.611,64.0,12.05,0.219,0.077,-0.008,1,-2,1059,3,REJEU
2024-07-01 08:29:42,M03,0.863,0.599,68.28,12.58,0.124,0.086,0.02,1,-1,992,3,REJEU
2024-07-01 08:29:43,M03,0.825,0.631,63.27,12.14,0.152,0.036,0.024,1,-3,958,3,REJEU
2024-07-01 08:29:44,M02,0.743,0.613,64.73,12.58,0.14,0.085,0.0,1,-1,951,3,REJEU
2024-07-01 08:29:45,M03,0.772,0.634,67.56,11.24,0.133,0.0,-0.038,1,-2,934,3,REJEU
2024-07-01 08:29:46,M03,0.772,0.587,64.3,11.77,0.083,0.152,-0.028,1,-2,903,3,REJEU
2024-07-01 08:29:47,M03,0.807,0.675,65.52,12.35,0.161,0.051,0.042,1,-3,999,3,REJEU
2024-07-01 08:29:48,M03,0.789,0.639,67.2,12.17,0.183,-0.062,0.046,1,-3,953,3,REJEU
2024-07-01 08:29:49,M03,0.742,0.627,63.82,11.55,0.153,0.004,-0.006,1,-2,972,3,REJEU
2024-07-01 08:29:50,M02,0.73,0.625,62.37,12.47,0.16,-0.011,0.01,1,0,1097,3,REJEU
2024-07-01 08:29:51,M01,0.826,0.658,61.97,11.72,0.18,-0.017,0.044,1,-3,1026,3,REJEU
2024-07-01 08:29:52,M03,0.813,0.651,66.16,11.59,0.228,-0.113,-0.06,1,-3,960,3,REJEU
2024-07-01 08:29:53,M01,0.804,0.595,65.76,12.24,0.14,0.026,-0.015,1,-2,1125,3,REJEU
2024-07-01 08:29:54,M03,0.812,0.65,67.14,11.99,0.104,-0.095,0.073,1,-1,1018,3,REJEU
2024-07-01 08:29:55,M03,0.768,0.609,64.4,11.72,0.156,-0.173,0.012,1,-2,862,3,REJEU
2024-07-01 08:29:56,M03,0.808,0.695,62.03,11.71,0.25,-0.024,-0.04,1,-2,1119,3,REJEU
2024-07-01 08:29:57,M02,0.925,0.655,60.14,11.44,0.105,-0.052,0.005,1,-1,1082,3,REJEU
2024-07-01 08:29:58,M03,0.857,0.57,70.84,11.79,0.191,-0.059,0.038,1,0,882,3,REJEU
2024-07-01 08:29:59,M02,0.784,0.716,66.04,12.55,0.216,-0.212,-0.09,1,-3,1019,3,REJEU
2024-07-01 08:30:00,M01,0.773,0.497,65.24,12.11,0.047,-0.058,0.007,1,-2,999,3,REJEU
2024-07-01 08:30:01,M03,0.657,0.632,65.53,12.48,0.18,-0.012,-0.012,1,-2,1046,3,REJEU
2024-07-01 08:30:02,M01,0.852,0.566,62.03,12.25,0.189,-0.044,-0.058,1,-3,1015,3,REJEU
2024-07-01 08:30:03,M02,0.838,0.694,63.33,11.68,0.148,0.026,0.004,1,-2,981,3,REJEU
2024-07-01 08:30:04,M01,0.772,0.613,68.53,11.15,0.129,0.095,-0.004,1,-3,978,3,REJEU
2024-07-01 08:30:05,M01,0.728,0.561,66.31,11.52,0.132,0.035,0.0,1,0,1055,3,REJEU
2024-07-01 08:30:06,M03,0.741,0.587,63.39,11.65,0.145,0.07,-0.012,1,-1,960,3,REJEU
2024-07-01 08:30:07,M01,0.821,0.565,62.45,11.61,0.146,0.075,-0.036,1,0,1054,3,REJEU
2024-07-01 08:30:08,M02,0.794,0.585,63.9,12.49,0.137,-0.07,-0.051,1,-1,1006,3,REJEU
2024-07-01 08:30:09,M01,0.833,0.584,64.31,12.49,0.144,0.03,-0.024,1,-2,926,3,REJEU
2024-07-01 08:30:10,M01,0.803,0.563,69.16,13.12,0.217,0.068,0.032,1,-3,1059,3,REJEU
2024-07-01 08:30:11,M03,0.847,0.614,64.57,11.6,0.102,-0.03,0.009,1,-3,961,3,REJEU
2024-07-01 08:30:12,M02,0.817,0.62,62.52,12.8,0.077,-0.054,-0.001,1,-2,967,3,REJEU
2024-07-01 08:30:13,M01,0.84,0.551,64.84,12.8,0.218,0.036,-0.036,1,-2,994,3,REJEU
2024-07-01 08:30:14,M02,0.695,0.519,65.5,11.87,0.151,-0.101,-0.012,1,-2,1002,3,REJEU
2024-07-01 08:30:15,M01,0.737,0.616,62.33,12.23,0.142,-0.075,0.027,1,-1,1020,3,REJEU
2024-07-01 08:30:16,M03,0.781,0.627,65.78,12.62,0.155,-0.046,0.019,1,-1,1056,3,REJEU
2024-07-01 08:30:17,M02,0.852,0.637,67.44,11.96,0.17,0.03,-0.016,1,-1,1054,3,REJEU
2024-07-01 08:30:18,M03,0.892,0.628,65.24,11.92,0.135,0.015,-0.093,1,-1,977,3,REJEU
2024-07-01 08:30:19,M03,0.791,0.678,63.33,11.67,0.184,0.07,-0.023,1,-3,978,3,REJEU
2024-07-01 08:30:20,M01,0.768,0.65,63.88,10.79,0.114,-0.063,-0.016,1,-1,1050,3,REJEU
2024-07-01 08:30:21,M01,0.702,0.733,61.56,12.03,0.146,-0.067,-0.032,1,-3,953,3,REJEU
2024-07-01 08:30:22,M02,0.842,0.754,64.69,11.63,0.054,0.035,-0.014,1,0,1006,3,REJEU
2024-07-01 08:30:23,M01,0.771,0.514,65.6,11.44,0.216,-0.055,0.03,1,-3,1077,3,REJEU
2024-07-01 08:30:24,M03,0.945,0.492,63.12,12.21,0.152,-0.042,-0.0,1,0,984,3,REJEU
2024-07-01 08:30:25,M01,0.762,0.6,68.94,11.25,0.192,-0.127,0.037,1,-3,934,3,REJEU
2024-07-01 08:30:26,M01,0.903,0.626,66.58,12.4,0.183,0.02,-0.053,1,0,961,3,REJEU
2024-07-01 08:30:27,M02,0.836,0.597,61.28,12.24,0.187,0.105,-0.01,1,-1,964,3,REJEU
2024-07-01 08:30:28,M01,0.748,0.635,61.33,11.79,0.16,-0.071,-0.069,1,-3,958,3,REJEU
2024-07-01 08:30:29,M01,0.81,0.587,62.94,11.96,0.179,0.069,-0.014,1,0,992,3,REJEU
2024-07-01 08:30:30,M02,0.837,0.566,68.19,11.38,0.114,-0.004,-0.037,1,0,1117,3,REJEU
2024-07-01 08:30:31,M03,0.788,0.574,66.79,12.37,0.104,-0.121,0.047,1,-1,1030,3,REJEU
2024-07-01 08:30:32,M03,0.84,0.591,68.29,12.09,0.155,-0.061,0.016,1,0,996,3,REJEU
2024-07-01 08:30:33,M02,0.839,0.642,64.98,12.12,0.128,-0.066,0.037,1,-3,1001,3,REJEU
2024-07-01 08:30:34,M01,0.828,0.577,64.53,12.25,0.228,-0.022,-0.014,1,-2,970,3,REJEU
2024-07-01 08:30:35,M03,0.798,0.586,62.4,11.66,0.178,0.028,-0.036,1,-3,1000,3,REJEU
2024-07-01 08:30:36,M02,0.74,0.629,65.68,11.22,0.126,0.126,-0.037,1,-2,1074,3,REJEU
2024-07-01 08:30:37,M02,0.795,0.591,64.56,12.48,0.147,-0.098,0.011,1,-1,1008,3,REJEU
2024-07-01 08:30:38,M03,0.807,0.656,64.48,12.34,0.167,-0.033,0.066,1,-2,1054,3,REJEU
2024-07-01 08:30:39,M01,0.706,0.555,68.28,11.72,0.157,-0.061,0.016,1,0,1046,3,REJEU
2024-07-01 08:30:40,M03,0.807,0.544,64.7,12.2,0.173,-0.087,-0.012,1,-3,1114,3,REJEU
2024-07-01 08:30:41,M01,0.794,0.616,67.69,12.63,0.164,0.006,-0.006,1,-2,1045,3,REJEU
2024-07-01 08:30:42,M03,0.734,0.621,61.7,12.57,0.094,-0.0,-0.0,1,0,1109,3,REJEU
2024-07-01 08:30:43,M01,0.782,0.558,70.47,11.7,0.057,-0.124,0.074,1,-1,1058,3,REJEU
2024-07-01 08:30:44,M01,0.783,0.667,64.19,11.23,0.142,0.001,0.045,1,-3,1020,3,REJEU
2024-07-01 08:30:45,M01,0.894,0.696,66.41,11.32,0.187,-0.083,0.01,1,-1,966,3,REJEU
2024-07-01 08:30:46,M02,0.81,0.57,66.74,11.83,0.143,0.001,0.005,1,-3,1053,3,REJEU
2024-07-01 08:30:47,M03,0.85,0.674,63.94,12.74,0.219,0.086,0.012,1,0,1058,3,REJEU
2024-07-01 08:30:48,M01,0.793,0.483,66.64,11.62,0.158,0.031,0.019,1,0,1060,3,REJEU
2024-07-01 08:30:49,M01,0.706,0.654,66.75,11.69,0.225,0.012,-0.014,1,-1,876,3,REJEU
2024-07-01 08:30:50,M02,0.832,0.558,63.5,11.68,0.215,-0.036,-0.029,1,-2,982,3,REJEU
2024-07-01 08:30:51,M01,0.766,0.649,63.52,11.72,0.211,0.004,0.038,1,-1,1029,3,REJEU
2024-07-01 08:30:52,M03,0.782,0.553,65.05,11.98,0.103,0.038,0.002,1,-3,986,3,REJEU
2024-07-01 08:30:53,M03,0.746,0.597,64.72,11.34,0.161,0.031,0.035,1,-1,978,3,REJEU
2024-07-01 08:30:54,M02,0.802,0.561,67.82,12.54,0.219,-0.007,0.06,1,0,970,3,REJEU
2024-07-01 08:30:55,M01,0.852,0.59,66.4,11.92,0.173,0.015,0.02,1,0,928,3,REJEU
2024-07-01 08:30:56,M02,0.845,0.691,64.82,13.25,0.187,-0.09,0.014,1,-2,1026,3,REJEU
2024-07-01 08:30:57,M02,0.877,0.595,66.2,11.39,0.094,-0.05,0.116,1,0,975,3,REJEU
2024-07-01 08:30:58,M02,0.884,0.705,60.76,12.8,0.252,0.048,0.008,1,-1,984,3,REJEU
2024-07-01 08:30:59,M01,0.697,0.582,63.7,12.7,0.122,0.057,-0.038,1,-2,996,3,REJEU
2024-07-01 08:31:00,M02,0.739,0.674,65.55,11.78,0.065,0.006,-0.009,1,-2,1035,3,REJEU
2024-07-01 08:31:01,M01,0.709,0.52,67.25,11.79,0.144,0.101,0.057,1,-2,1018,3,REJEU
2024-07-01 08:31:02,M02,0.83,0.586,65.37,11.52,0.043,0.034,-0.045,1,0,1016,3,REJEU
2024-07-01 08:31:03,M01,0.764,0.574,67.95,11.53,0.108,-0.016,-0.026,1,0,896,3,REJEU
2024-07-01 08:31:04,M03,0.774,0.677,66.74,11.99,0.283,-0.084,0.041,1,0,1055,3,REJEU
2024-07-01 08:31:05,M02,0.788,0.61,63.96,12.0,0.142,0.098,-0.009,1,-2,1092,3,REJEU
2024-07-01 08:31:06,M01,0.818,0.497,64.67,11.17,0.092,0.052,-0.003,1,-2,1014,3,REJEU
2024-07-01 08:31:07,M03,0.725,0.536,65.8,13.16,0.162,0.123,0.04,1,-3,952,3,REJEU
2024-07-01 08:31:08,M01,0.736,0.551,64.04,11.86,0.117,0.148,-0.025,1,-3,979,3,REJEU
2024-07-01 08:31:09,M03,0.799,0.647,68.1,12.02,0.202,-0.088,-0.052,1,-3,954,3,REJEU
2024-07-01 08:31:10,M02,0.858,0.64,62.69,11.67,0.118,-0.088,-0.049,1,-3,1084,3,REJEU
2024-07-01 08:31:11,M02,0.797,0.586,65.61,11.85,0.173,-0.196,0.022,1,0,983,3,REJEU
2024-07-01 08:31:12,M02,0.759,0.574,66.47,11.81,0.105,0.062,0.01,1,-3,1017,3,REJEU
2024-07-01 08:31:13,M01,0.692,0.636,64.32,11.99,0.285,0.045,-0.024,1,-2,994,3,REJEU
2024-07-01 08:31:14,M03,0.846,0.545,63.86,11.98,0.184,0.006,-0.041,1,0,1032,3,REJEU
2024-07-01 08:31:15,M02,0.762,0.623,64.8,12.4,0.153,-0.084,-0.009,1,-2,963,3,REJEU
2024-07-01 08:31:16,M01,0.742,0.619,66.62,12.11,0.146,-0.006,0.041,1,-1,1015,3,REJEU
2024-07-01 08:31:17,M01,0.714,0.587,63.94,12.35,0.134,0.012,-0.029,1,0,984,3,REJEU
2024-07-01 08:31:18,M02,0.727,0.62,62.77,11.98,0.124,0.053,-0.023,1,0,1062,3,REJEU
2024-07-01 08:31:19,M01,0.751,0.606,67.32,12.11,0.123,0.018,-0.042,1,0,900,3,REJEU
2024-07-01 08:31:20,M03,0.787,0.625,65.78,11.87,0.241,0.045,-0.012,1,-2,989,3,REJEU
2024-07-01 08:31:21,M01,0.739,0.535,67.03,12.5,0.134,-0.009,0.013,1,-1,1056,3,REJEU
2024-07-01 08:31:22,M03,0.808,0.631,66.52,12.15,0.059,0.08,0.077,1,-1,1050,3,REJEU
2024-07-01 08:31:23,M02,0.786,0.651,69.43,11.91,0.105,0.043,0.009,1,0,931,3,REJEU
2024-07-01 08:31:24,M01,0.909,0.616,67.25,11.89,0.205,-0.081,-0.001,1,0,1043,3,REJEU
2024-07-01 08:31:25,M01,0.714,0.63,63.48,11.93,0.148,0.095,0.032,1,-1,959,3,REJEU
2024-07-01 08:31:26,M01,0.807,0.595,65.92,12.01,0.154,0.083,0.026,1,-2,972,3,REJEU
2024-07-01 08:31:27,M02,0.807,0.645,63.82,11.96,0.216,0.031,-0.02,1,-2,1053,3,REJEU
2024-07-01 08:31:28,M02,0.748,0.604,64.03,11.7,0.123,0.019,0.084,1,-1,988,3,REJEU
2024-07-01 08:31:29,M03,0.803,0.544,62.06,12.38,0.191,0.113,0.0,1,-2,928,3,REJEU
2024-07-01 08:31:30,M02,0.837,0.641,64.37,12.41,0.128,-0.112,0.009,1,-3,947,3,REJEU
2024-07-01 08:31:31,M03,0.803,0.52,66.08,12.9,0.188,0.084,0.021,1,-2,1007,3,REJEU
2024-07-01 08:31:32,M01,0.867,0.615,64.82,11.68,0.142,-0.033,0.013,1,-3,986,3,REJEU
2024-07-01 08:31:33,M03,0.691,0.582,62.71,12.33,0.149,0.075,0.056,1,-1,986,3,REJEU
2024-07-01 08:31:34,M02,0.757,0.578,61.84,11.02,0.2,0.008,-0.02,1,-2,1031,3,REJEU
2024-07-01 08:31:35,M02,0.872,0.609,69.29,12.41,0.196,-0.085,0.029,1,-1,1021,3,REJEU
2024-07-01 08:31:36,M01,0.844,0.566,65.63,11.25,0.152,-0.034,0.007,1,0,990,3,REJEU
2024-07-01 08:31:37,M01,0.826,0.626,63.27,11.49,0.138,0.069,0.036,1,-3,1051,3,REJEU
2024-07-01 08:31:38,M03,0.86,0.603,65.91,12.16,0.237,-0.015,-0.007,1,-1,1032,3,REJEU
2024-07-01 08:31:39,M01,0.704,0.57,69.45,11.67,0.188,-0.043,-0.012,1,-1,1018,3,REJEU
2024-07-01 08:31:40,M03,0.838,0.667,66.23,11.6,0.142,-0.043,0.027,1,-2,979,3,REJEU
2024-07-01 08:31:41,M01,0.851,0.611,59.25,11.74,0.129,0.044,0.014,1,-3,1059,3,REJEU
2024-07-01 08:31:42,M02,0.766,0.632,70.4,12.36,0.209,0.119,-0.028,1,0,985,3,REJEU
2024-07-01 08:31:43,M01,0.929,0.671,61.17,11.51,0.166,-0.147,0.049,1,-3,989,3,REJEU
2024-07-01 08:31:44,M02,0.808,0.67,64.54,11.96,0.152,0.191,0.027,1,-2,1086,3,REJEU
2024-07-01 08:31:45,M01,0.69,0.629,62.64,11.8,0.166,0.014,-0.002,1,-3,961,3,REJEU
2024-07-01 08:31:46,M01,0.818,0.586,63.44,12.41,0.176,0.039,-0.016,1,-3,961,3,REJEU
2024-07-01 08:31:47,M01,0.763,0.53,65.54,12.42,0.158,-0.03,0.014,1,-3,991,3,REJEU
2024-07-01 08:31:48,M01,0.856,0.611,60.71,11.05,0.218,-0.001,0.025,1,-2,951,3,REJEU
2024-07-01 08:31:49,M03,0.826,0.655,64.77,12.52,0.22,0.013,-0.056,1,-1,952,3,REJEU
2024-07-01 08:31:50,M03,0.769,0.618,67.31,11.68,0.186,-0.072,0.014,1,0,1084,3,REJEU
2024-07-01 08:31:51,M03,0.873,0.43,63.23,12.11,0.226,-0.055,0.024,1,-2,990,3,REJEU
2024-07-01 08:31:52,M03,0.845,0.644,62.11,11.51,0.161,0.081,-0.083,1,-2,1020,3,REJEU
2024-07-01 08:31:53,M01,0.758,0.647,64.67,12.18,0.193,-0.106,0.008,1,-1,935,3,REJEU
2024-07-01 08:31:54,M01,0.791,0.586,64.27,13.29,0.208,0.03,0.026,1,0,957,3,REJEU
2024-07-01 08:31:55,M02,0.824,0.649,63.74,12.05,0.209,-0.026,0.022,1,-3,1092,3,REJEU
2024-07-01 08:31:56,M02,0.781,0.632,62.52,11.76,0.204,-0.066,0.03,1,-1,952,3,REJEU
2024-07-01 08:31:57,M01,0.782,0.567,66.02,11.87,0.19,0.134,-0.011,1,-3,1021,3,REJEU
2024-07-01 08:31:58,M02,0.801,0.663,66.18,11.24,0.254,-0.065,-0.036,1,-3,873,3,REJEU
2024-07-01 08:31:59,M01,0.746,0.538,62.78,12.73,0.135,-0.077,-0.064,1,0,931,3,REJEU
2024-07-01 08:32:00,M03,0.688,0.598,63.06,12.15,0.153,-0.013,0.04,1,-1,990,3,REJEU
2024-07-01 08:32:01,M01,0.811,0.593,65.24,11.46,0.15,-0.053,0.026,1,0,1049,3,REJEU
2024-07-01 08:32:02,M02,0.7,0.56,62.98,11.47,0.143,0.0,0.043,1,0,1004,3,REJEU
2024-07-01 08:32:03,M03,0.749,0.616,65.33,12.0,0.065,0.01,-0.025,1,-1,994,3,REJEU
2024-07-01 08:32:04,M02,0.711,0.665,67.97,12.47,0.226,0.016,0.03,1,-3,1036,3,REJEU
2024-07-01 08:32:05,M02,0.717,0.662,64.84,11.4,0.111,-0.009,-0.053,1,-2,1014,3,REJEU
2024-07-01 08:32:06,M01,0.82,0.636,62.47,12.56,0.168,-0.048,-0.03,1,-1,920,3,REJEU
2024-07-01 08:32:07,M02,0.788,0.517,65.76,11.94,0.092,0.044,0.006,1,-3,1001,3,REJEU
2024-07-01 08:32:08,M02,0.786,0.535,64.6,11.52,0.19,-0.008,0.025,1,-1,980,3,REJEU
2024-07-01 08:32:09,M02,0.733,0.609,64.65,11.75,0.123,-0.034,0.061,1,-1,992,3,REJEU
2024-07-01 08:32:10,M03,0.766,0.599,65.93,12.88,0.106,0.101,-0.008,1,0,978,3,REJEU
2024-07-01 08:32:11,M02,0.817,0.576,66.38,11.28,0.17,-0.009,-0.03,1,-2,1001,3,REJEU
2024-07-01 08:32:12,M02,0.796,0.695,65.03,11.62,0.127,0.074,-0.032,1,-3,1023,3,REJEU
2024-07-01 08:32:13,M02,0.84,0.606,64.84,12.48,0.133,0.083,-0.024,1,0,940,3,REJEU
2024-07-01 08:32:14,M01,0.847,0.627,69.19,12.1,0.169,0.088,0.081,1,-1,968,3,REJEU
2024-07-01 08:32:15,M03,0.786,0.649,67.42,11.59,0.199,0.047,0.028,1,-1,1034,3,REJEU
2024-07-01 08:32:16,M03,0.707,0.603,66.67,12.48,0.121,-0.0,0.041,1,-3,1041,3,REJEU
2024-07-01 08:32:17,M02,0.761,0.729,65.23,12.51,0.113,-0.005,-0.008,1,-2,1075,3,REJEU
2024-07-01 08:32:18,M03,0.794,0.554,62.9,12.16,0.161,-0.017,0.001,1,-3,1005,3,REJEU
2024-07-01 08:32:19,M01,0.76,0.571,67.27,11.68,0.186,-0.148,0.026,1,-2,966,3,REJEU
2024-07-01 08:32:20,M01,0.746,0.554,65.26,11.76,0.23,0.049,-0.017,1,0,969,3,REJEU
2024-07-01 08:32:21,M02,0.802,0.678,63.78,12.14,0.109,0.016,-0.009,1,0,1004,3,REJEU
2024-07-01 08:32:22,M03,0.919,0.64,64.46,11.32,0.145,0.056,-0.023,1,-1,957,3,REJEU
2024-07-01 08:32:23,M03,0.774,0.574,62.98,12.67,0.217,-0.008,-0.015,1,-1,1071,3,REJEU
2024-07-01 08:32:24,M02,0.799,0.558,67.13,12.86,0.255,0.045,0.003,1,-1,978,3,REJEU
2024-07-01 08:32:25,M02,0.734,0.669,66.36,11.87,0.113,-0.094,-0.028,1,-3,1062,3,REJEU
2024-07-01 08:32:26,M03,0.86,0.618,65.33,12.17,0.125,-0.08,0.011,1,-3,951,3,REJEU
2024-07-01 08:32:27,M02,0.842,0.67,64.87,12.59,0.179,-0.169,0.011,1,-1,992,3,REJEU
2024-07-01 08:32:28,M03,0.839,0.598,63.56,12.99,0.133,-0.009,-0.005,1,-2,985,3,REJEU
2024-07-01 08:32:29,M01,0.866,0.626,60.59,12.78,0.124,-0.053,-0.029,1,-3,933,3,REJEU
2024-07-01 08:32:30,M03,0.778,0.615,62.06,11.1,0.172,-0.062,0.005,1,0,988,3,REJEU
2024-07-01 08:32:31,M02,0.784,0.57,63.44,11.83,0.234,0.023,-0.017,1,-2,1014,3,REJEU
2024-07-01 08:32:32,M02,0.884,0.593,63.13,12.25,0.098,-0.029,0.003,1,-1,897,3,REJEU
2024-07-01 08:32:33,M02,0.83,0.542,65.55,11.74,0.232,-0.098,0.04,1,0,1028,3,REJEU
2024-07-01 08:32:34,M01,0.689,0.625,66.62,12.9,0.133,0.174,-0.044,1,0,1018,3,REJEU
2024-07-01 08:32:35,M03,0.821,0.638,64.7,12.82,0.177,-0.003,0.079,1,-3,1000,3,REJEU
2024-07-01 08:32:36,M02,0.77,0.65,67.85,11.57,0.236,-0.074,-0.002,1,-1,1038,3,REJEU
2024-07-01 08:32:37,M02,0.843,0.634,63.36,11.91,0.176,-0.046,0.016,1,-3,1042,3,REJEU
2024-07-01 08:32:38,M01,0.819,0.594,64.68,11.61,0.146,-0.012,-0.026,1,-2,1139,3,REJEU
2024-07-01 08:32:39,M03,0.712,0.677,64.86,11.89,0.195,-0.012,0.042,1,-1,931,3,REJEU
2024-07-01 08:32:40,M02,0.812,0.645,67.2,11.88,0.152,0.089,-0.004,1,-2,1079,3,REJEU
2024-07-01 08:32:41,M02,0.809,0.669,65.18,12.48,0.185,-0.006,-0.013,1,-1,1052,3,REJEU
2024-07-01 08:32:42,M01,0.817,0.672,65.23,11.54,0.151,0.126,-0.02,1,-2,1018,3,REJEU
2024-07-01 08:32:43,M01,0.827,0.594,61.57,10.66,0.201,-0.03,-0.009,1,0,952,3,REJEU
2024-07-01 08:32:44,M01,0.873,0.62,63.12,11.17,0.094,0.029,0.016,1,-2,981,3,REJEU
2024-07-01 08:32:45,M02,0.819,0.639,67.21,11.47,0.112,0.07,0.007,1,-2,975,3,REJEU
2024-07-01 08:32:46,M01,0.8,0.544,60.71,11.66,0.093,0.081,-0.0,1,-2,995,3,REJEU
2024-07-01 08:32:47,M01,0.856,0.545,67.71,12.09,0.158,0.089,-0.025,1,-2,1036,3,REJEU
2024-07-01 08:32:48,M02,0.91,0.536,65.98,11.44,0.087,-0.019,-0.027,1,0,1067,3,REJEU
2024-07-01 08:32:49,M02,0.844,0.595,63.43,11.37,0.127,-0.001,-0.016,1,-1,1096,3,REJEU
2024-07-01 08:32:50,M01,0.809,0.584,63.25,11.52,0.107,-0.17,0.018,1,0,982,3,REJEU
2024-07-01 08:32:51,M02,0.82,0.53,68.85,11.42,0.231,-0.014,0.025,1,-3,1010,3,REJEU
2024-07-01 08:32:52,M03,0.811,0.608,67.85,11.71,0.113,0.074,0.03,1,-2,960,3,REJEU
2024-07-01 08:32:53,M01,0.8,0.596,64.72,11.69,0.099,0.061,0.001,1,-3,1054,3,REJEU
2024-07-01 08:32:54,M02,0.906,0.659,65.24,12.34,0.172,-0.006,0.015,1,0,1021,3,REJEU
2024-07-01 08:32:55,M03,0.762,0.7,63.64,11.49,0.241,0.116,-0.005,1,-1,991,3,REJEU
2024-07-01 08:32:56,M02,0.856,0.623,65.24,11.81,0.155,-0.027,-0.062,1,0,929,3,REJEU
2024-07-01 08:32:57,M03,0.792,0.566,63.58,11.71,0.158,-0.049,-0.007,1,-2,1011,3,REJEU
2024-07-01 08:32:58,M01,0.725,0.633,64.8,12.4,0.222,-0.032,-0.012,1,-2,1016,3,REJEU
2024-07-01 08:32:59,M02,0.789,0.601,68.67,11.91,0.202,-0.077,-0.036,1,0,915,3,REJEU
2024-07-01 08:33:00,M01,0.772,0.589,64.76,12.53,0.181,0.042,-0.019,1,-3,941,3,REJEU
2024-07-01 08:33:01,M01,0.827,0.558,62.81,11.4,0.132,0.019,0.006,1,0,1009,3,REJEU
2024-07-01 08:33:02,M03,0.803,0.578,62.16,11.96,0.182,0.041,-0.04,1,-3,1090,3,REJEU
2024-07-01 08:33:03,M02,0.748,0.592,65.22,11.7,0.095,-0.029,-0.025,1,-1,1060,3,REJEU
2024-07-01 08:33:04,M01,0.872,0.64,63.4,11.36,0.13,-0.004,0.057,1,-2,992,3,REJEU
2024-07-01 08:33:05,M01,0.853,0.626,65.47,11.96,0.229,-0.149,-0.057,1,-3,985,3,REJEU
2024-07-01 08:33:06,M02,0.877,0.691,61.64,12.87,0.223,0.025,-0.006,1,-1,967,3,REJEU
2024-07-01 08:33:07,M01,0.81,0.634,66.38,11.56,0.181,0.006,-0.041,1,0,962,3,REJEU
2024-07-01 08:33:08,M01,0.797,0.622,62.79,11.92,0.068,-0.075,-0.026,1,0,988,3,REJEU
2024-07-01 08:33:09,M02,0.834,0.585,65.05,11.32,0.103,-0.007,-0.006,1,0,1108,3,REJEU
2024-07-01 08:33:10,M02,0.77,0.549,64.27,11.25,0.128,-0.018,-0.034,1,-1,984,3,REJEU
2024-07-01 08:33:11,M03,0.805,0.572,68.48,11.59,0.152,0.12,0.022,1,-2,1002,3,REJEU
2024-07-01 08:33:12,M03,0.79,0.566,65.31,11.76,0.101,-0.073,0.05,1,-1,944,3,REJEU
2024-07-01 08:33:13,M02,0.726,0.474,68.95,11.78,0.149,0.022,0.031,1,-3,1030,3,REJEU
2024-07-01 08:33:14,M02,0.805,0.551,66.11,11.87,0.245,-0.075,0.038,1,-3,1001,3,REJEU
2024-07-01 08:33:15,M03,0.777,0.68,67.88,11.15,0.179,-0.038,-0.049,1,0,981,3,REJEU
2024-07-01 08:33:16,M03,0.787,0.619,64.53,11.67,0.171,0.019,-0.008,1,-3,954,3,REJEU
2024-07-01 08:33:17,M03,0.817,0.582,65.67,12.25,0.112,-0.015,0.018,1,0,964,3,REJEU
2024-07-01 08:33:18,M03,0.862,0.62,67.46,11.3,0.082,-0.001,0.032,1,-3,978,3,REJEU
2024-07-01 08:33:19,M01,0.757,0.504,66.82,11.81,0.102,0.022,0.064,1,-3,981,3,REJEU
2024-07-01 08:33:20,M03,0.782,0.615,66.05,12.14,0.08,-0.034,0.039,1,-1,953,3,REJEU
2024-07-01 08:33:21,M02,0.812,0.608,65.82,11.95,0.2,0.149,0.024,0,41,401,4,USURPATION
2024-07-01 08:33:22,M03,0.795,0.638,62.3,12.66,0.113,-0.06,-0.042,0,10,915,4,USURPATION
2024-07-01 08:33:23,M02,0.802,0.578,65.58,13.05,0.163,-0.077,0.065,0,24,1009,4,USURPATION
2024-07-01 08:33:24,M02,0.811,0.533,66.82,11.77,0.192,0.025,0.042,0,49,1421,4,USURPATION
2024-07-01 08:33:25,M03,0.802,0.619,67.3,12.42,0.12,0.024,-0.042,0,18,939,4,USURPATION
2024-07-01 08:33:26,M02,0.838,0.566,66.44,12.15,0.198,0.023,-0.027,0,-25,1011,4,USURPATION
2024-07-01 08:33:27,M01,0.797,0.571,66.01,12.16,0.136,0.012,0.016,0,9,1016,4,USURPATION
2024-07-01 08:33:28,M02,0.885,0.594,61.4,12.12,0.133,-0.043,-0.011,0,22,1310,4,USURPATION
2024-07-01 08:33:29,M02,0.801,0.582,64.93,11.82,0.194,-0.102,0.021,0,-33,797,4,USURPATION
2024-07-01 08:33:30,M03,0.714,0.655,63.0,10.16,0.12,0.019,-0.012,0,-34,1139,4,USURPATION
2024-07-01 08:33:31,M01,0.83,0.592,67.59,12.77,0.118,-0.088,0.056,0,42,860,4,USURPATION
2024-07-01 08:33:32,M01,0.818,0.658,67.28,11.64,0.21,-0.094,0.001,0,-34,1413,4,USURPATION
2024-07-01 08:33:33,M02,0.8,0.611,63.01,11.87,0.165,-0.026,0.088,0,10,1492,4,USURPATION
2024-07-01 08:33:34,M03,0.786,0.596,64.87,11.88,0.091,0.029,0.023,0,23,1059,4,USURPATION
2024-07-01 08:33:35,M01,0.694,0.608,65.47,11.59,0.201,0.135,-0.047,0,-24,1117,4,USURPATION
2024-07-01 08:33:36,M01,0.702,0.537,66.81,12.11,0.141,0.067,0.076,0,19,946,4,USURPATION
2024-07-01 08:33:37,M02,0.88,0.617,61.52,11.97,0.093,0.098,0.04,0,-14,477,4,USURPATION
2024-07-01 08:33:38,M02,0.77,0.643,60.43,11.62,0.04,0.044,0.015,0,-15,1018,4,USURPATION
2024-07-01 08:33:39,M01,0.847,0.65,65.04,12.07,0.203,0.025,0.024,0,25,990,4,USURPATION
2024-07-01 08:33:40,M03,0.719,0.534,59.77,11.97,0.119,0.171,-0.042,0,46,907,4,USURPATION
2024-07-01 08:33:41,M01,0.747,0.526,65.29,12.46,0.101,-0.091,-0.064,0,38,941,4,USURPATION
2024-07-01 08:33:42,M02,0.832,0.574,66.17,11.31,0.191,-0.029,-0.0,0,5,1143,4,USURPATION
2024-07-01 08:33:43,M03,0.794,0.669,67.49,11.58,0.199,-0.023,0.05,0,26,1117,4,USURPATION
2024-07-01 08:33:44,M01,0.825,0.612,63.68,12.36,0.123,0.061,0.015,0,-22,948,4,USURPATION
2024-07-01 08:33:45,M01,0.798,0.562,65.29,11.66,0.204,-0.067,0.062,0,39,1444,4,USURPATION
2024-07-01 08:33:46,M03,0.788,0.529,66.3,11.53,0.259,0.052,0.048,0,-5,437,4,USURPATION
2024-07-01 08:33:47,M03,0.765,0.567,62.55,11.69,0.225,0.039,0.002,0,28,811,4,USURPATION
2024-07-01 08:33:48,M03,0.739,0.563,66.84,11.94,0.217,0.055,0.043,0,-7,1265,4,USURPATION
2024-07-01 08:33:49,M01,0.868,0.647,65.52,11.94,0.175,0.054,0.056,0,26,620,4,USURPATION
2024-07-01 08:33:50,M01,0.876,0.651,63.72,11.88,0.139,0.105,-0.002,0,49,516,4,USURPATION
2024-07-01 08:33:51,M01,0.747,0.549,65.25,11.47,0.158,-0.004,-0.007,0,14,433,4,USURPATION
2024-07-01 08:33:52,M03,0.744,0.638,64.67,12.38,0.181,0.036,0.006,0,-5,807,4,USURPATION
2024-07-01 08:33:53,M01,0.781,0.633,66.56,12.67,0.1,-0.051,-0.086,0,-17,994,4,USURPATION
2024-07-01 08:33:54,M01,0.816,0.542,64.22,11.02,0.124,-0.066,0.011,0,-45,871,4,USURPATION
2024-07-01 08:33:55,M01,0.79,0.596,65.43,11.2,0.092,0.12,0.027,0,22,1071,4,USURPATION
2024-07-01 08:33:56,M03,0.823,0.617,63.69,12.5,0.172,-0.056,0.006,0,-48,454,4,USURPATION
2024-07-01 08:33:57,M01,0.796,0.609,63.04,12.79,0.164,0.044,0.013,0,-31,778,4,USURPATION
2024-07-01 08:33:58,M01,0.793,0.516,65.31,10.9,0.129,0.036,-0.001,0,44,1212,4,USURPATION
2024-07-01 08:33:59,M01,0.918,0.607,63.12,12.41,0.2,0.08,-0.071,0,-11,1141,4,USURPATION
2024-07-01 08:34:00,M02,0.773,0.632,66.6,12.83,0.11,-0.114,0.061,0,-39,830,4,USURPATION
2024-07-01 08:34:01,M01,0.88,0.679,66.17,11.55,0.127,0.061,-0.012,0,46,1049,4,USURPATION
2024-07-01 08:34:02,M03,0.87,0.568,63.39,12.8,0.198,-0.004,-0.021,0,-35,988,4,USURPATION
2024-07-01 08:34:03,M01,0.824,0.574,65.4,11.9,0.205,-0.041,0.05,0,-35,997,4,USURPATION
2024-07-01 08:34:04,M03,0.703,0.59,63.38,12.15,0.122,-0.017,0.036,0,17,1095,4,USURPATION
2024-07-01 08:34:05,M03,0.8,0.615,61.67,11.62,0.171,0.071,0.011,0,32,1514,4,USURPATION
2024-07-01 08:34:06,M03,0.773,0.605,63.74,12.5,0.123,0.05,0.029,0,-17,1522,4,USURPATION
2024-07-01 08:34:07,M03,0.8,0.63,64.86,12.42,0.151,-0.009,-0.04,0,11,522,4,USURPATION
2024-07-01 08:34:08,M03,0.746,0.545,66.03,12.87,0.167,-0.078,-0.002,0,18,932,4,USURPATION
2024-07-01 08:34:09,M01,0.836,0.62,65.27,12.72,0.187,-0.073,0.047,0,37,660,4,USURPATION
2024-07-01 08:34:10,M01,0.848,0.564,66.82,11.99,0.175,0.051,-0.023,0,-10,1121,4,USURPATION
2024-07-01 08:34:11,M03,0.857,0.594,62.95,13.58,0.173,-0.088,-0.035,0,-25,948,4,USURPATION
2024-07-01 08:34:12,M03,0.78,0.685,64.19,12.68,0.109,-0.008,0.004,0,-23,1323,4,USURPATION
2024-07-01 08:34:13,M01,0.746,0.532,68.33,12.27,0.179,0.183,0.005,0,23,1009,4,USURPATION
2024-07-01 08:34:14,M01,0.816,0.587,61.0,11.48,0.187,0.031,0.024,0,-42,1460,4,USURPATION
2024-07-01 08:34:15,M01,0.886,0.538,64.03,11.21,0.193,0.05,-0.048,0,31,1537,4,USURPATION
2024-07-01 08:34:16,M02,0.802,0.608,62.76,11.25,0.126,-0.073,-0.091,0,-4,1446,4,USURPATION
2024-07-01 08:34:17,M02,0.821,0.652,64.56,11.51,0.204,-0.084,0.034,0,-14,366,4,USURPATION
2024-07-01 08:34:18,M02,0.787,0.609,64.07,12.69,0.097,0.054,-0.038,0,-43,1092,4,USURPATION
2024-07-01 08:34:19,M02,0.774,0.595,66.19,12.24,0.14,-0.02,-0.021,0,-9,905,4,USURPATION
2024-07-01 08:34:20,M03,0.831,0.666,65.48,11.68,0.147,0.08,-0.077,0,-48,949,4,USURPATION
2024-07-01 08:34:21,M02,0.793,0.617,62.28,11.92,0.1,0.009,0.038,0,-3,1265,4,USURPATION
2024-07-01 08:34:22,M02,0.819,0.641,63.75,11.86,0.146,0.243,0.014,0,15,925,4,USURPATION
2024-07-01 08:34:23,M02,0.824,0.636,64.96,12.4,0.171,-0.033,0.012,0,7,1028,4,USURPATION
2024-07-01 08:34:24,M03,0.816,0.459,66.48,11.54,0.073,0.026,0.012,0,-14,1045,4,USURPATION
2024-07-01 08:34:25,M01,0.826,0.597,69.95,12.17,0.141,-0.055,-0.073,0,36,437,4,USURPATION
2024-07-01 08:34:26,M02,0.756,0.547,66.4,12.14,0.077,0.077,-0.034,0,-7,880,4,USURPATION
2024-07-01 08:34:27,M02,0.753,0.56,62.88,11.56,0.258,0.037,-0.015,0,9,1347,4,USURPATION
2024-07-01 08:34:28,M02,0.797,0.673,64.77,12.8,0.17,-0.059,-0.026,0,-3,398,4,USURPATION
2024-07-01 08:34:29,M01,0.798,0.582,65.33,11.84,0.166,-0.015,-0.009,0,-46,1178,4,USURPATION
2024-07-01 08:34:30,M01,0.773,0.694,63.9,11.48,0.171,0.1,0.01,0,3,749,4,USURPATION
2024-07-01 08:34:31,M02,0.811,0.531,65.92,12.42,0.189,0.092,0.037,0,-5,898,4,USURPATION
2024-07-01 08:34:32,M03,0.844,0.547,60.3,12.02,0.207,-0.09,-0.052,0,-48,1239,4,USURPATION
2024-07-01 08:34:33,M01,0.858,0.638,66.09,12.2,0.086,-0.025,0.001,0,14,682,4,USURPATION
2024-07-01 08:34:34,M01,0.869,0.584,63.98,11.39,0.223,0.131,0.027,0,27,923,4,USURPATION
2024-07-01 08:34:35,M01,0.733,0.616,64.74,12.4,0.22,-0.005,-0.032,0,-41,523,4,USURPATION
2024-07-01 08:34:36,M02,0.741,0.595,67.96,13.1,0.157,0.019,-0.006,0,42,1133,4,USURPATION
2024-07-01 08:34:37,M03,0.784,0.594,62.37,11.35,0.155,0.077,0.018,0,-9,781,4,USURPATION
2024-07-01 08:34:38,M03,0.803,0.586,65.52,12.17,0.012,-0.084,0.001,0,3,587,4,USURPATION
2024-07-01 08:34:39,M02,0.787,0.609,66.59,11.59,0.101,-0.058,0.025,0,-39,1010,4,USURPATION
2024-07-01 08:34:40,M02,0.771,0.632,65.31,13.36,0.185,-0.016,0.004,0,28,511,4,USURPATION
2024-07-01 08:34:41,M01,0.784,0.68,61.65,12.62,0.218,0.089,-0.01,0,-21,890,4,USURPATION
2024-07-01 08:34:42,M02,0.823,0.591,67.73,12.13,0.195,0.076,-0.041,0,-38,756,4,USURPATION
2024-07-01 08:34:43,M01,0.733,0.581,64.53,11.36,0.157,0.056,0.01,0,38,1073,4,USURPATION
2024-07-01 08:34:44,M03,0.915,0.575,63.88,11.49,0.252,-0.003,0.005,0,27,1080,4,USURPATION
2024-07-01 08:34:45,M02,0.8,0.673,64.32,12.37,0.208,0.084,-0.035,0,8,803,4,USURPATION
2024-07-01 08:34:46,M02,0.851,0.635,64.18,11.3,0.141,-0.004,0.022,0,-42,1451,4,USURPATION
2024-07-01 08:34:47,M02,0.77,0.507,62.52,11.31,0.265,0.046,0.047,0,34,1330,4,USURPATION
2024-07-01 08:34:48,M03,0.827,0.505,65.3,11.99,0.108,0.069,-0.023,0,-3,715,4,USURPATION
2024-07-01 08:34:49,M02,0.804,0.56,63.74,12.06,0.09,0.122,-0.025,0,29,1724,4,USURPATION
2024-07-01 08:34:50,M03,0.841,0.612,66.34,12.18,0.14,0.003,-0.026,0,-33,1223,4,USURPATION
2024-07-01 08:34:51,M01,0.789,0.599,66.02,11.77,0.124,-0.018,-0.059,0,-35,1106,4,USURPATION
2024-07-01 08:34:52,M03,0.876,0.626,68.29,12.46,0.143,0.095,0.073,0,-38,1127,4,USURPATION
2024-07-01 08:34:53,M02,0.725,0.592,64.53,11.55,0.198,0.1,-0.015,0,12,639,4,USURPATION
2024-07-01 08:34:54,M02,0.846,0.67,63.31,12.31,0.159,-0.031,-0.03,0,-4,1384,4,USURPATION
2024-07-01 08:34:55,M01,0.805,0.639,61.95,12.1,0.16,-0.069,-0.039,0,9,439,4,USURPATION
2024-07-01 08:34:56,M02,0.748,0.604,69.46,12.3,0.163,0.09,-0.013,0,-33,1125,4,USURPATION
2024-07-01 08:34:57,M03,0.896,0.657,66.32,12.59,0.05,-0.106,-0.024,0,7,1334,4,USURPATION
2024-07-01 08:34:58,M03,0.89,0.519,63.54,11.76,0.088,-0.109,0.053,0,-30,737,4,USURPATION
2024-07-01 08:34:59,M01,0.696,0.596,68.43,11.65,0.142,-0.012,-0.044,0,-15,1246,4,USURPATION
2024-07-01 08:35:00,M01,0.807,0.607,67.74,11.13,0.12,0.007,-0.054,0,-28,1038,4,USURPATION
2024-07-01 08:35:01,M01,0.834,0.63,62.19,10.96,0.149,-0.073,0.021,0,-18,1267,4,USURPATION
2024-07-01 08:35:02,M03,0.821,0.516,63.42,11.9,0.227,0.015,-0.003,0,30,1318,4,USURPATION
2024-07-01 08:35:03,M02,0.874,0.588,64.69,11.94,0.157,0.018,-0.007,0,-42,1484,4,USURPATION
2024-07-01 08:35:04,M03,0.864,0.62,62.77,11.44,0.097,-0.033,0.021,0,-23,1400,4,USURPATION
2024-07-01 08:35:05,M01,0.812,0.624,64.76,11.55,0.122,0.139,0.006,0,-2,473,4,USURPATION
2024-07-01 08:35:06,M02,0.912,0.659,66.42,12.77,0.242,0.029,-0.001,0,-40,722,4,USURPATION
2024-07-01 08:35:07,M03,0.845,0.638,62.14,12.44,0.234,0.077,-0.049,0,26,1158,4,USURPATION
2024-07-01 08:35:08,M02,0.781,0.598,65.56,11.35,0.189,-0.1,-0.059,0,44,1323,4,USURPATION
2024-07-01 08:35:09,M02,0.771,0.634,67.36,11.76,0.086,-0.1,-0.024,0,-36,683,4,USURPATION
2024-07-01 08:35:10,M01,0.86,0.591,65.78,12.2,0.175,0.031,-0.038,0,31,1216,4,USURPATION
2024-07-01 08:35:11,M01,0.759,0.608,64.8,11.67,0.179,0.126,0.011,0,-2,1425,4,USURPATION
2024-07-01 08:35:12,M01,0.778,0.64,63.59,11.58,0.162,-0.069,-0.064,0,-26,1310,4,USURPATION
2024-07-01 08:35:13,M02,0.787,0.598,66.66,11.82,0.133,0.009,-0.015,0,8,1211,4,USURPATION
2024-07-01 08:35:14,M02,0.816,0.618,62.55,12.55,0.143,-0.085,-0.005,0,-34,988,4,USURPATION
2024-07-01 08:35:15,M02,0.789,0.648,65.46,12.59,0.13,-0.049,-0.0,0,3,974,4,USURPATION
2024-07-01 08:35:16,M03,0.733,0.636,65.01,11.61,0.106,0.013,0.015,0,-32,1655,4,USURPATION
2024-07-01 08:35:17,M01,0.856,0.662,67.27,12.22,0.226,-0.034,-0.011,0,19,43,4,USURPATION
2024-07-01 08:35:18,M01,0.779,0.716,63.77,11.99,0.202,-0.089,-0.023,0,-33,854,4,USURPATION
2024-07-01 08:35:19,M03,0.899,0.635,63.94,11.48,0.147,-0.091,0.046,0,28,722,4,USURPATION
2024-07-01 08:35:20,M01,0.814,0.578,62.41,11.84,0.177,-0.129,-0.01,0,8,585,4,USURPATION
2024-07-01 08:35:21,M03,0.862,0.626,65.86,11.35,0.179,0.032,0.052,0,27,1191,4,USURPATION
2024-07-01 08:35:22,M03,0.83,0.624,64.09,12.58,0.272,0.041,-0.011,0,-28,1146,4,USURPATION
2024-07-01 08:35:23,M01,0.864,0.631,63.19,12.78,0.202,0.04,0.0,0,-5,1016,4,USURPATION
2024-07-01 08:35:24,M02,0.827,0.674,63.39,11.78,0.2,-0.062,-0.004,0,39,1145,4,USURPATION
2024-07-01 08:35:25,M03,0.81,0.517,66.06,11.66,0.162,0.068,0.009,0,-22,1266,4,USURPATION
2024-07-01 08:35:26,M02,0.853,0.675,62.7,12.53,0.14,0.048,-0.014,0,-26,944,4,USURPATION
2024-07-01 08:35:27,M01,0.922,0.692,62.88,12.61,0.226,0.0,0.004,0,34,1168,4,USURPATION
2024-07-01 08:35:28,M03,0.785,0.629,66.8,11.42,0.191,-0.011,0.056,0,18,917,4,USURPATION
2024-07-01 08:35:29,M03,0.838,0.63,64.62,11.91,0.121,-0.045,0.039,0,4,1179,4,USURPATION
2024-07-01 08:35:30,M03,0.798,0.589,66.92,11.96,0.182,0.013,0.039,0,38,1427,4,USURPATION
2024-07-01 08:35:31,M02,0.824,0.601,64.22,11.6,0.2,0.11,-0.047,0,36,1300,4,USURPATION
2024-07-01 08:35:32,M03,0.801,0.635,64.96,12.19,0.06,0.077,-0.041,0,-47,1547,4,USURPATION
2024-07-01 08:35:33,M03,0.692,0.632,65.28,11.63,0.116,-0.018,0.009,0,-46,856,4,USURPATION
2024-07-01 08:35:34,M01,0.789,0.636,67.8,11.71,0.178,0.036,0.029,0,-8,788,4,USURPATION
2024-07-01 08:35:35,M03,0.848,0.632,67.64,11.94,0.068,-0.076,-0.018,0,-50,1138,4,USURPATION
2024-07-01 08:35:36,M01,0.761,0.645,67.32,11.23,0.076,0.05,-0.024,0,-2,865,4,USURPATION
2024-07-01 08:35:37,M02,0.844,0.639,63.67,10.94,0.147,-0.057,0.051,0,2,1193,4,USURPATION
2024-07-01 08:35:38,M01,0.808,0.55,62.94,12.46,0.184,0.047,0.026,0,12,1073,4,USURPATION
2024-07-01 08:35:39,M03,0.789,0.642,66.52,11.61,0.186,0.202,0.039,0,44,726,4,USURPATION
2024-07-01 08:35:40,M03,0.844,0.692,67.78,13.08,0.236,-0.039,-0.015,0,39,1153,4,USURPATION
2024-07-01 08:35:41,M01,0.832,0.599,67.34,13.0,0.164,0.199,-0.018,0,15,745,4,USURPATION
2024-07-01 08:35:42,M01,0.82,0.675,64.99,11.73,0.142,0.033,0.035,0,39,1453,4,USURPATION
2024-07-01 08:35:43,M02,0.849,0.555,66.45,13.18,0.098,-0.051,-0.008,0,-3,951,4,USURPATION
2024-07-01 08:35:44,M01,0.809,0.599,66.49,12.47,0.142,-0.055,-0.021,0,-17,785,4,USURPATION
2024-07-01 08:35:45,M02,0.717,0.569,65.27,11.66,0.194,0.161,-0.032,0,-25,1082,4,USURPATION
2024-07-01 08:35:46,M02,0.78,0.669,65.35,10.67,0.196,0.033,-0.017,0,27,1116,4,USURPATION
2024-07-01 08:35:47,M02,0.709,0.682,65.16,12.34,0.173,-0.039,0.032,0,-15,846,4,USURPATION
2024-07-01 08:35:48,M02,0.831,0.596,63.34,12.01,0.186,-0.014,-0.053,0,48,833,4,USURPATION
2024-07-01 08:35:49,M02,0.843,0.658,63.55,12.21,0.221,0.029,0.024,0,49,508,4,USURPATION
2024-07-01 08:35:50,M02,0.845,0.682,63.52,11.87,0.164,-0.001,-0.024,0,-9,1281,4,USURPATION
2024-07-01 08:35:51,M01,0.823,0.599,61.68,11.41,0.226,0.023,-0.007,0,-7,1443,4,USURPATION
2024-07-01 08:35:52,M03,0.847,0.607,65.25,11.77,0.126,0.121,-0.004,0,-50,1332,4,USURPATION
2024-07-01 08:35:53,M01,0.721,0.637,64.88,12.35,0.157,-0.077,-0.007,0,24,777,4,USURPATION
2024-07-01 08:35:54,M02,0.793,0.559,66.52,11.81,0.137,0.044,-0.009,0,1,1144,4,USURPATION
2024-07-01 08:35:55,M02,0.729,0.606,67.54,11.81,0.198,-0.005,-0.015,0,2,1087,4,USURPATION
2024-07-01 08:35:56,M01,0.781,0.706,67.67,11.22,0.112,-0.034,-0.02,0,30,573,4,USURPATION
2024-07-01 08:35:57,M03,0.879,0.576,67.87,12.04,0.145,0.073,0.048,0,-29,844,4,USURPATION
2024-07-01 08:35:58,M03,0.853,0.643,63.41,11.42,0.071,-0.1,0.002,0,33,1122,4,USURPATION
2024-07-01 08:35:59,M03,0.832,0.626,62.02,12.46,0.189,-0.162,-0.004,0,4,398,4,USURPATION
2024-07-01 08:36:00,M03,0.79,0.593,66.87,11.62,0.22,0.015,-0.022,0,26,680,4,USURPATION
2024-07-01 08:36:01,M01,0.749,0.612,67.79,11.84,0.204,-0.01,-0.014,0,-8,1241,4,USURPATION
2024-07-01 08:36:02,M02,0.808,0.687,68.15,13.09,0.199,-0.093,-0.022,0,33,767,4,USURPATION
2024-07-01 08:36:03,M01,0.854,0.628,65.95,11.83,0.2,-0.117,0.028,0,-36,577,4,USURPATION
2024-07-01 08:36:04,M01,0.819,0.636,60.87,11.77,0.194,0.132,-0.026,0,5,1314,4,USURPATION
2024-07-01 08:36:05,M01,0.72,0.68,65.71,12.29,0.19,0.031,-0.08,0,28,767,4,USURPATION
2024-07-01 08:36:06,M02,0.804,0.586,66.1,11.08,0.193,0.001,0.003,0,-29,1244,4,USURPATION
2024-07-01 08:36:07,M03,0.704,0.549,67.53,12.63,0.129,0.15,-0.009,0,-39,1538,4,USURPATION
2024-07-01 08:36:08,M03,0.839,0.688,67.89,12.5,0.151,0.07,-0.02,0,4,672,4,USURPATION
2024-07-01 08:36:09,M01,0.764,0.607,66.82,12.26,0.164,0.121,0.034,0,29,961,4,USURPATION
2024-07-01 08:36:10,M02,0.738,0.645,63.76,10.27,0.144,-0.081,-0.097,0,27,1090,4,USURPATION
2024-07-01 08:36:11,M02,0.839,0.563,62.85,11.86,0.085,-0.083,0.058,0,0,1308,4,USURPATION
2024-07-01 08:36:12,M01,0.826,0.62,66.05,11.34,0.101,0.042,0.039,0,-30,843,4,USURPATION
2024-07-01 08:36:13,M02,0.81,0.546,63.34,12.56,0.171,0.028,-0.022,0,-32,250,4,USURPATION
2024-07-01 08:36:14,M01,0.907,0.604,67.98,12.53,0.204,0.085,-0.015,0,-47,672,4,USURPATION
2024-07-01 08:36:15,M01,0.83,0.569,61.47,12.19,0.161,-0.112,0.019,0,-34,899,4,USURPATION
2024-07-01 08:36:16,M03,0.767,0.557,66.12,11.38,0.292,0.048,0.02,0,-36,1243,4,USURPATION
2024-07-01 08:36:17,M03,0.824,0.586,65.62,12.75,0.116,0.067,-0.022,0,-44,964,4,USURPATION
2024-07-01 08:36:18,M02,0.785,0.487,64.54,11.86,0.182,0.064,-0.057,0,21,1221,4,USURPATION
2024-07-01 08:36:19,M01,0.862,0.543,63.06,12.91,0.222,-0.028,0.077,0,-46,888,4,USURPATION
2024-07-01 08:36:20,M02,0.813,0.639,60.73,12.13,0.211,0.035,0.035,0,16,1060,4,USURPATION
2024-07-01 08:36:21,M03,0.818,0.618,63.87,12.25,0.192,-0.053,0.007,0,-7,1268,4,USURPATION
2024-07-01 08:36:22,M02,0.727,0.548,63.91,11.76,0.211,-0.02,0.007,0,6,1354,4,USURPATION
2024-07-01 08:36:23,M01,0.802,0.628,67.24,12.71,0.163,-0.072,0.023,0,8,1620,4,USURPATION
2024-07-01 08:36:24,M03,0.796,0.557,63.36,12.3,0.24,-0.052,0.028,0,22,1102,4,USURPATION
2024-07-01 08:36:25,M02,0.748,0.636,65.89,12.73,0.222,-0.017,-0.074,0,17,451,4,USURPATION
2024-07-01 08:36:26,M01,0.788,0.595,62.31,12.08,0.12,-0.034,-0.012,0,25,1155,4,USURPATION
2024-07-01 08:36:27,M02,0.82,0.585,65.94,11.97,0.176,-0.052,-0.015,0,-38,433,4,USURPATION
2024-07-01 08:36:28,M02,0.798,0.596,60.37,12.29,0.086,-0.089,-0.005,0,-23,1193,4,USURPATION
2024-07-01 08:36:29,M03,0.729,0.727,69.26,12.73,0.233,0.134,0.029,0,22,1049,4,USURPATION
2024-07-01 08:36:30,M02,0.785,0.563,64.67,12.51,0.171,-0.034,-0.063,0,-8,1335,4,USURPATION
2024-07-01 08:36:31,M01,0.775,0.612,59.23,12.06,0.225,0.022,-0.047,0,32,886,4,USURPATION
2024-07-01 08:36:32,M03,0.808,0.639,63.49,11.04,0.155,-0.12,-0.023,0,-34,1064,4,USURPATION
2024-07-01 08:36:33,M01,0.803,0.553,63.16,12.4,0.072,0.092,0.007,0,45,1161,4,USURPATION
2024-07-01 08:36:34,M01,0.778,0.522,63.62,11.26,0.286,0.011,0.031,0,36,300,4,USURPATION
2024-07-01 08:36:35,M03,0.776,0.571,64.21,12.01,0.167,-0.031,0.06,0,-30,1146,4,USURPATION
2024-07-01 08:36:36,M03,0.802,0.638,63.6,11.93,0.112,-0.03,-0.009,0,-37,320,4,USURPATION
2024-07-01 08:36:37,M02,0.846,0.584,63.29,11.27,0.215,0.059,0.031,0,25,786,4,USURPATION
2024-07-01 08:36:38,M01,0.813,0.589,62.58,12.18,0.258,-0.202,0.026,0,-1,1112,4,USURPATION
2024-07-01 08:36:39,M01,0.869,0.646,66.64,13.09,0.151,-0.057,0.02,0,43,384,4,USURPATION
2024-07-01 08:36:40,M01,0.855,0.561,67.42,11.83,0.156,-0.008,0.0,0,28,1208,4,USURPATION
2024-07-01 08:36:41,M02,0.873,0.596,64.44,12.38,0.172,-0.009,-0.013,0,40,1181,4,USURPATION
2024-07-01 08:36:42,M02,0.867,0.526,64.92,13.19,0.107,0.171,-0.037,0,-35,1320,4,USURPATION
2024-07-01 08:36:43,M02,0.876,0.616,62.65,12.43,0.127,-0.023,-0.04,0,22,508,4,USURPATION
2024-07-01 08:36:44,M03,0.742,0.612,65.11,11.66,0.245,0.067,0.013,0,-16,1609,4,USURPATION
2024-07-01 08:36:45,M03,0.831,0.64,65.43,12.11,0.154,0.123,-0.001,0,32,621,4,USURPATION
2024-07-01 08:36:46,M03,0.859,0.544,64.51,12.24,0.12,0.046,-0.014,0,-30,1062,4,USURPATION
2024-07-01 08:36:47,M03,0.868,0.591,65.77,12.72,0.139,-0.046,0.025,0,12,904,4,USURPATION
2024-07-01 08:36:48,M03,0.76,0.537,65.59,12.61,0.212,-0.088,-0.006,0,37,972,4,USURPATION
2024-07-01 08:36:49,M03,0.831,0.588,62.8,10.58,0.066,0.051,-0.032,0,31,1550,4,USURPATION
2024-07-01 08:36:50,M02,0.802,0.674,67.41,11.55,0.172,0.112,-0.009,0,-46,660,4,USURPATION
2024-07-01 08:36:51,M01,0.89,0.585,64.53,11.95,0.278,0.037,0.03,0,27,1489,4,USURPATION
2024-07-01 08:36:52,M02,0.73,0.533,68.39,11.47,0.257,0.084,-0.036,0,42,1255,4,USURPATION
2024-07-01 08:36:53,M03,0.761,0.567,65.82,10.1,0.188,0.177,0.009,0,30,1006,4,USURPATION
2024-07-01 08:36:54,M03,0.709,0.521,69.0,11.62,0.223,0.057,-0.001,0,-32,1003,4,USURPATION
2024-07-01 08:36:55,M01,0.806,0.537,67.37,11.99,0.223,-0.075,-0.026,0,41,1182,4,USURPATION
2024-07-01 08:36:56,M02,0.911,0.634,65.43,11.72,0.154,0.003,-0.01,0,-4,883,4,USURPATION
2024-07-01 08:36:57,M01,0.797,0.529,63.48,11.48,0.205,0.093,-0.055,0,-3,939,4,USURPATION
2024-07-01 08:36:58,M03,0.804,0.616,63.52,12.01,0.246,-0.017,0.005,0,-49,1060,4,USURPATION
2024-07-01 08:36:59,M01,0.826,0.602,66.05,12.16,0.1,0.103,-0.048,0,13,1446,4,USURPATION
2024-07-01 08:37:00,M02,0.793,0.574,65.25,11.75,0.188,-0.005,0.04,0,39,968,4,USURPATION
2024-07-01 08:37:01,M03,0.817,0.612,63.75,12.69,0.178,0.023,-0.002,0,-45,475,4,USURPATION
2024-07-01 08:37:02,M02,0.818,0.554,66.67,12.02,0.165,-0.024,-0.02,0,3,1073,4,USURPATION
2024-07-01 08:37:03,M01,0.757,0.642,65.04,11.55,0.161,0.011,0.043,0,46,986,4,USURPATION
2024-07-01 08:37:04,M01,0.794,0.566,66.68,11.42,0.171,0.014,-0.036,0,-23,812,4,USURPATION
2024-07-01 08:37:05,M02,0.835,0.582,62.96,11.88,0.175,-0.11,-0.026,0,42,1121,4,USURPATION
2024-07-01 08:37:06,M03,0.845,0.576,67.01,12.56,0.214,-0.03,-0.065,0,-49,822,4,USURPATION
2024-07-01 08:37:07,M01,0.863,0.635,65.99,11.57,0.183,-0.085,0.048,0,-28,961,4,USURPATION
2024-07-01 08:37:08,M01,0.815,0.627,67.42,12.29,0.152,-0.028,0.068,0,18,1061,4,USURPATION
2024-07-01 08:37:09,M02,0.816,0.471,66.96,12.04,0.12,-0.055,-0.059,0,3,1092,4,USURPATION
2024-07-01 08:37:10,M02,0.836,0.613,64.79,13.01,0.138,0.069,-0.028,0,-26,1147,4,USURPATION
2024-07-01 08:37:11,M01,0.769,0.514,64.62,12.19,0.173,0.07,0.004,0,30,1191,4,USURPATION
2024-07-01 08:37:12,M03,0.767,0.584,68.62,11.63,0.127,0.038,-0.018,0,-35,1055,4,USURPATION
2024-07-01 08:37:13,M02,0.793,0.595,64.36,12.37,0.206,-0.087,-0.0,0,5,534,4,USURPATION
2024-07-01 08:37:14,M02,0.735,0.583,66.49,12.38,0.181,-0.007,-0.003,0,3,1104,4,USURPATION
2024-07-01 08:37:15,M03,0.819,0.625,64.18,11.79,0.215,-0.092,0.016,0,2,1310,4,USURPATION
2024-07-01 08:37:16,M03,0.851,0.636,61.14,11.4,0.13,-0.01,-0.033,0,32,468,4,USURPATION
2024-07-01 08:37:17,M02,0.763,0.562,62.44,12.26,0.121,0.044,0.008,0,4,537,4,USURPATION
2024-07-01 08:37:18,M01,0.82,0.561,65.79,12.02,0.215,0.067,-0.039,0,29,774,4,USURPATION
2024-07-01 08:37:19,M03,0.767,0.599,66.4,11.22,0.167,0.032,-0.014,0,-18,1289,4,USURPATION
2024-07-01 08:37:20,M03,0.748,0.524,65.8,12.12,0.151,0.086,-0.061,0,-32,757,4,USURPATION
2024-07-01 08:37:21,M03,0.901,0.577,67.31,11.67,0.194,0.017,-0.014,0,4,1293,4,USURPATION
2024-07-01 08:37:22,M02,0.749,0.667,65.76,11.22,0.192,-0.016,-0.02,0,9,1084,4,USURPATION
2024-07-01 08:37:23,M02,0.735,0.526,63.37,11.81,0.1,0.059,0.035,0,22,835,4,USURPATION
2024-07-01 08:37:24,M02,0.809,0.584,66.18,12.64,0.226,0.062,-0.001,0,44,1902,4,USURPATION
2024-07-01 08:37:25,M02,0.812,0.571,65.31,12.61,0.141,-0.036,0.005,0,-49,625,4,USURPATION
2024-07-01 08:37:26,M01,0.832,0.7,63.78,12.47,0.242,0.026,0.0,0,-30,1019,4,USURPATION
2024-07-01 08:37:27,M02,0.898,0.574,65.93,12.13,0.097,-0.02,-0.075,0,-28,722,4,USURPATION
2024-07-01 08:37:28,M02,0.76,0.577,65.12,12.29,0.175,-0.137,-0.071,0,-33,1118,4,USURPATION
2024-07-01 08:37:29,M01,0.77,0.55,63.72,12.04,0.151,0.03,-0.01,0,-37,735,4,USURPATION
2024-07-01 08:37:30,M02,0.878,0.601,64.6,11.43,0.066,-0.089,0.011,0,-31,875,4,USURPATION
2024-07-01 08:37:31,M01,0.845,0.614,67.86,11.53,0.192,0.022,-0.007,0,22,787,4,USURPATION
2024-07-01 08:37:32,M03,0.838,0.557,67.79,11.68,0.068,-0.105,-0.03,0,-42,930,4,USURPATION
2024-07-01 08:37:33,M01,0.769,0.649,65.35,12.7,0.146,-0.049,-0.008,0,-28,1307,4,USURPATION
2024-07-01 08:37:34,M03,0.855,0.614,65.08,12.54,0.213,-0.03,-0.011,0,-11,585,4,USURPATION
2024-07-01 08:37:35,M02,0.839,0.643,62.02,11.44,0.135,0.082,0.029,0,29,762,4,USURPATION
2024-07-01 08:37:36,M01,0.808,0.584,68.48,12.02,0.117,-0.037,0.027,0,-35,888,4,USURPATION
2024-07-01 08:37:37,M03,0.77,0.613,67.08,11.78,0.199,-0.074,-0.019,0,-37,943,4,USURPATION
2024-07-01 08:37:38,M01,0.804,0.59,66.5,11.91,0.148,0.025,-0.001,0,-43,1421,4,USURPATION
2024-07-01 08:37:39,M02,0.88,0.673,60.3,11.72,0.141,-0.015,0.011,0,-39,775,4,USURPATION
2024-07-01 08:37:40,M02,0.744,0.606,65.04,12.71,0.221,0.054,0.016,0,-49,1292,4,USURPATION
2024-07-01 08:37:41,M02,0.759,0.601,64.7,11.98,0.105,-0.069,0.06,0,-12,1467,4,USURPATION
2024-07-01 08:37:42,M02,0.768,0.578,66.36,12.1,0.138,0.014,-0.0,0,-3,962,4,USURPATION
2024-07-01 08:37:43,M02,0.778,0.575,64.04,12.1,0.202,0.168,0.043,0,-8,703,4,USURPATION
2024-07-01 08:37:44,M01,0.798,0.612,64.48,11.47,0.101,-0.017,-0.041,0,-17,1374,4,USURPATION
2024-07-01 08:37:45,M02,0.846,0.641,66.23,12.05,0.245,0.012,-0.022,0,-48,1262,4,USURPATION
2024-07-01 08:37:46,M03,0.822,0.567,63.37,12.53,0.15,-0.114,-0.076,0,11,675,4,USURPATION
2024-07-01 08:37:47,M03,0.802,0.607,63.78,12.74,0.202,-0.059,0.006,0,44,1523,4,USURPATION
2024-07-01 08:37:48,M03,0.812,0.61,65.36,11.4,0.202,0.031,0.024,0,38,801,4,USURPATION
2024-07-01 08:37:49,M01,0.83,0.618,67.7,11.22,0.153,-0.023,-0.091,0,-3,957,4,USURPATION
2024-07-01 08:37:50,M02,0.715,0.516,66.62,12.02,0.137,0.042,0.008,0,-29,1205,4,USURPATION
2024-07-01 08:37:51,M02,0.852,0.555,67.16,12.56,0.158,0.029,0.023,0,0,1476,4,USURPATION
2024-07-01 08:37:52,M02,0.758,0.533,65.09,12.17,0.194,-0.09,0.021,0,-27,1100,4,USURPATION
2024-07-01 08:37:53,M02,0.777,0.602,68.02,12.34,0.113,0.069,-0.042,0,-4,925,4,USURPATION
2024-07-01 08:37:54,M02,0.816,0.556,61.39,11.3,0.103,-0.085,0.029,0,-44,882,4,USURPATION
2024-07-01 08:37:55,M01,0.795,0.576,69.11,11.7,0.231,-0.053,0.001,0,45,925,4,USURPATION
2024-07-01 08:37:56,M03,0.823,0.542,69.37,10.87,0.125,0.015,0.022,0,-32,1717,4,USURPATION
2024-07-01 08:37:57,M03,0.806,0.581,65.9,11.92,0.177,0.107,-0.004,0,-20,1143,4,USURPATION
2024-07-01 08:37:58,M02,0.784,0.545,66.67,10.89,0.151,-0.069,0.015,0,3,1056,4,USURPATION
2024-07-01 08:37:59,M03,0.875,0.638,64.88,12.67,0.153,0.01,0.041,0,-14,1266,4,USURPATION
2024-07-01 08:38:00,M01,0.834,0.624,64.53,12.78,0.229,0.01,-0.006,0,-8,946,4,USURPATION
2024-07-01 08:38:01,M03,0.814,0.608,63.71,12.06,0.156,0.045,0.011,0,-2,1456,4,USURPATION
2024-07-01 08:38:02,M01,0.833,0.586,64.86,11.22,0.143,0.081,0.046,0,39,1169,4,USURPATION
2024-07-01 08:38:03,M02,0.764,0.5,66.1,12.18,0.147,-0.028,-0.004,0,43,918,4,USURPATION
2024-07-01 08:38:04,M01,0.907,0.578,65.82,12.94,0.136,0.069,-0.039,0,-18,856,4,USURPATION
2024-07-01 08:38:05,M02,0.745,0.563,69.03,12.23,0.128,0.091,0.025,0,-48,501,4,USURPATION
2024-07-01 08:38:06,M02,0.804,0.613,65.17,12.59,0.136,0.122,0.053,0,-43,1306,4,USURPATION
2024-07-01 08:38:07,M02,0.784,0.631,61.91,11.74,0.24,0.034,0.047,0,-25,190,4,USURPATION
2024-07-01 08:38:08,M01,0.783,0.617,68.33,11.55,0.194,0.01,0.027,0,43,581,4,USURPATION
2024-07-01 08:38:09,M01,0.776,0.663,62.46,11.95,0.144,-0.033,-0.083,0,-19,1435,4,USURPATION
2024-07-01 08:38:10,M01,0.76,0.573,63.81,11.01,0.207,-0.1,-0.022,0,-26,755,4,USURPATION
2024-07-01 08:38:11,M02,0.858,0.57,65.52,13.14,0.084,-0.019,-0.02,0,-39,789,4,USURPATION
2024-07-01 08:38:12,M03,0.739,0.652,65.82,12.06,0.226,0.007,0.003,0,31,1609,4,USURPATION
2024-07-01 08:38:13,M02,0.847,0.609,62.0,12.43,0.222,-0.008,0.062,0,27,1280,4,USURPATION
2024-07-01 08:38:14,M02,0.831,0.588,63.43,11.75,0.267,0.041,-0.038,0,-21,1048,4,USURPATION
2024-07-01 08:38:15,M02,0.78,0.692,61.92,11.2,0.209,-0.1,0.081,0,-32,1571,4,USURPATION
2024-07-01 08:38:16,M01,0.825,0.629,66.23,12.72,0.181,-0.013,-0.013,0,-3,989,4,USURPATION
2024-07-01 08:38:17,M03,0.791,0.591,67.39,11.42,0.222,0.136,-0.027,0,37,871,4,USURPATION
2024-07-01 08:38:18,M03,0.744,0.567,62.46,12.17,0.13,0.068,0.031,0,-29,1077,4,USURPATION
2024-07-01 08:38:19,M02,0.745,0.666,67.0,12.22,0.141,0.042,0.034,0,-39,1330,4,USURPATION
2024-07-01 08:38:20,M02,0.831,0.611,66.87,12.03,0.157,0.026,0.024,0,23,640,4,USURPATION
2024-07-01 08:38:21,M03,0.829,0.602,63.61,11.59,0.226,-0.025,-0.027,0,-3,782,4,USURPATION
2024-07-01 08:38:22,M02,0.811,0.634,60.9,11.91,0.119,-0.12,0.019,0,10,709,4,USURPATION
2024-07-01 08:38:23,M03,0.779,0.644,62.76,11.51,0.114,0.031,-0.036,0,31,663,4,USURPATION
2024-07-01 08:38:24,M01,0.789,0.628,63.74,12.4,0.172,-0.168,-0.028,0,-38,957,4,USURPATION
2024-07-01 08:38:25,M01,0.783,0.644,68.12,12.28,0.195,-0.023,-0.002,0,-9,657,4,USURPATION
2024-07-01 08:38:26,M03,0.712,0.623,64.72,11.98,0.127,-0.001,-0.028,0,-17,467,4,USURPATION
2024-07-01 08:38:27,M03,0.802,0.628,62.9,11.7,0.192,-0.031,0.039,0,-31,780,4,USURPATION
2024-07-01 08:38:28,M01,0.825,0.564,65.26,13.06,0.226,0.148,-0.02,0,15,762,4,USURPATION
2024-07-01 08:38:29,M03,0.802,0.69,62.3,11.33,0.218,0.124,-0.007,0,32,1150,4,USURPATION
2024-07-01 08:38:30,M03,0.886,0.54,66.01,11.2,0.177,0.07,-0.031,0,28,1299,4,USURPATION
2024-07-01 08:38:31,M02,0.749,0.616,62.96,11.95,0.156,-0.063,0.038,0,-22,822,4,USURPATION
2024-07-01 08:38:32,M01,0.766,0.535,63.25,11.86,0.243,0.131,-0.023,0,42,264,4,USURPATION
2024-07-01 08:38:33,M01,0.805,0.596,65.73,12.55,0.161,0.042,0.042,0,33,786,4,USURPATION
2024-07-01 08:38:34,M01,0.811,0.572,68.55,12.32,0.205,-0.065,0.039,0,42,1587,4,USURPATION
2024-07-01 08:38:35,M03,0.704,0.607,69.47,12.01,0.254,0.002,-0.015,0,-34,1286,4,USURPATION
2024-07-01 08:38:36,M03,0.829,0.617,62.83,12.25,0.2,0.065,0.002,0,1,1114,4,USURPATION
2024-07-01 08:38:37,M03,0.811,0.553,63.74,12.24,0.113,-0.041,-0.016,0,29,909,4,USURPATION
2024-07-01 08:38:38,M02,0.694,0.599,66.02,13.06,0.101,0.009,0.021,0,-2,1279,4,USURPATION
2024-07-01 08:38:39,M01,0.793,0.669,67.36,12.12,0.146,0.021,-0.006,0,-46,686,4,USURPATION
2024-07-01 08:38:40,M01,0.759,0.536,60.52,11.64,0.194,-0.075,-0.014,0,17,1294,4,USURPATION
2024-07-01 08:38:41,M02,0.776,0.558,65.14,12.09,0.182,-0.019,0.003,0,-5,1166,4,USURPATION
2024-07-01 08:38:42,M03,0.732,0.643,63.96,10.65,0.266,-0.07,-0.056,0,32,1226,4,USURPATION
2024-07-01 08:38:43,M01,0.819,0.604,61.02,11.97,0.181,0.059,-0.002,0,7,1052,4,USURPATION
2024-07-01 08:38:44,M01,0.886,0.608,62.22,12.55,0.145,-0.062,0.024,0,36,603,4,USURPATION
2024-07-01 08:38:45,M03,0.812,0.651,63.8,12.3,0.106,0.02,0.006,0,-4,693,4,USURPATION
2024-07-01 08:38:46,M01,0.692,0.561,65.08,12.14,0.217,-0.095,0.035,0,-42,1183,4,USURPATION
2024-07-01 08:38:47,M02,0.813,0.575,67.03,12.32,0.16,-0.078,-0.013,0,11,1149,4,USURPATION
2024-07-01 08:38:48,M02,0.789,0.569,65.69,12.55,0.088,-0.081,-0.015,0,41,852,4,USURPATION
2024-07-01 08:38:49,M01,0.744,0.583,66.9,12.72,0.161,-0.02,-0.039,0,-8,846,4,USURPATION
2024-07-01 08:38:50,M03,0.816,0.667,65.01,12.22,0.113,0.012,-0.014,0,-31,1382,4,USURPATION
2024-07-01 08:38:51,M02,0.842,0.517,63.51,11.83,0.14,0.025,0.072,0,47,1011,4,USURPATION
2024-07-01 08:38:52,M01,0.766,0.542,64.58,10.81,0.161,-0.121,0.011,0,25,765,4,USURPATION
2024-07-01 08:38:53,M03,0.717,0.533,66.39,12.49,0.117,-0.012,-0.02,0,3,1438,4,USURPATION
2024-07-01 08:38:54,M02,0.699,0.67,67.08,12.25,0.137,-0.052,-0.035,0,43,1404,4,USURPATION
2024-07-01 08:38:55,M01,0.766,0.57,64.66,12.07,0.125,0.036,-0.056,0,41,1010,4,USURPATION
2024-07-01 08:38:56,M01,0.791,0.584,63.06,11.64,0.126,-0.019,-0.029,0,30,1071,4,USURPATION
2024-07-01 08:38:57,M02,0.773,0.521,65.65,12.48,0.112,-0.006,0.028,0,3,1287,4,USURPATION
2024-07-01 08:38:58,M03,0.765,0.588,65.94,11.86,0.137,-0.051,-0.014,0,33,1206,4,USURPATION
2024-07-01 08:38:59,M02,0.827,0.643,67.49,11.97,0.118,0.117,-0.033,0,-21,594,4,USURPATION
2024-07-01 08:39:00,M02,0.822,0.613,63.57,11.96,0.188,-0.088,-0.029,0,-18,1450,4,USURPATION
2024-07-01 08:39:01,M01,0.809,0.595,63.59,12.22,0.17,-0.028,0.024,0,-50,541,4,USURPATION
2024-07-01 08:39:02,M03,0.839,0.523,66.51,11.4,0.217,0.007,-0.002,0,-39,1146,4,USURPATION
2024-07-01 08:39:03,M01,0.766,0.584,64.12,12.28,0.25,-0.017,-0.022,0,-36,649,4,USURPATION
2024-07-01 08:39:04,M01,0.744,0.608,64.04,11.62,0.193,-0.052,-0.01,0,-38,1206,4,USURPATION
2024-07-01 08:39:05,M01,0.773,0.552,67.53,11.64,0.182,-0.124,0.08,0,-22,796,4,USURPATION
2024-07-01 08:39:06,M01,0.769,0.633,62.15,12.44,0.196,-0.048,0.045,0,14,815,4,USURPATION
2024-07-01 08:39:07,M01,0.697,0.644,69.18,11.48,0.183,-0.066,0.054,0,49,1268,4,USURPATION
2024-07-01 08:39:08,M01,0.772,0.574,63.7,12.44,0.163,0.114,-0.062,0,44,649,4,USURPATION
2024-07-01 08:39:09,M01,0.854,0.636,66.74,12.04,0.159,0.154,-0.004,0,40,852,4,USURPATION
2024-07-01 08:39:10,M03,0.838,0.595,64.74,11.15,0.111,-0.004,-0.022,0,-47,659,4,USURPATION
2024-07-01 08:39:11,M02,0.825,0.657,65.52,12.69,0.2,-0.096,0.021,0,30,1048,4,USURPATION
2024-07-01 08:39:12,M03,0.805,0.701,64.42,12.15,0.159,0.05,0.039,0,-33,1748,4,USURPATION
2024-07-01 08:39:13,M01,0.871,0.547,66.72,12.19,0.23,-0.067,0.013,0,45,654,4,USURPATION
2024-07-01 08:39:14,M03,0.746,0.639,64.25,12.5,0.204,-0.038,-0.03,0,23,1119,4,USURPATION
2024-07-01 08:39:15,M01,0.751,0.665,63.79,12.75,0.13,-0.043,-0.023,0,41,1399,4,USURPATION
2024-07-01 08:39:16,M02,0.854,0.553,68.68,12.09,0.22,-0.034,0.023,0,-22,405,4,USURPATION
2024-07-01 08:39:17,M03,0.8,0.572,65.02,12.3,0.038,-0.025,0.027,0,-28,797,4,USURPATION
2024-07-01 08:39:18,M02,0.765,0.572,63.57,12.18,0.253,-0.09,0.006,0,17,684,4,USURPATION
2024-07-01 08:39:19,M01,0.826,0.594,61.9,11.82,0.096,-0.048,0.006,0,-50,599,4,USURPATION
2024-07-01 08:39:20,M01,0.777,0.583,68.78,11.18,0.184,0.069,0.003,0,-50,1111,4,USURPATION
2024-07-01 08:39:21,M01,0.757,0.591,63.83,12.1,0.181,-0.003,0.011,0,12,1073,4,USURPATION
2024-07-01 08:39:22,M01,0.756,0.642,69.19,12.69,0.214,0.008,0.027,0,-41,1447,4,USURPATION
2024-07-01 08:39:23,M02,0.815,0.507,65.78,12.29,0.145,-0.153,0.024,0,31,1232,4,USURPATION
2024-07-01 08:39:24,M01,0.809,0.552,65.25,11.45,0.058,0.064,0.002,0,-35,1027,4,USURPATION
2024-07-01 08:39:25,M03,0.874,0.634,65.31,12.55,0.145,-0.047,-0.001,0,-38,1096,4,USURPATION
2024-07-01 08:39:26,M02,0.784,0.628,69.5,11.83,0.15,0.076,-0.002,0,-9,851,4,USURPATION
2024-07-01 08:39:27,M03,0.783,0.548,60.47,10.92,0.062,0.01,-0.027,0,-47,1107,4,USURPATION
2024-07-01 08:39:28,M03,0.87,0.628,65.4,12.51,0.162,-0.039,-0.027,0,-28,544,4,USURPATION
2024-07-01 08:39:29,M01,0.848,0.666,64.42,11.51,0.109,-0.115,0.021,0,-32,967,4,USURPATION
2024-07-01 08:39:30,M03,0.806,0.598,64.52,12.9,0.191,0.148,-0.025,0,-37,1156,4,USURPATION
2024-07-01 08:39:31,M03,0.721,0.551,65.27,12.58,0.149,0.055,0.03,0,27,951,4,USURPATION
2024-07-01 08:39:32,M01,0.758,0.644,64.41,11.87,0.254,0.059,-0.001,0,-26,808,4,USURPATION
2024-07-01 08:39:33,M02,0.746,0.686,65.35,12.22,0.148,0.124,0.03,0,-21,1040,4,USURPATION
2024-07-01 08:39:34,M01,0.801,0.557,64.91,13.23,0.181,0.015,0.024,0,-46,764,4,USURPATION
2024-07-01 08:39:35,M01,0.773,0.603,62.27,12.5,0.15,0.092,0.031,0,-22,933,4,USURPATION
2024-07-01 08:39:36,M01,0.878,0.654,65.74,12.11,0.083,-0.033,-0.016,0,-33,1263,4,USURPATION
2024-07-01 08:39:37,M02,0.721,0.606,66.43,13.46,0.151,0.05,0.016,0,-48,1284,4,USURPATION
2024-07-01 08:39:38,M03,0.741,0.514,63.85,12.05,0.196,-0.043,0.027,0,25,1080,4,USURPATION
2024-07-01 08:39:39,M01,0.811,0.623,68.79,12.29,0.189,-0.035,-0.055,0,35,708,4,USURPATION
2024-07-01 08:39:40,M01,0.825,0.552,67.7,11.51,0.146,0.006,0.062,0,7,904,4,USURPATION
2024-07-01 08:39:41,M01,0.67,0.538,66.69,11.14,0.091,-0.087,0.082,0,16,1046,4,USURPATION
2024-07-01 08:39:42,M01,0.713,0.515,66.67,11.84,0.191,0.022,0.035,0,2,794,4,USURPATION
2024-07-01 08:39:43,M02,0.786,0.659,65.02,12.01,0.18,-0.022,0.03,0,-6,1542,4,USURPATION
2024-07-01 08:39:44,M02,0.866,0.559,67.3,12.16,0.201,-0.136,0.022,0,-35,800,4,USURPATION
2024-07-01 08:39:45,M02,0.892,0.617,68.18,11.27,0.147,-0.032,-0.011,0,31,1025,4,USURPATION
2024-07-01 08:39:46,M02,0.778,0.629,66.62,12.33,0.08,-0.024,-0.003,0,-41,480,4,USURPATION
2024-07-01 08:39:47,M03,0.79,0.609,63.79,11.57,0.186,0.058,0.036,0,43,1306,4,USURPATION
2024-07-01 08:39:48,M02,0.757,0.615,64.88,12.3,0.16,0.019,-0.034,0,7,1479,4,USURPATION
2024-07-01 08:39:49,M01,0.83,0.619,66.14,12.47,0.227,0.099,-0.037,0,16,702,4,USURPATION
2024-07-01 08:39:50,M03,0.875,0.607,66.68,11.79,0.162,0.035,-0.013,0,15,552,4,USURPATION
2024-07-01 08:39:51,M01,0.861,0.563,64.8,11.5,0.158,-0.038,0.025,0,12,1076,4,USURPATION
2024-07-01 08:39:52,M03,0.797,0.559,63.8,12.78,0.18,-0.004,-0.03,0,-46,1587,4,USURPATION
2024-07-01 08:39:53,M01,0.757,0.595,68.21,12.44,0.132,-0.024,-0.007,0,1,592,4,USURPATION
2024-07-01 08:39:54,M03,0.799,0.594,62.76,12.07,0.129,0.033,-0.003,0,25,915,4,USURPATION
2024-07-01 08:39:55,M01,0.867,0.622,63.03,12.74,0.156,0.004,-0.035,0,16,1103,4,USURPATION
2024-07-01 08:39:56,M03,0.779,0.655,62.24,12.03,0.116,-0.043,-0.087,0,23,1039,4,USURPATION
2024-07-01 08:39:57,M03,0.709,0.618,63.03,11.67,0.149,0.0,-0.036,0,-1,1151,4,USURPATION
2024-07-01 08:39:58,M03,0.781,0.561,67.52,11.48,0.253,0.031,0.01,0,-34,1425,4,USURPATION
2024-07-01 08:39:59,M03,0.785,0.493,67.59,11.94,0.21,-0.069,0.018,0,-22,1312,4,USURPATION
2024-07-01 08:40:00,M03,0.708,0.563,64.81,12.38,0.175,0.021,0.019,0,-29,908,4,USURPATION
2024-07-01 08:40:01,M03,0.81,0.534,65.98,12.7,0.234,-0.108,0.023,0,-16,588,4,USURPATION
2024-07-01 08:40:02,M01,0.824,0.565,64.94,12.0,0.121,0.075,-0.021,0,-44,1338,4,USURPATION
2024-07-01 08:40:03,M01,0.891,0.613,62.52,12.61,0.279,0.036,-0.029,0,26,914,4,USURPATION
2024-07-01 08:40:04,M02,0.733,0.605,69.51,11.88,0.138,0.111,0.014,0,2,1035,4,USURPATION
2024-07-01 08:40:05,M03,0.835,0.692,67.78,11.59,0.256,-0.077,-0.007,0,-14,1277,4,USURPATION
2024-07-01 08:40:06,M01,0.847,0.624,65.69,11.32,0.256,0.077,0.034,0,25,1327,4,USURPATION
2024-07-01 08:40:07,M01,0.824,0.695,63.21,11.73,0.076,0.064,0.015,0,-47,1257,4,USURPATION
2024-07-01 08:40:08,M02,0.749,0.636,64.5,11.34,0.23,-0.013,0.047,0,-31,1521,4,USURPATION
2024-07-01 08:40:09,M01,0.746,0.654,63.54,13.01,0.147,-0.026,-0.016,0,-21,175,4,USURPATION
2024-07-01 08:40:10,M03,0.804,0.583,65.16,12.21,0.133,-0.074,0.039,0,32,1001,4,USURPATION
2024-07-01 08:40:11,M03,0.803,0.548,65.6,11.94,0.185,-0.092,0.074,0,-28,818,4,USURPATION
2024-07-01 08:40:12,M03,0.771,0.578,64.26,12.87,0.112,-0.052,0.003,0,33,733,4,USURPATION
2024-07-01 08:40:13,M02,0.863,0.6,61.98,11.33,0.184,-0.086,0.019,0,-39,834,4,USURPATION
2024-07-01 08:40:14,M02,0.779,0.57,69.33,11.92,0.115,0.109,-0.032,0,29,845,4,USURPATION
2024-07-01 08:40:15,M02,0.705,0.551,65.45,13.01,0.169,-0.103,0.033,0,-44,1081,4,USURPATION
2024-07-01 08:40:16,M01,0.788,0.621,65.9,11.92,0.224,0.01,0.042,0,18,1183,4,USURPATION
2024-07-01 08:40:17,M02,0.823,0.551,64.09,13.24,0.179,0.029,-0.017,0,14,693,4,USURPATION
2024-07-01 08:40:18,M01,0.816,0.525,61.76,12.39,0.143,0.024,0.022,0,-4,1278,4,USURPATION
2024-07-01 08:40:19,M03,0.815,0.545,64.79,12.66,0.186,0.03,0.011,0,33,1310,4,USURPATION
2024-07-01 08:40:20,M03,0.873,0.589,64.3,12.67,0.093,0.064,0.015,0,-22,295,4,USURPATION
2024-07-01 08:40:21,M01,0.743,0.552,66.41,11.99,0.12,-0.031,0.03,0,31,1190,4,USURPATION
2024-07-01 08:40:22,M01,0.778,0.589,66.82,11.74,0.14,0.006,0.02,0,26,874,4,USURPATION
2024-07-01 08:40:23,M02,0.875,0.63,66.53,11.93,0.198,-0.02,-0.004,0,12,1412,4,USURPATION
2024-07-01 08:40:24,M01,0.701,0.629,66.99,11.49,0.18,0.089,0.031,0,36,996,4,USURPATION
2024-07-01 08:40:25,M01,0.796,0.568,68.66,11.96,0.186,0.143,0.041,0,18,782,4,USURPATION
2024-07-01 08:40:26,M01,0.86,0.536,65.76,11.99,0.159,-0.082,-0.019,0,17,691,4,USURPATION
2024-07-01 08:40:27,M02,0.859,0.572,67.21,12.85,0.123,-0.139,0.001,0,5,1055,4,USURPATION
2024-07-01 08:40:28,M01,0.831,0.633,65.97,12.29,0.231,0.039,-0.062,0,4,879,4,USURPATION
2024-07-01 08:40:29,M02,0.833,0.645,61.06,13.19,0.127,0.073,0.022,0,-15,616,4,USURPATION
2024-07-01 08:40:30,M03,0.747,0.618,64.64,10.89,0.18,0.133,0.045,0,-28,538,4,USURPATION
2024-07-01 08:40:31,M02,0.867,0.66,63.18,11.37,0.155,0.05,-0.008,0,-39,1100,4,USURPATION
2024-07-01 08:40:32,M03,0.739,0.686,65.43,11.81,0.187,0.095,0.006,0,-44,576,4,USURPATION
2024-07-01 08:40:33,M01,0.742,0.577,63.34,12.75,0.131,0.113,-0.007,0,-26,329,4,USURPATION
2024-07-01 08:40:34,M03,0.818,0.674,66.2,11.93,0.211,0.1,-0.013,0,22,1315,4,USURPATION
2024-07-01 08:40:35,M03,0.774,0.588,66.97,11.24,0.226,0.06,0.009,0,37,724,4,USURPATION
2024-07-01 08:40:36,M03,0.809,0.651,67.43,11.86,0.208,-0.088,-0.027,0,-35,1149,4,USURPATION
2024-07-01 08:40:37,M02,0.82,0.636,68.28,11.38,0.168,-0.001,-0.007,0,-17,1049,4,USURPATION
2024-07-01 08:40:38,M02,0.887,0.503,61.52,11.28,0.14,0.02,-0.031,0,37,811,4,USURPATION
2024-07-01 08:40:39,M03,0.82,0.553,62.5,13.01,0.295,-0.007,0.022,0,17,1452,4,USURPATION
2024-07-01 08:40:40,M01,0.768,0.54,70.96,11.81,0.113,-0.003,0.01,0,17,1198,4,USURPATION
2024-07-01 08:40:41,M03,0.832,0.513,67.03,12.08,0.202,0.107,-0.014,0,1,977,4,USURPATION
2024-07-01 08:40:42,M01,0.757,0.644,65.42,11.94,0.176,-0.052,0.002,0,-26,749,4,USURPATION
2024-07-01 08:40:43,M02,0.844,0.703,65.03,11.86,0.157,0.054,-0.007,0,18,1172,4,USURPATION
2024-07-01 08:40:44,M01,0.802,0.588,64.84,11.56,0.169,0.021,0.042,0,-8,1220,4,USURPATION
2024-07-01 08:40:45,M03,0.819,0.643,61.0,11.83,0.136,-0.059,-0.015,0,9,1021,4,USURPATION
2024-07-01 08:40:46,M02,0.71,0.674,63.38,12.16,0.181,-0.074,0.024,0,-39,985,4,USURPATION
2024-07-01 08:40:47,M01,0.687,0.611,64.73,12.71,0.175,-0.116,-0.024,0,-3,1197,4,USURPATION
2024-07-01 08:40:48,M03,0.724,0.599,63.49,12.47,0.288,0.033,0.03,0,-23,970,4,USURPATION
2024-07-01 08:40:49,M01,0.885,0.588,63.76,11.37,0.211,-0.005,0.038,0,-9,777,4,USURPATION
2024-07-01 08:40:50,M02,0.742,0.627,70.21,12.49,0.185,-0.057,0.04,0,-8,595,4,USURPATION
2024-07-01 08:40:51,M02,0.835,0.644,64.44,12.23,0.188,-0.128,0.054,0,-11,972,4,USURPATION
2024-07-01 08:40:52,M03,0.767,0.623,65.53,11.67,0.248,0.029,0.011,0,-3,587,4,USURPATION
2024-07-01 08:40:53,M02,0.787,0.622,65.46,12.08,0.114,-0.012,0.045,0,45,1225,4,USURPATION
2024-07-01 08:40:54,M02,0.796,0.598,66.17,12.28,0.152,-0.049,0.059,0,3,972,4,USURPATION
2024-07-01 08:40:55,M03,0.88,0.522,63.98,12.01,0.069,-0.066,-0.039,0,-42,1273,4,USURPATION
2024-07-01 08:40:56,M02,0.828,0.645,67.52,12.23,0.187,-0.017,-0.021,0,-23,1072,4,USURPATION
2024-07-01 08:40:57,M01,0.818,0.537,65.87,11.55,0.201,0.032,-0.053,0,23,1150,4,USURPATION
2024-07-01 08:40:58,M02,0.863,0.631,62.32,13.01,0.113,-0.023,0.039,0,22,802,4,USURPATION
2024-07-01 08:40:59,M01,0.767,0.638,64.74,11.01,0.229,-0.081,-0.053,0,7,953,4,USURPATION
2024-07-01 08:41:00,M01,0.852,0.544,64.61,12.28,0.126,-0.004,-0.063,0,-7,1068,4,USURPATION
2024-07-01 08:41:01,M02,0.843,0.571,64.51,12.18,0.144,0.071,-0.038,0,16,1032,4,USURPATION
2024-07-01 08:41:02,M01,0.843,0.705,66.0,12.32,0.166,0.002,-0.061,0,-10,1019,4,USURPATION
2024-07-01 08:41:03,M03,0.791,0.597,66.26,11.63,0.237,0.004,0.011,0,27,688,4,USURPATION
2024-07-01 08:41:04,M01,0.777,0.54,66.02,12.59,0.119,-0.023,-0.038,0,-23,473,4,USURPATION
2024-07-01 08:41:05,M01,0.756,0.64,65.65,11.93,0.174,-0.061,-0.06,0,-7,669,4,USURPATION
2024-07-01 08:41:06,M02,0.759,0.562,65.14,11.39,0.197,-0.063,-0.001,0,30,266,4,USURPATION
2024-07-01 08:41:07,M02,0.753,0.506,60.55,11.43,0.187,-0.114,0.002,0,-27,508,4,USURPATION
2024-07-01 08:41:08,M03,0.817,0.626,66.55,12.05,0.189,0.08,-0.066,0,37,1089,4,USURPATION
2024-07-01 08:41:09,M01,0.787,0.555,65.96,11.18,0.197,0.031,-0.025,0,-47,914,4,USURPATION
2024-07-01 08:41:10,M03,0.82,0.616,62.94,12.91,0.134,0.005,-0.002,0,10,761,4,USURPATION
2024-07-01 08:41:11,M01,0.823,0.56,65.54,12.52,0.241,0.02,-0.012,0,-31,909,4,USURPATION
2024-07-01 08:41:12,M01,0.746,0.636,66.29,12.92,0.155,0.023,-0.011,0,28,419,4,USURPATION
2024-07-01 08:41:13,M03,0.745,0.61,67.36,12.87,0.149,-0.05,0.043,0,25,965,4,USURPATION
2024-07-01 08:41:14,M01,0.787,0.473,66.01,11.81,0.225,-0.023,0.078,0,10,614,4,USURPATION
2024-07-01 08:41:15,M01,0.76,0.619,65.62,11.55,0.13,-0.033,-0.01,0,-9,1361,4,USURPATION
2024-07-01 08:41:16,M01,0.755,0.586,66.9,10.62,0.176,0.171,-0.046,0,39,1164,4,USURPATION
2024-07-01 08:41:17,M02,0.883,0.671,64.33,11.78,0.126,0.069,-0.007,0,-7,1137,4,USURPATION
2024-07-01 08:41:18,M02,0.723,0.62,65.8,12.89,0.281,0.011,0.008,0,-18,1027,4,USURPATION
2024-07-01 08:41:19,M01,0.899,0.638,63.69,11.57,0.271,0.093,-0.001,0,-46,1191,4,USURPATION
2024-07-01 08:41:20,M01,0.813,0.565,67.24,11.88,0.155,0.084,0.023,0,-46,967,4,USURPATION
2024-07-01 08:41:21,M01,0.848,0.562,61.66,11.71,0.185,-0.095,0.08,0,14,753,4,USURPATION
2024-07-01 08:41:22,M03,0.842,0.599,66.63,12.18,0.161,-0.016,-0.061,0,-6,1142,4,USURPATION
2024-07-01 08:41:23,M03,0.829,0.583,65.0,12.65,0.144,-0.001,-0.017,0,-21,1292,4,USURPATION
2024-07-01 08:41:24,M02,0.881,0.667,66.94,11.21,0.166,0.041,0.056,0,-38,703,4,USURPATION
2024-07-01 08:41:25,M03,0.745,0.593,63.36,11.3,0.158,-0.016,-0.018,0,-28,540,4,USURPATION
2024-07-01 08:41:26,M02,0.791,0.54,65.14,12.75,0.088,-0.007,0.029,0,-50,1555,4,USURPATION
2024-07-01 08:41:27,M03,0.756,0.56,65.08,12.36,0.173,-0.032,0.024,0,-38,1404,4,USURPATION
2024-07-01 08:41:28,M01,0.715,0.648,65.85,11.86,0.158,0.071,0.045,0,-41,997,4,USURPATION
2024-07-01 08:41:29,M01,0.766,0.592,62.81,12.86,0.175,-0.099,0.07,0,-49,364,4,USURPATION
2024-07-01 08:41:30,M03,0.892,0.59,66.26,11.29,0.157,-0.029,0.013,0,14,1069,4,USURPATION
2024-07-01 08:41:31,M03,0.79,0.653,61.18,12.46,0.143,-0.126,-0.062,0,1,1739,4,USURPATION
2024-07-01 08:41:32,M03,0.897,0.555,63.59,11.96,0.202,-0.071,-0.024,0,-36,1189,4,USURPATION
2024-07-01 08:41:33,M01,0.902,0.49,61.76,12.3,0.186,0.021,0.079,0,30,1162,4,USURPATION
2024-07-01 08:41:34,M03,0.947,0.558,66.66,10.77,0.227,0.023,-0.05,0,-37,975,4,USURPATION
2024-07-01 08:41:35,M01,0.893,0.613,65.78,11.86,0.184,-0.022,0.019,0,-22,1133,4,USURPATION
2024-07-01 08:41:36,M01,0.916,0.588,65.89,12.37,0.151,0.076,-0.089,0,-35,1187,4,USURPATION
2024-07-01 08:41:37,M03,0.815,0.524,67.98,11.96,0.19,0.092,-0.048,0,-1,1044,4,USURPATION
2024-07-01 08:41:38,M02,0.81,0.651,64.31,12.63,0.066,-0.005,0.033,0,-3,932,4,USURPATION
2024-07-01 08:41:39,M02,0.813,0.609,66.21,12.61,0.261,0.017,0.002,0,-1,1049,4,USURPATION
2024-07-01 08:41:40,M02,0.799,0.62,65.1,11.5,0.173,-0.031,-0.013,0,-11,1034,4,USURPATION
2024-07-01 08:41:41,M01,0.783,0.61,64.78,11.55,0.133,0.02,-0.012,0,1,22,5,DOS_SATURATION
2024-07-01 08:41:42,M03,0.7,0.56,67.34,12.19,0.153,0.085,-0.034,0,1,23,5,DOS_SATURATION
2024-07-01 08:41:43,M02,0.842,0.595,65.46,12.64,0.239,0.049,0.019,1,1,14,5,DOS_SATURATION
2024-07-01 08:41:44,M02,0.907,0.597,63.73,11.65,0.114,-0.048,-0.026,0,1,50,5,DOS_SATURATION
2024-07-01 08:41:45,M03,0.823,0.598,65.7,12.92,0.195,0.199,-0.045,1,1,30,5,DOS_SATURATION
2024-07-01 08:41:46,M02,0.826,0.662,69.35,12.0,0.208,0.038,-0.039,1,1,7,5,DOS_SATURATION
2024-07-01 08:41:47,M03,0.79,0.536,66.48,11.93,0.175,-0.038,-0.02,1,1,37,5,DOS_SATURATION
2024-07-01 08:41:48,M02,0.856,0.701,64.84,11.56,0.155,0.014,-0.016,0,1,21,5,DOS_SATURATION
2024-07-01 08:41:49,M03,0.797,0.599,63.25,12.99,0.262,0.043,0.01,0,1,45,5,DOS_SATURATION
2024-07-01 08:41:50,M02,0.812,0.629,63.7,11.91,0.16,0.04,-0.005,0,1,32,5,DOS_SATURATION
2024-07-01 08:41:51,M01,0.721,0.607,66.35,11.31,0.17,0.034,0.014,0,1,47,5,DOS_SATURATION
2024-07-01 08:41:52,M03,0.772,0.515,63.14,13.24,0.144,0.066,0.017,0,1,54,5,DOS_SATURATION
2024-07-01 08:41:53,M02,0.817,0.548,64.97,12.19,0.168,0.059,0.028,0,1,30,5,DOS_SATURATION
2024-07-01 08:41:54,M03,0.844,0.575,67.91,12.4,0.206,-0.058,-0.067,0,1,33,5,DOS_SATURATION
2024-07-01 08:41:55,M03,0.845,0.65,65.27,12.85,0.147,0.144,-0.039,0,1,24,5,DOS_SATURATION
2024-07-01 08:41:56,M01,0.72,0.532,62.75,12.3,0.06,0.134,0.021,0,1,23,5,DOS_SATURATION
2024-07-01 08:41:57,M01,0.725,0.558,69.42,12.49,0.185,0.054,0.009,1,1,18,5,DOS_SATURATION
2024-07-01 08:41:58,M01,0.828,0.609,68.57,12.02,0.109,0.002,0.036,1,1,52,5,DOS_SATURATION
2024-07-01 08:41:59,M02,0.762,0.624,65.99,12.36,0.196,0.004,-0.054,1,1,6,5,DOS_SATURATION
2024-07-01 08:42:00,M03,0.843,0.622,67.58,11.97,0.16,-0.022,-0.016,1,1,50,5,DOS_SATURATION
2024-07-01 08:42:01,M01,0.718,0.552,64.41,11.98,0.205,-0.014,-0.01,0,1,20,5,DOS_SATURATION
2024-07-01 08:42:02,M01,0.794,0.522,66.45,12.05,0.115,-0.15,0.007,0,1,28,5,DOS_SATURATION
2024-07-01 08:42:03,M03,0.797,0.627,64.09,11.79,0.135,0.104,0.002,0,1,18,5,DOS_SATURATION
2024-07-01 08:42:04,M01,0.823,0.671,62.18,12.25,0.144,0.08,0.018,1,1,30,5,DOS_SATURATION
2024-07-01 08:42:05,M03,0.748,0.584,70.27,12.25,0.089,-0.115,-0.003,0,1,56,5,DOS_SATURATION
2024-07-01 08:42:06,M02,0.701,0.544,62.08,12.41,0.213,0.06,0.05,0,1,12,5,DOS_SATURATION
2024-07-01 08:42:07,M02,0.807,0.579,65.57,12.32,0.083,-0.001,0.062,0,1,21,5,DOS_SATURATION
2024-07-01 08:42:08,M02,0.825,0.62,65.55,13.01,0.213,-0.014,-0.039,1,1,8,5,DOS_SATURATION
2024-07-01 08:42:09,M01,0.849,0.589,66.02,12.53,0.181,0.033,0.003,1,1,53,5,DOS_SATURATION
2024-07-01 08:42:10,M02,0.781,0.67,64.78,11.88,0.151,-0.119,0.03,0,1,47,5,DOS_SATURATION
2024-07-01 08:42:11,M01,0.837,0.646,64.8,12.22,0.177,-0.001,0.022,1,1,51,5,DOS_SATURATION
2024-07-01 08:42:12,M02,0.823,0.61,65.24,12.71,0.175,0.005,-0.014,0,1,38,5,DOS_SATURATION
2024-07-01 08:42:13,M03,0.864,0.504,65.94,11.51,0.141,0.005,0.01,0,1,5,5,DOS_SATURATION
2024-07-01 08:42:14,M03,0.796,0.566,64.96,13.02,0.175,-0.094,-0.056,1,1,21,5,DOS_SATURATION
2024-07-01 08:42:15,M03,0.713,0.574,64.82,11.59,0.195,0.03,0.0,0,1,17,5,DOS_SATURATION
2024-07-01 08:42:16,M02,0.795,0.564,62.25,12.45,0.115,0.072,-0.051,1,1,26,5,DOS_SATURATION
2024-07-01 08:42:17,M01,0.803,0.61,69.09,11.99,0.177,0.028,0.019,0,1,38,5,DOS_SATURATION
2024-07-01 08:42:18,M01,0.824,0.611,66.06,11.96,0.035,-0.016,-0.039,0,1,19,5,DOS_SATURATION
2024-07-01 08:42:19,M02,0.723,0.518,65.39,11.33,0.068,0.183,0.007,1,1,57,5,DOS_SATURATION
2024-07-01 08:42:20,M01,0.783,0.64,63.68,12.45,0.187,-0.063,0.012,1,1,11,5,DOS_SATURATION
2024-07-01 08:42:21,M03,0.842,0.601,62.9,11.33,0.14,0.053,0.004,0,1,48,5,DOS_SATURATION
2024-07-01 08:42:22,M02,0.794,0.618,66.72,11.25,0.12,0.016,-0.022,0,1,45,5,DOS_SATURATION
2024-07-01 08:42:23,M01,0.784,0.637,64.63,12.58,0.158,0.137,-0.007,0,1,53,5,DOS_SATURATION
2024-07-01 08:42:24,M03,0.893,0.563,66.23,12.9,0.141,0.026,0.043,0,1,56,5,DOS_SATURATION
2024-07-01 08:42:25,M02,0.746,0.663,62.19,11.65,0.113,0.041,-0.014,0,1,44,5,DOS_SATURATION
2024-07-01 08:42:26,M02,0.86,0.594,68.13,12.5,0.082,0.034,0.002,0,1,34,5,DOS_SATURATION
2024-07-01 08:42:27,M01,0.849,0.675,66.81,12.4,0.066,-0.073,-0.019,0,1,5,5,DOS_SATURATION
2024-07-01 08:42:28,M03,0.788,0.556,64.79,11.94,0.196,-0.06,0.038,0,1,14,5,DOS_SATURATION
2024-07-01 08:42:29,M02,0.797,0.672,65.92,12.67,0.14,-0.019,0.004,1,1,49,5,DOS_SATURATION
2024-07-01 08:42:30,M03,0.797,0.556,66.48,11.91,0.207,0.065,-0.026,1,1,29,5,DOS_SATURATION
2024-07-01 08:42:31,M01,0.808,0.727,62.22,12.25,0.14,0.016,0.001,0,1,22,5,DOS_SATURATION
2024-07-01 08:42:32,M03,0.769,0.554,68.4,11.35,0.177,-0.014,-0.008,0,1,35,5,DOS_SATURATION
2024-07-01 08:42:33,M01,0.777,0.653,65.95,11.37,0.154,0.093,0.051,1,1,15,5,DOS_SATURATION
2024-07-01 08:42:34,M01,0.781,0.583,63.52,12.59,0.162,-0.136,-0.001,0,1,11,5,DOS_SATURATION
2024-07-01 08:42:35,M01,0.783,0.636,62.71,12.27,0.165,-0.089,-0.049,0,1,6,5,DOS_SATURATION
2024-07-01 08:42:36,M02,0.783,0.599,66.98,11.92,0.139,-0.171,0.019,0,1,11,5,DOS_SATURATION
2024-07-01 08:42:37,M03,0.688,0.547,65.39,12.96,0.102,0.082,0.065,0,1,44,5,DOS_SATURATION
2024-07-01 08:42:38,M02,0.804,0.462,65.95,12.96,0.197,-0.007,0.044,1,1,15,5,DOS_SATURATION
2024-07-01 08:42:39,M02,0.773,0.724,65.01,12.21,0.236,0.066,-0.039,0,1,21,5,DOS_SATURATION
2024-07-01 08:42:40,M03,0.706,0.604,62.9,11.25,0.24,-0.008,-0.009,1,1,32,5,DOS_SATURATION
2024-07-01 08:42:41,M02,0.781,0.455,66.0,11.93,0.134,0.07,-0.0,1,1,35,5,DOS_SATURATION
2024-07-01 08:42:42,M01,0.78,0.616,64.56,11.57,0.125,-0.009,0.0,1,1,6,5,DOS_SATURATION
2024-07-01 08:42:43,M03,0.862,0.635,64.92,12.04,0.134,0.028,0.015,0,1,26,5,DOS_SATURATION
2024-07-01 08:42:44,M01,0.772,0.565,69.83,11.51,0.152,0.018,-0.011,0,1,11,5,DOS_SATURATION
2024-07-01 08:42:45,M02,0.832,0.566,66.74,11.38,0.158,0.023,-0.032,1,1,42,5,DOS_SATURATION
2024-07-01 08:42:46,M03,0.867,0.6,66.86,10.84,0.113,0.115,0.035,1,1,56,5,DOS_SATURATION
2024-07-01 08:42:47,M03,0.768,0.66,70.54,12.08,0.09,-0.111,-0.039,1,1,51,5,DOS_SATURATION
2024-07-01 08:42:48,M01,0.796,0.606,65.75,10.82,0.163,-0.005,-0.028,1,1,24,5,DOS_SATURATION
2024-07-01 08:42:49,M03,0.884,0.673,65.21,11.83,-0.008,0.013,-0.04,1,1,57,5,DOS_SATURATION
2024-07-01 08:42:50,M01,0.81,0.656,63.57,12.34,0.155,0.003,0.023,1,1,44,5,DOS_SATURATION
2024-07-01 08:42:51,M01,0.817,0.589,64.03,11.62,0.115,-0.027,0.005,0,1,50,5,DOS_SATURATION
2024-07-01 08:42:52,M02,0.779,0.523,60.76,11.44,0.198,-0.037,0.033,0,1,39,5,DOS_SATURATION
2024-07-01 08:42:53,M03,0.833,0.589,66.58,11.96,0.21,0.104,-0.027,1,1,33,5,DOS_SATURATION
2024-07-01 08:42:54,M01,0.797,0.627,62.36,11.57,0.212,-0.005,-0.044,0,1,43,5,DOS_SATURATION
2024-07-01 08:42:55,M03,0.708,0.604,66.81,12.08,0.144,0.166,-0.015,0,1,19,5,DOS_SATURATION
2024-07-01 08:42:56,M01,0.781,0.632,64.87,11.46,0.106,0.036,-0.006,0,1,39,5,DOS_SATURATION
2024-07-01 08:42:57,M02,0.74,0.643,65.22,11.94,0.121,-0.02,0.009,0,1,23,5,DOS_SATURATION
2024-07-01 08:42:58,M02,0.804,0.627,64.87,11.81,0.174,0.037,-0.059,1,1,29,5,DOS_SATURATION
2024-07-01 08:42:59,M03,0.753,0.587,67.8,11.98,0.082,0.007,0.018,1,1,32,5,DOS_SATURATION
2024-07-01 08:43:00,M01,0.822,0.626,67.44,12.82,0.227,0.091,-0.031,0,1,46,5,DOS_SATURATION
2024-07-01 08:43:01,M03,0.801,0.711,64.9,12.09,0.144,-0.08,-0.022,0,1,58,5,DOS_SATURATION
2024-07-01 08:43:02,M02,0.737,0.527,63.12,12.25,0.184,-0.123,0.043,0,1,50,5,DOS_SATURATION
2024-07-01 08:43:03,M02,0.774,0.625,66.85,11.67,0.075,0.024,-0.077,0,1,51,5,DOS_SATURATION
2024-07-01 08:43:04,M02,0.829,0.691,62.96,12.1,0.116,0.057,0.013,0,1,39,5,DOS_SATURATION
2024-07-01 08:43:05,M03,0.856,0.543,61.77,11.85,0.069,0.019,0.012,0,1,49,5,DOS_SATURATION
2024-07-01 08:43:06,M03,0.754,0.65,65.98,12.01,0.209,0.046,-0.028,0,1,28,5,DOS_SATURATION
2024-07-01 08:43:07,M01,0.744,0.657,67.46,12.32,0.153,0.036,-0.015,1,1,31,5,DOS_SATURATION
2024-07-01 08:43:08,M03,0.895,0.528,64.13,11.73,0.188,-0.101,0.045,1,1,42,5,DOS_SATURATION
2024-07-01 08:43:09,M01,0.798,0.636,65.79,11.79,0.163,0.019,0.071,0,1,47,5,DOS_SATURATION
2024-07-01 08:43:10,M03,0.803,0.587,64.11,11.74,0.183,0.09,0.039,0,1,37,5,DOS_SATURATION
2024-07-01 08:43:11,M02,0.762,0.598,66.44,11.73,0.144,0.011,0.069,0,1,28,5,DOS_SATURATION
2024-07-01 08:43:12,M01,0.809,0.585,67.2,12.08,0.151,-0.09,-0.024,1,1,55,5,DOS_SATURATION
2024-07-01 08:43:13,M01,0.884,0.665,64.42,11.8,0.156,-0.023,-0.056,1,1,43,5,DOS_SATURATION
2024-07-01 08:43:14,M01,0.811,0.595,62.85,12.75,0.18,0.038,-0.001,0,1,29,5,DOS_SATURATION
2024-07-01 08:43:15,M02,0.852,0.578,61.97,13.36,0.181,0.122,0.03,0,1,43,5,DOS_SATURATION
2024-07-01 08:43:16,M03,0.8,0.579,66.86,11.7,0.295,-0.134,-0.066,0,1,58,5,DOS_SATURATION
2024-07-01 08:43:17,M03,0.748,0.584,62.63,12.14,0.241,0.024,-0.032,0,1,7,5,DOS_SATURATION
2024-07-01 08:43:18,M01,0.765,0.547,65.72,12.52,0.075,-0.064,-0.028,1,1,16,5,DOS_SATURATION
2024-07-01 08:43:19,M02,0.743,0.577,66.55,11.85,0.153,0.034,0.014,0,1,35,5,DOS_SATURATION
2024-07-01 08:43:20,M01,0.81,0.606,63.93,11.48,0.141,0.04,0.009,1,1,19,5,DOS_SATURATION
2024-07-01 08:43:21,M03,0.859,0.621,64.62,12.88,0.221,-0.016,-0.027,0,1,18,5,DOS_SATURATION
2024-07-01 08:43:22,M02,0.807,0.66,67.01,12.34,0.145,0.043,0.007,1,1,22,5,DOS_SATURATION
2024-07-01 08:43:23,M01,0.783,0.613,63.3,12.15,0.182,0.078,-0.04,1,1,31,5,DOS_SATURATION
2024-07-01 08:43:24,M01,0.76,0.577,63.1,12.73,0.049,-0.012,-0.014,1,1,41,5,DOS_SATURATION
2024-07-01 08:43:25,M01,0.816,0.551,64.48,12.38,0.088,-0.092,-0.044,1,1,31,5,DOS_SATURATION
2024-07-01 08:43:26,M01,0.737,0.615,67.58,11.97,0.26,0.097,-0.004,0,1,22,5,DOS_SATURATION
2024-07-01 08:43:27,M03,0.742,0.595,68.26,11.49,0.163,0.056,-0.028,1,1,15,5,DOS_SATURATION
2024-07-01 08:43:28,M03,0.843,0.596,64.76,11.74,0.113,0.038,0.026,0,1,25,5,DOS_SATURATION
2024-07-01 08:43:29,M03,0.785,0.614,63.5,12.6,0.172,-0.047,0.0,0,1,17,5,DOS_SATURATION
2024-07-01 08:43:30,M03,0.784,0.626,67.14,12.34,0.11,0.067,-0.007,1,1,48,5,DOS_SATURATION
2024-07-01 08:43:31,M01,0.79,0.614,61.54,11.89,0.147,0.139,0.064,0,1,48,5,DOS_SATURATION
2024-07-01 08:43:32,M03,0.835,0.592,65.47,12.89,0.091,-0.009,0.015,0,1,59,5,DOS_SATURATION
2024-07-01 08:43:33,M01,0.807,0.561,64.87,11.91,0.123,0.006,-0.012,1,1,31,5,DOS_SATURATION
2024-07-01 08:43:34,M02,0.762,0.57,67.61,12.49,0.14,-0.073,-0.02,1,1,31,5,DOS_SATURATION
2024-07-01 08:43:35,M02,0.764,0.643,67.82,12.1,0.214,-0.049,-0.041,0,1,25,5,DOS_SATURATION
2024-07-01 08:43:36,M03,0.789,0.58,63.03,12.98,0.182,-0.074,-0.001,1,1,52,5,DOS_SATURATION
2024-07-01 08:43:37,M03,0.814,0.534,65.3,12.37,0.191,0.009,0.012,1,1,51,5,DOS_SATURATION
2024-07-01 08:43:38,M01,0.797,0.658,63.79,12.01,0.159,-0.024,-0.068,0,1,34,5,DOS_SATURATION
2024-07-01 08:43:39,M03,0.793,0.554,64.36,11.9,0.2,0.025,-0.048,0,1,22,5,DOS_SATURATION
2024-07-01 08:43:40,M02,0.801,0.602,66.23,11.98,0.119,-0.061,-0.018,1,1,50,5,DOS_SATURATION
2024-07-01 08:43:41,M01,0.797,0.625,64.27,11.62,0.125,-0.012,-0.038,1,1,39,5,DOS_SATURATION
2024-07-01 08:43:42,M03,0.76,0.601,65.36,11.29,0.18,-0.065,0.003,0,1,46,5,DOS_SATURATION
2024-07-01 08:43:43,M03,0.854,0.478,66.92,12.15,0.147,0.013,0.008,0,1,51,5,DOS_SATURATION
2024-07-01 08:43:44,M02,0.775,0.62,68.07,11.72,0.16,-0.112,-0.003,0,1,50,5,DOS_SATURATION
2024-07-01 08:43:45,M02,0.805,0.666,65.55,11.72,0.152,0.01,0.021,1,1,9,5,DOS_SATURATION
2024-07-01 08:43:46,M02,0.697,0.639,65.2,11.94,0.22,-0.019,-0.02,0,1,29,5,DOS_SATURATION
2024-07-01 08:43:47,M03,0.788,0.496,62.69,12.02,0.223,0.012,-0.001,0,1,52,5,DOS_SATURATION
2024-07-01 08:43:48,M02,0.744,0.706,68.21,11.99,0.13,-0.113,-0.035,0,1,27,5,DOS_SATURATION
2024-07-01 08:43:49,M01,0.75,0.535,65.98,12.88,0.076,0.044,0.011,0,1,11,5,DOS_SATURATION
2024-07-01 08:43:50,M02,0.919,0.547,65.24,12.33,0.126,-0.021,0.004,0,1,52,5,DOS_SATURATION
2024-07-01 08:43:51,M03,0.811,0.639,65.13,13.06,0.117,0.015,-0.042,1,1,55,5,DOS_SATURATION
2024-07-01 08:43:52,M01,0.86,0.623,65.7,11.77,0.2,-0.128,-0.005,0,1,18,5,DOS_SATURATION
2024-07-01 08:43:53,M01,0.841,0.605,66.54,12.39,0.204,-0.085,-0.0,0,1,32,5,DOS_SATURATION
2024-07-01 08:43:54,M02,0.847,0.572,66.8,11.79,0.111,-0.027,0.011,0,1,5,5,DOS_SATURATION
2024-07-01 08:43:55,M01,0.789,0.666,68.26,11.7,0.124,0.094,0.012,1,1,14,5,DOS_SATURATION
2024-07-01 08:43:56,M02,0.878,0.599,65.46,13.08,0.09,0.036,-0.025,1,1,36,5,DOS_SATURATION
2024-07-01 08:43:57,M03,0.841,0.523,68.56,11.6,0.167,0.009,0.028,1,1,26,5,DOS_SATURATION
2024-07-01 08:43:58,M01,0.801,0.661,67.13,10.85,0.158,-0.063,0.02,1,1,25,5,DOS_SATURATION
2024-07-01 08:43:59,M02,0.812,0.611,64.84,11.63,0.198,-0.076,-0.025,0,1,22,5,DOS_SATURATION
2024-07-01 08:44:00,M01,0.792,0.656,61.54,10.97,0.184,0.019,-0.04,0,1,30,5,DOS_SATURATION
2024-07-01 08:44:01,M02,0.801,0.629,65.14,11.5,0.189,0.048,-0.022,1,1,48,5,DOS_SATURATION
2024-07-01 08:44:02,M01,0.797,0.719,68.15,11.55,0.087,0.014,-0.052,0,1,10,5,DOS_SATURATION
2024-07-01 08:44:03,M03,0.818,0.585,63.37,12.01,0.13,0.116,0.008,0,1,59,5,DOS_SATURATION
2024-07-01 08:44:04,M02,0.885,0.601,65.13,10.94,0.206,-0.047,0.043,0,1,28,5,DOS_SATURATION
2024-07-01 08:44:05,M02,0.739,0.636,65.3,12.6,0.135,0.012,0.052,0,1,48,5,DOS_SATURATION
2024-07-01 08:44:06,M01,0.855,0.586,66.89,11.03,0.083,-0.116,-0.038,0,1,9,5,DOS_SATURATION
2024-07-01 08:44:07,M03,0.78,0.64,64.16,11.92,0.199,0.014,0.029,0,1,44,5,DOS_SATURATION
2024-07-01 08:44:08,M03,0.862,0.455,63.18,11.82,0.133,0.1,0.004,0,1,58,5,DOS_SATURATION
2024-07-01 08:44:09,M01,0.782,0.597,66.13,12.41,0.211,-0.071,-0.085,1,1,33,5,DOS_SATURATION
2024-07-01 08:44:10,M03,0.819,0.596,63.44,12.17,0.159,0.057,-0.011,1,1,49,5,DOS_SATURATION
2024-07-01 08:44:11,M02,0.791,0.594,61.2,12.6,0.147,0.098,-0.015,0,1,47,5,DOS_SATURATION
2024-07-01 08:44:12,M01,0.713,0.557,68.73,11.81,0.225,-0.047,0.044,1,1,34,5,DOS_SATURATION
2024-07-01 08:44:13,M02,0.885,0.645,66.86,11.75,0.098,0.032,-0.03,1,1,49,5,DOS_SATURATION
2024-07-01 08:44:14,M03,0.752,0.576,68.82,12.2,0.229,0.108,0.021,1,1,22,5,DOS_SATURATION
2024-07-01 08:44:15,M03,0.803,0.61,66.75,12.51,0.13,0.015,-0.003,1,1,39,5,DOS_SATURATION
2024-07-01 08:44:16,M02,0.746,0.599,66.35,12.41,0.168,0.053,-0.051,1,1,29,5,DOS_SATURATION
2024-07-01 08:44:17,M02,0.732,0.625,65.72,12.15,0.169,-0.121,-0.019,0,1,16,5,DOS_SATURATION
2024-07-01 08:44:18,M01,0.789,0.671,64.58,12.11,0.14,0.04,0.056,0,1,10,5,DOS_SATURATION
2024-07-01 08:44:19,M01,0.769,0.61,66.01,11.97,0.124,0.035,-0.005,0,1,10,5,DOS_SATURATION
2024-07-01 08:44:20,M03,0.741,0.642,63.83,12.2,0.143,-0.091,0.034,1,1,24,5,DOS_SATURATION
2024-07-01 08:44:21,M01,0.797,0.608,62.77,13.03,0.112,-0.066,0.032,0,1,46,5,DOS_SATURATION
2024-07-01 08:44:22,M01,0.725,0.576,64.28,11.87,0.254,0.041,-0.015,0,1,44,5,DOS_SATURATION
2024-07-01 08:44:23,M01,0.805,0.594,67.61,11.8,0.137,-0.021,-0.045,1,1,24,5,DOS_SATURATION
2024-07-01 08:44:24,M02,0.792,0.587,62.43,11.77,0.216,0.076,-0.04,0,1,22,5,DOS_SATURATION
2024-07-01 08:44:25,M01,0.676,0.629,62.47,12.19,0.209,0.021,0.053,0,1,36,5,DOS_SATURATION
2024-07-01 08:44:26,M03,0.773,0.606,66.17,10.91,0.178,0.004,0.006,0,1,30,5,DOS_SATURATION
2024-07-01 08:44:27,M01,0.822,0.561,64.11,11.92,0.154,-0.012,-0.061,0,1,6,5,DOS_SATURATION
2024-07-01 08:44:28,M02,0.746,0.59,65.96,12.44,0.17,0.02,0.031,0,1,34,5,DOS_SATURATION
2024-07-01 08:44:29,M01,0.824,0.525,66.99,11.72,0.188,0.055,-0.063,0,1,43,5,DOS_SATURATION
2024-07-01 08:44:30,M02,0.82,0.591,65.91,12.09,0.165,0.036,-0.029,1,1,46,5,DOS_SATURATION
2024-07-01 08:44:31,M02,0.748,0.601,63.66,13.07,0.085,-0.029,0.004,0,1,29,5,DOS_SATURATION
2024-07-01 08:44:32,M01,0.798,0.69,67.59,12.16,0.073,0.084,0.091,1,1,42,5,DOS_SATURATION
2024-07-01 08:44:33,M02,0.84,0.667,66.48,10.85,0.232,0.045,0.03,1,1,32,5,DOS_SATURATION
2024-07-01 08:44:34,M02,0.755,0.55,65.01,11.27,0.034,0.026,-0.016,0,1,24,5,DOS_SATURATION
2024-07-01 08:44:35,M03,0.788,0.611,64.92,11.86,0.17,0.006,0.002,1,1,39,5,DOS_SATURATION
2024-07-01 08:44:36,M03,0.856,0.611,65.73,11.58,0.149,0.034,0.034,1,1,44,5,DOS_SATURATION
2024-07-01 08:44:37,M03,0.756,0.589,64.32,12.04,0.168,-0.125,0.052,1,1,32,5,DOS_SATURATION
2024-07-01 08:44:38,M02,0.821,0.592,61.62,11.84,0.106,0.016,-0.008,1,1,53,5,DOS_SATURATION
2024-07-01 08:44:39,M02,0.745,0.583,66.5,12.58,0.177,0.112,-0.007,1,1,56,5,DOS_SATURATION
2024-07-01 08:44:40,M01,0.791,0.693,66.38,11.43,0.17,0.015,-0.029,1,1,45,5,DOS_SATURATION
2024-07-01 08:44:41,M01,0.821,0.58,60.24,11.88,0.292,0.005,0.025,1,1,47,5,DOS_SATURATION
2024-07-01 08:44:42,M01,0.679,0.617,66.01,12.1,0.167,-0.041,0.038,1,1,46,5,DOS_SATURATION
2024-07-01 08:44:43,M03,0.772,0.476,68.56,12.16,0.225,0.033,-0.069,0,1,48,5,DOS_SATURATION
2024-07-01 08:44:44,M03,0.82,0.641,62.65,12.06,0.089,-0.014,-0.013,1,1,39,5,DOS_SATURATION
2024-07-01 08:44:45,M01,0.81,0.659,64.81,10.76,0.209,0.089,-0.043,0,1,51,5,DOS_SATURATION
2024-07-01 08:44:46,M01,0.773,0.549,64.59,12.03,0.171,-0.059,0.006,1,1,30,5,DOS_SATURATION
2024-07-01 08:44:47,M03,0.744,0.575,68.36,11.91,0.173,-0.031,-0.043,1,1,42,5,DOS_SATURATION
2024-07-01 08:44:48,M01,0.83,0.623,67.26,12.43,0.174,-0.041,-0.046,1,1,22,5,DOS_SATURATION
2024-07-01 08:44:49,M01,0.783,0.602,63.16,12.36,0.242,0.125,0.041,0,1,53,5,DOS_SATURATION
2024-07-01 08:44:50,M02,0.826,0.624,65.66,12.11,0.172,-0.013,-0.005,1,1,27,5,DOS_SATURATION
2024-07-01 08:44:51,M03,0.818,0.586,69.68,12.15,0.123,-0.038,-0.001,1,1,30,5,DOS_SATURATION
2024-07-01 08:44:52,M01,0.777,0.693,63.68,12.68,0.131,-0.143,0.016,0,1,45,5,DOS_SATURATION
2024-07-01 08:44:53,M03,0.852,0.568,64.94,12.58,0.199,-0.063,0.036,0,1,11,5,DOS_SATURATION
2024-07-01 08:44:54,M02,0.769,0.734,66.01,12.13,0.182,0.036,-0.014,1,1,33,5,DOS_SATURATION
2024-07-01 08:44:55,M03,0.858,0.662,63.71,13.08,0.087,0.035,-0.013,0,1,31,5,DOS_SATURATION
2024-07-01 08:44:56,M03,0.864,0.642,68.57,11.67,0.185,-0.045,-0.013,1,1,40,5,DOS_SATURATION
2024-07-01 08:44:57,M01,0.851,0.549,63.99,11.39,0.109,-0.041,0.04,0,1,26,5,DOS_SATURATION
2024-07-01 08:44:58,M03,0.79,0.646,62.11,11.98,0.181,0.127,-0.001,1,1,39,5,DOS_SATURATION
2024-07-01 08:44:59,M02,0.925,0.63,63.88,11.8,0.122,0.184,-0.009,1,1,26,5,DOS_SATURATION
2024-07-01 08:45:00,M03,0.806,0.496,66.3,10.73,0.147,0.078,0.015,1,1,59,5,DOS_SATURATION
2024-07-01 08:45:01,M02,0.811,0.531,63.32,11.66,0.134,0.106,0.067,0,1,6,5,DOS_SATURATION
2024-07-01 08:45:02,M02,0.798,0.618,65.58,12.17,0.233,0.121,0.004,1,1,54,5,DOS_SATURATION
2024-07-01 08:45:03,M02,0.743,0.594,66.11,11.96,0.18,0.151,-0.009,0,1,15,5,DOS_SATURATION
2024-07-01 08:45:04,M03,0.863,0.575,62.48,11.59,0.221,-0.021,0.071,1,1,49,5,DOS_SATURATION
2024-07-01 08:45:05,M03,0.77,0.654,63.8,12.01,0.299,-0.06,0.049,0,1,25,5,DOS_SATURATION
2024-07-01 08:45:06,M02,0.844,0.557,65.68,12.05,0.163,0.125,0.044,0,1,58,5,DOS_SATURATION
2024-07-01 08:45:07,M03,0.856,0.578,66.4,12.35,0.232,-0.066,-0.017,1,1,31,5,DOS_SATURATION
2024-07-01 08:45:08,M03,0.829,0.569,63.86,11.66,0.127,-0.071,-0.021,1,1,34,5,DOS_SATURATION
2024-07-01 08:45:09,M03,0.764,0.626,65.27,12.44,0.22,-0.069,-0.065,1,1,18,5,DOS_SATURATION
2024-07-01 08:45:10,M01,0.782,0.516,64.38,11.43,0.122,-0.009,0.036,0,1,28,5,DOS_SATURATION
2024-07-01 08:45:11,M01,0.666,0.576,66.45,11.73,0.159,-0.136,0.004,0,1,50,5,DOS_SATURATION
2024-07-01 08:45:12,M02,0.793,0.515,66.02,12.86,0.186,-0.098,-0.064,1,1,20,5,DOS_SATURATION
2024-07-01 08:45:13,M03,0.839,0.585,64.19,11.47,0.193,-0.043,0.044,1,1,33,5,DOS_SATURATION
2024-07-01 08:45:14,M01,0.787,0.636,65.94,11.65,0.099,-0.082,-0.011,1,1,14,5,DOS_SATURATION
2024-07-01 08:45:15,M03,0.769,0.637,64.11,11.35,0.119,0.072,-0.007,1,1,41,5,DOS_SATURATION
2024-07-01 08:45:16,M02,0.784,0.565,65.9,11.57,0.19,0.0,-0.053,1,1,46,5,DOS_SATURATION
2024-07-01 08:45:17,M02,0.859,0.627,65.93,12.06,0.143,0.039,0.019,1,1,5,5,DOS_SATURATION
2024-07-01 08:45:18,M03,0.796,0.591,69.82,12.35,0.094,0.032,0.019,1,1,10,5,DOS_SATURATION
2024-07-01 08:45:19,M03,0.891,0.668,64.27,11.98,0.157,-0.014,-0.001,1,1,18,5,DOS_SATURATION
2024-07-01 08:45:20,M01,0.77,0.594,64.67,11.82,0.155,0.067,-0.014,0,1,35,5,DOS_SATURATION
2024-07-01 08:45:21,M02,0.809,0.454,63.63,11.36,0.169,0.031,0.095,1,1,41,5,DOS_SATURATION
2024-07-01 08:45:22,M02,0.777,0.645,62.84,11.62,0.186,-0.022,-0.042,1,1,46,5,DOS_SATURATION
2024-07-01 08:45:23,M03,0.902,0.578,64.02,11.2,0.183,-0.115,-0.025,1,1,30,5,DOS_SATURATION
2024-07-01 08:45:24,M02,0.808,0.587,66.32,12.37,0.124,0.035,0.026,1,1,53,5,DOS_SATURATION
2024-07-01 08:45:25,M02,0.904,0.617,66.47,12.4,0.141,-0.086,-0.035,0,1,18,5,DOS_SATURATION
2024-07-01 08:45:26,M01,0.778,0.53,65.57,11.97,0.205,0.026,-0.038,0,1,45,5,DOS_SATURATION
2024-07-01 08:45:27,M01,0.874,0.604,64.35,12.22,0.134,0.005,0.042,1,1,20,5,DOS_SATURATION
2024-07-01 08:45:28,M01,0.805,0.627,63.95,12.44,0.141,-0.093,0.023,0,1,7,5,DOS_SATURATION
2024-07-01 08:45:29,M02,0.84,0.619,63.08,12.04,0.088,0.017,0.018,0,1,15,5,DOS_SATURATION
2024-07-01 08:45:30,M02,0.738,0.571,63.82,12.7,0.159,0.013,0.008,1,1,57,5,DOS_SATURATION
2024-07-01 08:45:31,M02,0.816,0.65,62.3,11.47,0.177,0.013,-0.024,1,1,51,5,DOS_SATURATION
2024-07-01 08:45:32,M02,0.746,0.551,67.74,11.81,0.066,0.01,-0.008,1,1,45,5,DOS_SATURATION
2024-07-01 08:45:33,M01,0.811,0.57,68.73,11.75,0.109,-0.045,-0.002,1,1,49,5,DOS_SATURATION
2024-07-01 08:45:34,M02,0.723,0.594,60.99,12.32,0.092,0.04,0.031,1,1,28,5,DOS_SATURATION
2024-07-01 08:45:35,M02,0.794,0.615,65.55,11.26,0.198,-0.047,0.016,0,1,40,5,DOS_SATURATION
2024-07-01 08:45:36,M01,0.853,0.585,65.52,12.73,0.069,-0.074,-0.032,1,1,43,5,DOS_SATURATION
2024-07-01 08:45:37,M03,0.826,0.661,65.39,12.28,0.157,0.046,0.029,0,1,38,5,DOS_SATURATION
2024-07-01 08:45:38,M03,0.737,0.615,63.74,12.88,0.195,0.064,-0.059,1,1,47,5,DOS_SATURATION
2024-07-01 08:45:39,M01,0.705,0.604,67.06,11.97,0.169,0.041,-0.011,0,1,24,5,DOS_SATURATION
2024-07-01 08:45:40,M03,0.823,0.613,65.8,11.71,0.139,-0.014,-0.04,0,1,54,5,DOS_SATURATION
2024-07-01 08:45:41,M02,0.877,0.637,67.08,12.33,0.177,-0.133,-0.03,0,1,52,5,DOS_SATURATION
2024-07-01 08:45:42,M02,0.751,0.612,63.45,12.52,0.21,0.101,0.07,0,1,58,5,DOS_SATURATION
2024-07-01 08:45:43,M02,0.903,0.511,62.12,11.63,0.155,-0.134,-0.052,0,1,45,5,DOS_SATURATION
2024-07-01 08:45:44,M02,0.798,0.654,65.85,10.97,0.053,0.04,-0.028,1,1,47,5,DOS_SATURATION
2024-07-01 08:45:45,M03,0.702,0.607,62.99,11.06,0.215,0.144,0.019,1,1,7,5,DOS_SATURATION
2024-07-01 08:45:46,M02,0.721,0.634,67.12,12.12,0.179,0.01,-0.016,0,1,17,5,DOS_SATURATION
2024-07-01 08:45:47,M03,0.837,0.581,60.6,12.78,0.159,0.02,0.007,1,1,42,5,DOS_SATURATION
2024-07-01 08:45:48,M02,0.805,0.51,64.0,11.33,0.066,0.026,0.052,0,1,48,5,DOS_SATURATION
2024-07-01 08:45:49,M03,0.872,0.488,63.7,11.85,0.146,0.013,0.025,0,1,23,5,DOS_SATURATION
2024-07-01 08:45:50,M02,0.739,0.554,64.28,11.81,0.118,0.16,-0.016,0,1,45,5,DOS_SATURATION
2024-07-01 08:45:51,M01,0.805,0.626,65.5,12.97,0.102,-0.058,-0.004,0,1,54,5,DOS_SATURATION
2024-07-01 08:45:52,M03,0.799,0.665,65.77,13.14,0.154,-0.066,0.02,1,1,37,5,DOS_SATURATION
2024-07-01 08:45:53,M02,0.792,0.616,66.27,12.21,0.135,-0.023,0.024,0,1,48,5,DOS_SATURATION
2024-07-01 08:45:54,M03,0.78,0.549,66.51,12.45,0.138,0.119,0.002,1,1,32,5,DOS_SATURATION
2024-07-01 08:45:55,M02,0.781,0.562,64.61,12.43,0.196,-0.04,0.014,0,1,25,5,DOS_SATURATION
2024-07-01 08:45:56,M01,0.807,0.668,69.28,11.34,0.173,0.029,0.014,0,1,21,5,DOS_SATURATION
2024-07-01 08:45:57,M02,0.814,0.536,67.8,12.35,0.137,0.073,-0.002,1,1,23,5,DOS_SATURATION
2024-07-01 08:45:58,M01,0.811,0.704,64.32,11.47,0.131,0.053,-0.021,1,1,30,5,DOS_SATURATION
2024-07-01 08:45:59,M03,0.859,0.693,64.68,11.9,0.139,0.069,0.028,1,1,57,5,DOS_SATURATION
2024-07-01 08:46:00,M02,0.739,0.706,64.28,12.57,0.148,0.097,0.011,0,1,14,5,DOS_SATURATION
2024-07-01 08:46:01,M01,0.709,0.619,65.7,12.03,0.188,0.021,-0.074,1,1,32,5,DOS_SATURATION
2024-07-01 08:46:02,M03,0.849,0.584,62.97,12.55,0.11,-0.032,-0.029,1,1,52,5,DOS_SATURATION
2024-07-01 08:46:03,M01,0.752,0.618,63.34,12.65,0.23,0.01,-0.016,1,1,58,5,DOS_SATURATION
2024-07-01 08:46:04,M01,0.78,0.645,60.52,11.09,0.188,-0.023,-0.006,0,1,18,5,DOS_SATURATION
2024-07-01 08:46:05,M02,0.768,0.568,64.14,10.88,0.029,0.172,0.044,0,1,41,5,DOS_SATURATION
2024-07-01 08:46:06,M03,0.767,0.546,67.14,12.58,0.164,-0.037,0.116,0,1,9,5,DOS_SATURATION
2024-07-01 08:46:07,M01,0.726,0.587,64.65,12.6,0.21,0.033,-0.087,1,1,22,5,DOS_SATURATION
2024-07-01 08:46:08,M01,0.77,0.562,64.76,12.12,0.179,-0.103,0.012,0,1,24,5,DOS_SATURATION
2024-07-01 08:46:09,M01,0.831,0.662,65.53,12.19,0.141,0.009,0.003,0,1,6,5,DOS_SATURATION
2024-07-01 08:46:10,M02,0.799,0.57,62.91,12.45,0.157,-0.02,-0.005,0,1,23,5,DOS_SATURATION
2024-07-01 08:46:11,M02,0.824,0.605,65.01,12.44,0.169,0.046,0.02,1,1,28,5,DOS_SATURATION
2024-07-01 08:46:12,M02,0.774,0.649,66.79,11.83,0.197,0.048,0.006,1,1,45,5,DOS_SATURATION
2024-07-01 08:46:13,M03,0.843,0.664,65.59,12.48,0.093,0.096,-0.012,1,1,55,5,DOS_SATURATION
2024-07-01 08:46:14,M01,0.773,0.611,66.97,11.81,0.131,0.091,0.002,0,1,10,5,DOS_SATURATION
2024-07-01 08:46:15,M03,0.694,0.62,67.55,12.11,0.239,-0.005,0.021,0,1,15,5,DOS_SATURATION
2024-07-01 08:46:16,M03,0.814,0.55,66.32,12.09,0.162,-0.065,0.018,1,1,36,5,DOS_SATURATION
2024-07-01 08:46:17,M03,0.837,0.651,63.5,11.55,0.233,-0.057,0.008,0,1,12,5,DOS_SATURATION
2024-07-01 08:46:18,M03,0.771,0.663,64.25,11.61,0.303,0.02,-0.02,1,1,33,5,DOS_SATURATION
2024-07-01 08:46:19,M01,0.858,0.508,68.92,13.13,0.137,0.01,0.102,0,1,54,5,DOS_SATURATION
2024-07-01 08:46:20,M03,0.757,0.688,65.6,11.54,0.103,0.017,0.014,1,1,31,5,DOS_SATURATION
2024-07-01 08:46:21,M01,0.832,0.566,65.33,12.18,0.148,-0.037,0.028,0,1,41,5,DOS_SATURATION
2024-07-01 08:46:22,M01,0.885,0.63,63.2,12.29,0.213,0.098,-0.017,0,1,59,5,DOS_SATURATION
2024-07-01 08:46:23,M02,0.801,0.604,64.77,11.96,0.22,-0.101,0.008,1,1,40,5,DOS_SATURATION
2024-07-01 08:46:24,M02,0.787,0.598,66.43,12.33,0.269,-0.041,0.008,1,1,59,5,DOS_SATURATION
2024-07-01 08:46:25,M02,0.793,0.59,64.99,12.16,0.159,-0.074,-0.068,0,1,6,5,DOS_SATURATION
2024-07-01 08:46:26,M02,0.879,0.552,63.9,11.55,0.184,-0.015,-0.025,1,1,16,5,DOS_SATURATION
2024-07-01 08:46:27,M01,0.819,0.626,64.37,12.26,0.126,0.085,-0.025,1,1,32,5,DOS_SATURATION
2024-07-01 08:46:28,M02,0.905,0.586,67.4,11.71,0.04,-0.02,-0.021,0,1,17,5,DOS_SATURATION
2024-07-01 08:46:29,M03,0.813,0.536,66.33,12.88,0.158,0.007,-0.037,1,1,14,5,DOS_SATURATION
2024-07-01 08:46:30,M02,0.766,0.549,66.05,12.21,0.105,0.045,0.003,0,1,29,5,DOS_SATURATION
2024-07-01 08:46:31,M03,0.77,0.537,65.86,11.63,0.191,-0.023,0.051,0,1,40,5,DOS_SATURATION
2024-07-01 08:46:32,M03,0.802,0.575,62.53,12.16,0.07,0.026,0.006,1,1,46,5,DOS_SATURATION
2024-07-01 08:46:33,M01,0.697,0.625,65.52,11.52,0.125,0.017,-0.041,1,1,26,5,DOS_SATURATION
2024-07-01 08:46:34,M03,0.775,0.565,67.15,12.12,0.173,-0.078,-0.036,1,1,53,5,DOS_SATURATION
2024-07-01 08:46:35,M02,0.776,0.649,64.43,11.87,0.178,-0.032,-0.013,1,1,17,5,DOS_SATURATION
2024-07-01 08:46:36,M02,0.811,0.595,66.96,11.57,0.158,0.024,-0.05,0,1,14,5,DOS_SATURATION
2024-07-01 08:46:37,M02,0.895,0.586,66.08,11.56,0.25,0.087,0.012,0,1,9,5,DOS_SATURATION
2024-07-01 08:46:38,M03,0.801,0.601,66.66,13.23,0.235,0.087,0.05,1,1,15,5,DOS_SATURATION
2024-07-01 08:46:39,M01,0.703,0.67,65.06,12.04,0.128,0.143,-0.02,0,1,53,5,DOS_SATURATION
2024-07-01 08:46:40,M03,0.753,0.533,66.78,11.77,0.237,0.033,0.004,1,1,17,5,DOS_SATURATION
2024-07-01 08:46:41,M02,0.812,0.682,61.96,11.68,0.245,-0.029,-0.014,0,1,49,5,DOS_SATURATION
2024-07-01 08:46:42,M02,0.803,0.648,65.03,12.23,0.154,-0.005,-0.022,1,1,40,5,DOS_SATURATION
2024-07-01 08:46:43,M01,0.879,0.6,66.42,11.66,0.162,-0.008,0.008,0,1,42,5,DOS_SATURATION
2024-07-01 08:46:44,M02,0.846,0.659,65.57,11.43,0.158,-0.028,-0.023,1,1,11,5,DOS_SATURATION
2024-07-01 08:46:45,M03,0.845,0.585,67.21,11.97,0.129,0.026,-0.028,0,1,52,5,DOS_SATURATION
2024-07-01 08:46:46,M01,0.788,0.615,64.64,11.97,0.134,0.029,-0.057,1,1,13,5,DOS_SATURATION
2024-07-01 08:46:47,M01,0.853,0.574,63.84,11.78,0.223,-0.08,0.003,1,1,41,5,DOS_SATURATION
2024-07-01 08:46:48,M02,0.754,0.648,61.6,11.54,0.181,0.074,0.039,0,1,23,5,DOS_SATURATION
2024-07-01 08:46:49,M02,0.847,0.566,64.4,11.79,0.134,-0.126,0.026,0,1,59,5,DOS_SATURATION
2024-07-01 08:46:50,M02,0.785,0.598,66.02,11.75,0.116,-0.015,0.055,0,1,50,5,DOS_SATURATION
2024-07-01 08:46:51,M02,0.727,0.634,66.52,11.68,0.124,0.078,-0.023,1,1,53,5,DOS_SATURATION
2024-07-01 08:46:52,M01,0.828,0.652,62.09,12.13,0.152,0.041,0.032,1,1,57,5,DOS_SATURATION
2024-07-01 08:46:53,M02,0.868,0.56,67.37,13.13,0.204,-0.025,-0.039,1,1,27,5,DOS_SATURATION
2024-07-01 08:46:54,M03,0.779,0.638,62.96,12.67,0.119,0.134,0.026,0,1,22,5,DOS_SATURATION
2024-07-01 08:46:55,M02,0.876,0.552,64.71,12.98,0.203,-0.03,0.06,1,1,23,5,DOS_SATURATION
2024-07-01 08:46:56,M03,0.717,0.494,63.79,11.7,0.17,-0.137,0.019,0,1,9,5,DOS_SATURATION
2024-07-01 08:46:57,M01,0.739,0.564,65.82,12.84,0.167,0.031,0.061,1,1,11,5,DOS_SATURATION
2024-07-01 08:46:58,M01,0.791,0.642,65.15,12.11,0.209,-0.122,-0.02,0,1,37,5,DOS_SATURATION
2024-07-01 08:46:59,M03,0.78,0.6,66.35,12.49,0.201,-0.057,-0.004,1,1,54,5,DOS_SATURATION
2024-07-01 08:47:00,M03,0.766,0.574,68.74,12.22,0.093,0.042,-0.032,1,1,48,5,DOS_SATURATION
2024-07-01 08:47:01,M03,0.805,0.603,65.78,11.81,0.108,-0.032,0.002,0,1,12,5,DOS_SATURATION
2024-07-01 08:47:02,M01,0.772,0.602,63.78,12.36,0.149,0.039,0.011,1,1,13,5,DOS_SATURATION
2024-07-01 08:47:03,M02,0.781,0.631,65.91,12.24,0.177,-0.079,0.002,1,1,56,5,DOS_SATURATION
2024-07-01 08:47:04,M01,0.813,0.521,68.95,11.09,0.226,0.058,-0.016,0,1,46,5,DOS_SATURATION
2024-07-01 08:47:05,M02,0.766,0.596,66.31,11.93,0.163,-0.116,-0.017,0,1,21,5,DOS_SATURATION
2024-07-01 08:47:06,M03,0.793,0.607,66.9,12.43,0.242,0.09,0.013,0,1,40,5,DOS_SATURATION
2024-07-01 08:47:07,M03,0.767,0.533,61.69,12.13,0.127,-0.033,-0.005,1,1,21,5,DOS_SATURATION
2024-07-01 08:47:08,M03,0.739,0.532,65.75,12.23,0.135,0.104,-0.04,1,1,23,5,DOS_SATURATION
2024-07-01 08:47:09,M03,0.837,0.583,64.41,11.61,0.146,-0.058,-0.067,0,1,39,5,DOS_SATURATION
2024-07-01 08:47:10,M01,0.883,0.601,63.57,12.12,0.121,0.131,-0.02,1,1,44,5,DOS_SATURATION
2024-07-01 08:47:11,M01,0.852,0.601,64.91,11.94,0.216,-0.066,-0.049,1,1,10,5,DOS_SATURATION
2024-07-01 08:47:12,M01,0.815,0.573,65.18,11.89,0.028,-0.123,-0.029,1,1,20,5,DOS_SATURATION
2024-07-01 08:47:13,M03,0.767,0.571,63.68,11.64,0.136,0.003,-0.014,1,1,8,5,DOS_SATURATION
2024-07-01 08:47:14,M03,0.784,0.581,65.35,12.46,0.215,0.084,-0.004,0,1,47,5,DOS_SATURATION
2024-07-01 08:47:15,M01,0.851,0.615,64.6,12.17,0.145,0.054,-0.023,0,1,42,5,DOS_SATURATION
2024-07-01 08:47:16,M02,0.686,0.662,66.4,12.11,0.212,0.079,0.08,1,1,30,5,DOS_SATURATION
2024-07-01 08:47:17,M02,0.781,0.491,65.43,13.04,0.265,0.055,-0.044,1,1,58,5,DOS_SATURATION
2024-07-01 08:47:18,M02,0.835,0.631,65.73,12.23,0.164,-0.056,0.044,1,1,15,5,DOS_SATURATION
2024-07-01 08:47:19,M01,0.742,0.595,66.97,12.6,0.216,0.052,-0.005,1,1,33,5,DOS_SATURATION
2024-07-01 08:47:20,M01,0.82,0.627,66.1,12.13,0.276,0.006,-0.023,1,1,37,5,DOS_SATURATION
2024-07-01 08:47:21,M02,0.817,0.659,64.95,11.81,0.18,-0.049,0.022,0,1,49,5,DOS_SATURATION
2024-07-01 08:47:22,M01,0.727,0.563,60.68,11.45,0.158,0.012,-0.015,0,1,53,5,DOS_SATURATION
2024-07-01 08:47:23,M03,0.803,0.647,66.01,12.11,0.203,-0.004,-0.028,1,1,58,5,DOS_SATURATION
2024-07-01 08:47:24,M01,0.768,0.539,63.09,10.63,0.217,0.096,0.065,0,1,29,5,DOS_SATURATION
2024-07-01 08:47:25,M01,0.819,0.607,64.78,12.13,0.158,-0.035,-0.078,0,1,25,5,DOS_SATURATION
2024-07-01 08:47:26,M02,0.832,0.589,65.72,12.15,0.137,-0.039,-0.008,0,1,37,5,DOS_SATURATION
2024-07-01 08:47:27,M02,0.818,0.603,67.69,11.88,0.242,-0.048,0.008,0,1,58,5,DOS_SATURATION
2024-07-01 08:47:28,M02,0.802,0.552,68.74,11.94,0.147,0.129,0.052,0,1,28,5,DOS_SATURATION
2024-07-01 08:47:29,M01,0.813,0.622,63.07,11.35,0.217,-0.044,-0.013,1,1,20,5,DOS_SATURATION
2024-07-01 08:47:30,M02,0.74,0.679,62.26,12.7,0.173,0.088,0.097,1,1,43,5,DOS_SATURATION
2024-07-01 08:47:31,M01,0.797,0.553,65.63,11.82,0.248,-0.071,0.028,1,1,42,5,DOS_SATURATION
2024-07-01 08:47:32,M03,0.759,0.61,65.46,11.49,0.12,0.034,-0.084,1,1,59,5,DOS_SATURATION
2024-07-01 08:47:33,M02,0.85,0.643,62.5,12.27,0.12,0.018,-0.051,0,1,32,5,DOS_SATURATION
2024-07-01 08:47:34,M02,0.833,0.586,64.93,12.05,0.201,0.084,0.01,1,1,5,5,DOS_SATURATION
2024-07-01 08:47:35,M02,0.832,0.668,66.18,11.81,0.106,0.074,-0.04,1,1,41,5,DOS_SATURATION
2024-07-01 08:47:36,M01,0.884,0.579,62.44,11.75,0.166,0.005,0.021,0,1,27,5,DOS_SATURATION
2024-07-01 08:47:37,M01,0.782,0.595,62.92,11.99,0.234,-0.037,-0.015,1,1,8,5,DOS_SATURATION
2024-07-01 08:47:38,M01,0.771,0.552,63.64,12.68,0.075,0.111,-0.042,0,1,49,5,DOS_SATURATION
2024-07-01 08:47:39,M03,0.781,0.607,64.52,12.23,0.18,-0.044,-0.034,1,1,37,5,DOS_SATURATION
2024-07-01 08:47:40,M01,0.719,0.601,66.38,11.97,0.218,-0.155,0.032,0,1,10,5,DOS_SATURATION
2024-07-01 08:47:41,M03,0.723,0.632,64.29,12.42,0.159,-0.127,-0.072,1,1,18,5,DOS_SATURATION
2024-07-01 08:47:42,M01,0.83,0.569,65.07,12.0,0.116,-0.111,0.039,1,1,47,5,DOS_SATURATION
2024-07-01 08:47:43,M02,0.73,0.567,69.56,12.19,0.148,0.04,0.04,0,1,39,5,DOS_SATURATION
2024-07-01 08:47:44,M03,0.745,0.623,63.0,12.07,0.12,0.151,-0.011,1,1,53,5,DOS_SATURATION
2024-07-01 08:47:45,M01,0.794,0.67,63.62,12.29,0.164,-0.14,-0.049,1,1,14,5,DOS_SATURATION
2024-07-01 08:47:46,M02,0.778,0.632,66.35,11.76,0.147,-0.054,0.021,1,1,41,5,DOS_SATURATION
2024-07-01 08:47:47,M03,0.843,0.692,66.99,11.41,0.136,0.006,-0.016,1,1,19,5,DOS_SATURATION
2024-07-01 08:47:48,M02,0.802,0.628,65.81,12.45,0.183,0.105,-0.053,1,1,32,5,DOS_SATURATION
2024-07-01 08:47:49,M03,0.759,0.626,68.67,12.76,0.236,-0.054,0.07,0,1,19,5,DOS_SATURATION
2024-07-01 08:47:50,M01,0.847,0.634,65.61,11.43,0.176,0.04,-0.031,0,1,30,5,DOS_SATURATION
2024-07-01 08:47:51,M02,0.835,0.674,60.91,12.08,0.225,-0.017,-0.052,0,1,33,5,DOS_SATURATION
2024-07-01 08:47:52,M01,0.729,0.662,65.16,11.76,0.236,0.178,0.011,0,1,19,5,DOS_SATURATION
2024-07-01 08:47:53,M02,0.811,0.547,63.79,12.44,0.132,0.01,-0.001,0,1,24,5,DOS_SATURATION
2024-07-01 08:47:54,M03,0.763,0.64,67.8,12.12,0.173,0.024,0.054,0,1,27,5,DOS_SATURATION
2024-07-01 08:47:55,M03,0.762,0.614,66.94,13.69,0.14,0.005,-0.013,1,1,31,5,DOS_SATURATION
2024-07-01 08:47:56,M02,0.891,0.591,61.7,11.84,0.089,-0.029,-0.012,1,1,6,5,DOS_SATURATION
2024-07-01 08:47:57,M01,0.805,0.513,67.73,12.77,0.177,0.065,0.013,0,1,9,5,DOS_SATURATION
2024-07-01 08:47:58,M01,0.788,0.525,66.89,12.82,0.11,-0.079,0.008,0,1,38,5,DOS_SATURATION
2024-07-01 08:47:59,M01,0.803,0.583,64.29,12.26,0.183,-0.137,0.009,1,1,35,5,DOS_SATURATION
2024-07-01 08:48:00,M03,0.842,0.528,64.8,12.01,0.086,-0.011,0.011,0,1,19,5,DOS_SATURATION
2024-07-01 08:48:01,M02,0.764,0.584,67.81,12.04,0.168,0.055,0.007,1,1,15,5,DOS_SATURATION
2024-07-01 08:48:02,M03,0.772,0.636,60.92,12.0,0.085,-0.04,-0.014,0,1,11,5,DOS_SATURATION
2024-07-01 08:48:03,M01,0.831,0.572,65.87,12.57,0.193,0.012,0.031,1,1,54,5,DOS_SATURATION
2024-07-01 08:48:04,M02,0.723,0.605,67.2,11.54,0.141,-0.084,-0.012,0,1,5,5,DOS_SATURATION
2024-07-01 08:48:05,M03,0.848,0.548,64.78,11.91,0.137,0.072,0.03,1,1,21,5,DOS_SATURATION
2024-07-01 08:48:06,M01,0.719,0.615,66.29,11.85,0.214,0.044,0.051,0,1,30,5,DOS_SATURATION
2024-07-01 08:48:07,M02,0.787,0.626,65.17,11.11,0.145,0.001,-0.023,0,1,24,5,DOS_SATURATION
2024-07-01 08:48:08,M03,0.719,0.53,63.35,12.43,0.166,0.011,0.087,1,1,44,5,DOS_SATURATION
2024-07-01 08:48:09,M01,0.746,0.563,63.3,12.53,0.151,-0.095,-0.025,1,1,5,5,DOS_SATURATION
2024-07-01 08:48:10,M01,0.863,0.538,66.42,11.67,0.185,-0.092,-0.024,0,1,53,5,DOS_SATURATION
2024-07-01 08:48:11,M01,0.851,0.626,63.66,12.52,0.21,-0.009,0.02,0,1,26,5,DOS_SATURATION
2024-07-01 08:48:12,M03,0.856,0.609,61.83,11.18,0.2,0.035,0.017,0,1,17,5,DOS_SATURATION
2024-07-01 08:48:13,M01,0.727,0.598,65.21,12.0,0.138,0.038,0.004,0,1,17,5,DOS_SATURATION
2024-07-01 08:48:14,M02,0.747,0.594,63.91,11.93,0.218,-0.025,0.03,1,1,25,5,DOS_SATURATION
2024-07-01 08:48:15,M01,0.816,0.617,62.5,12.03,0.116,0.051,0.01,1,1,38,5,DOS_SATURATION
2024-07-01 08:48:16,M03,0.834,0.618,65.11,12.03,0.125,0.097,0.075,0,1,49,5,DOS_SATURATION
2024-07-01 08:48:17,M03,0.759,0.576,66.53,11.95,0.154,-0.006,-0.001,1,1,11,5,DOS_SATURATION
2024-07-01 08:48:18,M03,0.77,0.569,65.0,11.79,0.21,0.021,-0.03,1,1,39,5,DOS_SATURATION
2024-07-01 08:48:19,M01,0.743,0.598,62.77,11.93,0.104,-0.014,-0.019,1,1,6,5,DOS_SATURATION
2024-07-01 08:48:20,M03,0.881,0.591,65.95,12.69,0.203,-0.009,0.018,0,1,21,5,DOS_SATURATION
2024-07-01 08:48:21,M03,0.775,0.702,67.08,11.69,0.158,0.011,0.018,0,1,25,5,DOS_SATURATION
2024-07-01 08:48:22,M02,0.8,0.582,69.5,13.14,0.14,0.116,0.008,1,1,24,5,DOS_SATURATION
2024-07-01 08:48:23,M02,0.803,0.615,67.92,11.67,0.213,0.062,-0.029,0,1,19,5,DOS_SATURATION
2024-07-01 08:48:24,M01,0.854,0.624,62.9,12.11,0.122,0.056,0.041,0,1,48,5,DOS_SATURATION
2024-07-01 08:48:25,M03,0.751,0.67,66.72,12.28,0.27,-0.031,0.071,1,1,28,5,DOS_SATURATION
2024-07-01 08:48:26,M03,0.857,0.561,65.49,11.84,0.152,-0.062,0.002,0,1,15,5,DOS_SATURATION
2024-07-01 08:48:27,M01,0.735,0.667,62.6,12.7,0.167,0.026,0.066,1,1,22,5,DOS_SATURATION
2024-07-01 08:48:28,M03,0.857,0.593,65.54,12.27,0.234,0.085,0.032,0,1,28,5,DOS_SATURATION
2024-07-01 08:48:29,M03,0.714,0.724,68.89,11.89,0.169,0.117,0.081,0,1,23,5,DOS_SATURATION
2024-07-01 08:48:30,M02,0.794,0.619,67.41,12.69,0.217,-0.168,0.018,1,1,9,5,DOS_SATURATION
2024-07-01 08:48:31,M02,0.879,0.54,62.88,11.47,0.067,0.167,0.006,0,1,16,5,DOS_SATURATION
2024-07-01 08:48:32,M02,0.833,0.591,64.99,11.7,0.139,0.028,0.031,0,1,57,5,DOS_SATURATION
2024-07-01 08:48:33,M02,0.82,0.667,65.97,12.28,0.179,0.062,-0.015,1,1,55,5,DOS_SATURATION
2024-07-01 08:48:34,M03,0.747,0.605,61.41,12.4,0.212,-0.119,0.016,1,1,39,5,DOS_SATURATION
2024-07-01 08:48:35,M03,0.762,0.598,61.48,12.15,0.197,-0.016,0.049,1,1,33,5,DOS_SATURATION
2024-07-01 08:48:36,M01,0.865,0.636,65.28,11.93,0.193,0.056,0.03,1,1,43,5,DOS_SATURATION
2024-07-01 08:48:37,M02,0.822,0.584,65.3,11.86,0.211,-0.081,-0.0,1,1,29,5,DOS_SATURATION
2024-07-01 08:48:38,M01,0.843,0.59,61.19,12.57,0.183,-0.198,0.008,1,1,13,5,DOS_SATURATION
2024-07-01 08:48:39,M03,0.802,0.554,65.76,12.11,0.058,0.023,0.028,1,1,33,5,DOS_SATURATION
2024-07-01 08:48:40,M01,0.785,0.686,67.19,11.55,0.229,-0.004,0.027,1,1,33,5,DOS_SATURATION
2024-07-01 08:48:41,M01,0.837,0.54,64.51,11.52,0.12,0.098,0.028,1,1,46,5,DOS_SATURATION
2024-07-01 08:48:42,M02,0.812,0.609,65.08,12.76,0.175,-0.011,0.013,0,1,24,5,DOS_SATURATION
2024-07-01 08:48:43,M02,0.79,0.624,66.13,11.62,0.169,-0.006,-0.029,0,1,11,5,DOS_SATURATION
2024-07-01 08:48:44,M02,0.729,0.6,65.86,12.13,0.163,0.047,-0.023,0,1,47,5,DOS_SATURATION
2024-07-01 08:48:45,M03,0.846,0.539,61.54,12.68,0.107,0.07,0.018,1,1,18,5,DOS_SATURATION
2024-07-01 08:48:46,M02,0.821,0.551,63.1,12.27,0.068,-0.049,0.031,1,1,25,5,DOS_SATURATION
2024-07-01 08:48:47,M02,0.769,0.626,64.15,11.6,0.112,0.064,0.026,1,1,30,5,DOS_SATURATION
2024-07-01 08:48:48,M01,0.857,0.562,63.2,11.47,0.2,-0.036,-0.023,1,1,24,5,DOS_SATURATION
2024-07-01 08:48:49,M02,0.811,0.498,67.97,12.94,0.091,0.001,-0.004,0,1,18,5,DOS_SATURATION
2024-07-01 08:48:50,M02,0.812,0.62,66.26,11.46,0.118,0.046,-0.041,1,1,55,5,DOS_SATURATION
2024-07-01 08:48:51,M01,0.843,0.557,62.69,11.71,0.18,0.057,-0.049,1,1,47,5,DOS_SATURATION
2024-07-01 08:48:52,M02,0.832,0.632,64.52,12.18,0.111,0.021,0.004,0,1,46,5,DOS_SATURATION
2024-07-01 08:48:53,M01,0.813,0.591,67.28,11.88,0.134,-0.074,0.05,1,1,27,5,DOS_SATURATION
2024-07-01 08:48:54,M01,0.789,0.588,63.64,12.28,0.164,-0.128,0.005,0,1,7,5,DOS_SATURATION
2024-07-01 08:48:55,M02,0.897,0.603,66.71,11.24,0.174,-0.013,0.07,0,1,8,5,DOS_SATURATION
2024-07-01 08:48:56,M01,0.762,0.544,67.8,11.88,0.11,0.066,-0.005,1,1,48,5,DOS_SATURATION
2024-07-01 08:48:57,M01,0.836,0.56,67.45,12.34,0.167,0.03,0.002,0,1,55,5,DOS_SATURATION
2024-07-01 08:48:58,M03,0.795,0.588,65.33,12.34,0.179,0.016,-0.035,1,1,36,5,DOS_SATURATION
2024-07-01 08:48:59,M02,0.821,0.544,67.52,11.7,0.099,-0.001,-0.011,1,1,53,5,DOS_SATURATION
2024-07-01 08:49:00,M01,0.86,0.636,63.89,11.47,0.171,0.021,-0.042,0,1,57,5,DOS_SATURATION
2024-07-01 08:49:01,M02,0.783,0.585,70.06,12.1,0.126,-0.068,-0.054,0,1,13,5,DOS_SATURATION
2024-07-01 08:49:02,M01,0.829,0.529,65.45,11.32,0.166,0.053,-0.041,0,1,42,5,DOS_SATURATION
2024-07-01 08:49:03,M02,0.812,0.573,67.31,12.64,0.195,0.058,0.004,1,1,29,5,DOS_SATURATION
2024-07-01 08:49:04,M02,0.767,0.606,64.22,12.07,0.152,-0.025,-0.025,1,1,21,5,DOS_SATURATION
2024-07-01 08:49:05,M03,0.861,0.579,65.98,11.63,0.204,0.03,-0.017,1,1,11,5,DOS_SATURATION
2024-07-01 08:49:06,M03,0.834,0.62,66.07,11.45,0.198,-0.118,0.016,1,1,37,5,DOS_SATURATION
2024-07-01 08:49:07,M03,0.777,0.629,63.06,11.67,0.204,0.012,-0.055,0,1,56,5,DOS_SATURATION
2024-07-01 08:49:08,M01,0.853,0.719,63.0,11.19,0.18,-0.009,0.004,1,1,30,5,DOS_SATURATION
2024-07-01 08:49:09,M01,0.757,0.657,64.54,12.24,0.213,0.086,0.031,1,1,51,5,DOS_SATURATION
2024-07-01 08:49:10,M01,0.797,0.52,67.23,11.58,0.179,-0.014,0.035,0,1,9,5,DOS_SATURATION
2024-07-01 08:49:11,M01,0.777,0.583,61.21,12.19,0.081,0.059,0.02,1,1,35,5,DOS_SATURATION
2024-07-01 08:49:12,M01,0.836,0.587,64.22,12.26,0.122,-0.027,-0.001,1,1,36,5,DOS_SATURATION
2024-07-01 08:49:13,M03,0.775,0.629,67.65,12.48,0.15,-0.156,-0.021,1,1,13,5,DOS_SATURATION
2024-07-01 08:49:14,M03,0.836,0.554,62.43,12.12,0.156,-0.016,-0.002,0,1,18,5,DOS_SATURATION
2024-07-01 08:49:15,M01,0.828,0.574,67.53,12.56,0.177,0.013,0.06,0,1,46,5,DOS_SATURATION
2024-07-01 08:49:16,M03,0.78,0.539,62.65,12.7,0.122,0.01,0.011,1,1,27,5,DOS_SATURATION
2024-07-01 08:49:17,M02,0.889,0.571,63.08,12.12,0.256,0.011,-0.003,1,1,21,5,DOS_SATURATION
2024-07-01 08:49:18,M01,0.762,0.573,64.66,12.15,0.155,-0.035,0.021,0,1,56,5,DOS_SATURATION
2024-07-01 08:49:19,M03,0.729,0.585,68.8,11.71,0.16,-0.022,0.003,0,1,48,5,DOS_SATURATION
2024-07-01 08:49:20,M02,0.841,0.542,63.65,11.49,0.128,-0.077,0.009,0,1,23,5,DOS_SATURATION
2024-07-01 08:49:21,M01,0.692,0.649,61.41,12.64,0.112,-0.137,-0.008,1,1,47,5,DOS_SATURATION
2024-07-01 08:49:22,M01,0.873,0.624,62.09,12.3,0.154,-0.008,-0.014,1,1,52,5,DOS_SATURATION
2024-07-01 08:49:23,M01,0.804,0.529,66.87,12.34,0.162,-0.051,0.037,1,1,38,5,DOS_SATURATION
2024-07-01 08:49:24,M02,0.728,0.602,62.18,11.69,0.156,0.073,-0.069,0,1,25,5,DOS_SATURATION
2024-07-01 08:49:25,M02,0.752,0.523,67.4,12.82,0.239,-0.149,0.018,1,1,41,5,DOS_SATURATION
2024-07-01 08:49:26,M01,0.718,0.667,65.1,11.87,0.154,0.02,-0.016,0,1,26,5,DOS_SATURATION
2024-07-01 08:49:27,M02,0.818,0.68,64.89,11.58,0.156,0.145,-0.067,0,1,5,5,DOS_SATURATION
2024-07-01 08:49:28,M02,0.733,0.598,65.57,11.7,0.199,-0.013,-0.034,0,1,50,5,DOS_SATURATION
2024-07-01 08:49:29,M02,0.824,0.558,63.32,12.79,0.152,-0.0,-0.0,1,1,59,5,DOS_SATURATION
2024-07-01 08:49:30,M01,0.784,0.568,65.24,11.42,0.186,0.029,0.005,1,1,17,5,DOS_SATURATION
2024-07-01 08:49:31,M03,0.775,0.578,62.51,11.61,0.099,0.034,0.028,1,1,50,5,DOS_SATURATION
2024-07-01 08:49:32,M01,0.824,0.595,67.73,13.47,0.1,-0.028,0.03,1,1,31,5,DOS_SATURATION
2024-07-01 08:49:33,M02,0.83,0.668,62.85,12.47,0.166,-0.069,-0.055,1,1,6,5,DOS_SATURATION
2024-07-01 08:49:34,M01,0.856,0.648,65.86,11.62,0.149,0.044,0.015,0,1,13,5,DOS_SATURATION
2024-07-01 08:49:35,M03,0.767,0.649,62.84,11.44,0.122,-0.131,0.027,0,1,54,5,DOS_SATURATION
2024-07-01 08:49:36,M01,0.797,0.609,63.87,11.14,0.166,0.057,0.009,0,1,8,5,DOS_SATURATION
2024-07-01 08:49:37,M03,0.767,0.544,64.19,12.04,0.17,-0.027,0.019,1,1,52,5,DOS_SATURATION
2024-07-01 08:49:38,M01,0.807,0.563,71.07,12.36,0.126,-0.0,-0.068,1,1,25,5,DOS_SATURATION
2024-07-01 08:49:39,M03,0.76,0.604,64.93,12.76,0.136,-0.036,-0.035,0,1,41,5,DOS_SATURATION
2024-07-01 08:49:40,M01,0.778,0.541,63.28,11.02,0.171,0.097,0.05,1,1,15,5,DOS_SATURATION
2024-07-01 08:49:41,M03,0.778,0.616,64.05,11.31,0.111,0.017,-0.009,1,1,41,5,DOS_SATURATION
2024-07-01 08:49:42,M03,0.813,0.64,61.88,11.93,0.131,-0.022,0.081,1,1,9,5,DOS_SATURATION
2024-07-01 08:49:43,M01,0.799,0.628,64.63,13.41,0.186,-0.024,-0.045,1,1,34,5,DOS_SATURATION
2024-07-01 08:49:44,M02,0.824,0.626,68.75,12.44,0.159,-0.01,0.057,0,1,26,5,DOS_SATURATION
2024-07-01 08:49:45,M01,0.793,0.508,65.65,12.18,0.137,0.163,-0.021,0,1,13,5,DOS_SATURATION
2024-07-01 08:49:46,M03,0.77,0.666,66.81,11.37,0.117,-0.09,0.032,0,1,19,5,DOS_SATURATION
2024-07-01 08:49:47,M03,0.808,0.523,63.09,10.91,0.112,0.074,-0.01,0,1,41,5,DOS_SATURATION
2024-07-01 08:49:48,M02,0.753,0.593,64.54,12.01,0.154,0.039,0.005,1,1,37,5,DOS_SATURATION
2024-07-01 08:49:49,M01,0.827,0.631,65.38,11.94,0.257,0.105,0.022,0,1,28,5,DOS_SATURATION
2024-07-01 08:49:50,M02,0.785,0.618,63.47,11.85,0.187,0.043,-0.021,1,1,45,5,DOS_SATURATION
2024-07-01 08:49:51,M03,0.809,0.537,65.78,11.8,0.097,-0.0,0.03,0,1,56,5,DOS_SATURATION
2024-07-01 08:49:52,M02,0.81,0.546,66.22,11.61,0.194,0.069,-0.009,1,1,51,5,DOS_SATURATION
2024-07-01 08:49:53,M02,0.878,0.615,66.07,11.49,0.124,0.015,0.007,1,1,27,5,DOS_SATURATION
2024-07-01 08:49:54,M02,0.818,0.626,64.65,12.7,0.16,0.051,-0.094,1,1,54,5,DOS_SATURATION
2024-07-01 08:49:55,M02,0.802,0.546,67.2,11.54,0.132,0.097,-0.011,1,1,54,5,DOS_SATURATION
2024-07-01 08:49:56,M02,0.764,0.62,64.43,11.85,0.257,0.006,0.046,1,1,46,5,DOS_SATURATION
2024-07-01 08:49:57,M02,0.838,0.526,64.24,11.97,0.106,-0.029,0.026,0,1,34,5,DOS_SATURATION
2024-07-01 08:49:58,M02,0.785,0.631,67.92,12.35,0.175,-0.044,0.033,1,1,47,5,DOS_SATURATION
2024-07-01 08:49:59,M01,0.723,0.557,62.69,11.56,0.128,0.03,0.003,0,1,33,5,DOS_SATURATION
2024-07-01 08:50:00,M02,0.789,0.605,61.47,12.49,0.196,-0.06,0.061,1,1,29,5,DOS_SATURATION
